symbol,date,open,high,low,close,volume
ABR,2018-07-10 07:00:00,4.08,4.15,4.08,4.15,700.0
ABR,2020-07-29 07:00:00,17.98,17.98,11.106903127383676,17.29,1200.0
ABR,2021-03-08 07:00:00,18.26,18.26,14.18,14.18,200.0
ABR,2023-02-27 07:00:00,11.005430312261995,11.558208269525268,6.73,7.19,10776.0
ABT,2017-12-22 07:00:00,16.28,29.9712134088763,16.28,16.28,210.0
ABT,2019-03-15 07:00:00,27.84,29.9712134088763,27.84,27.84,170.0
ABT,2022-06-22 07:00:00,30.08,30.46,28.49,30.23,6330.0
ABT,2025-04-09 07:00:00,36.94,39.47,29.251492183799147,32.52288841456039,6330.0
ACB,2020-08-17 07:00:00,11.521711780404118,11.868293333333334,7.28,7.45,6222301.0
ACB,2022-01-12 07:00:00,15.34,15.74,15.27,15.53,8032012.0
ACB,2022-04-04 07:00:00,15.76,15.81,15.67,15.72,4794400.0
ACB,2023-12-11 07:00:00,15.76,15.8,15.62,15.73,2274400.0
ACB,2024-05-03 07:00:00,19.03,19.31,11.626424219345012,12.33710448858462,8032012.0
ACC,2020-09-03 07:00:00,9.171157978511738,9.501206210191082,5.98,6.03,108990.0
ACC,2021-07-09 07:00:00,6.48,6.52,6.35,6.35,55900.0
ACC,2021-10-11 07:00:00,7.89,7.89,7.76,7.85,89371.0
ACC,2021-10-19 07:00:00,8.16,8.2,7.98,8.2,45600.0
ACC,2022-04-15 07:00:00,18.27,18.51,18.17,18.32,86700.0
ACC,2023-06-08 07:00:00,14.0,14.0,13.75,13.75,62900.0
ACC,2025-07-11 07:00:00,14.0,14.05,9.20884508164078,13.95,206100.0
ACC,2026-04-08 07:00:00,12.7,12.7,9.20884508164078,10.277440324346399,23000.0
ACL,2016-12-23 07:00:00,2.92,2.99,2.83,2.83,110874.0
ACL,2017-10-12 07:00:00,3.04,10.565010258514567,3.04,3.1,110874.0
ACL,2017-12-11 07:00:00,3.14,10.565010258514567,2.94,2.94,60.0
ACL,2018-08-10 07:00:00,10.16688989317995,10.565010258514567,4.09,4.24,160.0
ACL,2018-10-24 07:00:00,10.16688989317995,10.565010258514567,6.9,7.19,110874.0
ACL,2019-05-29 07:00:00,15.33,15.41,10.151327033689402,15.2,140340.0
ACL,2019-07-05 07:00:00,13.81,14.0,13.66,13.77,25940.0
ACL,2019-10-11 07:00:00,12.25,12.27,12.04,12.1,17610.0
ACL,2020-04-09 07:00:00,7.96,10.565010258514567,7.64,7.84,18750.0
ACL,2021-06-10 07:00:00,10.77,11.64,10.6,11.64,110874.0
ACL,2022-08-15 07:00:00,18.97,18.97,10.151327033689402,11.250077080110685,110874.0
ACL,2023-05-31 07:00:00,11.11,11.35,11.11,11.21,134000.0
ACL,2024-03-08 07:00:00,12.64,12.64,12.45,12.55,9200.0
ACL,2024-08-15 07:00:00,11.4,11.5,10.151327033689402,11.250077080110685,23200.0
ACL,2024-09-18 07:00:00,11.5,11.5,10.151327033689402,11.250077080110685,110874.0
ACL,2025-05-19 07:00:00,9.29,9.63,9.29,9.63,19300.0
ACL,2025-06-24 07:00:00,10.16688989317995,10.39,10.06,10.25,5200.0
ACL,2026-04-21 07:00:00,13.0,13.4,10.151327033689402,11.250077080110685,110874.0
ACM,2016-02-03 07:00:00,3.96,4.49,3.91,4.49,1526440.0
ACM,2016-09-15 07:00:00,1.9,1.9,1.553215731636784,1.8002070014339404,552700.0
ACM,2017-03-14 07:00:00,1.9,1.9,1.8,1.8,1526440.0
ACM,2017-08-17 07:00:00,2.2,2.3,2.1,2.2,633000.0
ACM,2017-08-25 07:00:00,2.1,2.2,2.0,2.1,732692.0
ACM,2017-09-25 07:00:00,2.3,2.3,2.1,2.3,3442310.0
ACM,2018-10-16 07:00:00,0.9,1.6972596430627518,0.8,0.9,57100.0
ACM,2019-07-30 07:00:00,0.5,0.5,0.4,0.5,96000.0
ACM,2019-12-27 07:00:00,0.4,1.6972596430627518,0.4,0.4,508189.0
ACV,2017-01-25 07:00:00,28.9,29.48,28.55,28.84,109600.0
ACV,2017-12-05 07:00:00,57.26,57.26,51.62,53.25829174482353,449640.0
ACV,2018-11-16 07:00:00,48.58,48.82,48.1,48.82,14002.0
ACV,2019-10-09 07:00:00,44.98,44.98,44.56,44.98,51700.0
ACV,2020-04-15 07:00:00,32.39,33.0,31.97,32.75,226741.0
ACV,2021-04-07 07:00:00,45.08,45.08,44.71,44.95,139054.0
ACV,2021-07-07 07:00:00,45.56,49.34862393162393,45.5,45.99,141882.0
ACV,2024-05-15 07:00:00,59.35,61.36,59.35,59.47,449640.0
ACV,2025-03-05 07:00:00,65.61,65.67,47.995560307955515,64.39,449640.0
ACV,2025-12-01 07:00:00,52.8,53.4,47.995560307955515,53.25829174482353,426000.0
ADC,2018-08-29 07:00:00,7.74,7.74,7.74,7.74,2437.0
ADC,2021-09-06 07:00:00,19.5,19.5,11.92452065471551,19.5,2437.0
ADC,2023-03-21 07:00:00,12.0,12.0,11.92452065471551,12.0,1000.0
ADC,2024-10-11 07:00:00,16.8,16.8,11.92452065471551,16.8,2437.0
ADC,2024-10-15 07:00:00,17.49,17.49,11.92452065471551,17.49,101.0
ADC,2025-07-02 07:00:00,18.46,18.46,18.46,18.46,2437.0
AFX,2019-05-24 07:00:00,2.7,9.071155180961824,2.7,2.7,137782.0
AFX,2021-05-27 07:00:00,13.0,13.1,12.9,13.0,137782.0
AFX,2021-11-11 07:00:00,15.8,15.9,15.3,15.7,270327.0
AFX,2022-06-09 07:00:00,15.3,15.3,14.6,14.6,16400.0
AFX,2022-12-02 07:00:00,12.7,12.7,12.5,12.6,18300.0
AFX,2023-03-31 07:00:00,9.8,9.8,9.4,9.7,172000.0
AFX,2023-09-19 07:00:00,11.8,12.0,11.4,11.6,112305.0
AFX,2025-02-04 07:00:00,7.2,9.071155180961824,7.2,7.2,137782.0
AG1,2022-04-27 07:00:00,6.29,6.38,6.29,6.38,1900.0
AG1,2024-05-28 07:00:00,7.8,8.117337180544105,7.43,7.8,2323.0
AGG,2020-03-30 07:00:00,13.68,13.68,13.43,13.45,142090.0
AGG,2020-11-25 07:00:00,15.99,20.988177182919056,15.93,16.05,636670.0
AGG,2021-03-08 07:00:00,20.98,21.32,20.7,21.32,2337000.0
AGG,2021-06-03 07:00:00,26.93,26.99,26.37,26.93,1668400.0
AGG,2024-01-04 07:00:00,20.92,21.04,20.68,20.92,825700.0
AGG,2025-08-15 07:00:00,21.1,21.1,20.426179275270187,20.6,1840300.0
AGP,2016-06-10 07:00:00,19.589614711033278,20.105447630193094,6.38,6.38,8278.0
AGP,2017-10-20 07:00:00,7.61,7.61,7.61,7.61,8278.0
AGP,2019-05-30 07:00:00,11.28,11.28,11.28,11.28,10.0
AGP,2019-11-29 07:00:00,19.589614711033278,20.105447630193094,8.94,8.94,8278.0
AGP,2022-07-26 07:00:00,14.18,14.86,14.18,14.32,19485.0
AGP,2022-08-11 07:00:00,14.39,14.52,14.39,14.39,3108.0
AGP,2024-01-04 07:00:00,19.86,19.86,19.86,19.86,72.0
AGP,2024-05-21 07:00:00,34.24,37.58,33.56,34.76,14074.0
AGP,2024-08-08 07:00:00,34.76,34.76,34.76,34.76,27124.0
AGP,2024-09-09 07:00:00,34.07,34.24,34.07,34.24,3020.0
AGP,2025-02-10 07:00:00,31.67,33.3,31.67,33.3,8278.0
AGX,2020-05-26 07:00:00,20.32,20.32,20.32,20.32,100.0
AGX,2022-03-08 07:00:00,32.59,67.65542372881356,32.59,32.59,11500.0
AGX,2023-12-01 07:00:00,34.45,34.45,33.5,33.5,4744.0
AGX,2025-07-30 07:00:00,143.0,154.0,143.0,154.0,700.0
AGX,2025-08-25 07:00:00,141.0,141.0,141.0,141.0,4744.0
ALV,2016-01-04 07:00:00,2.59,3.8880022383883603,2.54,2.54,46671.0
ALV,2016-09-13 07:00:00,2.49,2.54,2.44,2.44,47500.0
ALV,2017-07-28 07:00:00,5.49,5.49,3.6607302118171687,5.49,2900.0
ALV,2017-12-11 07:00:00,3.6884589614740366,10.88,3.6607302118171687,3.966418736277751,52900.0
ALV,2018-07-18 07:00:00,2.29,2.47,2.29,2.47,46671.0
ALV,2019-08-30 07:00:00,1.35,1.53,1.29,1.47,46671.0
ALV,2023-03-03 07:00:00,2.41,3.8880022383883603,2.24,2.24,22500.0
ALV,2024-04-26 07:00:00,3.18,3.18,2.94,2.94,600.0
ALV,2024-10-24 07:00:00,3.94,3.94,3.53,3.53,29890.0
ALV,2025-06-24 07:00:00,3.6884589614740366,7.0,3.6607302118171687,3.966418736277751,46671.0
ANT,2021-08-02 07:00:00,6.16,6.16,5.98,6.1,24161.0
ANT,2022-02-11 07:00:00,8.43,9.33,8.43,9.33,504.0
ANT,2024-07-30 07:00:00,13.65,15.26,12.431418439716312,13.348367025091736,209609.0
ANV,2017-08-23 07:00:00,2.79,2.79,2.7,2.75,43470.0
ANV,2017-11-08 07:00:00,11.33837019790454,11.748638824439288,3.34,3.36,1807875.0
ANV,2018-12-04 07:00:00,10.19,10.74,10.15,10.71,760830.0
ANV,2019-06-20 07:00:00,10.34,10.51,10.34,10.48,1807875.0
ANV,2021-03-29 07:00:00,9.79,9.83,9.66,9.83,138500.0
ANV,2021-11-26 07:00:00,15.89,15.89,15.45,15.67,703400.0
ANV,2022-06-14 07:00:00,22.75,24.3,22.75,24.3,1807875.0
ANV,2024-07-18 07:00:00,16.59,16.93,16.45,16.93,2562000.0
ANV,2025-09-23 07:00:00,25.31,26.82,25.31,26.82,1936500.0
ANV,2026-02-09 07:00:00,27.6,27.6,26.7,26.7,1235700.0
APF,2022-10-04 07:00:00,39.1,39.1,38.4,38.4,23861.0
APF,2023-01-11 07:00:00,36.93,36.93,36.58,36.64,2700.0
APF,2024-05-29 07:00:00,48.94,48.94,48.57,48.64,18500.0
APF,2025-10-27 07:00:00,38.05,38.54,37.17,37.95,4000.0
APG,2018-04-10 07:00:00,7.089010819165379,7.35474739683764,3.29,3.29,317680.0
APG,2019-05-31 07:00:00,4.6,4.6,4.48,4.48,476730.0
APG,2021-12-01 07:00:00,18.06,18.27,7.065027027027027,17.85,4844300.0
APG,2021-12-23 07:00:00,19.35,19.6,7.065027027027027,7.623012805692868,1793300.0
APG,2023-05-26 07:00:00,7.42,7.5,7.42,7.5,887800.0
APG,2025-01-21 07:00:00,7.089010819165379,7.14,7.0,7.06,1257665.0
APP,2016-10-24 07:00:00,7.89,7.89,7.89,7.89,100.0
APP,2017-08-18 07:00:00,9.05,9.51,9.05,9.51,300.0
APP,2023-05-23 07:00:00,4.3,4.3,4.2,4.2,14000.0
APP,2025-11-10 07:00:00,6.618693641618497,6.9369942196531795,5.4,5.4,2500.0
ARM,2017-04-13 07:00:00,17.06,26.90807575757576,17.06,17.12,300.0
ASM,2023-03-09 07:00:00,7.11,7.3028743211792095,6.98,7.11,2507000.0
ASM,2023-09-27 07:00:00,8.26,8.26,7.82,8.25,3179500.0
ASM,2023-11-16 07:00:00,7.66,7.75,7.64,7.71,1336400.0
ASM,2024-06-06 07:00:00,9.96,10.08,7.063972762645914,7.730752097355525,3466300.0
ATS,2019-01-04 07:00:00,38.4,38.5,38.2,38.5,26592.0
ATS,2023-05-31 07:00:00,22.51152228763667,23.61772151898734,11.0,11.0,54.0
ATS,2023-10-10 07:00:00,11.0,11.0,11.0,11.0,200.0
ATS,2024-10-09 07:00:00,16.2,16.2,16.2,16.2,300.0
ATS,2024-12-20 07:00:00,14.9,14.9,14.9,14.9,26592.0
AVC,2018-01-10 07:00:00,15.67,15.67,15.67,15.67,1500.0
AVC,2018-03-05 07:00:00,15.67,35.931897637795274,15.67,15.67,1100.0
AVC,2018-03-27 07:00:00,14.89,14.89,14.1,14.1,4900.0
AVC,2018-12-05 07:00:00,16.32,16.32,16.32,16.32,3181.0
AVC,2021-08-09 07:00:00,18.21,18.21,18.21,18.21,2100.0
AVC,2021-08-24 07:00:00,34.57285039370078,35.931897637795274,19.2,19.73,5600.0
AVC,2023-06-21 07:00:00,34.57285039370078,35.931897637795274,33.44,33.44,100.0
AVC,2023-07-14 07:00:00,36.38,39.03,35.34248623131393,36.38,300.0
AVC,2024-03-01 07:00:00,53.4,53.49,35.34248623131393,53.4,3181.0
AVC,2024-08-30 07:00:00,50.81,50.81,50.81,50.81,700.0
AVC,2024-09-20 07:00:00,49.06,49.06,47.12,47.12,3181.0
AVC,2024-10-04 07:00:00,49.15,50.07,35.34248623131393,49.98,1300.0
AVC,2025-03-31 07:00:00,55.3,55.3,54.44,54.44,200.0
BAB,2019-03-06 07:00:00,11.24,11.24,11.24,11.24,5200.0
BAB,2019-09-25 07:00:00,11.4,12.464832015810277,11.4,11.4,3800.0
BAB,2020-04-01 07:00:00,11.27,12.464832015810277,11.27,11.27,3100.0
BAB,2020-07-22 07:00:00,11.72,12.464832015810277,11.72,11.72,2600.0
BAB,2022-08-19 07:00:00,13.98,13.98,13.82,13.9,10800.0
BAB,2023-04-19 07:00:00,10.85,10.93,10.85,10.93,37822.0
BAB,2023-09-18 07:00:00,12.125029673590506,12.464832015810277,11.09,11.17,37822.0
BAB,2024-09-18 07:00:00,10.17,12.464832015810277,10.0,10.17,37822.0
BAB,2025-03-03 07:00:00,11.07,12.464832015810277,10.98,10.98,5913.0
BAB,2025-05-23 07:00:00,10.24,10.34,10.15,10.34,10200.0
BAF,2022-01-14 07:00:00,23.34,23.46,22.77,23.04,2041400.0
BAF,2023-05-16 07:00:00,22.87868131868132,23.688481244281792,15.52,16.4,4913313.0
BAF,2025-01-07 07:00:00,27.0,27.4,22.980746543778803,24.983156906055523,3360200.0
BAF,2025-02-25 07:00:00,32.4,32.5,31.7,31.95,4913313.0
BAF,2025-05-13 07:00:00,34.25,35.3,34.25,35.0,4913313.0
BAF,2025-10-28 07:00:00,31.85,31.85,22.980746543778803,31.35,4913313.0
BAF,2026-02-03 07:00:00,37.6,37.8,37.25,37.45,2472500.0
BAF,2026-04-14 07:00:00,35.2,35.75,34.9,35.75,4913313.0
BAL,2022-06-09 07:00:00,10.83,10.83,10.83,10.83,1107.0
BAL,2022-11-03 07:00:00,5.97,5.97,5.2,5.2,1382.0
BAL,2026-04-13 07:00:00,7.8,7.8,7.8,7.8,1382.0
BBH,2022-02-16 07:00:00,16.79,19.29,16.79,17.41,3600.0
BBH,2024-12-26 07:00:00,13.81,13.81,13.81,13.81,6003.0
BBS,2016-02-26 07:00:00,8.68,8.7,7.97947323704333,8.7,100.0
BBS,2017-08-01 07:00:00,7.28,7.28,7.28,7.28,6300.0
BBS,2018-06-14 07:00:00,7.84,7.84,7.84,7.84,200.0
BBS,2019-05-09 07:00:00,3.73,4.54,3.73,4.54,200.0
BBS,2019-08-21 07:00:00,4.6,4.6,4.6,4.6,23450.0
BBS,2025-01-14 07:00:00,9.54,9.54,9.54,9.54,23450.0
BCA,2023-02-15 07:00:00,4.7,4.7,4.6,4.7,124469.0
BCA,2023-11-16 07:00:00,10.38126094570928,10.913111888111889,5.0,5.1,64300.0
BCA,2024-02-23 07:00:00,23.3,23.3,21.9,23.2,124469.0
BCA,2024-08-23 07:00:00,10.38126094570928,13.1,10.341222707423581,13.1,23000.0
BCA,2025-08-01 07:00:00,10.38126094570928,11.0,10.341222707423581,10.8,22100.0
BCM,2018-09-28 07:00:00,17.89,51.059776785714284,17.71,17.71,50800.0
BCM,2020-12-21 07:00:00,38.17,39.06,38.03,38.08,208290.0
BCM,2023-05-08 07:00:00,74.41,74.6,49.464689689689685,54.687090575141234,508135.0
BCM,2023-07-18 07:00:00,76.41,76.7,49.464689689689685,76.22,352700.0
BCM,2023-07-20 07:00:00,76.89,76.89,49.464689689689685,76.7,268200.0
BCM,2023-08-09 07:00:00,73.26,73.55,49.464689689689685,72.69,508135.0
BCM,2023-08-23 07:00:00,65.05,65.43,63.33,64.67,508135.0
BCM,2024-09-19 07:00:00,69.13,69.62,49.464689689689685,69.62,346300.0
BCM,2025-03-24 07:00:00,77.36,77.36,49.464689689689685,75.98,398600.0
BCP,2020-12-24 07:00:00,9.8,9.927231527093596,9.8,9.8,200.0
BHA,2019-05-22 07:00:00,15.4,15.4,15.4,15.4,16601.0
BHN,2017-11-17 07:00:00,93.12,93.51,90.11,92.73,6280.0
BHN,2018-11-26 07:00:00,63.6,64.91,63.52,64.14,930.0
BHN,2019-09-19 07:00:00,65.52,66.36,65.52,66.36,10313.0
BHN,2020-07-03 07:00:00,44.44,44.44,43.18,44.1,2220.0
BHN,2022-07-13 07:00:00,47.37,55.65581923419413,47.28,48.28,600.0
BHN,2022-10-05 07:00:00,46.19,55.65581923419413,44.83,46.1,7500.0
BHN,2023-07-14 07:00:00,38.4,55.65581923419413,38.31,38.86,10313.0
BHN,2025-03-18 07:00:00,36.34,36.34,36.34,36.34,10313.0
BHN,2026-01-12 07:00:00,53.58358734402852,55.65581923419413,31.6,32.2,5900.0
BHP,2016-01-20 07:00:00,9.18,9.18,7.399071082390953,8.226992528977835,4180.0
BHP,2017-07-11 07:00:00,8.37,8.37,8.07,8.07,3000.0
BHP,2018-10-03 07:00:00,7.353349475383373,7.703050847457627,6.96,6.96,4180.0
BHP,2024-01-22 07:00:00,6.58,7.703050847457627,6.58,6.58,4180.0
BLI,2018-05-03 07:00:00,4.51,9.21359773371105,4.51,4.79,9000.0
BLI,2018-07-26 07:00:00,4.51,4.51,4.51,4.51,800.0
BLI,2019-10-07 07:00:00,8.825542965061379,9.21359773371105,5.56,5.56,5670.0
BLI,2020-01-03 07:00:00,6.12,6.12,5.72,5.72,22349.0
BLI,2025-07-25 07:00:00,9.7,9.7,9.2,9.5,3200.0
BLT,2022-05-10 07:00:00,22.63,25.698471849865953,22.33,22.33,700.0
BMG,2023-02-01 07:00:00,20.24,20.24,20.24,20.24,1.0
BMJ,2015-10-29 07:00:00,0.84,8.938577817531305,0.84,0.84,100.0
BMJ,2026-04-20 07:00:00,9.2,9.8,9.1,9.7,2300.0
BMS,2018-09-04 07:00:00,3.95,4.82,3.95,4.47,4300.0
BMS,2021-08-25 07:00:00,16.73,18.11,8.382473050095117,9.069803378356125,508300.0
BMS,2022-06-16 07:00:00,7.35,7.42,7.2,7.27,46218.0
BMS,2023-08-31 07:00:00,9.94,10.67,9.94,10.51,458816.0
BT1,2020-06-10 07:00:00,9.65,10.201965317919075,9.17,9.17,1300.0
BT1,2021-06-16 07:00:00,10.72,10.78,10.72,10.78,4994.0
BT1,2024-11-05 07:00:00,10.91,10.91,10.07622350674374,10.91,3.0
BTN,2021-04-19 07:00:00,5.2,5.2,3.8761565836298932,4.369338815432713,2800.0
BTN,2021-05-13 07:00:00,4.1,4.5,3.8761565836298932,4.2,2412.0
BTN,2021-09-29 07:00:00,4.2,4.6,4.0,4.3,88009.0
BTN,2022-11-15 07:00:00,4.2,4.4,3.8,3.8,88009.0
BTN,2023-01-12 07:00:00,3.888287965616046,3.9,3.5,3.9,22500.0
BTN,2024-02-27 07:00:00,2.9,4.067564285714286,2.8,2.8,153501.0
BTN,2025-02-10 07:00:00,2.9,3.2,2.9,3.1,88009.0
BTN,2025-05-08 07:00:00,2.8,2.9,2.8,2.9,88009.0
BTP,2016-09-22 07:00:00,5.76,5.82,5.65,5.76,75880.0
BTP,2016-09-30 07:00:00,8.72039184952978,8.989874755381605,5.78,5.86,65660.0
BTP,2017-10-27 07:00:00,4.62,4.78,4.62,4.62,13200.0
BTP,2019-11-25 07:00:00,7.2,7.2,7.11,7.11,11010.0
BTP,2020-07-23 07:00:00,8.79,8.81,8.67,8.73,55560.0
BTP,2020-10-26 07:00:00,8.98,8.98,8.801262250098,8.82,55560.0
BTP,2021-01-19 07:00:00,9.45,9.74,9.23,9.23,91200.0
BTP,2021-06-01 07:00:00,10.75,10.75,10.75,10.75,100.0
BTP,2023-11-14 07:00:00,10.54,10.54,8.801262250098,9.629612151902357,55560.0
BTP,2024-06-17 07:00:00,13.33,13.38,13.24,13.29,55560.0
BTP,2024-09-20 07:00:00,12.38,12.38,12.19,12.38,55560.0
BTP,2024-12-11 07:00:00,11.31,11.31,11.17,11.27,12700.0
BTS,2015-11-02 07:00:00,6.29,6.76,6.29,6.5300806935129,1500.0
BTS,2018-02-07 07:00:00,5.696642235455795,6.000719523373052,4.61,4.61,100.0
BTS,2020-08-31 07:00:00,4.35,4.35,4.35,4.35,94253.0
BTS,2021-07-30 07:00:00,5.36,6.000719523373052,5.36,5.36,17800.0
BTS,2021-09-09 07:00:00,7.45,7.63,7.18,7.45,94253.0
BTS,2022-06-03 07:00:00,8.72,8.72,5.766585812356979,8.63,94253.0
BTS,2023-01-03 07:00:00,5.81,6.76,5.81,6.67,94253.0
BTS,2023-08-24 07:00:00,5.81,6.000719523373052,5.766585812356979,5.81,15623.0
BTU,2021-03-24 07:00:00,8.46,10.32760294117647,8.46,8.46,3023.0
BVL,2021-12-20 07:00:00,21.7,22.75,12.646102719033232,22.75,10858.0
BVL,2022-09-27 07:00:00,14.99,15.45,14.99,15.25,4500.0
BVL,2023-08-08 07:00:00,12.685250501002002,14.46,12.62,12.69,10858.0
BVL,2023-08-30 07:00:00,12.03,12.03,11.83,11.9,3700.0
BVL,2024-02-27 07:00:00,10.26,13.200160160160161,9.53,9.53,1700.0
BVL,2025-05-05 07:00:00,8.14,13.200160160160161,7.76,8.53,10858.0
BVS,2016-07-18 07:00:00,9.01,9.43,9.01,9.43,672699.0
BVS,2017-10-30 07:00:00,13.69,19.55059868675164,13.27,13.76,15600.0
BVS,2018-11-20 07:00:00,8.88,19.55059868675164,8.8,9.1,17400.0
BVS,2020-03-06 07:00:00,7.52,7.52,7.36,7.52,94300.0
BVS,2020-05-26 07:00:00,6.96,19.55059868675164,6.96,7.2,208573.0
BVS,2020-12-10 07:00:00,18.75940379403794,19.55059868675164,10.83,11.0,958732.0
BVS,2021-02-26 07:00:00,18.9,18.9,17.87,18.47,672699.0
BVS,2021-03-03 07:00:00,18.82,18.9,18.56,18.65,813643.0
BVS,2023-11-17 07:00:00,24.24,24.33,18.826679521789433,20.887332351821737,198422.0
BWA,2021-05-28 07:00:00,8.44,8.44,7.701272264631043,8.27,200.0
C21,2017-04-28 07:00:00,14.04,14.04,14.04,14.04,100.0
C21,2017-11-24 07:00:00,16.63,16.87,16.63,16.63,16065.0
C21,2021-11-22 07:00:00,17.63,17.63,16.97,16.97,16065.0
C21,2022-07-21 07:00:00,12.63,13.38,12.44,13.38,2400.0
C21,2023-11-22 07:00:00,15.748863049095608,16.30145150931278,11.85,11.85,800.0
C22,2024-02-07 07:00:00,15.02,15.02,12.941235294117648,14.57269610996363,200.0
CCI,2017-02-15 07:00:00,5.56,13.217358881408597,5.29,5.42,7183.0
CCI,2017-11-17 07:00:00,7.43,7.43,7.43,7.43,420.0
CCI,2021-07-20 07:00:00,11.22,11.86,11.22,11.79,5200.0
CCI,2021-12-06 07:00:00,17.25,17.25,16.36,16.36,1400.0
CCI,2022-04-28 07:00:00,22.28,23.36,12.787405489383739,14.14489569187297,6900.0
CCI,2025-10-01 07:00:00,20.47,20.51,20.22,20.3,2400.0
CCR,2020-12-31 07:00:00,9.97,10.05,9.97,10.05,1300.0
CCR,2022-10-06 07:00:00,12.83,12.92,12.02,12.56,5355.0
CCR,2023-09-28 07:00:00,10.55,10.65,10.55,10.65,5355.0
CDN,2016-07-22 07:00:00,20.212201172755975,21.132412241224124,11.87,11.87,47300.0
CDN,2018-06-08 07:00:00,11.1,21.132412241224124,11.1,11.1,100.0
CDN,2019-10-04 07:00:00,14.95,14.95,14.95,14.95,100.0
CDN,2019-11-14 07:00:00,13.1,13.1,13.1,13.1,611.0
CDN,2022-03-14 07:00:00,24.18,24.76,24.1,24.35,8100.0
CDN,2022-10-20 07:00:00,22.15,22.15,21.8,22.15,13857.0
CDN,2023-05-15 07:00:00,23.37,23.37,23.37,23.37,203.0
CDN,2024-10-01 07:00:00,28.42,28.42,28.03,28.22,2201.0
CDN,2025-12-16 07:00:00,32.7,32.8,20.51933574333484,32.8,2600.0
CDN,2026-03-10 07:00:00,30.1,31.5,20.51933574333484,22.520956243257594,16100.0
CDO,2015-12-22 07:00:00,17.19,17.26,17.13,17.19,1159030.0
CDO,2017-01-16 07:00:00,4.26,5.73868306010929,4.26,4.26,14950.0
CDO,2017-11-09 07:00:00,5.372482230727173,5.73868306010929,2.61,2.66,96410.0
CDO,2018-10-26 07:00:00,1.1,5.73868306010929,1.1,1.1,939682.0
CDP,2019-11-05 07:00:00,4.88,4.88,4.88,4.88,25302.0
CDP,2020-02-19 07:00:00,6.22,9.63457396046353,6.22,6.22,100.0
CDP,2021-07-23 07:00:00,9.89,10.57,9.66,10.190889679787157,26814.0
CDP,2023-09-25 07:00:00,9.52,9.63457396046353,9.35,9.35,1715.0
CDP,2024-08-09 07:00:00,9.348170648464164,9.63457396046353,9.28498295841854,9.4,25302.0
CDP,2024-10-01 07:00:00,9.58,9.58,9.49,9.49,400.0
CDP,2024-11-27 07:00:00,9.49,9.49,9.49,9.49,1101.0
CDP,2026-02-12 07:00:00,11.9,12.0,11.1,11.8,17800.0
CIA,2018-11-26 07:00:00,19.64,19.64,19.64,19.64,31262.0
CIA,2019-11-04 07:00:00,14.79,14.88,13.471593352883676,14.88,4820.0
CID,2022-05-31 07:00:00,7.62,7.62,7.62,7.62,100.0
CID,2024-11-06 07:00:00,12.173535353535353,26.08,11.935669371196754,25.53,1300.0
CKD,2017-09-18 07:00:00,6.32,6.32,6.32,6.32,100.0
CKD,2020-11-11 07:00:00,19.32,19.32,16.8,16.8,200.0
CKD,2022-05-20 07:00:00,23.34,23.34,23.34,23.34,100.0
CKD,2024-06-19 07:00:00,21.54,21.54,21.54,21.54,102.0
CKD,2024-12-16 07:00:00,20.58,20.58,20.58,20.58,1900.0
CLM,2023-09-18 07:00:00,54.97,54.97,54.97,54.97,2284.0
CLM,2023-12-07 07:00:00,53.0,54.200737605804115,53.0,53.0,1720.0
CLM,2026-03-30 07:00:00,75.5,75.9,53.08454655380895,56.28747614893516,2284.0
CLX,2019-07-25 07:00:00,9.05,9.48,9.05,9.48,1400.0
CLX,2021-04-22 07:00:00,16.7,16.7,15.02,15.02,158000.0
CLX,2021-05-27 07:00:00,15.99,15.99,15.38,15.38,158000.0
CLX,2021-09-08 07:00:00,19.18,19.35,19.0,19.35,158000.0
CLX,2024-02-20 07:00:00,13.63,13.63,13.45,13.54,27817.0
CLX,2025-07-30 07:00:00,16.2,16.7,13.872085040983608,16.5,158000.0
CMM,2023-07-24 07:00:00,7.5,10.791139410187666,7.5,8.0,11100.0
CMM,2024-02-27 07:00:00,6.0,6.0,6.0,6.0,700.0
CMN,2018-01-08 07:00:00,21.9,22.1,20.04,22.1,1500.0
CMN,2018-02-09 07:00:00,23.23,47.31428571428572,23.23,25.82,300.0
CMN,2021-09-10 07:00:00,45.745877192982455,54.49,42.18,49.30959066618251,300.0
CMN,2022-11-29 07:00:00,60.54,60.54,45.09,45.09,5882.0
CMN,2023-05-05 07:00:00,49.51,49.51,49.51,49.51,5882.0
CQN,2022-09-29 07:00:00,24.414818423383526,25.423548672566373,17.18,17.18,500.0
CQN,2024-06-25 07:00:00,26.18,28.12,26.18,27.15,9813.0
CQN,2025-09-15 07:00:00,31.1,31.3,24.74875,26.955115279293043,13400.0
CQN,2026-01-06 07:00:00,31.3,31.5,24.74875,31.5,9813.0
CQT,2021-04-12 07:00:00,5.41,6.27,5.41,6.27,12100.0
CQT,2023-11-13 07:00:00,9.33,9.33,9.33,9.33,600.0
CRE,2019-03-11 07:00:00,9.338532351394003,9.718256977356504,7.05,7.08,87580.0
CRE,2019-05-30 07:00:00,6.81,6.81,6.65,6.65,272580.0
CRE,2019-09-23 07:00:00,9.338532351394003,9.718256977356504,6.59,6.59,123320.0
CRE,2020-04-28 07:00:00,4.09,4.14,4.06,4.11,218790.0
CRE,2021-03-24 07:00:00,9.74,9.93,9.437996845425868,9.91,1921300.0
CRE,2022-12-29 07:00:00,9.338532351394003,10.0,9.15,10.0,346900.0
CRE,2023-07-14 07:00:00,9.13,9.718256977356504,8.81,8.89,1197336.0
CRE,2025-08-21 07:00:00,11.1,11.1,10.4,10.533357335383219,1197336.0
CRE,2025-12-08 07:00:00,9.56,9.56,9.45,9.5,341900.0
CSC,2016-07-21 07:00:00,3.56,3.69,3.52,3.54,64000.0
CSC,2016-08-29 07:00:00,3.43,3.47,3.39,3.45,87500.0
CSC,2018-06-28 07:00:00,5.54,18.855480957989794,5.54,5.63,5700.0
CSC,2018-09-17 07:00:00,5.47,5.54,5.38,5.4,45400.0
CSC,2019-04-03 07:00:00,17.91673998428908,18.855480957989794,7.51,7.7,9700.0
CSC,2019-07-22 07:00:00,8.37,8.47,8.27,8.42,172226.0
CSC,2019-07-26 07:00:00,8.87,8.97,8.72,8.77,28300.0
CSC,2020-08-20 07:00:00,17.91673998428908,18.855480957989794,12.38,12.38,2000.0
CSC,2020-12-02 07:00:00,10.92,11.23,10.65,10.97,8414.0
CSC,2021-01-19 07:00:00,13.58,18.855480957989794,12.33,13.06,46405.0
CSC,2021-03-23 07:00:00,20.58,20.58,17.93577481365241,19.32,216348.0
CSC,2021-05-12 07:00:00,22.04,22.04,17.93577481365241,19.549566310688583,102373.0
CSC,2021-09-01 07:00:00,39.34,40.44,17.93577481365241,19.549566310688583,58197.0
CSC,2022-04-13 07:00:00,54.85,58.17,17.93577481365241,58.17,38839.0
CSC,2023-06-08 07:00:00,26.49,26.94,25.96,25.96,70791.0
CSC,2024-04-16 07:00:00,21.87,21.87,17.93577481365241,21.49,108153.0
CSC,2024-10-30 07:00:00,25.08,25.26,17.93577481365241,19.549566310688583,55540.0
CSC,2024-11-06 07:00:00,22.81,24.26,17.93577481365241,24.26,33200.0
CSC,2026-03-31 07:00:00,15.7,18.855480957989794,14.6,14.9,8600.0
CSM,2019-10-16 07:00:00,12.9,12.94,12.81,12.9,407626.0
CSM,2021-07-20 07:00:00,14.29,15.07,13.764324427480915,14.84,35100.0
CSM,2022-05-24 07:00:00,15.84,15.84,15.39,15.84,407626.0
CSM,2022-10-04 07:00:00,13.6,14.144188262195122,13.55,14.06,2400.0
CSM,2023-07-10 07:00:00,13.08,13.17,13.03,13.12,407626.0
CSM,2024-02-16 07:00:00,12.14,12.28,11.85,11.94,47000.0
CSM,2024-04-04 07:00:00,15.19,15.19,14.95,15.15,34800.0
CSM,2024-12-20 07:00:00,14.14,14.48,13.99,14.39,1768000.0
CSM,2025-04-09 07:00:00,10.13,14.144188262195122,10.13,10.13,407626.0
CSM,2025-12-05 07:00:00,13.55926010678871,14.144188262195122,13.1,13.2,153300.0
CST,2022-01-14 07:00:00,12.3,12.3,11.56,12.01,241337.0
CST,2022-03-22 07:00:00,13.63,15.1,13.41,14.58,241337.0
CST,2022-09-06 07:00:00,15.18,15.94467741935484,15.18,15.42,171100.0
CST,2024-03-05 07:00:00,18.49,18.74,18.49,18.57,241337.0
CSV,2016-04-08 07:00:00,13.899624664879356,14.384793261868301,4.81,5.01,946979.0
CSV,2018-01-02 07:00:00,8.6,8.6,8.42,8.46,946979.0
CSV,2018-01-26 07:00:00,8.67,9.05,8.67,8.83,15420.0
CSV,2019-10-07 07:00:00,6.5,6.5,6.31,6.33,946979.0
CSV,2022-04-01 07:00:00,20.46,21.12,20.27,20.92,802300.0
CSV,2023-02-28 07:00:00,9.63,9.84,9.24,9.43,946979.0
CSV,2025-02-11 07:00:00,41.73,42.75,41.54,42.75,946979.0
CSV,2025-10-23 07:00:00,29.3,29.8,13.905925642008432,29.1,237100.0
CT3,2018-08-24 07:00:00,9.22,9.22,9.22,9.22,100.0
CT3,2022-12-01 07:00:00,6.3,7.013867924528301,6.3,6.3,100.0
CTB,2016-03-28 07:00:00,5.8,6.2,5.8,6.2,7162.0
CTB,2020-07-17 07:00:00,13.72,13.72,13.72,13.72,7162.0
CTB,2021-12-27 07:00:00,12.91,12.91,12.82,12.82,500.0
CTB,2023-08-22 07:00:00,11.09,11.09,11.09,11.09,300.0
CTB,2024-09-04 07:00:00,13.74,13.87,12.061179450072359,13.8,7162.0
CTG,2020-04-22 07:00:00,8.43,9.02,8.43,8.82,6363800.0
CTG,2022-04-18 07:00:00,18.97,18.97,17.92,17.92,8403800.0
CTG,2022-05-16 07:00:00,15.35,15.56,15.04,15.07,5223400.0
CTG,2023-05-26 07:00:00,16.94,17.07,16.88,17.07,1781900.0
CTG,2023-07-27 07:00:00,18.32,18.36,17.99,18.02,7921500.0
CTG,2025-06-30 07:00:00,28.82,28.82,28.51,28.75,9613649.0
CTG,2025-12-22 07:00:00,34.5,35.25,16.19919266770671,35.15,11776100.0
CTG,2026-01-27 07:00:00,38.2,38.65,16.19919266770671,17.42636684592671,12601700.0
CTI,2017-08-03 07:00:00,23.27,24.25,23.27,23.95,455710.0
CTI,2018-05-14 07:00:00,25.04,26.86,24.92,26.39,230330.0
CTI,2018-07-13 07:00:00,23.07,23.54,18.068105542900533,23.38,156940.0
CTI,2019-06-20 07:00:00,19.0,19.0,18.75,19.0,1299987.0
CTI,2020-08-04 07:00:00,10.84,10.84,10.58,10.67,955480.0
CTI,2020-12-07 07:00:00,13.19,18.66108282674772,13.02,13.15,1394060.0
CTI,2024-01-03 07:00:00,15.2,16.0,15.2,15.65,734900.0
CTI,2024-01-16 07:00:00,14.85,18.66108282674772,14.6,15.3,1299987.0
CTI,2024-11-26 07:00:00,17.0,17.15,16.7,16.75,1299987.0
CTI,2025-11-25 07:00:00,23.45,23.5,22.95,23.0,648900.0
CTP,2017-01-16 07:00:00,9.43,9.92,9.43,9.92,133300.0
CTP,2017-07-28 07:00:00,23.07,23.32,8.468003355704699,23.07,163055.0
CTP,2019-11-29 07:00:00,3.0,8.937435470441299,3.0,3.1,163055.0
CTP,2022-06-28 07:00:00,5.8,5.9,5.8,5.8,9900.0
CTP,2022-08-05 07:00:00,6.0,6.2,6.0,6.2,163055.0
CTP,2022-12-06 07:00:00,4.0,4.2,3.9,4.2,5400.0
CTP,2023-02-27 07:00:00,3.4,3.6,3.4,3.4,4140.0
CTP,2023-05-23 07:00:00,3.4,3.4,3.3,3.3,21200.0
CTP,2024-07-23 07:00:00,7.8,8.1,7.8,7.9,160903.0
CTR,2018-07-06 07:00:00,8.67,8.74,8.67,8.74,2100.0
CTR,2019-08-02 07:00:00,18.38,56.77524082021936,18.14,20.85,800053.0
CTR,2019-08-09 07:00:00,22.77,23.57,22.49,22.81,800053.0
CTR,2019-10-09 07:00:00,22.7,56.77524082021936,19.31,24.28,790482.0
CTR,2020-07-29 07:00:00,21.22,21.41,18.06,20.64,663748.0
CTR,2020-08-21 07:00:00,23.68,56.77524082021936,23.51,23.8,287823.0
CTR,2025-11-07 07:00:00,89.4,92.2,89.0,89.3,800053.0
CTW,2018-09-26 07:00:00,4.14,22.14733913043478,4.14,4.14,700.0
CTW,2025-01-02 07:00:00,30.08,30.56,21.694034782608696,30.56,1665.0
CTX,2020-04-28 07:00:00,7.91,7.91,7.91,7.91,18253.0
CTX,2025-06-19 07:00:00,7.183032849503438,12.26,7.105688073394496,7.926899260334939,85700.0
CTX,2025-07-18 07:00:00,11.95,12.1,7.105688073394496,11.87,81900.0
CTX,2026-02-23 07:00:00,5.8,7.457588055130169,5.6,5.8,63984.0
CVT,2017-03-10 07:00:00,23.83,26.21043636363636,23.45,23.83,372110.0
CVT,2018-12-18 07:00:00,24.7642694583523,26.21043636363636,17.02,17.02,291770.0
CVT,2020-06-18 07:00:00,15.41,15.5,15.33,15.5,139830.0
CVT,2021-10-13 07:00:00,37.8,38.5,25.366412944393804,27.796210042965726,405095.0
CVT,2022-06-22 07:00:00,36.4,39.0,25.366412944393804,39.0,405095.0
CVT,2024-03-15 07:00:00,28.5,29.1,25.366412944393804,27.796210042965726,2600.0
CVT,2025-03-06 07:00:00,25.75,25.75,25.75,25.75,405095.0
CVT,2025-03-07 07:00:00,25.75,25.75,25.75,25.75,300.0
CVT,2026-04-21 07:00:00,26.45,26.85,26.45,26.85,405095.0
CYC,2017-02-15 07:00:00,2.39,2.64,2.374062038404727,2.6383513639677396,1110.0
CYC,2017-03-23 07:00:00,4.01,4.01,3.73,4.01,8637.0
CYC,2018-03-02 07:00:00,1.9,2.4506696428571426,1.9,1.9,8637.0
D2D,2016-02-22 07:00:00,20.073952950250675,20.817585807944464,3.13,3.17,224043.0
D2D,2016-11-11 07:00:00,6.11,6.14,6.09,6.12,224043.0
D2D,2019-03-27 07:00:00,16.44,16.91,16.19,16.61,86970.0
D2D,2019-09-13 07:00:00,24.25,24.52,23.7,24.52,134170.0
D2D,2020-12-15 07:00:00,29.39,30.7,29.29,30.39,642090.0
D2D,2021-04-26 07:00:00,27.82,28.08,27.5,27.61,255500.0
D2D,2022-11-11 07:00:00,14.64,20.817585807944464,12.78,12.78,55400.0
D2D,2023-07-05 07:00:00,19.51,19.75,19.45,19.72,224043.0
D2D,2023-07-14 07:00:00,20.77,21.01,20.71,20.89,66400.0
D2D,2024-05-22 07:00:00,29.62,29.75,20.227293754818813,29.13,224043.0
D2D,2025-02-03 07:00:00,28.39,28.56,20.227293754818813,28.35,224043.0
DAG,2015-12-01 07:00:00,7.76,7.96,6.505022603978301,7.56,705320.0
DAG,2016-12-16 07:00:00,9.85,9.85,9.55,9.68,59890.0
DAG,2018-06-18 07:00:00,6.78,7.08,6.77,7.0,514170.0
DAG,2019-04-16 07:00:00,6.05,6.05,5.91,5.98,705320.0
DAG,2020-04-22 07:00:00,6.465494555353902,6.7255429864253395,4.28,4.57,705320.0
DAG,2020-06-22 07:00:00,5.04,5.29,5.04,5.29,690070.0
DAG,2021-05-31 07:00:00,6.465494555353902,6.7255429864253395,5.7,5.7,232200.0
DAG,2023-09-07 07:00:00,6.465494555353902,6.7255429864253395,4.7,4.7,705320.0
DAG,2024-07-05 07:00:00,2.28,2.28,2.13,2.23,739300.0
DAS,2019-10-10 07:00:00,6.95,6.95,6.95,6.95,3661.0
DAS,2021-04-23 07:00:00,9.71858843537415,13.0,9.681772805507745,13.0,600.0
DAS,2021-11-12 07:00:00,14.19,14.19,14.19,14.19,6000.0
DAS,2021-12-15 07:00:00,13.85,13.85,9.681772805507745,11.93,6500.0
DAS,2025-10-06 07:00:00,11.5,11.5,9.681772805507745,11.4,2400.0
DAS,2025-11-20 07:00:00,13.0,13.0,9.681772805507745,13.0,1700.0
DAT,2020-12-21 07:00:00,19.92,21.18,12.850790671217291,14.165965356218926,2930.0
DAT,2022-02-09 07:00:00,16.75,16.75,16.75,16.75,600.0
DAT,2022-08-02 07:00:00,13.48,13.48,13.44,13.44,300.0
DAT,2024-10-02 07:00:00,7.99,7.99,7.99,7.99,7377.0
DBC,2016-10-10 07:00:00,7.85,7.87,7.62,7.62,343710.0
DBC,2016-10-24 07:00:00,13.834732853353543,14.399870377430423,7.81,7.81,5184058.0
DBC,2017-05-30 07:00:00,6.61,14.399870377430423,6.3,6.41,149913.0
DBC,2017-09-26 07:00:00,5.98,6.16,5.98,6.05,13786.0
DBC,2018-02-27 07:00:00,13.834732853353543,14.399870377430423,6.05,6.05,5184058.0
DBC,2019-05-06 07:00:00,5.75,14.399870377430423,5.64,5.8,15540.0
DBC,2019-07-03 07:00:00,5.87,5.87,5.69,5.8,96058.0
DBC,2019-12-19 07:00:00,6.06,14.399870377430423,6.06,6.15,59580.0
DBC,2020-01-17 07:00:00,5.67,14.399870377430423,5.64,5.8,158030.0
DBC,2020-04-15 07:00:00,7.2,14.399870377430423,7.11,7.44,3733810.0
DBC,2021-07-19 07:00:00,18.09,18.26,17.5,17.5,1679500.0
DBC,2022-03-01 07:00:00,27.45,27.8,26.91,27.8,1595300.0
DBC,2023-04-26 07:00:00,11.44,14.399870377430423,11.18,11.59,3021600.0
DBC,2023-06-08 07:00:00,14.73,15.25,14.65,14.69,8991700.0
DBD,2019-02-18 07:00:00,18.24,19.05,18.24,19.05,9020.0
DBD,2019-08-21 07:00:00,20.39,31.706690017513136,20.39,20.8,15830.0
DBD,2020-10-16 07:00:00,30.636704347826086,31.706690017513136,22.93,22.98,19440.0
DBD,2021-01-25 07:00:00,24.32,31.706690017513136,23.77,23.87,149304.0
DBD,2021-11-09 07:00:00,28.59,31.706690017513136,28.36,28.65,193800.0
DBD,2023-11-27 07:00:00,43.66,43.82,30.87458695652174,42.51,20400.0
DBD,2024-02-28 07:00:00,42.81,42.81,30.87458695652174,42.43,149304.0
DBD,2025-11-03 07:00:00,52.5,53.2,30.87458695652174,33.04691302846686,11900.0
DC1,2018-01-31 07:00:00,5.01,7.533112449799196,5.01,5.01,4800.0
DC1,2018-04-16 07:00:00,4.37,7.533112449799196,4.37,5.01,300.0
DC1,2019-06-07 07:00:00,4.76,4.76,4.76,4.76,700.0
DC1,2022-08-16 07:00:00,7.86,8.54,7.86,8.54,6518.0
DC1,2022-10-04 07:00:00,6.83,6.83,6.41,6.75,1800.0
DC1,2025-09-18 07:00:00,8.1,8.1,7.4,7.977114264691546,6518.0
DC1,2025-10-31 07:00:00,7.221082716879623,8.6,7.1,8.5,13700.0
DC1,2026-04-14 07:00:00,8.3,8.3,8.0,8.0,6518.0
DCL,2015-11-18 07:00:00,7.73,24.398517816527672,7.59,7.59,10800.0
DCL,2016-06-13 07:00:00,15.46,24.398517816527672,15.32,15.46,185930.0
DCL,2017-09-06 07:00:00,23.32,23.61,23.03,23.32,324667.0
DCL,2019-04-17 07:00:00,20.6,20.6,19.6,20.5,324667.0
DCL,2021-02-18 07:00:00,27.6,29.0,27.6,28.85,195100.0
DCL,2021-08-23 07:00:00,45.05,45.9,44.3,44.6,559100.0
DCL,2021-10-11 07:00:00,35.3,37.0,35.0,35.8,130900.0
DCL,2021-10-26 07:00:00,36.0,36.2,23.525313330801367,25.36626030398918,94600.0
DCL,2021-11-16 07:00:00,23.65316824196597,41.4,23.525313330801367,40.9,324667.0
DCL,2022-08-17 07:00:00,25.9,26.4,25.7,26.0,70600.0
DCL,2022-11-09 07:00:00,24.0,24.398517816527672,23.35,23.8,55700.0
DCL,2023-08-07 07:00:00,24.35,24.8,24.35,24.8,171200.0
DCL,2024-07-29 07:00:00,28.3,28.6,27.9,28.4,324667.0
DCL,2024-09-30 07:00:00,26.8,26.8,23.525313330801367,26.45,324667.0
DCL,2024-12-13 07:00:00,27.4,27.6,26.8,27.1,324667.0
DCL,2025-03-03 07:00:00,24.2,24.2,23.8,24.05,320600.0
DCL,2025-08-12 07:00:00,22.5,22.7,22.2,22.4,505900.0
DGC,2017-11-09 07:00:00,7.02,7.02,6.98,7.02,1990021.0
DGC,2019-01-18 07:00:00,9.77,9.86,9.77,9.79,66200.0
DGC,2021-03-30 07:00:00,23.89,43.220425947635796,22.95,23.08,714700.0
DGC,2022-09-27 07:00:00,73.84,74.43,69.78,70.03,3693800.0
DGC,2023-07-12 07:00:00,60.49,61.75,41.80776387802971,61.12,1990021.0
DGC,2025-07-18 07:00:00,98.68,99.45,41.80776387802971,45.170125006286135,2094600.0
DGC,2026-02-13 07:00:00,67.9,68.8,67.3,68.4,1516100.0
DGW,2015-12-08 07:00:00,4.38,22.712729000380083,4.34,4.36,170.0
DGW,2016-11-28 07:00:00,3.0,3.0,2.93,2.95,1898224.0
DGW,2017-09-12 07:00:00,2.97,2.99,2.95,2.99,171200.0
DGW,2018-08-24 07:00:00,21.978290826037306,22.712729000380083,4.83,4.91,1898224.0
DGW,2019-08-16 07:00:00,4.52,4.53,4.46,4.49,1034420.0
DGW,2019-09-17 07:00:00,4.61,22.712729000380083,4.58,4.6,1898224.0
DGW,2021-03-26 07:00:00,23.48,23.85,22.27,23.28,552900.0
DGW,2023-02-06 07:00:00,30.46,30.53,29.9,30.35,435700.0
DGW,2023-06-02 07:00:00,26.98,27.72,21.808639817629178,24.5712052804192,2536400.0
DGW,2025-09-23 07:00:00,41.75,42.5,21.808639817629178,24.5712052804192,778600.0
DGW,2026-02-25 07:00:00,21.978290826037306,53.5,21.808639817629178,52.3,1898224.0
DHA,2016-06-17 07:00:00,12.45,12.66,12.32,12.4,113910.0
DHA,2016-08-10 07:00:00,14.37,27.793901397515526,14.1,14.32,205260.0
DHA,2017-06-27 07:00:00,16.1,16.1,15.34,15.53,112685.0
DHA,2019-10-10 07:00:00,26.856170212765957,27.793901397515526,16.57,16.57,50.0
DHA,2019-11-18 07:00:00,17.34,17.69,17.34,17.43,1190.0
DHA,2020-08-20 07:00:00,22.76,27.793901397515526,22.43,22.64,112685.0
DHA,2022-03-01 07:00:00,40.61,40.82,40.54,40.54,112685.0
DHA,2022-07-18 07:00:00,28.27,29.27,28.23,28.68,43200.0
DHA,2022-10-04 07:00:00,25.93,25.93,23.85,24.96,112685.0
DHA,2024-01-18 07:00:00,45.04,45.84,44.86,45.84,112685.0
DHA,2026-04-06 07:00:00,45.8,45.8,27.099486684677732,29.07432821174863,42500.0
DHB,2024-06-04 07:00:00,9.9,9.9,9.6,9.8,29710.0
DHB,2024-07-02 07:00:00,8.785216178521617,10.4,8.64116828929068,10.4,25201.0
DHB,2025-01-07 07:00:00,8.8,9.080806675938804,8.64116828929068,8.9,29710.0
DHB,2025-07-30 07:00:00,9.3,9.3,8.64116828929068,9.3,12100.0
DHB,2025-12-26 07:00:00,7.2,7.6,7.2,7.6,700.0
DHD,2017-05-11 07:00:00,5.15,5.15,5.15,5.15,17600.0
DHD,2017-09-19 07:00:00,4.59,9.62344250363901,4.59,4.59,100.0
DHD,2021-12-23 07:00:00,5.86,5.9,5.86,5.9,3168.0
DHD,2025-07-09 07:00:00,22.46,22.83,22.46,22.83,3168.0
DHM,2016-02-23 07:00:00,6.12,6.54,5.95,6.54,1385050.0
DHM,2016-08-23 07:00:00,12.66,12.66,12.49,12.49,429420.0
DHM,2017-06-14 07:00:00,8.72,8.95,6.977141199226305,8.83,829820.0
DHM,2017-09-15 07:00:00,4.44,7.242743055555555,4.38,4.62,459664.0
DHM,2017-12-04 07:00:00,6.9028111671190375,7.242743055555555,3.57,3.57,459664.0
DHM,2021-05-14 07:00:00,9.09,9.23,9.09,9.18,303900.0
DHM,2022-06-30 07:00:00,9.27,9.32,9.09,9.18,226000.0
DHM,2022-08-03 07:00:00,9.18,9.23,6.977141199226305,7.705503449570412,248400.0
DHM,2023-07-18 07:00:00,7.52,7.59,7.52,7.54,459664.0
DHM,2025-08-12 07:00:00,6.75,6.75,6.63,6.72,459664.0
DHM,2026-01-19 07:00:00,6.13,6.15,6.0,6.1,1500.0
DIH,2018-06-06 07:00:00,8.59,10.36,8.59,10.36,200.0
DIH,2020-03-23 07:00:00,10.45,16.939100418410042,10.45,10.45,24087.0
DIH,2025-02-25 07:00:00,14.22,14.22,14.22,14.22,440.0
DIH,2025-09-22 07:00:00,15.86,15.86,15.67,15.67,17500.0
DLG,2016-01-12 07:00:00,4.9,5.27,4.9,5.27,8071090.0
DLG,2017-12-28 07:00:00,3.34,3.53,3.32,3.53,6469977.0
DLG,2020-02-05 07:00:00,1.75,3.2169767441860464,1.75,1.79,6469977.0
DLG,2021-07-05 07:00:00,3.41,3.42,3.21,3.27,10979200.0
DLG,2023-11-30 07:00:00,2.22,2.31,2.22,2.22,2991400.0
DNC,2017-10-16 07:00:00,8.33,8.33,8.33,8.33,10.0
DNC,2026-02-02 07:00:00,51.65,51.65,51.65,51.65,3567.0
DNH,2018-03-09 07:00:00,9.94,11.5,9.94,11.5,1000.0
DNH,2023-06-23 07:00:00,33.06,33.06,33.06,33.06,100.0
DNH,2024-05-08 07:00:00,39.39,39.39,39.39,39.39,465.0
DPC,2018-11-05 07:00:00,11.94,11.94,11.94,11.94,200.0
DPC,2019-10-30 07:00:00,11.11,12.33,11.11,12.33,3136.0
DPC,2020-12-22 07:00:00,13.88,15.25,13.88,15.25,300.0
DPR,2016-07-01 07:00:00,20.96676493108729,21.68535372848948,7.36,7.36,29890.0
DPR,2017-08-02 07:00:00,9.93,21.68535372848948,9.88,9.91,485513.0
DPR,2017-08-23 07:00:00,10.12,10.27,10.07,10.1,485513.0
DPR,2018-10-30 07:00:00,9.81,9.84,9.77,9.77,14840.0
DPR,2020-10-09 07:00:00,16.37,16.37,16.06,16.29,29260.0
DPR,2023-07-26 07:00:00,26.98,27.42,21.090780952380953,27.06,485513.0
DPR,2024-05-23 07:00:00,37.1,37.65,36.46,37.65,745100.0
DPR,2024-10-22 07:00:00,37.75,37.94,36.18,36.8,624900.0
DRH,2018-05-21 07:00:00,11.71,11.88,11.43,11.81,2649198.0
DRH,2020-11-26 07:00:00,5.74,5.74,5.63,5.63,1080910.0
DRH,2020-12-25 07:00:00,6.41,9.618641282565129,6.36,6.86,2448100.0
DRH,2021-06-29 07:00:00,8.36,8.43,8.01,8.16,2649198.0
DRH,2021-12-30 07:00:00,23.84,23.88,9.22171668667467,10.267358987803131,3484700.0
DRH,2023-04-18 07:00:00,4.93,9.618641282565129,4.91,5.02,1972400.0
DRH,2024-05-24 07:00:00,3.98,4.0,3.8,3.82,1982600.0
DRH,2024-08-02 07:00:00,2.48,2.53,2.4,2.5,2649198.0
DRH,2025-08-21 07:00:00,3.45,3.49,3.26,3.36,2649198.0
DRH,2025-10-17 07:00:00,2.2,2.28,2.18,2.22,2649198.0
DRH,2026-03-12 07:00:00,2.68,2.78,2.6,2.71,575800.0
DRI,2018-05-24 07:00:00,7.758982440342188,8.075123929698062,5.49,5.49,43700.0
DRI,2019-01-11 07:00:00,4.02,4.55,4.02,4.22,100580.0
DRI,2019-03-04 07:00:00,4.82,4.82,4.75,4.82,961657.0
DRI,2019-08-19 07:00:00,4.35,8.075123929698062,4.28,4.28,14320.0
DRI,2025-11-18 07:00:00,12.9,12.9,7.735390519187359,8.585678739136446,961657.0
DRI,2026-04-03 07:00:00,12.7,12.8,7.735390519187359,8.585678739136446,387500.0
DRI,2026-04-29 07:00:00,13.9,14.0,7.735390519187359,14.0,543000.0
DSC,2018-04-09 07:00:00,35.34,35.34,34.46,34.46,160389.0
DSC,2019-01-15 07:00:00,6.36,6.36,5.74,6.36,18100.0
DSC,2021-08-18 07:00:00,9.89,9.89,9.44,9.44,160389.0
DSC,2021-12-23 07:00:00,11.99,13.552690246516613,11.36,11.65,160389.0
DSC,2022-10-10 07:00:00,21.48,23.41,20.92,22.67,160389.0
DSC,2024-10-09 07:00:00,12.975609492988132,19.12,12.831382463690156,18.95,151502.0
DSC,2025-05-22 07:00:00,12.43,12.56,12.23,12.39,160389.0
DSC,2025-06-19 07:00:00,12.975609492988132,13.552690246516613,11.34,12.03,56400.0
DSC,2025-07-25 07:00:00,12.975609492988132,14.01,12.831382463690156,14.01,160389.0
DSG,2022-03-07 07:00:00,5.6555956678700365,7.2,5.620581113801453,7.1,13400.0
DSG,2024-03-01 07:00:00,6.1,6.1,5.620581113801453,6.1,600.0
DST,2017-02-23 07:00:00,23.4,23.4,8.135593351372245,22.1,115750.0
DST,2017-04-11 07:00:00,25.1,25.3,24.5,25.0,984166.0
DST,2018-02-08 07:00:00,3.1,3.4,2.8,3.4,5636180.0
DST,2019-02-11 07:00:00,1.8,1.9,1.7,1.9,984166.0
DST,2020-12-17 07:00:00,2.6,2.6,2.5,2.6,568230.0
DST,2021-12-17 07:00:00,10.0,10.5,8.135593351372245,10.0,3000549.0
DST,2022-07-27 07:00:00,7.6,8.615845857418112,7.5,8.3,710800.0
DST,2022-08-18 07:00:00,8.8,8.9,8.7,8.9,60900.0
DST,2023-09-27 07:00:00,4.3,4.3,4.1,4.3,106800.0
DST,2026-01-07 07:00:00,9.5,10.3,8.135593351372245,10.0,202000.0
DST,2026-02-23 07:00:00,10.8,11.0,10.7,10.8,984166.0
DTI,2022-10-28 07:00:00,4.91,6.3520684292379475,4.91,4.91,80517.0
DTI,2024-06-12 07:00:00,3.4,3.5,3.4,3.5,80517.0
DTL,2017-10-24 07:00:00,36.3,36.3,35.9,36.2,7368.0
DTL,2018-07-09 07:00:00,45.3,45.3,45.3,45.3,1000.0
DTL,2019-01-14 07:00:00,35.4,35.4,35.4,35.4,7368.0
DTL,2020-07-16 07:00:00,9.9,24.16823473282443,9.9,9.9,7368.0
DTL,2021-12-23 07:00:00,35.0,35.0,23.77525787965616,25.825877859177822,800.0
DTL,2022-02-18 07:00:00,45.2,45.2,23.77525787965616,45.2,7368.0
DTL,2023-05-17 07:00:00,32.95,32.95,23.77525787965616,25.825877859177822,200.0
DTL,2025-04-24 07:00:00,10.3,24.16823473282443,10.3,10.3,200.0
DTL,2025-08-04 07:00:00,10.6,24.16823473282443,10.6,10.6,900.0
DVG,2021-07-05 07:00:00,12.0,12.7,7.681954887218045,8.518606051884545,117200.0
DVG,2022-05-11 07:00:00,9.3,9.6,9.0,9.4,167400.0
DVG,2022-07-05 07:00:00,7.7778617710583156,8.7,7.681954887218045,8.518606051884545,536989.0
DVG,2022-07-07 07:00:00,7.7778617710583156,8.3,7.681954887218045,8.1,536989.0
DVG,2023-03-09 07:00:00,2.8,2.9,2.8,2.8,136741.0
DVG,2024-11-08 07:00:00,1.3,1.3,1.2,1.3,456664.0
DVN,2018-07-02 07:00:00,16.116545372866128,16.810112359550562,11.19,11.19,178149.0
DVN,2019-03-12 07:00:00,13.24,13.32,12.92,13.16,81150.0
DVN,2019-09-23 07:00:00,16.116545372866128,16.810112359550562,10.36,10.44,69090.0
DVN,2020-10-27 07:00:00,11.88,16.810112359550562,11.62,11.7,150550.0
DVN,2022-01-12 07:00:00,21.62,21.62,19.87,20.75,585473.0
DVN,2022-08-10 07:00:00,17.68,17.86,17.5,17.605437117789396,35203.0
DVN,2023-07-17 07:00:00,17.49,19.54,16.201932584269663,18.42,187264.0
DVN,2024-04-10 07:00:00,17.21,17.31,16.201932584269663,17.31,585473.0
DVN,2025-06-05 07:00:00,22.37,22.37,21.99,22.18,78300.0
DWC,2024-07-31 07:00:00,10.31,13.817281879194631,10.31,10.31,1562.0
DWC,2024-10-22 07:00:00,8.14,8.14,8.14,8.14,100.0
DWS,2021-06-02 07:00:00,8.89,10.860565371024736,8.89,8.89,4961.0
DWS,2025-05-20 07:00:00,16.33,16.33,10.691890459363957,16.33,100.0
DXV,2017-08-22 07:00:00,4.15,4.15,4.126269363166954,4.15,1980.0
DXV,2018-07-31 07:00:00,3.37,3.41,3.37,3.37,130.0
DXV,2019-11-22 07:00:00,4.71,4.71,4.15,4.17,23360.0
DXV,2019-12-30 07:00:00,3.69,4.295829750644884,3.5,3.5,26814.0
DXV,2020-07-31 07:00:00,2.3,2.4,2.3,2.3,26814.0
DXV,2021-12-10 07:00:00,7.3,7.5,4.126269363166954,7.21,28800.0
DXV,2022-02-28 07:00:00,7.35,7.6,4.126269363166954,4.599272832914668,35000.0
DXV,2022-03-17 07:00:00,8.01,8.59,8.01,8.27,53300.0
DXV,2023-01-04 07:00:00,4.01,4.15,4.01,4.1,26814.0
DXV,2024-09-09 07:00:00,3.61,3.75,3.61,3.73,400.0
DXV,2024-11-11 07:00:00,3.99,4.295829750644884,3.87,4.06,37100.0
DXV,2025-10-06 07:00:00,3.8,3.88,3.8,3.88,800.0
E12,2022-07-29 07:00:00,8.1,8.1,7.2,7.340436642603079,600.0
E12,2023-05-10 07:00:00,5.1,5.7,5.1,5.7,2600.0
EBS,2016-10-06 07:00:00,3.46,3.46,3.46,3.46,1000.0
EBS,2017-10-31 07:00:00,4.64,4.64,4.64,4.64,5200.0
EBS,2021-05-13 07:00:00,6.7,6.7,6.7,6.7,6.0
EBS,2021-10-22 07:00:00,7.06,7.06,6.91,6.91,6176.0
EBS,2023-12-07 07:00:00,9.81,9.81,6.822038717483363,9.81,6176.0
EBS,2025-10-13 07:00:00,11.39,11.39,11.39,11.39,6176.0
EBS,2026-02-13 07:00:00,11.5,11.5,11.5,11.5,200.0
EIN,2021-11-02 07:00:00,15.5,17.7,15.5,17.7,71187.0
EIN,2024-07-30 07:00:00,3.2,3.2,3.1,3.2,43019.0
EIN,2025-04-02 07:00:00,2.4,2.4,2.4,2.4,7489.0
ELC,2017-10-25 07:00:00,7.62,10.660174418604651,7.57,7.6,96820.0
ELC,2019-07-11 07:00:00,10.27205734211546,10.660174418604651,3.37,3.44,715342.0
ELC,2019-10-02 07:00:00,10.27205734211546,10.660174418604651,2.84,2.89,22130.0
ELC,2022-03-02 07:00:00,12.16,12.26,11.78,11.9,399300.0
ELC,2022-06-02 07:00:00,9.69,10.660174418604651,9.56,9.82,881600.0
ELC,2022-06-30 07:00:00,10.27205734211546,10.660174418604651,7.94,7.94,219400.0
ELC,2022-09-23 07:00:00,7.36,7.45,7.33,7.45,305900.0
ELC,2022-12-15 07:00:00,5.63,5.75,5.63,5.65,715342.0
ELC,2025-12-22 07:00:00,23.7,24.5,23.7,24.4,1151100.0
EMG,2022-04-08 07:00:00,10.19,15.961999999999998,10.19,10.19,200.0
EVG,2018-04-04 07:00:00,5.50445647271087,5.694592760180996,3.18,3.22,448610.0
EVG,2018-06-26 07:00:00,3.08,3.23,3.08,3.17,252910.0
EVG,2018-07-12 07:00:00,3.29,3.31,3.22,3.29,177740.0
EVG,2020-05-29 07:00:00,2.06,5.694592760180996,2.06,2.07,2463727.0
EVG,2020-12-09 07:00:00,4.17,4.17,3.98,4.09,2463727.0
EVG,2021-08-17 07:00:00,7.83,8.06,7.68,7.8,664700.0
EVG,2022-09-05 07:00:00,7.17,7.29,5.443823529411765,7.11,67600.0
EVG,2024-02-06 07:00:00,4.97,5.694592760180996,4.97,5.08,860000.0
EVG,2024-11-29 07:00:00,6.5,6.58,6.41,6.48,1353900.0
EVG,2025-11-21 07:00:00,8.01,8.3,7.98,8.1,2463727.0
EVS,2020-11-19 07:00:00,9.072827365045429,9.374136460554372,3.56,3.56,359621.0
EVS,2023-11-10 07:00:00,8.5,8.8,8.2,8.5,359621.0
EVS,2024-01-18 07:00:00,8.4,8.5,8.3,8.4,359621.0
EVS,2024-07-16 07:00:00,7.5,7.5,7.4,7.5,77473.0
FCM,2018-01-09 07:00:00,3.77,4.541662717219589,3.73,3.74,303704.0
FCM,2020-09-03 07:00:00,4.93,4.93,4.373087301587302,4.812536839455113,4430.0
FCM,2021-04-29 07:00:00,4.377023384859294,5.56,4.373087301587302,5.4,303704.0
FCM,2021-11-09 07:00:00,4.377023384859294,7.93,4.373087301587302,7.71,1870700.0
FCM,2021-11-19 07:00:00,9.14,9.14,8.26,8.62,303704.0
FCM,2022-02-17 07:00:00,9.04,9.22,4.373087301587302,4.812536839455113,303704.0
FCM,2022-05-20 07:00:00,5.46,5.7,4.373087301587302,4.812536839455113,303704.0
FCM,2023-05-29 07:00:00,4.377023384859294,4.39,4.22,4.39,303704.0
FCM,2024-09-06 07:00:00,3.08,3.1,3.08,3.08,9800.0
FCM,2024-11-01 07:00:00,3.08,3.11,3.05,3.08,303704.0
FCN,2017-01-20 07:00:00,11.39,11.48,11.12,11.21,3075820.0
FCN,2019-05-10 07:00:00,11.52,13.271265083690151,11.44,11.56,128830.0
FCN,2019-12-17 07:00:00,8.78,8.91,8.73,8.73,439910.0
FCN,2020-01-16 07:00:00,8.55,8.55,8.48,8.55,3075820.0
FCN,2020-09-28 07:00:00,9.89,10.02,9.76,9.98,2213600.0
FCN,2020-12-01 07:00:00,10.79,13.271265083690151,10.7,11.13,2208060.0
FCN,2021-04-16 07:00:00,12.91,13.271265083690151,12.07,12.35,2634700.0
FCN,2021-07-23 07:00:00,10.24,10.38,10.06,10.1,857400.0
FCN,2022-05-25 07:00:00,16.32,17.27,12.808392857142856,14.265176734323674,3075820.0
FCN,2022-07-26 07:00:00,14.56,15.08,14.56,14.65,3544300.0
FCN,2024-07-30 07:00:00,12.88,12.92,12.58,12.78,113400.0
FCN,2024-08-07 07:00:00,11.27,13.271265083690151,10.73,11.41,3075820.0
FCN,2025-08-25 07:00:00,17.17,17.46,16.48,16.48,3568700.0
FCN,2025-10-29 07:00:00,15.36,15.66,12.808392857142856,14.265176734323674,3075820.0
FDC,2016-02-18 07:00:00,29.0,29.0,17.966286031042127,19.53865715911755,8681.0
FDC,2018-01-22 07:00:00,19.95,20.0,19.95,20.0,310.0
FDC,2018-08-07 07:00:00,15.6,15.6,15.6,15.6,10.0
FDC,2019-03-12 07:00:00,12.75,13.5,12.7,13.5,8681.0
FDC,2021-04-12 07:00:00,12.5,12.6,12.5,12.5,8681.0
FDC,2022-06-16 07:00:00,23.95,23.95,21.7,23.6,8681.0
FDC,2023-03-27 07:00:00,17.25,18.3,17.25,18.2,8681.0
FDC,2023-05-29 07:00:00,15.0,18.655422691879863,15.0,16.0,2500.0
FDC,2023-12-11 07:00:00,13.65,15.5,13.55,15.5,3200.0
FDC,2024-07-18 07:00:00,15.1,18.655422691879863,14.05,14.05,800.0
FDC,2024-08-02 07:00:00,13.5,13.5,13.5,13.5,2200.0
FDC,2025-07-01 07:00:00,18.05,18.1,15.9,15.9,400.0
FRT,2021-06-24 07:00:00,12.38,63.23293762575453,12.18,12.22,951900.0
FRT,2022-07-19 07:00:00,61.339667673716015,63.23293762575453,48.52,48.72,1422806.0
FRT,2023-09-11 07:00:00,68.95,69.59,61.479602215508564,67.99,944200.0
FRT,2023-12-25 07:00:00,82.07,83.43,61.479602215508564,83.11,1422806.0
FTM,2017-06-15 07:00:00,11.8,11.94,11.7,11.85,999760.0
FTM,2017-09-18 07:00:00,13.62,13.91,13.57,13.77,999760.0
FTM,2017-09-19 07:00:00,13.72,13.81,13.57,13.72,447440.0
FTM,2018-07-06 07:00:00,16.0,16.0,7.369400237529691,16.0,227410.0
FTM,2018-08-28 07:00:00,15.0,15.15,15.0,15.05,1148620.0
FTM,2019-10-04 07:00:00,4.15,7.597985739750445,4.15,4.15,1229060.0
FTM,2020-03-10 07:00:00,1.73,1.9,1.73,1.84,999760.0
FTM,2021-09-21 07:00:00,4.03,4.31,3.76,4.31,3073100.0
FTM,2021-11-15 07:00:00,6.27,6.27,6.12,6.27,999760.0
FTM,2024-09-13 07:00:00,0.9,7.597985739750445,0.7,0.7,102800.0
G20,2016-03-23 07:00:00,6.82,6.82,6.65,6.82,53700.0
G20,2016-05-30 07:00:00,6.48,6.56,2.609319470699433,2.9264408141830773,175900.0
G20,2016-05-31 07:00:00,6.48,6.65,6.31,6.48,191122.0
GDA,2023-11-09 07:00:00,16.73,17.13,16.73,16.93,267614.0
GHC,2016-04-20 07:00:00,6.66,6.78,6.6,6.6,12800.0
GHC,2020-11-16 07:00:00,15.49,18.577372170997485,15.38,15.38,7600.0
GHC,2023-01-11 07:00:00,20.99,20.99,18.350547598989046,20.84,4100.0
GHC,2023-01-31 07:00:00,21.39,21.39,18.350547598989046,21.39,5600.0
GHC,2023-07-25 07:00:00,21.23,21.31,18.350547598989046,19.969494975543103,6000.0
GHC,2024-06-05 07:00:00,27.33,27.33,18.350547598989046,27.24,30641.0
GMA,2021-06-24 07:00:00,43.75,44.24,43.75,44.24,1000.0
GMC,2015-10-21 07:00:00,15.65,15.65,13.856400529333921,15.65,1050.0
GMC,2016-07-07 07:00:00,12.19,12.36,11.86,12.36,33397.0
GMC,2017-03-20 07:00:00,12.25,12.59,12.17,12.59,24300.0
GMC,2023-04-26 07:00:00,8.9,8.9,8.85,8.9,33397.0
GMC,2023-12-27 07:00:00,13.658867924528302,14.286766125493639,7.65,7.91,33397.0
GMH,2022-11-30 07:00:00,8.614029075804776,10.59,8.584792531120332,10.52,1600.0
GND,2018-03-26 07:00:00,18.933167098445598,19.600207657365345,16.77,16.77,100.0
GND,2024-07-23 07:00:00,22.78,26.48,18.94037711313394,26.48,4519.0
GND,2025-05-22 07:00:00,31.37,31.37,18.94037711313394,27.15,3300.0
GSM,2022-09-12 07:00:00,11.39,11.39,11.39,11.39,37358.0
GSM,2025-01-20 07:00:00,23.78,23.78,13.896553491351698,14.732185626595394,200.0
GSP,2018-10-22 07:00:00,5.8,7.773232908458865,5.8,5.93,163084.0
GSP,2018-12-18 07:00:00,7.5197867390461415,7.773232908458865,6.0,6.0,163084.0
GSP,2019-09-23 07:00:00,6.38,6.4,6.38,6.4,610.0
GSP,2020-09-18 07:00:00,6.29,6.29,6.03,6.29,8230.0
GSP,2020-10-21 07:00:00,7.5197867390461415,7.773232908458865,6.89,6.92,590.0
GSP,2022-08-15 07:00:00,8.32,8.32,7.573645793315405,8.22089905693752,29600.0
GSP,2022-11-23 07:00:00,6.06,6.13,5.85,6.1,9600.0
GSP,2024-12-24 07:00:00,12.83,13.26,7.573645793315405,13.09,915200.0
GTT,2018-01-19 07:00:00,0.32,0.6723282442748092,0.32,0.4,129882.0
GTT,2019-05-03 07:00:00,0.4,0.4,0.4,0.4,603959.0
GTT,2019-12-20 07:00:00,0.3,0.6723282442748092,0.3,0.3,10.0
GTT,2021-08-27 07:00:00,0.6,0.7,0.5797718631178707,0.6619056436270147,603959.0
HAC,2017-10-25 07:00:00,6.793717830882352,7.086506912442396,3.47,3.47,27056.0
HAC,2018-01-26 07:00:00,3.21,7.086506912442396,3.21,3.21,39843.0
HAC,2019-03-11 07:00:00,3.89,3.89,3.3,3.81,6100.0
HAC,2022-08-31 07:00:00,8.4,8.4,8.0,8.3,5400.0
HAC,2023-04-18 07:00:00,5.9,5.9,5.9,5.9,39843.0
HAC,2024-10-02 07:00:00,12.0,12.0,6.780621260929591,11.0,982.0
HAC,2024-11-15 07:00:00,10.1,11.1,9.5,11.1,5100.0
HAC,2025-09-26 07:00:00,11.5,12.4,11.5,12.4,700.0
HAC,2026-01-26 07:00:00,9.5,9.5,6.780621260929591,9.5,39843.0
HAG,2016-11-04 07:00:00,5.12,5.16,5.1,5.12,1041810.0
HAG,2019-02-01 07:00:00,5.0,5.02,4.89,5.0,1740010.0
HAG,2021-12-09 07:00:00,8.48123475609756,10.55,8.452023628048781,9.439902378449919,19441751.0
HAG,2022-03-21 07:00:00,12.3,12.45,8.452023628048781,12.3,19441751.0
HAG,2023-03-29 07:00:00,7.44,7.5,7.38,7.39,3626000.0
HAG,2025-02-18 07:00:00,12.5,12.85,8.452023628048781,9.439902378449919,6826700.0
HAP,2015-12-29 07:00:00,2.9,2.95,2.85,2.95,212210.0
HAP,2016-07-19 07:00:00,2.74,2.74,2.63,2.74,216490.0
HAP,2016-10-07 07:00:00,4.454499808355692,4.616531238022231,2.28,2.32,59600.0
HAP,2016-11-02 07:00:00,2.48,2.53,2.42,2.47,504145.0
HAP,2017-05-15 07:00:00,3.07,3.13,2.92,2.99,413450.0
HAP,2018-01-09 07:00:00,2.52,2.52,2.42,2.42,8070.0
HAP,2018-09-27 07:00:00,4.454499808355692,4.616531238022231,2.14,2.18,504145.0
HAP,2019-08-05 07:00:00,2.39,2.39,2.34,2.35,11670.0
HAP,2019-10-24 07:00:00,2.32,4.616531238022231,2.31,2.33,504145.0
HAP,2020-02-28 07:00:00,2.26,2.26,2.16,2.22,22820.0
HAP,2020-04-24 07:00:00,2.01,2.01,1.98,2.0,504145.0
HAP,2020-11-11 07:00:00,3.82,4.616531238022231,3.77,3.78,118450.0
HAP,2021-10-29 07:00:00,12.96,12.96,12.37,12.56,952200.0
HAP,2022-06-01 07:00:00,4.454499808355692,7.78,4.444558654948414,5.001562471119198,226800.0
HAP,2022-10-17 07:00:00,4.93,4.99,4.85,4.99,154000.0
HAP,2023-05-05 07:00:00,4.02,4.616531238022231,3.99,4.01,140900.0
HAP,2024-07-17 07:00:00,4.64,4.69,4.35,4.58,504145.0
HAP,2025-12-10 07:00:00,4.454499808355692,7.87,4.444558654948414,7.71,20600.0
HAS,2018-05-22 07:00:00,6.14,6.14,6.13,6.13,60.0
HAS,2022-12-26 07:00:00,7.369786614936954,7.70272373540856,6.7,6.7,19014.0
HAS,2026-01-26 07:00:00,8.1,8.1,8.1,8.1,100.0
HAV,2021-09-24 07:00:00,5.0,5.0,4.7,4.7,700.0
HAV,2023-06-15 07:00:00,3.9,3.9,3.9,3.9,2814.0
HAV,2023-11-30 07:00:00,3.0,3.5,3.0,3.0,2300.0
HAV,2024-10-08 07:00:00,3.6,3.9876349362119727,3.6,3.6,400.0
HBH,2021-02-09 07:00:00,4.71,4.71,4.71,4.71,5200.0
HBH,2022-11-15 07:00:00,7.75,7.75,6.280584028605483,7.75,6730.0
HBH,2023-06-08 07:00:00,7.84,7.84,7.84,7.84,104.0
HBS,2016-06-14 07:00:00,4.85312238250349,5.101032558139535,2.87,2.87,50.0
HBS,2016-12-22 07:00:00,4.85312238250349,5.101032558139535,2.45,2.45,200.0
HBS,2017-03-02 07:00:00,2.36,2.53,2.36,2.53,11800.0
HBS,2017-08-25 07:00:00,2.53,2.53,2.53,2.53,100302.0
HBS,2017-09-01 07:00:00,2.36,5.101032558139535,2.28,2.36,18800.0
HBS,2018-03-20 07:00:00,2.19,5.101032558139535,2.19,2.19,30900.0
HBS,2019-04-05 07:00:00,2.28,2.28,2.28,2.28,300.0
HBS,2020-11-03 07:00:00,1.69,1.77,1.69,1.77,1100.0
HBS,2023-02-17 07:00:00,4.47,5.101032558139535,4.47,4.89,28233.0
HBS,2023-05-08 07:00:00,4.89,5.32,4.89,5.23,189918.0
HBS,2023-06-30 07:00:00,7.17,7.26,7.09,7.09,100302.0
HBS,2023-09-20 07:00:00,4.85312238250349,9.03,4.851451089476124,9.03,100302.0
HBS,2024-07-23 07:00:00,8.02,8.02,4.851451089476124,5.2548716810756755,54700.0
HBS,2024-11-01 07:00:00,7.8,7.8,7.3,7.3,31304.0
HC3,2022-07-01 07:00:00,28.98,28.98,28.98,28.98,26.0
HC3,2024-08-09 07:00:00,19.78,19.78,19.78,19.78,100.0
HC3,2024-11-05 07:00:00,23.99,23.99,23.72,23.72,1500.0
HC3,2026-01-12 07:00:00,26.0,26.0,26.0,26.0,200.0
HCD,2016-08-05 07:00:00,4.96,6.010249795249796,4.84,4.96,162740.0
HCD,2017-01-25 07:00:00,5.83,5.88,5.83,5.86,202220.0
HCD,2018-09-27 07:00:00,5.827357873210634,7.35,5.825697341513292,7.25,499670.0
HCD,2019-06-05 07:00:00,2.66,2.75,2.63,2.72,37800.0
HCD,2019-08-16 07:00:00,2.51,6.010249795249796,2.51,2.52,802546.0
HCD,2020-04-20 07:00:00,2.09,2.24,2.09,2.24,711430.0
HCD,2022-03-10 07:00:00,11.07,11.51,10.91,10.95,814400.0
HCD,2022-04-20 07:00:00,10.78,11.11,10.7,10.86,448800.0
HCD,2022-09-28 07:00:00,6.24,6.32,5.93,5.93,57400.0
HCD,2024-02-05 07:00:00,9.56,9.88,9.46,9.85,802546.0
HCD,2025-03-26 07:00:00,7.8,7.83,5.825697341513292,6.296309171806738,802546.0
HCD,2025-05-26 07:00:00,6.79,7.17,5.825697341513292,6.296309171806738,802546.0
HDB,2023-11-17 07:00:00,11.7,11.73,11.085738498789345,11.42,7864400.0
HDB,2024-12-31 07:00:00,20.32,20.32,11.085738498789345,19.66,9184500.0
HDB,2025-07-18 07:00:00,18.85,18.89,18.58,18.81,14310500.0
HDB,2025-12-02 07:00:00,24.29,24.67,11.085738498789345,12.151780685676512,9764468.0
HDG,2017-01-06 07:00:00,4.48,4.61,4.48,4.49,2899987.0
HDG,2018-12-19 07:00:00,9.01,9.06,8.87,9.02,237420.0
HDG,2019-08-01 07:00:00,16.558206565252203,17.219465709728865,11.6,11.87,1254450.0
HDG,2020-11-11 07:00:00,10.65,10.67,10.52,10.61,1406470.0
HDG,2021-06-01 07:00:00,19.46,20.62,19.24,20.12,3623200.0
HDG,2024-07-16 07:00:00,29.0,29.27,16.574132856006365,18.093859741691507,4796600.0
HEJ,2020-01-14 07:00:00,22.22,25.43,22.22,25.43,10225.0
HEJ,2020-08-21 07:00:00,21.27,21.27,18.748894984326018,20.8,10225.0
HEJ,2023-10-02 07:00:00,11.8,19.577648902821316,11.8,12.0,1800.0
HEJ,2024-01-30 07:00:00,18.757676056338028,19.577648902821316,10.8,11.0,10225.0
HEJ,2024-05-08 07:00:00,11.3,11.3,11.3,11.3,100.0
HEV,2016-03-28 07:00:00,6.63,11.73606557377049,6.57,6.57,1100.0
HEV,2021-04-29 07:00:00,12.43,14.52,12.43,12.43,2352.0
HEV,2021-11-19 07:00:00,15.06,15.24,11.50024523160763,15.24,4100.0
HEV,2023-01-04 07:00:00,34.48,34.48,11.50024523160763,12.417012913559734,2352.0
HEV,2025-07-03 07:00:00,16.7,18.0,11.50024523160763,18.0,2352.0
HHG,2017-04-17 07:00:00,3.279273977837218,7.73,3.2364015296367117,7.42,217630.0
HHG,2018-03-23 07:00:00,4.81,4.81,4.65,4.73,288900.0
HHG,2018-04-19 07:00:00,4.73,4.73,3.2364015296367117,4.56,486199.0
HHG,2020-06-01 07:00:00,1.1,1.2,1.1,1.1,32630.0
HHG,2020-08-04 07:00:00,1.2,3.4323871461361897,1.2,1.2,200.0
HHG,2022-11-10 07:00:00,1.7,1.7,1.5,1.5,231825.0
HHG,2023-02-27 07:00:00,3.279273977837218,3.4323871461361897,1.3,1.4,486199.0
HHG,2023-08-22 07:00:00,2.6,3.4323871461361897,2.4,2.6,688572.0
HHG,2024-06-21 07:00:00,2.0,3.4323871461361897,1.9,2.1,498790.0
HHG,2025-07-18 07:00:00,1.8,3.4323871461361897,1.6,1.6,486199.0
HID,2018-07-30 07:00:00,2.64,2.68,2.63,2.68,92620.0
HID,2018-08-22 07:00:00,2.54,4.666132732486686,2.5,2.52,70070.0
HID,2020-02-21 07:00:00,2.35,2.35,2.3,2.3,47900.0
HID,2021-01-26 07:00:00,3.81,3.81,3.66,3.69,902300.0
HID,2021-03-19 07:00:00,4.26,4.31,4.26,4.3,201200.0
HID,2022-04-25 07:00:00,7.8,7.8,4.47427283900041,4.8701153298545155,636700.0
HID,2024-08-27 07:00:00,4.456683026584867,4.666132732486686,2.7,2.7,33900.0
HID,2025-12-16 07:00:00,7.32,7.32,7.32,7.32,110700.0
HID,2026-04-15 07:00:00,5.0,5.07,4.8,4.89,578100.0
HIO,2024-08-06 07:00:00,12.6,14.6,11.1,12.2,879901.0
HIO,2025-05-07 07:00:00,7.4,7.4,7.2,7.3,187694.0
HIO,2025-06-19 07:00:00,7.1,7.1,7.1,7.1,187694.0
HIO,2026-04-22 07:00:00,7.5,7.6,7.5,7.5,4000.0
HKT,2017-05-30 07:00:00,4.56,4.56,4.1,4.56,14300.0
HKT,2021-03-24 07:00:00,7.1,7.1,6.9,6.9,34910.0
HKT,2021-11-30 07:00:00,7.4,7.4,7.1,7.2,40430.0
HKT,2021-12-13 07:00:00,7.6,7.8,5.910650813516896,6.607976230327295,9475.0
HKT,2023-01-30 07:00:00,6.4,7.0,6.4,6.607976230327295,200.0
HKT,2023-02-23 07:00:00,6.5,6.5,5.910650813516896,6.5,100.0
HKT,2026-04-21 07:00:00,20.5,20.5,20.0,20.0,40430.0
HMR,2023-03-23 07:00:00,6.22,6.4,6.22,6.4,12710.0
HMR,2023-04-11 07:00:00,10.872821011673151,11.346841085271318,6.31,6.49,15300.0
HMR,2023-06-16 07:00:00,6.94,11.346841085271318,6.85,6.85,59684.0
HMR,2024-05-22 07:00:00,35.0,35.0,10.778991270611057,12.326813304608665,33561.0
HMR,2025-08-11 07:00:00,11.8,12.4,11.8,12.0,59684.0
HMS,2021-11-29 07:00:00,32.86,34.42,32.86,34.11,26410.0
HOT,2019-04-09 07:00:00,30.25,30.25,30.21,30.25,500.0
HOT,2020-07-23 07:00:00,45.2,48.6,45.2,48.6,1322.0
HOT,2022-03-21 07:00:00,38.5,38.5,26.748505244755247,38.5,2500.0
HOT,2022-08-29 07:00:00,28.2,30.75,26.748505244755247,30.75,1322.0
HOT,2022-09-26 07:00:00,28.05,29.35,28.0,29.35,400.0
HOT,2023-03-02 07:00:00,21.4,27.463420593368237,21.4,21.4,2600.0
HOT,2023-07-12 07:00:00,17.0,19.3,17.0,19.3,1322.0
HOT,2023-08-29 07:00:00,26.454675438596492,27.463420593368237,19.4,19.8,300.0
HPD,2022-06-17 07:00:00,16.15,17.23,14.399158686730505,15.570188397603257,6300.0
HPD,2025-06-04 07:00:00,17.92,18.02,14.399158686730505,18.02,13200.0
HPD,2025-07-10 07:00:00,16.32,16.32,16.13,16.32,8918.0
HPD,2025-12-19 07:00:00,16.59,16.59,16.59,16.59,200.0
HPD,2026-04-23 07:00:00,16.7,16.7,16.5,16.5,7100.0
HPH,2019-04-03 07:00:00,6.98,10.840106571936058,6.39,6.98,400.0
HPM,2017-01-03 07:00:00,18.7,18.7,16.839870967741934,18.7,2280.0
HPM,2017-08-21 07:00:00,19.5,19.5,19.4,19.4,200.0
HPM,2017-10-16 07:00:00,19.8,19.9,19.8,19.9,200.0
HPM,2018-01-05 07:00:00,20.6,20.6,16.839870967741934,18.98675343182277,2280.0
HPM,2018-03-15 07:00:00,15.6,15.6,15.6,15.6,100.0
HPX,2019-07-19 07:00:00,17.45,17.78,15.603006100942874,17.719266944870895,358190.0
HPX,2019-09-09 07:00:00,17.12,17.45,16.26,17.38,367050.0
HPX,2021-01-28 07:00:00,29.88,30.53,15.603006100942874,29.58,2843778.0
HPX,2021-07-26 07:00:00,24.88,26.97,15.603006100942874,17.719266944870895,361300.0
HPX,2021-11-09 07:00:00,33.8,34.5,15.603006100942874,17.719266944870895,792900.0
HPX,2022-09-12 07:00:00,26.0,26.05,15.603006100942874,17.719266944870895,303600.0
HPX,2026-04-13 07:00:00,5.1,16.13219646799117,5.01,5.09,2843778.0
HSP,2026-02-05 07:00:00,14.1,14.2,14.1,14.2,2236.0
HT1,2018-05-14 07:00:00,9.22,13.63835472578763,8.84,8.87,123080.0
HT1,2018-10-11 07:00:00,10.03,13.63835472578763,9.76,9.76,546660.0
HT1,2018-10-12 07:00:00,9.34,13.63835472578763,9.15,10.18,1084258.0
HT1,2022-10-12 07:00:00,10.05,13.63835472578763,9.9,10.48,1084258.0
HT1,2023-04-13 07:00:00,14.08,14.23,13.99,14.04,449600.0
HT1,2024-01-15 07:00:00,12.43,12.53,12.23,12.23,1084258.0
HTC,2016-05-11 07:00:00,10.3,16.26709784411277,10.2,10.41,3100.0
HTC,2023-06-07 07:00:00,15.861669435215948,18.59,15.748655601659753,17.04218724169239,204.0
HTC,2023-09-12 07:00:00,19.2,19.2,19.2,19.2,2.0
HTC,2024-08-15 07:00:00,19.43,19.43,15.748655601659753,19.43,100.0
HTC,2026-04-28 07:00:00,36.5,36.5,30.2,36.5,27600.0
HTT,2017-09-15 07:00:00,7.0,7.25,2.4496825396825397,7.2,416828.0
HTT,2018-05-23 07:00:00,2.462099502487562,2.67,2.4496825396825397,2.65,10950.0
HTT,2018-08-01 07:00:00,2.51,2.57,2.41,2.5,204480.0
HTT,2019-07-09 07:00:00,2.462099502487562,2.6042345924453283,1.57,1.62,416828.0
HTT,2020-03-25 07:00:00,1.09,1.09,1.01,1.01,40130.0
HU3,2015-11-05 07:00:00,3.31,3.31,3.31,3.31,12133.0
HU3,2016-01-14 07:00:00,3.15,3.15,3.02,3.02,4110.0
HU3,2017-12-29 07:00:00,4.79,5.377346747777257,4.59,4.59,1050.0
HU3,2018-05-07 07:00:00,6.63,6.63,6.56,6.61,5530.0
HU3,2021-10-05 07:00:00,7.32,7.32,5.197907303370786,5.72893199084369,12133.0
HU3,2022-10-12 07:00:00,5.39,5.39,5.197907303370786,5.2,7500.0
HU3,2023-08-02 07:00:00,5.1850908244061475,5.377346747777257,4.5,4.5,100.0
HU3,2024-08-02 07:00:00,3.4,5.377346747777257,3.4,3.5,12133.0
HU3,2024-12-13 07:00:00,3.6,5.377346747777257,3.6,3.7,35600.0
ICG,2015-12-31 07:00:00,3.67,7.082716933445661,3.61,3.67,4900.0
ICG,2016-05-05 07:00:00,4.29,4.35,4.29,4.35,2100.0
ICG,2018-06-18 07:00:00,4.29,7.082716933445661,4.29,4.29,8090.0
ICG,2020-04-23 07:00:00,4.57,4.74,4.49,4.74,10116.0
ICG,2020-05-11 07:00:00,4.57,4.65,4.41,4.65,31363.0
ICG,2025-02-18 07:00:00,7.8,7.8,7.6,7.7,3605.0
ICG,2025-12-15 07:00:00,6.825963804713805,17.3,6.800552975939215,7.554176475301088,31363.0
IDI,2016-06-13 07:00:00,3.32,3.32,3.28,3.32,4229733.0
IDI,2017-09-08 07:00:00,6.732377862595419,6.970482019892884,2.72,2.72,28660.0
IDI,2018-08-21 07:00:00,6.12,6.970482019892884,6.04,6.07,1506880.0
IDI,2020-05-06 07:00:00,6.732377862595419,6.970482019892884,2.97,2.99,4229733.0
IDI,2020-08-13 07:00:00,6.732377862595419,6.970482019892884,3.24,3.25,1346500.0
IDI,2021-02-24 07:00:00,4.89,5.01,4.77,4.86,2180300.0
IDI,2021-04-28 07:00:00,5.09,6.970482019892884,5.06,5.14,900800.0
IDI,2022-01-10 07:00:00,12.35,12.81,12.11,12.35,4229733.0
IDI,2022-04-08 07:00:00,20.54,20.58,19.22,19.26,6787900.0
IDI,2022-05-18 07:00:00,15.76,16.11,6.697025993883791,15.49,2601100.0
IDI,2022-08-18 07:00:00,16.42,16.69,16.19,16.23,4229733.0
IDI,2024-05-15 07:00:00,9.73,9.77,6.697025993883791,9.65,1076200.0
IDI,2024-09-16 07:00:00,9.28,9.39,9.15,9.15,4229733.0
IDI,2025-02-26 07:00:00,7.78,7.78,6.697025993883791,7.440102730385791,622400.0
IDV,2016-05-18 07:00:00,4.55,4.6,4.55,4.6,3500.0
IDV,2016-09-30 07:00:00,16.409891479099677,16.984751004016065,7.06,7.28,3250.0
IDV,2016-10-21 07:00:00,7.65,7.85,7.37,7.77,36278.0
IDV,2022-04-07 07:00:00,30.55,30.55,16.57663723916533,30.31,36278.0
IDV,2023-08-14 07:00:00,21.34,21.46,21.22,21.22,18930.0
IDV,2023-09-21 07:00:00,20.52,21.75,16.57663723916533,21.69,2610.0
IDV,2025-08-25 07:00:00,22.9,22.98,22.65,22.73,10100.0
IDV,2025-12-11 07:00:00,23.15,23.57,23.15,23.32,36278.0
IHK,2021-08-11 07:00:00,22.79,22.79,13.168285714285714,22.79,1783.0
IHK,2026-04-14 07:00:00,6.9,6.9,6.9,6.9,100.0
IJC,2016-06-13 07:00:00,8.054276629570747,8.343338632750397,3.05,3.09,3102649.0
IJC,2018-03-02 07:00:00,8.054276629570747,8.343338632750397,3.47,3.62,304680.0
IJC,2019-11-13 07:00:00,6.83,6.87,6.76,6.8,291410.0
IJC,2021-11-19 07:00:00,8.054276629570747,18.75,8.033947577442415,17.21,15178600.0
IJC,2022-03-11 07:00:00,15.89,16.16,8.033947577442415,8.53916946614588,1590000.0
IJC,2023-03-01 07:00:00,7.81,8.19,7.49,8.19,3460500.0
IJC,2023-03-28 07:00:00,8.45,8.61,8.29,8.29,3102649.0
IJC,2024-01-15 07:00:00,9.86,9.93,8.033947577442415,9.72,705200.0
IJC,2024-06-05 07:00:00,12.17,12.79,12.17,12.44,10570700.0
IJC,2026-03-26 07:00:00,10.4,10.4,10.15,10.15,1226100.0
ILA,2019-08-07 07:00:00,1.3,4.798649851632048,1.21,1.3,64900.0
ILA,2021-12-01 07:00:00,13.01,13.01,4.520019782393669,5.139180225452574,315004.0
ILA,2022-10-31 07:00:00,4.65,4.65,4.27,4.46,154667.0
ILA,2023-10-02 07:00:00,3.32,4.798649851632048,3.13,3.22,154667.0
ILA,2024-04-19 07:00:00,5.03,5.12,4.36,5.03,154667.0
ILA,2024-09-05 07:00:00,4.569629812438302,4.74,4.520019782393669,4.55,40836.0
ILA,2025-12-16 07:00:00,4.569629812438302,6.6,4.520019782393669,5.139180225452574,2100.0
ILC,2020-08-05 07:00:00,3.1,3.1,3.1,3.1,5624.0
ILC,2022-12-15 07:00:00,9.9,10.2,6.558272058823529,10.2,1400.0
ILC,2025-05-08 07:00:00,6.548199445983379,6.6,6.5,6.5,1300.0
ILC,2025-07-16 07:00:00,6.7,6.866974169741698,6.7,6.7,1000.0
ILC,2025-07-25 07:00:00,6.7,6.7,6.7,6.7,5624.0
ILC,2025-12-01 07:00:00,6.3,6.3,6.3,6.3,200.0
ILC,2026-01-09 07:00:00,6.1,6.1,6.1,6.1,200.0
IME,2017-11-08 07:00:00,6.86,6.86,6.86,6.86,1000.0
IME,2018-10-19 07:00:00,10.14,18.234384615384613,10.14,10.14,100.0
IMP,2016-07-21 07:00:00,11.04,11.25,10.82,11.04,76893.0
IMP,2017-02-21 07:00:00,13.29,24.898868068833654,13.16,13.18,21130.0
IMP,2017-05-15 07:00:00,13.61,13.93,13.59,13.68,14330.0
IMP,2017-07-13 07:00:00,16.17,24.898868068833654,15.92,16.27,15830.0
IMP,2017-12-27 07:00:00,16.47,16.62,16.42,16.62,5900.0
IMP,2018-04-24 07:00:00,15.74,24.898868068833654,15.66,15.66,76893.0
IMP,2019-01-18 07:00:00,14.66,24.898868068833654,14.54,15.09,9150.0
IMP,2019-01-28 07:00:00,14.48,14.54,14.48,14.54,1730.0
IMP,2019-09-18 07:00:00,14.51,14.51,14.27,14.51,2840.0
IMP,2019-11-21 07:00:00,16.6,24.898868068833654,16.6,16.93,71120.0
IMP,2022-12-20 07:00:00,25.04,26.5,24.83,26.27763989993691,76893.0
IMP,2024-08-26 07:00:00,42.29,42.29,24.309816443594645,42.09,76893.0
IMP,2025-01-02 07:00:00,46.55,47.09,46.05,46.9,75300.0
IMP,2025-12-24 07:00:00,49.1,50.1,24.309816443594645,50.1,7300.0
IMP,2026-02-11 07:00:00,53.6,53.9,53.5,53.9,76893.0
ITD,2016-11-01 07:00:00,10.21,10.21,9.33771675166732,9.93,41830.0
ITD,2019-05-16 07:00:00,6.6,6.71,6.48,6.65,19720.0
ITD,2021-05-27 07:00:00,9.15,9.37,9.08,9.15,184243.0
ITD,2023-02-10 07:00:00,11.48,11.48,11.0,11.12,69700.0
ITD,2023-04-25 07:00:00,10.28,10.37,9.33771675166732,10.33,15100.0
ITD,2023-08-25 07:00:00,9.245082547169812,9.643012946253434,9.14,9.14,22200.0
ITD,2024-12-25 07:00:00,11.87,12.13,11.47,11.6,17900.0
ITD,2026-01-28 07:00:00,16.0,16.0,9.33771675166732,15.76,75200.0
JOS,2024-10-18 07:00:00,0.9,1.0,0.8,0.8,29771.0
JVC,2016-07-15 07:00:00,3.9,4.0,3.9,4.0,140260.0
JVC,2016-08-05 07:00:00,3.3,4.480477646159724,3.2,3.3,251020.0
JVC,2016-10-04 07:00:00,4.241349599695005,4.480477646159724,3.43,3.54,420340.0
JVC,2017-10-25 07:00:00,4.241349599695005,4.45,4.21,4.21,43710.0
JVC,2018-08-03 07:00:00,3.18,4.480477646159724,3.14,3.18,64450.0
JVC,2018-08-10 07:00:00,3.08,3.08,2.9,3.03,234910.0
JVC,2020-08-27 07:00:00,4.5,4.55,4.38,4.39,1347296.0
JVC,2024-11-25 07:00:00,4.241349599695005,4.480477646159724,2.95,3.08,607600.0
JVC,2025-03-21 07:00:00,5.2,5.4,4.288594285714286,5.39,772200.0
KDC,2017-03-15 07:00:00,39.30886541471049,40.30182883939039,27.84,27.84,1086952.0
KDC,2017-12-12 07:00:00,30.64,40.30182883939039,29.59,30.09,1086952.0
KDC,2018-10-04 07:00:00,22.68,40.30182883939039,22.44,22.72,55850.0
KDC,2019-05-30 07:00:00,15.58,15.71,15.54,15.54,1086952.0
KDC,2021-04-02 07:00:00,49.67,49.67,39.457691101528816,42.90583712898167,1086952.0
KDC,2021-07-21 07:00:00,56.4,56.4,55.94,56.21,2047900.0
KDC,2023-06-06 07:00:00,61.74,61.74,60.98,61.55,1086952.0
KDC,2024-10-03 07:00:00,49.22,49.61,48.84,49.22,1086952.0
KDC,2025-02-20 07:00:00,57.13,57.13,39.457691101528816,42.90583712898167,198000.0
KGM,2024-10-22 07:00:00,6.76,6.76,6.67,6.67,20810.0
KGM,2025-05-23 07:00:00,5.7,7.2965648050579555,5.7,5.7,8800.0
KGM,2025-11-14 07:00:00,5.7,7.2965648050579555,5.7,5.7,700.0
KMR,2017-03-24 07:00:00,4.58,4.69,4.54,4.56,42720.0
KMR,2017-07-27 07:00:00,4.69,4.69,4.31,4.56,172280.0
KMR,2018-02-01 07:00:00,3.9701727447216886,4.04,3.9,4.04,20690.0
KMR,2018-02-12 07:00:00,4.05,4.05,3.970478743776331,4.05,275171.0
KMR,2022-07-20 07:00:00,4.52,4.79,3.970478743776331,4.6,275171.0
KMR,2023-09-07 07:00:00,3.82,3.88,3.79,3.82,275171.0
KMR,2023-12-12 07:00:00,3.52,4.111566679403897,3.46,3.52,275171.0
KSQ,2017-12-01 07:00:00,1.9,2.0,1.8,2.0,234748.0
KSQ,2019-06-17 07:00:00,1.8,1.8,1.7,1.7,11000.0
KSQ,2021-08-02 07:00:00,3.1,3.2,3.1,3.2,61404.0
KSQ,2022-03-09 07:00:00,7.7,7.8,7.3,7.7,468010.0
KSQ,2022-10-17 07:00:00,2.3,2.3,2.2,2.2,70100.0
KSQ,2022-11-28 07:00:00,2.6500000000000004,2.790019493177388,1.6,1.7,94800.0
KSQ,2023-02-15 07:00:00,1.8,1.9,1.7,1.7,94300.0
KSQ,2023-04-12 07:00:00,1.7,1.8,1.6,1.7,61232.0
KSQ,2025-11-13 07:00:00,2.6500000000000004,2.790019493177388,1.8,1.8,9100.0
KST,2020-08-24 07:00:00,8.618911729141475,8.886630170316302,6.84,6.84,100.0
KTT,2018-07-05 07:00:00,5.4,5.4,5.4,5.4,100.0
KTT,2021-10-06 07:00:00,8.8,8.8,6.207395104895105,6.9994945358970435,5200.0
L14,2016-06-23 07:00:00,10.99,10.99,10.7,10.95,3700.0
L14,2018-07-18 07:00:00,16.81,46.55952344643538,16.77,17.06,251603.0
L14,2021-03-23 07:00:00,71.59,71.59,43.76507651109411,66.21,173493.0
L14,2021-04-26 07:00:00,44.00006130268199,62.32,43.76507651109411,60.37,73510.0
L14,2021-08-17 07:00:00,74.55,74.55,43.76507651109411,72.92,37052.0
L14,2022-08-15 07:00:00,44.00006130268199,124.66,43.76507651109411,47.735536521195506,251603.0
L14,2023-11-16 07:00:00,44.00006130268199,46.55952344643538,41.88,42.77,279271.0
L14,2024-07-11 07:00:00,44.00006130268199,46.55952344643538,34.1,35.48,251603.0
L14,2024-10-04 07:00:00,29.1,29.3,28.9,28.9,50819.0
L61,2016-06-21 07:00:00,8.86,9.3,7.716987295825772,9.3,1500.0
L61,2019-03-08 07:00:00,17.8,17.8,7.716987295825772,17.8,100.0
L61,2021-02-01 07:00:00,7.9,7.9,7.716987295825772,7.9,100.0
L61,2021-03-04 07:00:00,7.3,8.023411978221414,7.3,7.3,6760.0
L61,2023-06-09 07:00:00,4.8,5.1,4.8,5.1,260.0
L61,2023-06-21 07:00:00,4.6,4.6,4.6,4.6,500.0
L62,2026-03-27 07:00:00,2.3,2.3,2.3,2.3,1000.0
L63,2018-03-22 07:00:00,6.808381877022653,7.051052631578948,6.1,6.1,5000.0
L63,2021-07-30 07:00:00,6.8,6.8,6.8,6.8,100.0
L63,2022-02-24 07:00:00,6.9,6.9,6.895737439222042,6.9,600.0
LAI,2017-10-31 07:00:00,1.55,1.55,1.36,1.36,200.0
LAI,2021-10-05 07:00:00,6.99,14.500709677419355,6.99,7.96,1500.0
LBM,2016-11-02 07:00:00,5.75,5.97,5.75,5.94,36510.0
LBM,2018-09-11 07:00:00,4.15,4.72,4.15,4.72,27009.0
LBM,2022-12-26 07:00:00,15.68,16.48,13.034029788994621,16.29,5400.0
LBM,2024-03-05 07:00:00,18.11,18.11,13.034029788994621,14.175617703965612,30600.0
LBM,2024-05-15 07:00:00,18.58,18.62,13.034029788994621,14.175617703965612,10200.0
LBM,2024-05-23 07:00:00,19.07,19.1,18.84,19.01,11200.0
LBM,2025-08-22 07:00:00,34.1,34.1,33.11,33.83,27009.0
LDP,2016-10-21 07:00:00,23.79,24.47,16.438262711864407,18.27449196470623,2400.0
LDP,2018-10-16 07:00:00,17.32,17.32,16.438262711864407,16.91,3449.0
LDP,2019-05-06 07:00:00,23.09,25.45,23.09,24.31,1900.0
LDP,2022-01-25 07:00:00,41.9,42.6,37.8,40.2,22256.0
LDP,2025-09-24 07:00:00,11.6,11.6,11.5,11.6,15700.0
LG9,2018-10-23 07:00:00,5.99,5.99,5.99,5.99,2693.0
LG9,2023-04-04 07:00:00,7.267295321637427,7.6040409956076145,7.05,7.05,5.0
LG9,2025-04-02 07:00:00,7.1,7.6040409956076145,7.1,7.1,200.0
LG9,2026-04-24 07:00:00,5.1,5.1,5.1,5.1,2693.0
LHC,2015-12-25 07:00:00,37.42148927219184,38.751763713080166,7.83,7.9,31625.0
LHC,2018-02-02 07:00:00,10.17,10.35,10.17,10.35,4500.0
LHC,2018-05-24 07:00:00,9.7,9.71,9.51,9.53,31625.0
LHC,2018-12-10 07:00:00,37.42148927219184,38.751763713080166,11.7,11.87,1700.0
LHC,2020-05-19 07:00:00,14.21,14.27,14.21,14.27,31625.0
LHC,2021-08-30 07:00:00,38.47,38.47,37.51185185185185,37.6,3500.0
LHC,2022-01-24 07:00:00,73.96,80.64,37.51185185185185,80.46,15820.0
LHC,2023-12-26 07:00:00,49.65,50.12,49.17,49.17,28500.0
LHC,2025-12-09 07:00:00,115.0,115.8,37.51185185185185,114.9,31600.0
LMH,2018-12-24 07:00:00,10.33,10.46,10.1,10.19,1612173.0
LMH,2019-02-21 07:00:00,9.69,10.23,6.620986031224322,10.1,1612173.0
LMH,2021-06-11 07:00:00,6.7,6.7,6.620986031224322,6.7,122549.0
LMH,2023-10-13 07:00:00,3.4,3.4,3.2,3.4,230510.0
LSG,2022-05-13 07:00:00,13.921063394683026,14.59704684317719,12.2,12.2,15010.0
LSG,2023-09-13 07:00:00,9.5,9.9,9.0,9.7,11254.0
LSG,2024-01-12 07:00:00,9.1,9.2,8.9,8.9,11475.0
LSG,2026-03-11 07:00:00,34.0,35.8,33.8,35.8,36800.0
MAC,2015-12-01 07:00:00,4.72,4.76,4.67,4.76,129541.0
MAC,2017-12-15 07:00:00,6.583784246575342,6.900081196581197,3.97,4.18,67420.0
MAC,2022-08-09 07:00:00,5.85,6.04,5.79,5.91,129541.0
MAC,2023-04-17 07:00:00,5.21,5.34,5.21,5.34,129541.0
MAC,2024-07-17 07:00:00,12.69,12.69,6.622152658662093,7.3805990530576135,25601.0
MBB,2015-10-09 07:00:00,2.86,2.88,2.82,2.82,19598118.0
MBB,2016-08-31 07:00:00,2.8,2.82,2.8,2.8,116320.0
MBB,2017-06-26 07:00:00,4.41,10.009050321604237,4.38,4.48,1959590.0
MBB,2017-10-31 07:00:00,4.89,4.97,4.86,4.89,3314330.0
MBB,2020-01-30 07:00:00,6.37,6.43,6.17,6.18,8995010.0
MBB,2022-05-09 07:00:00,12.44,12.53,11.79,11.81,15746400.0
MBB,2022-12-28 07:00:00,9.36,10.009050321604237,9.22,9.44,4608400.0
MBB,2024-01-29 07:00:00,14.03,14.31,9.787747918243754,10.937157371652212,19598118.0
MBB,2024-08-29 07:00:00,16.06,16.42,16.06,16.19,22617900.0
MBB,2026-01-19 07:00:00,27.2,27.6,27.15,27.5,27218600.0
MBT,2026-04-08 07:00:00,10.0,13.081632653061224,10.0,10.0,7233.0
MCC,2016-10-19 07:00:00,12.38,12.38,12.24,12.31,7200.0
MCC,2017-05-08 07:00:00,9.89,9.89,9.89,9.89,16037.0
MCC,2020-05-07 07:00:00,9.94,9.94,9.94,9.94,300.0
MCC,2023-11-02 07:00:00,10.646508196721312,10.9221875,10.54,10.54,100.0
MCF,2016-05-16 07:00:00,4.4,6.758279978296256,4.36,4.76,24895.0
MCF,2020-03-12 07:00:00,5.82,5.82,5.82,5.82,100.0
MCF,2020-10-06 07:00:00,5.43,5.62,5.36,5.62,24895.0
MCF,2022-03-24 07:00:00,8.05,8.05,7.7,7.91,8700.0
MCF,2023-05-22 07:00:00,6.4,6.758279978296256,6.23,6.23,24895.0
MCG,2017-02-09 07:00:00,2.997668495297806,3.1414072912583304,2.25,2.28,750520.0
MCG,2017-08-25 07:00:00,3.64,3.79,3.55,3.79,281590.0
MCG,2017-10-13 07:00:00,2.997668495297806,4.0,2.9749159170903403,3.268098939834461,236911.0
MCG,2018-05-03 07:00:00,2.997668495297806,3.69,2.9749159170903403,3.268098939834461,41880.0
MCG,2018-07-26 07:00:00,3.2,3.2,3.05,3.18,410.0
MCG,2018-10-26 07:00:00,2.72,2.99,2.72,2.74,970.0
MCG,2019-10-25 07:00:00,1.68,3.1414072912583304,1.61,1.61,16300.0
MCG,2020-04-13 07:00:00,1.5,1.51,1.45,1.51,25070.0
MCG,2020-10-22 07:00:00,1.7,1.7,1.7,1.7,1400.0
MCG,2022-03-22 07:00:00,9.8,10.2,2.9749159170903403,9.9,1713700.0
MCG,2023-09-25 07:00:00,2.7,2.7,2.6,2.6,81221.0
MCG,2024-06-03 07:00:00,2.9,3.1414072912583304,2.8,2.9,236911.0
MCG,2025-08-26 07:00:00,2.997668495297806,3.2,2.9749159170903403,3.2,62800.0
MCM,2022-08-30 07:00:00,36.34,36.74,36.01,36.09,45737.0
MCM,2022-10-03 07:00:00,32.43,35.65788154897494,30.96,31.61,6820.0
MCM,2023-05-16 07:00:00,33.23,33.31,33.06,33.15,21415.0
MCM,2025-12-24 07:00:00,34.87176870748299,35.65788154897494,26.5,26.5,100126.0
MCM,2025-12-25 07:00:00,26.5,35.65788154897494,26.4,26.45,15400.0
MCO,2016-12-06 07:00:00,1.62,5.172324755989353,1.62,1.62,100.0
MCO,2018-03-07 07:00:00,4.924789915966387,5.172324755989353,1.71,1.71,5200.0
MCO,2019-09-23 07:00:00,2.18,2.18,2.18,2.18,100.0
MCO,2019-11-28 07:00:00,2.09,2.09,2.09,2.09,56212.0
MCO,2022-02-10 07:00:00,4.924789915966387,7.3,4.886014171833481,5.377707583684962,56212.0
MEL,2024-10-04 07:00:00,6.4,9.488488253319714,6.3,6.3,600.0
MEL,2025-02-21 07:00:00,6.8,6.8,6.8,6.8,100.0
MH3,2019-07-29 07:00:00,23.08,23.08,22.94,22.94,1800.0
MH3,2019-11-07 07:00:00,18.27,18.27,18.22,18.27,3500.0
MH3,2023-12-05 07:00:00,31.75,31.75,25.751681845780205,31.75,600.0
MIC,2018-01-29 07:00:00,3.23,8.3923855963991,3.23,3.23,1000.0
MIC,2021-09-28 07:00:00,8.02179640718563,8.3923855963991,4.52,5.16,1446.0
MIC,2021-10-11 07:00:00,7.48,7.48,7.35,7.35,23700.0
MIC,2024-07-23 07:00:00,10.32,13.68,7.966838951310861,13.68,7628.0
MIG,2017-06-06 07:00:00,4.77,4.77,4.77,4.77,1000.0
MIG,2018-01-23 07:00:00,5.03,5.11,5.03,5.11,52900.0
MIG,2018-11-19 07:00:00,5.65,5.88,5.65,5.88,800.0
MIG,2018-12-13 07:00:00,5.98,6.02,5.98,6.02,10100.0
MIG,2018-12-17 07:00:00,11.194570524412295,11.635185185185184,6.07,6.35,28700.0
MIG,2019-01-14 07:00:00,6.35,11.635185185185184,6.12,6.45,100636.0
MIG,2020-10-26 07:00:00,6.31,6.61,6.25,6.49,114034.0
MIG,2021-07-29 07:00:00,11.81,11.88,11.71,11.88,684663.0
MIG,2023-05-17 07:00:00,13.36,13.78,13.32,13.63,1103500.0
MIG,2024-04-25 07:00:00,14.15,14.52,14.07,14.52,684663.0
MIG,2024-05-03 07:00:00,15.08,15.08,14.6,14.86,267700.0
MML,2021-12-17 07:00:00,80.3,81.3,80.3,80.8,137965.0
MML,2022-02-18 07:00:00,75.5,75.5,42.91165273311897,75.0,1500.0
MML,2023-03-22 07:00:00,29.2,30.5,29.2,30.5,137965.0
MML,2023-05-04 07:00:00,34.0,44.329723116548614,34.0,34.0,503.0
MML,2023-10-10 07:00:00,26.3,44.329723116548614,25.3,25.3,10400.0
MPC,2018-04-13 07:00:00,13.68,14.832627078384798,13.19,13.36,14610.0
MPC,2019-05-24 07:00:00,15.72,15.72,14.92,15.06,314351.0
MPC,2020-10-15 07:00:00,11.97,12.05,11.9,11.97,129140.0
MPC,2020-11-16 07:00:00,11.26,14.832627078384798,11.09,11.09,70042.0
MPC,2021-09-13 07:00:00,17.3,17.51,14.328268129770992,17.14,314351.0
MPC,2022-04-05 07:00:00,19.19,19.36,18.79,19.27,314351.0
MPC,2023-06-30 07:00:00,16.36,16.55,16.36,16.45,160600.0
MPC,2023-12-15 07:00:00,16.38,16.47,16.09,16.09,26943.0
MPC,2025-02-28 07:00:00,13.93,14.03,13.83,14.03,54100.0
MPC,2026-01-26 07:00:00,16.0,16.3,14.328268129770992,16.0,314351.0
MPC,2026-02-11 07:00:00,17.6,18.1,14.328268129770992,18.0,458900.0
MPT,2020-08-10 07:00:00,1.7,1.8,1.6,1.7,655701.0
MPT,2021-09-10 07:00:00,1.4,1.6,1.4,1.6,655701.0
MSB,2025-04-11 07:00:00,9.0,9.25,8.83,9.21,17391900.0
MSN,2016-05-11 07:00:00,37.16,37.16,36.39,37.16,353890.0
MSN,2017-04-11 07:00:00,37.67,69.58469248291571,37.27,37.35,245780.0
MSN,2020-01-08 07:00:00,67.54628365566931,69.58469248291571,45.04,45.37,4625924.0
MSN,2020-07-06 07:00:00,46.34,46.99,46.26,46.66,855780.0
MSN,2021-06-01 07:00:00,90.18,90.18,85.84,87.72,2426200.0
MSN,2021-06-17 07:00:00,84.44,86.9,67.58573384030419,84.44,1384400.0
MSN,2021-07-13 07:00:00,99.1,99.1,93.56,95.05,1521900.0
MSN,2021-08-09 07:00:00,110.75,116.54,110.75,116.54,1525400.0
MSN,2023-07-24 07:00:00,84.6,84.7,67.58573384030419,73.86309731346812,4625924.0
MSN,2024-12-05 07:00:00,71.9,73.7,67.58573384030419,73.7,4625924.0
MSN,2025-02-13 07:00:00,68.8,69.0,68.3,68.9,1824000.0
MTP,2022-03-08 07:00:00,8.84,8.84,8.84,8.84,3239.0
NAB,2022-01-12 07:00:00,8.918372262773723,9.337664714494876,7.67,8.03,1389963.0
NAB,2023-03-16 07:00:00,5.08,5.13,5.03,5.13,68162.0
NAB,2023-03-31 07:00:00,5.13,9.337664714494876,5.08,5.13,1389963.0
NAB,2026-02-13 07:00:00,14.1,14.1,9.077527352297594,14.05,1389963.0
NAF,2016-09-23 07:00:00,20.89,21.26,16.977006172839506,21.14,174160.0
NAF,2017-06-22 07:00:00,15.28,15.53,15.28,15.34,65150.0
NAF,2017-09-28 07:00:00,15.59,15.78,15.59,15.59,440231.0
NAF,2018-07-10 07:00:00,8.44,8.63,8.37,8.37,58820.0
NAF,2019-06-12 07:00:00,13.29,14.03,13.25,14.03,288480.0
NAF,2019-07-25 07:00:00,16.1,16.34,15.97,16.22,155010.0
NAF,2023-01-27 07:00:00,8.92,9.25,8.92,9.0,163400.0
NAF,2023-09-29 07:00:00,13.46,17.401915797605252,13.12,13.21,101200.0
NAF,2024-02-28 07:00:00,12.63,12.63,12.42,12.59,56300.0
NAF,2026-02-11 07:00:00,43.5,43.75,42.2,42.7,1007700.0
NAG,2016-05-26 07:00:00,2.21,2.21,2.13,2.17,59200.0
NAG,2018-01-08 07:00:00,3.18,3.18,2.99,3.13,247275.0
NAG,2018-03-14 07:00:00,2.56,2.94,2.56,2.94,2710.0
NAG,2018-03-29 07:00:00,2.85,2.9,2.71,2.71,36200.0
NAG,2019-06-04 07:00:00,2.59,2.59,2.59,2.59,247275.0
NAG,2021-03-24 07:00:00,4.04,4.34,4.04,4.34,247275.0
NAG,2022-03-11 07:00:00,6.312019867549669,9.76,6.299468438538207,6.9025918467975504,152623.0
NAG,2022-04-19 07:00:00,10.53,10.85,6.299468438538207,6.9025918467975504,298398.0
NAG,2022-10-06 07:00:00,9.01,9.09,8.19,9.09,50405.0
NAG,2022-12-20 07:00:00,11.46,11.63,11.14,11.46,382848.0
NAG,2023-12-28 07:00:00,7.43,7.43,6.299468438538207,7.43,158400.0
NAG,2024-05-16 07:00:00,9.91,10.08,6.299468438538207,10.0,247275.0
NAG,2024-10-25 07:00:00,6.312019867549669,9.83,6.299468438538207,6.9025918467975504,247275.0
NAG,2024-11-04 07:00:00,9.83,9.83,9.74,9.74,464601.0
NAG,2025-05-28 07:00:00,14.21,14.21,13.84,14.21,565400.0
NAG,2025-07-21 07:00:00,13.1,13.3,6.299468438538207,6.9025918467975504,513200.0
NAG,2025-10-17 07:00:00,12.7,12.8,12.4,12.4,297400.0
NAS,2017-03-02 07:00:00,20.74,28.916233023588276,19.8,19.88,7993.0
NAS,2017-05-10 07:00:00,19.08,20.09,19.08,20.09,2200.0
NAS,2018-01-15 07:00:00,26.69,26.69,23.98,25.49,12078.0
NAS,2018-02-28 07:00:00,25.65,25.65,25.65,25.65,7993.0
NAS,2018-03-22 07:00:00,25.89,25.89,25.89,25.89,13900.0
NAS,2019-02-21 07:00:00,26.98,26.98,26.98,26.98,400.0
NAS,2020-09-30 07:00:00,26.47,26.47,26.19,26.19,1900.0
NAS,2020-12-16 07:00:00,27.6,27.6,27.6,27.6,7993.0
NAS,2021-03-19 07:00:00,31.0,34.5,28.233136136849605,33.0,7993.0
NAS,2022-03-25 07:00:00,34.3,34.3,34.0,34.0,2000.0
NAS,2024-07-22 07:00:00,24.0,24.0,23.8,23.8,7993.0
NAS,2026-02-04 07:00:00,35.1,35.1,35.1,35.1,300.0
ND2,2016-08-02 07:00:00,5.48,20.530055079559364,5.48,5.75,13186.0
ND2,2017-01-24 07:00:00,7.81,7.81,7.81,7.81,1000.0
ND2,2017-06-13 07:00:00,8.3,8.3,8.15,8.15,13186.0
ND2,2017-06-29 07:00:00,8.78,8.93,8.78,8.93,13186.0
ND2,2017-11-27 07:00:00,10.65,10.75,10.65,10.75,13186.0
ND2,2018-10-19 07:00:00,12.79,12.79,12.79,12.79,2500.0
ND2,2019-08-12 07:00:00,14.01,14.01,14.01,14.01,13186.0
ND2,2020-05-19 07:00:00,16.68,16.68,16.68,16.68,2000.0
ND2,2022-06-30 07:00:00,26.05,26.05,25.98,25.98,800.0
ND2,2022-08-01 07:00:00,28.24,28.64,28.24,28.64,11600.0
NDC,2015-10-12 07:00:00,16.04,16.04,16.04,16.04,2751.0
NDC,2017-03-08 07:00:00,17.85,87.85801853997683,17.85,17.85,100.0
NDC,2021-06-23 07:00:00,96.95,96.95,85.58555040556199,96.95,1200.0
NDC,2024-12-26 07:00:00,114.99,114.99,114.99,114.99,100.0
NDC,2025-03-10 07:00:00,132.53,132.53,132.43,132.53,1400.0
NDC,2025-10-24 07:00:00,127.2,127.2,127.2,127.2,100.0
NDP,2023-07-03 07:00:00,20.335482517482518,20.83825352112676,19.36,20.29,5709.0
NDT,2021-04-14 07:00:00,7.22,9.644803040774015,6.88,8.07,5800.0
NDT,2022-01-10 07:00:00,26.17,26.17,25.32,25.32,70100.0
NDT,2022-08-22 07:00:00,18.01,18.01,9.25314993122421,17.5,24600.0
NDT,2023-02-08 07:00:00,7.9,8.0,7.9,7.9,37194.0
NDT,2023-08-09 07:00:00,7.5,9.644803040774015,7.4,7.7,37194.0
NDX,2016-05-25 07:00:00,3.89,6.326236875262495,3.63,3.63,32100.0
NDX,2017-05-26 07:00:00,4.91,6.326236875262495,4.87,4.91,1600.0
NDX,2018-09-24 07:00:00,7.61,7.61,6.146417785234899,6.661221038912906,3600.0
NDX,2019-06-11 07:00:00,8.11,8.18,8.11,8.11,4800.0
NDX,2022-06-08 07:00:00,5.97,6.05,5.89,6.05,52100.0
NDX,2024-08-16 07:00:00,5.41,5.59,5.41,5.59,3600.0
NDX,2025-03-13 07:00:00,5.2,5.3,5.2,5.3,45067.0
NFC,2021-12-07 07:00:00,9.88,9.88,9.88,9.88,7200.0
NFC,2024-10-25 07:00:00,15.59,15.59,15.59,15.59,1700.0
NFC,2026-01-06 07:00:00,51.33,56.33,23.18267394270123,52.35,2400.0
NHA,2016-12-01 07:00:00,2.79,11.543956215793589,2.79,2.96,440174.0
NHA,2019-06-17 07:00:00,2.51,2.51,2.51,2.51,1100.0
NHA,2020-12-04 07:00:00,7.56,11.543956215793589,7.41,7.46,440174.0
NHA,2022-05-04 07:00:00,33.77,33.77,31.49,31.56,440174.0
NHA,2023-01-19 07:00:00,10.42,11.543956215793589,9.9,10.06,169200.0
NHA,2023-02-16 07:00:00,11.091708171206225,11.543956215793589,8.68,9.07,58900.0
NHA,2024-02-16 07:00:00,13.26,13.73,11.029387436597737,13.53,440174.0
NHA,2024-08-14 07:00:00,19.57,19.57,18.7,18.86,561900.0
NHA,2024-10-24 07:00:00,21.03,21.19,20.44,20.44,832900.0
NHA,2025-02-21 07:00:00,20.08,20.4,19.92,20.16,440174.0
NHH,2019-09-27 07:00:00,30.47,34.23,30.47,31.49,21290.0
NHH,2021-08-18 07:00:00,29.9,29.9,29.19,29.19,478896.0
NHH,2022-03-11 07:00:00,21.36,22.39,19.070005035246727,21.75,478896.0
NHH,2022-07-27 07:00:00,12.93,13.06,12.24,12.88,478896.0
NHH,2022-12-26 07:00:00,13.11,19.893688442211058,12.43,12.56,478896.0
NHH,2023-10-30 07:00:00,17.73,17.92,17.08,17.08,704900.0
NHH,2023-12-13 07:00:00,18.77,19.893688442211058,17.41,17.41,1265700.0
NHH,2024-08-06 07:00:00,15.04,15.43,14.65,15.33,131200.0
NHT,2018-04-05 07:00:00,7.42,13.384455056179775,7.42,7.42,12937.0
NHT,2019-06-04 07:00:00,16.8,16.96,16.8,16.96,300.0
NHT,2019-12-27 07:00:00,17.68,17.68,13.107306606437042,17.68,310.0
NHT,2020-06-10 07:00:00,12.916865079365078,13.384455056179775,11.86,11.86,5300.0
NHT,2021-01-04 07:00:00,19.0,19.0,13.107306606437042,19.0,12937.0
NHT,2025-09-30 07:00:00,10.45,10.45,10.45,10.45,12937.0
NJC,2022-06-15 07:00:00,15.03,15.03,13.72,13.72,200.0
NJC,2023-04-11 07:00:00,13.46,13.46,13.46,13.46,7102.0
NJC,2023-04-19 07:00:00,13.59,13.59,13.32,13.32,300.0
NLG,2016-07-19 07:00:00,9.63,9.68,9.5,9.54,112130.0
NLG,2017-08-10 07:00:00,15.44,15.69,15.37,15.42,1062880.0
NLG,2017-09-19 07:00:00,13.75,24.981962074303404,13.67,13.75,3657296.0
NLG,2018-07-17 07:00:00,18.18,24.981962074303404,17.85,18.21,375210.0
NLG,2020-08-14 07:00:00,18.53,24.981962074303404,18.11,18.32,1548760.0
NLG,2021-05-10 07:00:00,29.84,30.23,29.46,29.92,3657296.0
NLG,2021-08-23 07:00:00,31.34,32.19,24.24108368684921,31.69,2413600.0
NLG,2022-01-21 07:00:00,46.75,47.01,44.84,45.97,3923900.0
NLG,2024-09-18 07:00:00,38.0,38.0,37.82,37.95,1953400.0
NNT,2016-12-29 07:00:00,6.72,6.72,6.68,6.68,2300.0
NNT,2025-03-25 07:00:00,57.8,60.53,30.93621065375303,34.10870514131573,200.0
NNT,2025-06-03 07:00:00,66.0,66.0,66.0,66.0,2552.0
NNT,2026-04-09 07:00:00,61.0,61.0,58.0,60.3,3700.0
NSC,2020-08-18 07:00:00,44.76,45.47,44.76,45.47,2770.0
NSC,2021-04-13 07:00:00,54.99,55.29,54.47,54.54,11456.0
NSC,2021-08-27 07:00:00,57.63,64.39226415094339,57.63,59.62,21672.0
NSC,2022-08-25 07:00:00,72.85,72.85,71.3,72.28,10386.0
NSC,2022-10-04 07:00:00,64.74,65.97,64.41,65.56,9400.0
NSC,2024-06-07 07:00:00,67.98,68.07,62.87969597370583,67.8,1300.0
NSC,2026-01-21 07:00:00,75.1,75.1,75.1,75.1,600.0
NSG,2016-07-05 07:00:00,10.27,10.691935483870969,10.27,10.27,6754.0
NTF,2026-01-12 07:00:00,15.82,18.1,13.61,14.635068493150683,2064.0
NUE,2020-02-14 07:00:00,5.23,5.29,5.23,5.29,4000.0
NUE,2023-05-18 07:00:00,7.11,7.11,6.9240829493087555,7.11,100.0
NUE,2023-09-28 07:00:00,6.75,6.75,6.75,6.75,3451.0
NUE,2024-12-19 07:00:00,8.97,8.97,6.9240829493087555,7.539118093310266,2600.0
NUE,2025-05-16 07:00:00,9.71,9.71,9.71,9.71,200.0
NVL,2017-01-05 07:00:00,25.3,25.35,25.18,25.22,14564289.0
NVL,2019-05-20 07:00:00,32.924718037021094,34.23704407951599,32.63,33.07,14564289.0
NVL,2022-02-15 07:00:00,78.0,79.6,77.5,79.0,2724200.0
NVL,2022-05-10 07:00:00,77.0,79.0,33.389978383052316,79.0,14564289.0
NVL,2026-02-05 07:00:00,12.55,34.23704407951599,12.35,12.35,14564289.0
OIL,2019-12-12 07:00:00,8.54,11.762200791295745,8.26,8.36,2531503.0
OIL,2020-03-17 07:00:00,5.57,5.85,5.48,5.85,186370.0
OIL,2021-08-25 07:00:00,11.61,11.7,11.33,11.61,1145900.0
OIL,2022-05-19 07:00:00,12.44,12.81,11.88,12.72,1917554.0
OIL,2023-07-07 07:00:00,9.8,9.99,9.7,9.99,2531503.0
OIL,2024-12-05 07:00:00,11.91,12.1,11.71,11.81,1341071.0
OIL,2025-09-17 07:00:00,11.42067620927937,12.0,11.264846077457797,11.8,2531503.0
OIL,2026-01-14 07:00:00,12.6,14.0,11.264846077457797,12.32050780866654,2531503.0
OIL,2026-03-13 07:00:00,21.0,21.9,11.264846077457797,19.2,10599900.0
ONE,2016-01-19 07:00:00,4.861977787270397,5.046919127086007,4.64,4.64,2500.0
ONE,2016-08-01 07:00:00,4.861977787270397,5.046919127086007,4.12,4.24,3100.0
ONE,2016-08-31 07:00:00,4.861977787270397,5.046919127086007,3.83,4.12,800.0
ONE,2016-09-09 07:00:00,4.29,4.29,4.29,4.29,36436.0
ONE,2016-12-21 07:00:00,4.06,4.06,3.89,3.89,2400.0
ONE,2018-03-27 07:00:00,3.24,3.3,3.24,3.3,3800.0
ONE,2020-12-16 07:00:00,3.59,3.76,3.59,3.76,67100.0
ONE,2023-01-05 07:00:00,5.5,5.59,5.5,5.59,36436.0
ONE,2024-12-10 07:00:00,5.4,5.4,4.867952218430034,5.4,175.0
ONE,2026-01-15 07:00:00,8.9,8.9,4.867952218430034,5.541779391009799,42700.0
ONW,2018-12-28 07:00:00,15.3,15.3,12.384403669724772,15.3,100.0
PAP,2023-04-21 07:00:00,15.0,15.0,9.2,9.2,2000.0
PAP,2024-12-26 07:00:00,23.2,27.0,23.2,23.384290092950987,1600.0
PBC,2021-04-09 07:00:00,14.47,14.47,10.903148936170213,12.39,400.0
PBC,2021-06-08 07:00:00,14.93,15.83,14.93,15.83,16100.0
PBC,2021-06-17 07:00:00,15.38,15.38,10.903148936170213,11.842604568031822,97218.0
PBC,2021-10-11 07:00:00,17.19,17.19,10.903148936170213,11.842604568031822,97218.0
PBC,2022-01-05 07:00:00,17.01,17.19,16.65,16.74,148000.0
PBC,2022-01-19 07:00:00,15.56,15.56,14.84,14.93,28800.0
PBC,2022-12-01 07:00:00,13.69,13.97,10.903148936170213,11.842604568031822,70700.0
PBC,2023-10-03 07:00:00,10.89,11.302797744890768,10.32,10.32,97218.0
PBC,2024-03-19 07:00:00,6.65,6.65,6.56,6.65,21162.0
PC1,2018-01-03 07:00:00,11.34,11.34,11.14,11.28,75160.0
PC1,2018-03-16 07:00:00,9.96,9.96,9.87,9.87,81980.0
PC1,2018-03-28 07:00:00,9.39,9.61,9.39,9.44,70280.0
PC1,2018-05-11 07:00:00,14.296703530412591,14.902431623931625,9.47,9.47,2782015.0
PC1,2018-09-14 07:00:00,8.62,14.902431623931625,8.55,8.67,185670.0
PC1,2019-07-23 07:00:00,7.11,14.902431623931625,6.99,7.15,2782015.0
PC1,2021-07-05 07:00:00,14.296703530412591,14.902431623931625,12.5,12.81,2782015.0
PC1,2022-01-19 07:00:00,18.92,20.0,18.89,19.32,880000.0
PC1,2023-04-10 07:00:00,18.8,18.84,18.54,18.74,1965200.0
PC1,2023-09-11 07:00:00,20.45,20.74,14.404785562632695,15.81059548002518,5528900.0
PC1,2023-10-30 07:00:00,17.36,17.49,16.7,16.7,1671700.0
PC1,2025-03-07 07:00:00,20.64,20.73,14.404785562632695,20.51,2117300.0
PC1,2025-05-22 07:00:00,18.99,19.42,14.404785562632695,15.81059548002518,2782015.0
PCC,2018-08-22 07:00:00,13.351495227995757,14.08747613997879,8.07,8.07,100.0
PCC,2020-06-18 07:00:00,11.11,14.08747613997879,11.11,12.78,300.0
PCC,2021-06-21 07:00:00,13.351495227995757,14.08747613997879,9.87,9.87,200.0
PCC,2025-03-07 07:00:00,22.12,22.12,13.694141949152543,22.12,100.0
PCH,2022-09-09 07:00:00,10.589268817204301,11.08721329046088,6.28,6.36,129300.0
PCH,2023-12-04 07:00:00,8.35,8.61,8.0,8.61,207159.0
PCH,2024-01-23 07:00:00,8.43,11.08721329046088,8.17,8.35,11060.0
PCH,2024-10-31 07:00:00,12.19,12.38,12.19,12.29,95000.0
PCH,2025-03-04 07:00:00,13.24,13.43,13.24,13.33,82600.0
PCH,2025-10-02 07:00:00,20.0,20.2,20.0,20.1,99700.0
PCH,2025-10-28 07:00:00,20.1,20.2,20.0,20.0,85800.0
PCH,2026-01-29 07:00:00,20.0,20.1,10.758137782561894,19.9,207159.0
PCM,2020-12-08 07:00:00,10.4,12.128918918918918,10.3,10.3,12100.0
PCM,2025-08-20 07:00:00,12.4,12.4,12.4,12.4,200.0
PCT,2018-08-22 07:00:00,5.4,5.48,5.4,5.48,7273.0
PCT,2022-05-18 07:00:00,7.547310924369748,7.904275280898877,6.48,6.48,29079.0
PCT,2022-08-30 07:00:00,7.23,7.904275280898877,6.65,7.23,29079.0
PCT,2023-03-08 07:00:00,6.8,7.904275280898877,6.4,6.6,11920.0
PCT,2026-04-16 07:00:00,10.0,10.0,10.0,10.0,500.0
PGB,2022-06-27 07:00:00,12.016500754147811,12.404756838905776,9.25,9.57,25600.0
PGB,2022-11-09 07:00:00,8.89,8.89,8.58,8.58,163682.0
PGB,2022-12-26 07:00:00,7.91,12.404756838905776,7.76,7.76,6100.0
PGB,2023-02-01 07:00:00,8.38,8.58,8.22,8.22,163682.0
PGB,2023-04-25 07:00:00,16.75,17.06,11.887099697885196,17.06,103271.0
PGB,2023-10-17 07:00:00,14.06,14.22,14.01,14.01,15558.0
PGB,2025-06-16 07:00:00,10.71,10.86,10.55,10.78,163682.0
PGB,2025-08-27 07:00:00,12.62,13.0,12.62,12.69,66100.0
PGB,2026-01-22 07:00:00,12.9,12.9,12.6,12.7,163682.0
PGD,2016-10-13 07:00:00,23.1046277665996,23.77330772341286,22.31,22.56,9480.0
PGD,2016-10-24 07:00:00,22.26,22.26,22.21,22.21,14030.0
PGD,2017-10-17 07:00:00,23.1046277665996,23.77330772341286,20.78,20.86,57349.0
PGD,2018-07-19 07:00:00,18.82,23.77330772341286,18.82,20.33,2060.0
PGD,2022-07-26 07:00:00,22.61,23.77330772341286,22.33,22.61,57349.0
PGD,2022-10-04 07:00:00,21.85,22.83,21.85,22.68,3500.0
PGD,2024-02-20 07:00:00,33.43,33.43,23.174957541447633,33.34,57349.0
PGD,2024-07-30 07:00:00,30.13,30.13,23.174957541447633,24.919084232054015,3500.0
PGD,2024-10-16 07:00:00,29.44,30.25,23.174957541447633,30.2,27700.0
PGD,2024-11-22 07:00:00,29.4,29.49,29.4,29.49,57349.0
PGT,2017-07-12 07:00:00,4.1,4.1,4.1,4.1,100.0
PGT,2020-10-26 07:00:00,3.5,3.5,3.5,3.5,100.0
PGT,2022-07-15 07:00:00,5.1,5.461951700344997,5.0,5.2,21000.0
PGT,2022-10-13 07:00:00,3.5,3.6,3.4,3.6,1800.0
PGT,2022-10-18 07:00:00,3.7,3.8,3.7,3.8,31619.0
PGT,2023-06-14 07:00:00,4.1,4.4,4.0,4.2,19700.0
PGT,2023-11-14 07:00:00,3.5,3.5,3.2,3.2,16801.0
PGT,2024-03-26 07:00:00,3.9,4.0,3.7,4.0,6700.0
PGT,2024-10-01 07:00:00,3.1,5.461951700344997,2.9,3.1,8727.0
PGV,2019-08-09 07:00:00,17.659699164345405,18.236531631520535,8.1,8.18,36363.0
PGV,2020-08-28 07:00:00,8.96,8.96,8.81,8.81,2110.0
PGV,2020-12-09 07:00:00,12.08,12.47,12.0,12.31,65800.0
PGV,2021-08-12 07:00:00,15.45,15.87,15.37,15.45,36363.0
PGV,2023-10-30 07:00:00,20.75,22.04,20.75,20.94,3000.0
PGV,2025-08-06 07:00:00,20.3,20.75,19.65,20.2,100700.0
PGV,2025-11-05 07:00:00,19.95,20.0,19.9,19.95,2100.0
PHC,2017-05-05 07:00:00,6.430332187857961,6.685109070034443,5.27,5.52,375395.0
PHC,2024-02-26 07:00:00,6.7,6.87,6.466099047619047,6.79,375395.0
PHC,2025-02-19 07:00:00,5.59,6.685109070034443,5.5,5.58,375395.0
PHC,2025-03-10 07:00:00,6.430332187857961,6.685109070034443,5.42,5.45,74800.0
PHC,2025-04-01 07:00:00,5.45,5.46,5.4,5.46,375395.0
PHC,2025-04-25 07:00:00,5.09,6.685109070034443,5.05,5.1,375395.0
PHC,2025-07-24 07:00:00,5.29,5.29,5.2,5.24,375395.0
PHC,2025-09-29 07:00:00,6.430332187857961,6.685109070034443,5.62,5.71,109600.0
PHC,2026-03-10 07:00:00,6.430332187857961,6.685109070034443,4.4,4.55,375395.0
PIC,2015-12-03 07:00:00,10.556980664353,11.009139303482586,3.82,3.82,100.0
PIC,2016-07-06 07:00:00,6.23,6.23,6.23,6.23,10700.0
PIC,2018-01-17 07:00:00,9.07,11.009139303482586,9.07,9.07,5672.0
PIC,2018-06-27 07:00:00,10.556980664353,11.009139303482586,9.0,9.0,5672.0
PIC,2024-06-24 07:00:00,18.21,21.51,18.21,21.51,9243.0
PIS,2017-06-26 07:00:00,10.22,10.22,9.24758530183727,10.22,100.0
PIS,2025-03-03 07:00:00,11.45,11.45,9.24758530183727,11.45,9.0
PJC,2018-10-05 07:00:00,20.71,20.71,17.41,17.41,300.0
PJC,2025-02-27 07:00:00,30.19,30.19,16.992157676348548,30.19,101.0
PLP,2018-11-02 07:00:00,6.62,6.62,6.44,6.47,385111.0
PLP,2019-09-18 07:00:00,6.89,7.2102842497670085,6.84,6.84,151210.0
PLP,2020-04-22 07:00:00,4.1,4.16,3.94,4.1,66620.0
PLP,2021-11-09 07:00:00,13.91,13.91,13.48,13.87,385111.0
PLP,2023-03-20 07:00:00,4.4,4.4,4.33,4.4,13900.0
PLP,2023-07-11 07:00:00,5.5,7.2102842497670085,5.43,5.47,193100.0
PLP,2024-12-23 07:00:00,4.57,4.58,4.38,4.5,385111.0
PNC,2016-04-08 07:00:00,10.27,13.093984915147706,10.27,10.27,60.0
PNC,2018-03-06 07:00:00,15.45,16.56,12.63035,13.620251115136771,3236.0
PNC,2018-10-09 07:00:00,12.21,12.21,12.21,12.21,460.0
PNC,2020-03-27 07:00:00,12.49116875,13.093984915147706,9.78,9.82,1090.0
PNC,2020-08-14 07:00:00,7.36,13.093984915147706,7.36,7.88,250.0
PNC,2021-07-28 07:00:00,8.08,13.093984915147706,8.03,8.03,3236.0
PNC,2024-05-31 07:00:00,8.26,13.093984915147706,8.26,8.26,3236.0
PND,2023-03-14 07:00:00,7.5,7.5,7.5,7.5,3057.0
PND,2023-09-19 07:00:00,7.7,8.0,7.7,7.9,1300.0
PND,2025-01-17 07:00:00,6.3,6.6,6.3,6.6,1400.0
PND,2025-05-15 07:00:00,6.6,6.6,6.6,6.6,4900.0
PNP,2024-08-07 07:00:00,19.47,19.47,19.47,19.47,1905.0
POS,2019-08-06 07:00:00,5.3,5.3,5.3,5.3,27983.0
POS,2020-04-15 07:00:00,4.39,5.28,4.39,5.28,27983.0
POS,2020-11-17 07:00:00,10.4298041185334,10.75585843373494,6.78,6.99,28200.0
POS,2022-05-09 07:00:00,9.7,10.67,9.7,10.67,5100.0
POS,2022-07-21 07:00:00,9.78,9.78,9.63,9.7,2907.0
POS,2023-01-04 07:00:00,8.5,10.75585843373494,7.87,8.26,8102.0
POS,2023-12-26 07:00:00,10.25,10.25,10.25,10.25,27983.0
POS,2025-02-17 07:00:00,21.94,23.42,21.68,22.47,27983.0
POV,2021-07-27 07:00:00,5.06,7.462810320781032,5.06,5.06,3000.0
POV,2022-01-17 07:00:00,9.65,9.81,7.278543554006968,7.694192990107104,2300.0
POV,2022-10-24 07:00:00,9.03,9.03,9.03,9.03,100.0
POV,2025-08-07 07:00:00,7.7,7.7,7.278543554006968,7.7,6000.0
POV,2026-01-22 07:00:00,7.9,7.9,7.278543554006968,7.694192990107104,14500.0
POW,2018-10-19 07:00:00,11.37,12.0,11.13,11.21,2106500.0
POW,2019-10-17 07:00:00,10.385942602671946,10.831750123946454,10.34,10.42,11891492.0
POW,2020-02-20 07:00:00,8.29,8.64,8.29,8.6,4728350.0
POW,2020-09-22 07:00:00,7.93,7.97,7.9,7.9,5109720.0
POW,2020-10-09 07:00:00,8.37,8.49,8.29,8.33,4068630.0
POW,2023-06-15 07:00:00,11.38,11.38,10.479503475670308,11.21,5863000.0
POW,2023-07-18 07:00:00,11.05,11.21,11.01,11.17,11891492.0
POW,2023-10-06 07:00:00,9.06,10.831750123946454,9.02,9.27,5141700.0
POW,2024-07-12 07:00:00,12.5,12.62,10.479503475670308,11.195953472871922,8413800.0
POW,2025-06-09 07:00:00,11.13,11.21,10.479503475670308,11.195953472871922,10443500.0
POW,2025-10-09 07:00:00,11.92,12.08,10.479503475670308,12.08,6528500.0
PPH,2018-06-13 07:00:00,6.81,17.800909589041098,6.76,6.76,83214.0
PPH,2020-07-28 07:00:00,6.39,7.26,6.39,7.26,2600.0
PPH,2021-09-10 07:00:00,19.09,19.96,17.417814895947426,19.71,83214.0
PPH,2024-02-02 07:00:00,22.09,22.17,17.417814895947426,18.951117932990815,83214.0
PPH,2025-11-19 07:00:00,28.0,28.0,27.72,27.81,83214.0
PPH,2025-11-26 07:00:00,28.0,28.1,27.9,27.9,24000.0
PPH,2025-12-29 07:00:00,27.6,27.7,27.4,27.7,13900.0
PPP,2020-04-23 07:00:00,10.38,11.23493894993895,10.38,10.38,12692.0
PPP,2022-04-08 07:00:00,12.14,12.14,10.89535692495424,11.85,25900.0
PRE,2022-07-20 07:00:00,14.02,14.02,14.02,14.02,12211.0
PRE,2023-03-20 07:00:00,13.82,13.82,13.58,13.66,1500.0
PRE,2023-07-06 07:00:00,15.231245674740483,15.69369696969697,13.66,13.66,12211.0
PRE,2023-11-10 07:00:00,14.13,15.69369696969697,14.13,14.81,12211.0
PRE,2024-04-11 07:00:00,15.58,15.58,15.337396193771625,15.58,100.0
PRE,2025-10-20 07:00:00,18.66,18.85,18.66,18.66,27000.0
PRO,2016-02-05 07:00:00,7.0,7.0,7.0,7.0,4100.0
PRO,2021-10-18 07:00:00,6.1,6.7,6.1,6.1,6400.0
PRO,2024-09-09 07:00:00,4.4,6.319005524861878,4.4,4.4,6400.0
PSB,2019-12-23 07:00:00,3.1,3.1,3.0,3.0,1230.0
PSB,2021-06-11 07:00:00,6.9,6.9,6.8,6.8,3449.0
PSB,2021-07-23 07:00:00,6.4,6.4,6.4,6.4,1101.0
PSB,2022-10-07 07:00:00,7.3,8.2,7.3,8.2,4480.0
PSB,2025-03-26 07:00:00,5.1,5.1,4.9,5.0,61073.0
PSB,2025-04-18 07:00:00,3.5,5.644386334879798,3.5,4.0,174802.0
PSB,2025-10-27 07:00:00,4.3,5.644386334879798,4.3,4.3,61073.0
PSB,2026-02-05 07:00:00,5.4,5.4,4.6,4.6,22000.0
PTI,2020-07-02 07:00:00,12.56,19.632925824175825,12.56,12.56,29359.0
PTI,2025-07-23 07:00:00,23.8,23.8,19.0491280403855,23.3,6300.0
PTI,2025-12-02 07:00:00,34.7,34.7,19.0491280403855,21.23678235715603,1000.0
PTI,2026-02-25 07:00:00,30.8,30.8,19.0491280403855,30.7,29359.0
PTL,2017-06-14 07:00:00,2.82,4.253834097859327,2.82,2.91,436102.0
PTL,2018-01-03 07:00:00,4.0,4.0,3.9,4.0,98750.0
PTL,2019-11-15 07:00:00,4.41,4.63,4.059525631216527,4.482837048475979,436102.0
PTL,2021-03-10 07:00:00,6.5,6.6,6.2,6.6,436102.0
PTL,2021-10-19 07:00:00,7.6,8.49,7.6,8.18,436102.0
PTL,2022-07-22 07:00:00,4.58,4.6,4.4,4.482837048475979,169900.0
PTL,2024-03-18 07:00:00,4.11,4.253834097859327,4.0,4.0,436102.0
PTS,2015-12-22 07:00:00,1.97,6.319102244389027,1.86,1.86,400.0
PTS,2017-06-09 07:00:00,3.09,3.09,3.09,3.09,10000.0
PTS,2020-10-26 07:00:00,5.09,5.09,4.94,4.94,18171.0
PTS,2021-08-26 07:00:00,7.8,8.04,7.64,7.8,18171.0
PTS,2022-05-09 07:00:00,11.02,11.02,10.29,11.02,900.0
PTS,2023-07-11 07:00:00,8.4,9.43,8.4,9.43,1200.0
PTS,2023-10-30 07:00:00,7.87,7.87,7.87,7.87,1000.0
PTS,2024-01-10 07:00:00,6.94,7.4,6.66,6.66,6911.0
PTS,2024-06-21 07:00:00,9.35,9.81,9.26,9.81,114827.0
PTS,2025-08-19 07:00:00,9.1,9.6,6.139854927463731,6.717400999524149,1500.0
PTS,2026-03-13 07:00:00,9.1,9.1,6.139854927463731,9.1,18171.0
PV2,2018-07-19 07:00:00,2.9,3.0671881606765328,2.9,3.0,10100.0
PV2,2020-07-16 07:00:00,2.1,3.0671881606765328,2.1,2.3,200.0
PV2,2023-06-23 07:00:00,2.8,2.9,2.7,2.8,164700.0
PV2,2024-05-08 07:00:00,2.7,2.8,2.6,2.7,219276.0
PV2,2025-03-10 07:00:00,3.6,3.7,2.8980524978831497,3.4,457500.0
PV2,2025-12-17 07:00:00,2.7,3.0671881606765328,2.7,2.7,27800.0
PV2,2026-02-05 07:00:00,2.7,2.7,2.6,2.6,219276.0
PVL,2016-07-28 07:00:00,2.3,2.5,2.3,2.4,737778.0
PVL,2016-09-08 07:00:00,2.4,3.4056084126189283,2.2,2.3,103200.0
PVL,2017-02-14 07:00:00,2.3,2.5,2.2,2.4,737778.0
PVL,2018-03-19 07:00:00,2.3,2.3,2.2,2.3,34200.0
PVL,2019-06-06 07:00:00,1.9,3.4056084126189283,1.7,1.8,737778.0
PVL,2020-12-18 07:00:00,1.3,1.4,1.3,1.4,211200.0
PVO,2016-04-04 07:00:00,4.08,5.789121764955452,4.08,4.08,100.0
PVO,2016-11-14 07:00:00,3.24,3.24,2.87,3.24,46000.0
PVO,2017-04-05 07:00:00,4.3,5.789121764955452,4.3,4.53,72957.0
PVO,2017-06-28 07:00:00,3.77,5.789121764955452,3.77,3.85,17400.0
PVO,2018-05-17 07:00:00,6.11,6.11,5.56,5.74,72957.0
PVO,2019-05-17 07:00:00,4.2,4.2,4.1,4.1,72957.0
PVO,2019-12-25 07:00:00,3.15,3.15,3.15,3.15,300.0
PVO,2021-05-24 07:00:00,6.67,6.87,5.492285230639018,6.39,72957.0
PVO,2022-06-07 07:00:00,11.67,11.96,5.492285230639018,11.29,80017.0
PVO,2022-06-27 07:00:00,5.598060016906171,8.68,5.492285230639018,6.143729285248838,72957.0
PVO,2022-10-21 07:00:00,5.598060016906171,6.75,5.492285230639018,6.46,2500.0
PVO,2025-03-07 07:00:00,6.4,6.5,6.4,6.4,72957.0
PVR,2016-01-21 07:00:00,3.33,3.43,2.064964438122333,3.43,79154.0
PVR,2024-07-12 07:00:00,2.0818607954545456,2.1750212765957446,1.0,1.1,79154.0
PVT,2017-05-11 07:00:00,5.83,5.9,5.83,5.87,408460.0
PVT,2019-05-27 07:00:00,8.78,8.94,8.78,8.86,4115359.0
PVT,2019-10-24 07:00:00,9.21,9.26,9.18,9.21,4115359.0
PVT,2020-09-03 07:00:00,6.6,12.126235741444868,6.46,6.51,2647810.0
PVT,2021-05-05 07:00:00,10.79,11.24,10.66,11.21,4115359.0
PVT,2023-08-10 07:00:00,16.06,16.16,11.755441736481341,15.72,4524300.0
PVT,2025-11-10 07:00:00,17.7,17.7,17.3,17.4,1496000.0
PVT,2026-03-19 07:00:00,24.55,24.7,11.755441736481341,12.66619098294443,4115359.0
PVV,2016-10-03 07:00:00,1.4072619751626256,1.41,1.24,1.33,61500.0
PVV,2017-04-26 07:00:00,1.15,1.15,1.06,1.15,7204.0
PVV,2018-06-29 07:00:00,1.0,1.1,1.0,1.0,8500.0
PVV,2020-10-21 07:00:00,0.8,0.9,0.8,0.9,53310.0
PVV,2021-02-02 07:00:00,1.4,1.5,1.3,1.4879949347550145,278894.0
PVV,2022-05-20 07:00:00,3.2,3.6,3.0,3.4,1063556.0
PVV,2025-06-27 07:00:00,1.3,1.488171597633136,1.2,1.4879949347550145,46100.0
PVV,2025-07-25 07:00:00,1.6,1.6,1.3596208530805687,1.5,136400.0
PVY,2017-12-29 07:00:00,2.1735452322738387,3.23,2.1138292682926827,2.77,62922.0
PVY,2019-01-11 07:00:00,1.85,1.94,1.66,1.94,62922.0
PVY,2020-02-21 07:00:00,1.85,1.85,1.85,1.85,1000.0
PVY,2021-06-04 07:00:00,2.1735452322738387,2.335935960591133,1.94,2.22,62922.0
PXA,2015-12-07 07:00:00,3.3,3.4,3.2,3.3,57800.0
PXA,2017-08-31 07:00:00,1.5617620345140781,1.7,1.5,1.5,58900.0
PXA,2017-10-17 07:00:00,1.4,1.5,1.4,1.4,48500.0
PXA,2018-01-12 07:00:00,1.3,1.6375113533151682,1.3,1.3,160400.0
PXA,2018-08-30 07:00:00,1.5617620345140781,1.6375113533151682,1.5,1.6,162716.0
PXA,2019-06-28 07:00:00,2.3,2.3,1.510478771454381,2.3,28000.0
PXA,2026-02-13 07:00:00,0.9,1.6375113533151682,0.9,0.9,1100.0
PXI,2015-12-01 07:00:00,5.6,5.7,5.5,5.5,131064.0
PXI,2015-12-29 07:00:00,5.5,5.6,5.5,5.6,20160.0
PXI,2016-03-31 07:00:00,5.5,5.6,3.203714531384351,5.5,131064.0
PXI,2017-07-14 07:00:00,3.1,3.3546740994854205,2.94,3.16,29760.0
PXI,2018-07-13 07:00:00,2.48,2.59,2.48,2.59,1010.0
PXI,2020-07-08 07:00:00,2.74,2.74,2.74,2.74,60.0
PXI,2020-08-21 07:00:00,3.4,3.49,3.23,3.35,131064.0
PXI,2020-11-23 07:00:00,3.26,3.28,3.203714531384351,3.28,56600.0
PXI,2021-09-14 07:00:00,3.28,3.48,3.28,3.48,383800.0
PXI,2022-07-21 07:00:00,3.3,3.4,3.203714531384351,3.4,149902.0
PXI,2023-02-17 07:00:00,2.1,2.1,2.0,2.0,131064.0
PXI,2023-08-18 07:00:00,4.5,4.5,3.9,3.9,665600.0
PXM,2021-01-29 07:00:00,0.5,0.670671031096563,0.5,0.6,161900.0
PXS,2016-11-01 07:00:00,9.73,9.73,9.38,9.56,546301.0
PXS,2018-04-10 07:00:00,7.1,7.2,7.07,7.12,163770.0
PXS,2019-05-10 07:00:00,5.0,6.916601985559567,5.0,5.09,97480.0
PXS,2021-01-15 07:00:00,8.3,8.5,8.3,8.5,435900.0
PXS,2021-01-27 07:00:00,7.5,7.5,6.641205578047683,6.93,415300.0
PXS,2021-04-05 07:00:00,7.76,7.76,6.641205578047683,7.62,483000.0
PXS,2021-06-28 07:00:00,6.86,7.05,6.79,6.84,229800.0
PXS,2023-08-22 07:00:00,5.9,5.9,5.6,5.7,546301.0
PXS,2024-03-21 07:00:00,4.3,4.4,4.3,4.4,546301.0
PXS,2025-07-18 07:00:00,3.4,6.916601985559567,3.2,3.3,362100.0
PXS,2026-02-27 07:00:00,3.2,6.916601985559567,3.1,3.2,546301.0
QHD,2018-10-01 07:00:00,7.32,18.076739495798318,7.32,7.53,700.0
QHD,2020-02-24 07:00:00,12.26,18.076739495798318,12.26,12.26,11800.0
QHD,2024-02-28 07:00:00,26.13,26.13,26.13,26.13,100.0
QNC,2016-05-16 07:00:00,6.31,6.31,6.31,6.31,100.0
QNC,2017-05-26 07:00:00,6.113667012448133,6.4190093360995855,3.94,3.94,500.0
QNC,2021-10-25 07:00:00,13.2,13.2,6.159111111111111,12.9,178000.0
QNC,2023-04-21 07:00:00,6.0,6.4190093360995855,6.0,6.0,5825.0
QNC,2025-01-17 07:00:00,6.2,6.2,6.1,6.1,26432.0
QST,2025-03-14 07:00:00,23.55,23.55,23.55,23.55,600.0
QTC,2021-05-06 07:00:00,10.87,10.87,10.87,10.87,12214.0
QTC,2025-05-23 07:00:00,15.74,15.74,12.476423135464232,13.41158880972871,12214.0
RAT,2016-09-23 07:00:00,7.25,7.25,7.25,7.25,100.0
RAT,2022-06-29 07:00:00,14.62,14.62,14.62,14.62,100.0
RIC,2015-10-13 07:00:00,11.1,11.1,10.5,10.5,27711.0
RIC,2019-03-06 07:00:00,6.08,6.08,6.08,6.08,10.0
RIC,2023-09-27 07:00:00,5.3,5.3,5.0,5.1,27711.0
RYG,2025-07-16 07:00:00,11.9,11.9,11.600676923076923,11.9,12200.0
S12,2016-02-17 07:00:00,3.3,3.3,1.1215806451612904,3.3,32638.0
S12,2022-12-30 07:00:00,2.5,2.5,2.5,2.5,32638.0
S12,2023-07-28 07:00:00,2.3,2.3,2.3,2.3,4700.0
S72,2021-12-07 07:00:00,6.2028195488721805,7.8,6.1956928838951315,6.667829262009027,1100.0
S72,2021-12-27 07:00:00,7.3,7.4,6.1956928838951315,7.4,300.0
S72,2022-01-28 07:00:00,7.4,7.4,7.4,7.4,200.0
S72,2023-06-07 07:00:00,7.1,7.1,7.1,7.1,100.0
S72,2023-06-30 07:00:00,7.0,7.0,6.9,7.0,600.0
S72,2024-07-19 07:00:00,5.6,6.43177570093458,5.6,5.6,3249.0
S72,2024-10-17 07:00:00,7.3,7.3,7.0,7.0,3100.0
S99,2017-04-24 07:00:00,3.48,3.61,3.48,3.48,478005.0
S99,2018-04-24 07:00:00,3.75,3.82,3.75,3.82,478005.0
S99,2018-11-29 07:00:00,5.45,8.053953934740882,5.3,5.3,52800.0
S99,2019-06-25 07:00:00,6.39,6.61,6.32,6.47,34100.0
S99,2020-11-16 07:00:00,7.7338098888463005,12.67,7.692741997686078,12.67,478005.0
S99,2021-02-24 07:00:00,18.93,20.61,18.78,20.61,3722616.0
S99,2021-04-15 07:00:00,18.32,18.4,7.692741997686078,17.56,2033392.0
S99,2021-06-28 07:00:00,16.11,16.64,7.692741997686078,16.34,746363.0
S99,2022-10-25 07:00:00,5.53,5.77,4.95,5.28,342633.0
S99,2024-05-10 07:00:00,10.53,10.72,10.44,10.53,321962.0
S99,2024-07-12 07:00:00,10.26,10.44,7.692741997686078,8.487359412395218,185300.0
S99,2024-07-30 07:00:00,7.7338098888463005,8.99,7.692741997686078,8.487359412395218,478005.0
S99,2024-09-04 07:00:00,8.23,8.42,7.692741997686078,8.42,37209.0
S99,2025-06-30 07:00:00,6.89,6.99,6.89,6.89,29400.0
S99,2026-02-03 07:00:00,8.9,8.9,7.692741997686078,8.487359412395218,478005.0
SAC,2017-11-29 07:00:00,6.76,6.76,6.52,6.52,12700.0
SAC,2018-11-26 07:00:00,5.94,8.592383233532935,5.94,5.94,600.0
SAC,2019-08-20 07:00:00,6.01,6.01,5.75,5.75,1800.0
SAC,2019-10-07 07:00:00,5.28,5.28,5.28,5.28,1000.0
SAC,2021-01-18 07:00:00,9.0,9.59,8.292890484739678,8.77,14235.0
SAC,2021-05-11 07:00:00,6.72,8.592383233532935,6.61,6.61,4800.0
SAL,2018-04-20 07:00:00,4.69,4.69,4.69,4.69,900.0
SAM,2017-04-04 07:00:00,5.89,5.93,5.86,5.91,604500.0
SAM,2018-02-05 07:00:00,7.597210365853659,7.890156787762906,6.5,6.57,1153688.0
SAM,2018-03-07 07:00:00,7.597210365853659,7.890156787762906,5.99,6.04,1380130.0
SAM,2021-03-10 07:00:00,10.69,10.78,10.5,10.69,195200.0
SAM,2024-08-15 07:00:00,6.51,7.890156787762906,6.06,6.54,282900.0
SAM,2025-06-19 07:00:00,6.45,6.48,6.42,6.42,135100.0
SAS,2020-04-01 07:00:00,16.58,23.271893396976928,16.58,17.18,6170.0
SAS,2021-11-01 07:00:00,22.33,22.33,22.09,22.17,25929.0
SAS,2023-03-20 07:00:00,23.05,25.61,22.598014297061162,23.73,11800.0
SAS,2024-05-29 07:00:00,25.06,25.06,22.598014297061162,24.321284023654652,5101.0
SAS,2026-04-29 07:00:00,36.1,36.6,22.598014297061162,36.5,6500.0
SAV,2018-06-26 07:00:00,3.74,3.74,3.27,3.27,68237.0
SAV,2019-06-19 07:00:00,4.09,9.083710921640277,4.09,4.09,68237.0
SAV,2019-07-16 07:00:00,4.05,4.11,4.03,4.07,1210.0
SAV,2019-12-13 07:00:00,8.689223892726535,9.083710921640277,3.84,3.84,68237.0
SAV,2020-08-27 07:00:00,5.98,6.12,5.93,5.93,68237.0
SAV,2021-04-01 07:00:00,18.18,18.37,8.771922141119221,9.727220774671537,68237.0
SAV,2021-10-25 07:00:00,14.48,15.25,14.48,15.22,325500.0
SAV,2022-12-19 07:00:00,9.34,9.68,8.771922141119221,9.68,24500.0
SAV,2023-10-10 07:00:00,12.99,13.07,12.54,12.84,68237.0
SAV,2023-12-08 07:00:00,10.98,11.81,10.86,11.81,244900.0
SAV,2024-06-27 07:00:00,17.27,17.63,16.59,17.54,68237.0
SBA,2016-03-21 07:00:00,4.51,4.56,4.46,4.56,54290.0
SBA,2016-06-27 07:00:00,4.61,4.61,4.51,4.61,27640.0
SBA,2019-01-22 07:00:00,8.47,15.02830115830116,8.41,8.41,41206.0
SBA,2021-08-24 07:00:00,11.64,11.71,11.43,11.64,41206.0
SBA,2021-11-29 07:00:00,14.97,15.05,14.75,15.05,124900.0
SBA,2023-02-08 07:00:00,19.96,19.96,19.71,19.96,10500.0
SBA,2024-07-10 07:00:00,31.23,31.42,31.23,31.28,6000.0
SBV,2018-08-21 07:00:00,15.78,16.46,15.75,16.46,350.0
SBV,2019-03-13 07:00:00,10.458429906542056,10.796541881141787,7.75,7.84,470.0
SBV,2019-11-07 07:00:00,4.69,4.69,4.63,4.63,50330.0
SBV,2020-07-16 07:00:00,6.6,10.796541881141787,6.43,6.56,50330.0
SBV,2021-04-05 07:00:00,12.47,12.47,12.25,12.4,172800.0
SBV,2021-04-27 07:00:00,12.62,12.62,11.26,11.87,317300.0
SBV,2022-02-25 07:00:00,13.64,13.76,10.511833489242282,11.559592714528064,79100.0
SBV,2023-03-03 07:00:00,9.37,9.41,9.32,9.41,11800.0
SBV,2024-01-10 07:00:00,9.18,10.796541881141787,9.16,9.16,50330.0
SBV,2025-02-17 07:00:00,9.19,10.796541881141787,8.76,9.05,2700.0
SC5,2015-11-10 07:00:00,13.41,13.41,13.41,13.41,70.0
SC5,2018-07-17 07:00:00,17.78,17.78,17.78,17.78,10.0
SC5,2019-11-04 07:00:00,16.549470198675497,17.237464358452137,15.21,17.14,2890.0
SC5,2020-06-08 07:00:00,15.03,15.03,14.35,14.35,70.0
SCG,2023-04-03 07:00:00,65.18765036086607,70.5,65.0,65.0,200500.0
SCG,2024-05-21 07:00:00,65.18765036086607,67.44012861736334,64.6,64.9,44500.0
SCG,2024-11-04 07:00:00,64.8,64.9,64.7,64.8,38500.0
SCG,2026-03-16 07:00:00,65.2,67.44012861736334,64.8,65.0,21400.0
SCG,2026-03-30 07:00:00,63.6,63.6,63.1,63.2,22100.0
SCL,2015-12-29 07:00:00,3.98,4.24,3.98,4.03,10600.0
SCL,2016-03-28 07:00:00,4.19,9.452957875457875,4.19,4.19,200.0
SCL,2016-05-06 07:00:00,3.76,9.452957875457875,3.71,3.71,700.0
SCL,2021-03-05 07:00:00,6.2,9.452957875457875,6.15,6.63,194110.0
SCL,2021-12-08 07:00:00,16.48,16.48,9.07385989010989,15.96,57700.0
SCL,2024-05-03 07:00:00,26.28,27.02,26.28,26.75,41536.0
SCL,2024-07-24 07:00:00,14.93,18.51,9.07385989010989,18.24,26538.0
SCL,2024-11-12 07:00:00,18.04,18.31,9.07385989010989,18.31,41536.0
SCL,2026-02-25 07:00:00,21.2,21.2,20.8,20.8,41536.0
SD2,2017-07-12 07:00:00,5.45,5.45,5.3541399817017385,5.45,40301.0
SD2,2019-12-27 07:00:00,4.55,4.55,4.55,4.55,28000.0
SD2,2021-12-07 07:00:00,11.84,11.84,5.3541399817017385,5.901628263266668,16401.0
SD2,2022-03-01 07:00:00,9.92,10.11,9.92,10.01,11600.0
SD2,2023-03-22 07:00:00,5.350934065934066,6.01,5.1,5.1,2933.0
SD3,2016-04-07 07:00:00,5.89,5.89,5.89,5.89,45377.0
SD3,2020-05-21 07:00:00,4.9084563434635795,5.124398460057748,1.5,1.7,34400.0
SD3,2020-11-17 07:00:00,3.3,3.3,3.3,3.3,100.0
SD3,2021-12-14 07:00:00,8.4,8.5,8.3,8.5,45377.0
SD3,2022-10-04 07:00:00,4.0,5.124398460057748,3.6,3.9,2211.0
SD3,2023-05-15 07:00:00,4.0,4.0,4.0,4.0,400.0
SD3,2024-07-01 07:00:00,7.5,7.5,6.3,6.3,27800.0
SD3,2025-05-22 07:00:00,6.7,6.8,4.879402409638554,5.357718494250817,3100.0
SD4,2016-01-07 07:00:00,7.44,8.39,7.37,8.39,4100.0
SD4,2021-07-30 07:00:00,6.025646651270208,6.211286785920369,4.2,4.2,3100.0
SD4,2022-02-14 07:00:00,8.2,8.2,6.0370917484131565,7.9,20633.0
SD4,2023-07-04 07:00:00,4.0,4.0,3.4,3.4,31944.0
SD4,2023-09-26 07:00:00,3.1,3.1,3.0,3.0,1000.0
SD4,2023-12-01 07:00:00,2.6,2.7,2.6,2.7,31944.0
SD4,2024-03-11 07:00:00,2.9,3.0,2.9,2.9,4200.0
SD6,2015-10-12 07:00:00,10.05,10.12,9.97,10.12,97380.0
SD6,2017-01-17 07:00:00,7.7,7.7,5.029559471365639,5.614794943644976,200.0
SD6,2018-05-17 07:00:00,6.0,6.0,6.0,6.0,2000.0
SD6,2019-02-14 07:00:00,4.0,4.0,4.0,4.0,97380.0
SD6,2021-03-11 07:00:00,4.1,4.5,4.1,4.4,97380.0
SD6,2023-09-08 07:00:00,5.026776605101143,5.2273589065255734,3.7,3.8,36600.0
SD6,2024-08-16 07:00:00,2.4,2.7,2.4,2.6,97380.0
SD6,2024-10-24 07:00:00,3.6,3.6,3.1,3.2,278100.0
SD6,2026-02-06 07:00:00,2.2,2.2,2.1,2.1,1300.0
SDU,2018-10-10 07:00:00,9.3,9.3,9.3,9.3,100.0
SDU,2023-07-20 07:00:00,30.0,30.5,15.593811881188119,30.5,300.0
SFI,2017-03-07 07:00:00,9.42,17.67586956521739,9.39,9.85,17930.0
SFI,2017-08-31 07:00:00,9.0,9.64,9.0,9.48,5220.0
SFI,2018-12-19 07:00:00,9.22,9.22,8.56,8.56,3350.0
SFI,2019-08-16 07:00:00,8.89,9.27,8.89,9.23,5840.0
SFI,2021-09-07 07:00:00,21.79,22.0,17.24434502216848,21.74,26100.0
SFI,2022-02-15 07:00:00,31.05,31.23,17.24434502216848,31.23,600.0
SFI,2022-05-06 07:00:00,35.34,35.34,17.24434502216848,35.34,10200.0
SFI,2024-01-29 07:00:00,26.17,26.5,26.17,26.17,29900.0
SFI,2025-06-06 07:00:00,26.3,26.3,26.3,26.3,17930.0
SFI,2026-03-20 07:00:00,17.322339911397503,28.4,17.24434502216848,28.4,18100.0
SFN,2016-10-07 07:00:00,18.205034364261167,18.96939316239316,16.46,16.46,8100.0
SFN,2016-11-15 07:00:00,16.08,16.08,16.08,16.08,1000.0
SFN,2017-07-19 07:00:00,20.91,20.91,19.96,19.96,1100.0
SFN,2019-05-21 07:00:00,18.205034364261167,20.34,17.05,17.05,20900.0
SGD,2016-05-24 07:00:00,10.47376923076923,10.779156279961649,5.23,5.23,3196.0
SGD,2016-06-07 07:00:00,5.01,5.01,5.01,5.01,200.0
SGD,2019-01-28 07:00:00,10.47376923076923,10.779156279961649,7.29,7.29,500.0
SGD,2021-11-25 07:00:00,8.97,9.06,8.97,8.97,550.0
SGH,2017-03-27 07:00:00,20.61,22.42,20.61,22.26,7504.0
SGH,2017-07-27 07:00:00,21.1,27.630722513089005,21.1,21.1,100.0
SGH,2020-05-12 07:00:00,34.6,34.77,26.90409375,34.77,700.0
SGH,2023-05-05 07:00:00,26.311072916666667,27.630722513089005,21.76,21.76,900.0
SGH,2024-07-01 07:00:00,25.31,27.74,25.31,27.74,400.0
SGH,2024-07-04 07:00:00,36.84,36.84,36.84,36.84,847.0
SGI,2021-11-15 07:00:00,24.8,26.11,15.686873563218391,17.66110241205174,39642.0
SGI,2022-03-03 07:00:00,24.45,24.54,15.686873563218391,17.66110241205174,30700.0
SGS,2016-10-13 07:00:00,3.34,3.34,3.34,3.34,100.0
SGS,2021-01-05 07:00:00,9.34,9.92,9.34,9.92,2800.0
SGS,2022-08-23 07:00:00,9.46,9.46,8.263809523809524,8.82539446390634,4224.0
SGS,2025-11-14 07:00:00,13.94,13.94,8.263809523809524,13.87,2100.0
SHN,2017-03-31 07:00:00,8.92,9.46,8.654789005032907,9.46,452976.0
SHN,2017-11-30 07:00:00,8.692785493827161,9.12,8.654789005032907,9.12,824400.0
SHN,2018-08-03 07:00:00,9.4,9.49,9.31,9.485509172097963,76100.0
SHN,2019-05-13 07:00:00,9.1,9.2,8.654789005032907,9.2,452976.0
SHN,2019-08-15 07:00:00,9.0,9.017918115102356,8.654789005032907,9.0,452976.0
SHN,2019-08-16 07:00:00,8.9,9.017918115102356,8.8,9.0,40800.0
SHN,2022-07-22 07:00:00,7.2,7.6,7.2,7.6,400.0
SHN,2023-05-26 07:00:00,7.9,7.9,7.0,7.3,1327.0
SHN,2024-01-24 07:00:00,7.5,7.5,7.0,7.0,600.0
SHS,2015-10-09 07:00:00,1.34,8.53507779886148,1.32,1.32,401525.0
SHS,2017-07-21 07:00:00,2.98,8.53507779886148,2.9,2.92,1958480.0
SHS,2017-11-17 07:00:00,3.73,3.8,3.63,3.67,14180223.0
SHS,2018-01-30 07:00:00,4.83,4.87,4.67,4.87,2529060.0
SHS,2018-02-21 07:00:00,8.140823216995447,8.53507779886148,4.51,4.59,1744302.0
SHS,2020-01-15 07:00:00,2.18,8.53507779886148,2.15,2.18,165877.0
SHS,2020-05-06 07:00:00,2.32,2.35,2.27,2.35,1323172.0
SHS,2020-06-02 07:00:00,2.64,8.53507779886148,2.58,2.61,3210787.0
SHS,2022-02-09 07:00:00,8.140823216995447,19.12,8.101195445920304,8.901731145986806,14180223.0
SHS,2023-07-17 07:00:00,12.35,12.61,12.27,12.44,17430145.0
SHS,2026-04-24 07:00:00,16.9,17.2,16.8,16.9,14180223.0
SID,2021-11-17 07:00:00,17.11,17.11,16.92,17.02,8600.0
SID,2022-04-08 07:00:00,16.72,17.61,16.13,16.13,5000.0
SID,2023-10-20 07:00:00,13.67,14.95,13.08,13.08,17900.0
SJM,2016-05-06 07:00:00,1.06,1.06,1.06,1.06,3800.0
SJM,2020-11-30 07:00:00,2.4,2.4,2.4,2.4,200.0
SJM,2024-01-02 07:00:00,6.9,6.9,4.017777132907719,6.9,100.0
SJM,2024-04-26 07:00:00,6.4,6.4,6.4,6.4,2700.0
SJM,2024-09-25 07:00:00,6.7,6.8,6.7,6.8,15400.0
SJM,2025-03-26 07:00:00,7.1,7.3,4.017777132907719,7.3,4400.0
SMA,2016-09-08 07:00:00,3.26,3.44,3.26,3.44,16955.0
SMA,2017-05-17 07:00:00,4.98,4.98,4.92,4.98,360.0
SMA,2017-09-20 07:00:00,5.46,5.46,5.46,5.46,16955.0
SMA,2018-03-08 07:00:00,7.36,7.36,7.36,7.36,16955.0
SMA,2020-12-03 07:00:00,7.2,7.41,7.11,7.28,16955.0
SMA,2022-01-10 07:00:00,9.62,9.99,7.8633316481294235,9.62,27700.0
SMA,2025-09-19 07:00:00,10.7,10.7,9.85,10.7,16955.0
SMA,2025-09-30 07:00:00,9.28,9.39,7.8633316481294235,9.28,6100.0
SMT,2015-11-27 07:00:00,12.4,12.4,12.14,12.4,600.0
SMT,2016-10-20 07:00:00,13.94,13.94,9.878754901960784,13.94,26846.0
SMT,2017-01-18 07:00:00,12.59,12.59,9.878754901960784,12.59,26846.0
SMT,2017-05-25 07:00:00,12.53,12.53,12.53,12.53,26846.0
SMT,2017-06-29 07:00:00,12.28,12.28,12.28,12.28,1100.0
SMT,2022-07-28 07:00:00,8.84,10.382347140039448,8.76,9.55,79000.0
SMT,2023-03-06 07:00:00,6.69,6.85,6.69,6.85,200.0
SMT,2023-09-11 07:00:00,5.97,10.382347140039448,5.65,5.89,1937.0
SMT,2024-06-10 07:00:00,9.865882063882063,10.382347140039448,4.54,4.54,400.0
SMT,2024-11-22 07:00:00,4.46,4.46,4.46,4.46,100.0
SMT,2025-06-10 07:00:00,7.17,7.48,6.37,7.48,26846.0
SPD,2016-09-14 07:00:00,3.97,7.016363636363636,3.97,3.97,100.0
SPD,2020-12-04 07:00:00,9.0,11.5,6.840965147453082,11.5,16868.0
SPD,2022-01-26 07:00:00,11.0,11.0,6.840965147453082,7.407024265642903,200.0
SRF,2016-08-26 07:00:00,13.79,14.02,10.73919374247894,13.65,34800.0
SRF,2018-06-11 07:00:00,11.68,11.82,11.68,11.82,310.0
SRF,2020-07-22 07:00:00,11.64,12.73,10.73919374247894,11.914405249804432,2850.0
SSB,2023-06-23 07:00:00,23.48,23.92,23.44,23.92,997100.0
SSB,2023-10-16 07:00:00,21.76,22.03,20.04685624012638,21.85,3260190.0
SSB,2024-06-27 07:00:00,18.68,18.68,17.62,18.33,3590900.0
SSH,2024-06-07 07:00:00,68.5,69.0,68.5,69.0,54600.0
SSH,2024-08-07 07:00:00,68.2,76.0865009380863,68.2,68.8,261516.0
SSH,2025-04-29 07:00:00,88.5,88.9,88.5,88.7,261516.0
SSN,2015-10-16 07:00:00,11.25,11.25,10.25,10.346854626859267,74800.0
SSN,2016-01-04 07:00:00,8.62,10.150016339869282,8.53,8.53,25900.0
SSN,2018-02-23 07:00:00,18.7,18.7,18.7,18.7,225040.0
STB,2016-05-26 07:00:00,11.3,11.6,10.9,11.0,19610286.0
STB,2018-07-05 07:00:00,10.25,10.35,9.67,9.72,5658700.0
STB,2018-12-24 07:00:00,12.3,12.45,12.15,12.15,3321220.0
STB,2018-12-25 07:00:00,12.0,22.781039603960398,11.7,11.95,6727130.0
STB,2019-06-10 07:00:00,11.75,22.781039603960398,11.75,11.8,3030830.0
STB,2019-11-14 07:00:00,10.8,10.85,10.65,10.7,2044260.0
STB,2022-02-10 07:00:00,35.0,35.25,22.0665625,34.75,19610286.0
STB,2024-08-21 07:00:00,29.65,29.95,29.4,29.95,8881200.0
STB,2024-10-29 07:00:00,33.85,34.3,33.8,34.05,10111000.0
STB,2025-02-27 07:00:00,38.55,38.65,38.1,38.3,12864400.0
STC,2016-04-04 07:00:00,9.9,9.9,9.9,9.9,100.0
STC,2019-12-05 07:00:00,7.69,13.453921698739219,7.69,7.75,400.0
STC,2020-05-26 07:00:00,9.48,9.48,9.48,9.48,2797.0
STC,2021-03-08 07:00:00,11.25,13.453921698739219,11.25,11.25,20100.0
STC,2024-05-27 07:00:00,15.5,15.5,14.9,14.9,2797.0
STC,2024-06-21 07:00:00,14.65,14.65,14.65,14.65,200.0
STC,2025-08-08 07:00:00,16.38,16.38,16.38,16.38,100.0
STG,2017-10-03 07:00:00,18.22,24.213249772105744,17.74,18.08,26840.0
STG,2018-01-16 07:00:00,23.425499092558987,24.213249772105744,18.13,18.39,127870.0
STG,2018-02-21 07:00:00,16.65,17.39,16.52,17.39,98396.0
STG,2018-06-20 07:00:00,16.52,24.213249772105744,16.08,16.13,98396.0
STG,2021-07-09 07:00:00,16.8,16.95,16.8,16.95,98396.0
STG,2022-05-23 07:00:00,32.4,32.4,29.8,31.0,7600.0
STG,2024-10-30 07:00:00,42.0,44.4,23.48655797101449,26.365258453933688,98396.0
STG,2025-09-03 07:00:00,36.95,36.95,23.48655797101449,36.8,1400.0
STG,2026-02-26 07:00:00,36.8,36.8,36.8,36.8,500.0
STL,2015-10-23 07:00:00,2.2622222222222224,3.1,2.1879470198675497,2.73,4100.0
STT,2017-08-09 07:00:00,9.28,9.28,5.258280166435506,5.824237462633479,24816.0
STT,2018-03-16 07:00:00,7.99,8.59,5.258280166435506,8.59,1210.0
SVC,2017-02-15 07:00:00,10.54,16.693138548539114,10.39,10.45,111360.0
SVC,2018-08-28 07:00:00,10.39,10.62,10.39,10.62,1210.0
SVC,2019-01-23 07:00:00,9.97,16.693138548539114,9.97,9.97,2000.0
SVC,2023-08-01 07:00:00,25.4,25.47,25.12,25.19,2600.0
SVC,2025-04-25 07:00:00,13.92,13.92,13.92,13.92,900.0
SVG,2017-10-11 07:00:00,5.26,8.85554006968641,5.26,5.26,4829.0
SVG,2026-02-05 07:00:00,6.9,8.0,6.9,7.1,800.0
SVG,2026-02-27 07:00:00,8.501350407450524,8.85554006968641,6.7,6.7,100.0
SWC,2024-08-23 07:00:00,26.55,26.73,17.18054870775348,19.126251747852837,2900.0
SZG,2022-04-18 07:00:00,34.23,36.55,31.48497615262321,34.58,102400.0
SZG,2022-04-20 07:00:00,34.23,34.23,33.72,34.15,31000.0
SZG,2025-07-16 07:00:00,36.2,38.0,36.2,38.0,8077.0
SZG,2026-01-29 07:00:00,38.7,38.7,38.7,38.7,100.0
TAN,2025-03-25 07:00:00,42.0,42.0,40.892380952380954,42.0,1500.0
TAN,2025-12-05 07:00:00,43.0,43.0,43.0,43.0,4200.0
TAN,2026-03-04 07:00:00,44.0,44.0,40.892380952380954,44.0,4600.0
TAR,2019-07-24 07:00:00,19.32,19.53,17.99127906976744,19.429241014124077,66400.0
TAR,2021-04-12 07:00:00,18.7,19.77,17.99127906976744,19.6,1198139.0
TAR,2021-08-10 07:00:00,14.31,18.848254091971942,14.13,14.49,1407659.0
TAR,2023-08-07 07:00:00,22.2,23.1,17.99127906976744,19.429241014124077,3821315.0
TBC,2017-11-27 07:00:00,21.56081690140845,22.173015427769986,13.9,13.9,1000.0
TBC,2018-03-20 07:00:00,13.34,22.173015427769986,13.34,13.36,11923.0
TBC,2020-03-30 07:00:00,13.54,13.73,13.54,13.73,1020.0
TBC,2023-01-10 07:00:00,24.97,24.97,21.848229755178906,24.88,22600.0
TBC,2023-05-24 07:00:00,29.48,29.48,21.848229755178906,23.587171420986053,7600.0
TBC,2024-02-20 07:00:00,34.1,34.28,34.1,34.28,11923.0
TBC,2025-07-03 07:00:00,35.65,35.65,21.848229755178906,23.587171420986053,20900.0
TBC,2025-10-01 07:00:00,35.89,35.93,21.848229755178906,23.587171420986053,11923.0
TBC,2025-12-19 07:00:00,35.7,35.75,21.848229755178906,23.587171420986053,300.0
TBR,2023-09-12 07:00:00,6.81,6.81,6.81,6.81,100.0
TBR,2025-05-15 07:00:00,6.706421568627451,6.995921375921376,6.14,6.14,3403.0
TCI,2018-10-08 07:00:00,9.002929634641408,9.375135317997294,4.3,4.3,9700.0
TCI,2021-07-05 07:00:00,9.002929634641408,11.34,8.956466621712744,9.686949631385037,270200.0
TCI,2021-10-19 07:00:00,15.69,16.48,8.956466621712744,16.13,696341.0
TCI,2025-03-17 07:00:00,9.19,9.34,9.17,9.34,83800.0
TCJ,2022-11-11 07:00:00,5.0,5.0,5.0,5.0,70855.0
TCW,2017-08-02 07:00:00,9.13,9.13,9.1,9.13,26420.0
TCW,2018-06-06 07:00:00,7.09,7.13,6.96,7.13,5489.0
TCW,2020-06-02 07:00:00,13.12,13.19,12.98,13.19,34805.0
TCW,2020-09-25 07:00:00,14.42,19.52743625405656,14.29,14.42,50044.0
TCW,2021-06-11 07:00:00,22.32,22.32,21.98,22.32,26420.0
TCW,2023-10-12 07:00:00,23.38,23.64,23.38,23.64,700.0
TCW,2023-12-19 07:00:00,23.38,23.38,19.125869463869464,23.21,26420.0
TCW,2024-12-23 07:00:00,28.89,29.36,19.125869463869464,29.26,15867.0
TCW,2025-12-12 07:00:00,32.1,32.1,19.125869463869464,32.0,3200.0
TDC,2017-12-13 07:00:00,4.64,4.64,4.42,4.42,81600.0
TDC,2018-12-27 07:00:00,5.63,5.63,5.42,5.62,28960.0
TDC,2019-02-28 07:00:00,5.74,5.74,5.56,5.67,82930.0
TDC,2019-09-09 07:00:00,7.66,9.723554538520213,7.58,7.58,456200.0
TDC,2020-05-08 07:00:00,9.455401598781881,9.723554538520213,6.15,6.15,97730.0
TDC,2022-05-25 07:00:00,13.61,13.95,13.46,13.9,322000.0
TDC,2022-07-26 07:00:00,14.19,14.57,13.61,13.8,505100.0
TDC,2024-01-10 07:00:00,9.95,9.95,9.77,9.8,282700.0
TDC,2024-01-29 07:00:00,9.5,9.723554538520213,9.35,9.4,294400.0
TDC,2025-06-26 07:00:00,9.455401598781881,11.1,9.382558756633813,11.05,420200.0
TDF,2022-03-18 07:00:00,23.65,23.65,14.458171641791045,15.230883387771968,2238.0
TDF,2024-11-08 07:00:00,12.45,12.45,12.45,12.45,100.0
TDS,2017-08-22 07:00:00,9.060715350223548,9.336590457256461,4.1,4.1,100.0
TDS,2018-03-26 07:00:00,6.36,9.336590457256461,6.31,6.31,4800.0
TDS,2021-02-02 07:00:00,9.86,9.86,9.86,9.86,26959.0
TDS,2021-06-18 07:00:00,12.06,13.03,9.029329692154915,12.66,36000.0
TDS,2022-02-08 07:00:00,16.55,16.92,9.029329692154915,16.47,3500.0
TDS,2022-03-18 07:00:00,17.0,17.97,17.0,17.97,300.0
TDT,2019-04-09 07:00:00,5.67,5.72,5.63,5.67,51000.0
TDT,2019-11-11 07:00:00,5.58,5.58,5.4,5.4,46400.0
TDT,2021-10-25 07:00:00,9.63,10.59,6.789221991701245,10.59,1677666.0
TDT,2022-11-28 07:00:00,6.98,6.98,6.789221991701245,6.8,107455.0
TDT,2023-05-29 07:00:00,6.746414507772021,6.8,6.62,6.8,143900.0
TDT,2025-08-28 07:00:00,6.9,7.017113402061856,6.789221991701245,6.9,145000.0
TDT,2025-09-04 07:00:00,6.9,6.9,6.789221991701245,6.9,202136.0
TDW,2016-09-28 07:00:00,19.04,26.99834281650071,18.98,20.69,2838.0
TDW,2019-01-18 07:00:00,15.49,15.49,15.49,15.49,10.0
TDW,2025-03-24 07:00:00,54.62,54.71,54.52,54.52,500.0
TDW,2026-03-18 07:00:00,44.0,44.0,26.4158126330731,29.0211786815282,1000.0
TET,2016-12-05 07:00:00,13.55,24.83173515981735,13.55,13.55,800.0
TFC,2016-01-28 07:00:00,11.7,11.74,11.7,11.74,600.0
TFC,2016-11-11 07:00:00,5.83,5.89,5.83,5.89,16737.0
TFC,2017-06-16 07:00:00,4.24,4.24,4.11,4.17,16737.0
TFC,2017-06-21 07:00:00,4.44,4.44,4.11,4.11,16737.0
TFC,2017-07-04 07:00:00,4.24,16.044521303258144,4.17,4.17,1750.0
TFC,2017-08-15 07:00:00,15.558860441767068,16.044521303258144,3.38,3.38,16737.0
TFC,2024-12-25 07:00:00,45.59,45.89,15.487318659329665,45.89,16737.0
TGG,2022-11-02 07:00:00,2.72,2.89,2.72,2.89,599500.0
TGG,2022-12-30 07:00:00,3.76,7.788655015197569,3.68,3.68,364900.0
TH1,2016-06-30 07:00:00,8.194902912621359,11.9,8.070096618357487,11.9,6708.0
THG,2016-09-21 07:00:00,10.42,10.42,10.12,10.37,58658.0
THG,2019-08-14 07:00:00,11.77,22.28860103626943,11.47,11.65,58658.0
THG,2020-02-28 07:00:00,12.6,22.28860103626943,12.38,12.6,58658.0
THG,2020-07-02 07:00:00,16.51,16.51,15.85,15.92,58658.0
THG,2022-12-07 07:00:00,20.23,20.68,19.55,20.68,42900.0
THG,2023-11-29 07:00:00,24.36,24.86,24.24,24.86,18400.0
THP,2022-11-02 07:00:00,8.64,8.64,8.64,8.64,400.0
THP,2023-06-26 07:00:00,8.46,9.331940133037694,8.46,8.46,300.0
THP,2025-12-12 07:00:00,10.1,10.3,9.123977900552488,10.3,300.0
THT,2018-07-03 07:00:00,3.39,7.14955439582497,3.39,3.39,200.0
THT,2021-02-05 07:00:00,5.41,5.41,5.41,5.41,8100.0
THT,2022-08-05 07:00:00,10.39,10.47,6.932886391007627,10.39,50200.0
THT,2022-08-09 07:00:00,10.39,10.9,6.932886391007627,7.746104217386491,108100.0
THW,2024-09-27 07:00:00,12.92,12.92,12.92,12.92,4133.0
TJC,2016-12-30 07:00:00,6.319156086631815,6.542196574832465,3.8,4.13,13000.0
TJC,2023-08-10 07:00:00,8.38,8.38,6.290409836065574,6.934579061416911,11151.0
TJC,2024-04-11 07:00:00,6.319156086631815,9.52,6.290409836065574,6.934579061416911,100.0
TJC,2024-06-06 07:00:00,11.51,11.51,11.51,11.51,11151.0
TJC,2025-08-14 07:00:00,9.05,9.85,9.05,9.85,200.0
TJC,2026-04-29 07:00:00,18.0,18.0,6.290409836065574,16.2,11151.0
TL4,2015-10-02 07:00:00,3.71,7.34205385097057,3.71,3.83,2664.0
TL4,2016-01-12 07:00:00,5.63,7.34205385097057,5.33,5.7,35293.0
TL4,2016-09-08 07:00:00,4.96,5.08,4.96,5.08,24100.0
TL4,2020-05-15 07:00:00,6.16,6.95,6.16,6.95,35293.0
TLP,2021-01-14 07:00:00,9.75,9.75,9.75,9.75,30812.0
TLP,2021-09-20 07:00:00,9.12,9.21,8.076566383257031,9.12,21000.0
TLP,2023-08-31 07:00:00,6.96,6.96,6.96,6.96,1.0
TLP,2023-10-31 07:00:00,6.03,6.03,5.85,5.85,17200.0
TLP,2024-05-24 07:00:00,6.13,6.22,6.13,6.22,200.0
TLP,2024-10-23 07:00:00,6.12,6.31,6.12,6.31,30812.0
TLP,2026-03-05 07:00:00,8.2,8.5,7.3,8.3,25900.0
TMB,2021-05-18 07:00:00,10.96,34.575494858611826,10.96,10.96,300.0
TMB,2021-09-01 07:00:00,12.33,34.575494858611826,12.33,12.98,20100.0
TMB,2022-02-08 07:00:00,13.06,13.06,13.06,13.06,18631.0
TMB,2022-05-05 07:00:00,18.61,34.575494858611826,17.96,18.61,15100.0
TMB,2022-11-07 07:00:00,15.85,15.85,13.58,13.75,9200.0
TMB,2022-11-21 07:00:00,16.12,16.12,16.12,16.12,100.0
TMB,2024-05-28 07:00:00,67.07,67.07,33.50379948914431,66.5,18631.0
TMB,2024-07-11 07:00:00,87.39,88.85,33.50379948914431,35.52324763728563,39247.0
TMB,2025-02-14 07:00:00,72.15,72.34,71.08,71.56,21992.0
TMB,2026-03-06 07:00:00,59.4,62.0,57.0,57.1,10700.0
TMT,2015-11-25 07:00:00,41.84,42.63,41.44,42.63,56407.0
TMT,2016-05-19 07:00:00,32.91,32.91,32.51,32.75,14310.0
TMT,2016-12-01 07:00:00,16.35,16.35,12.943317775184752,14.524098997076385,56407.0
TMT,2017-06-08 07:00:00,10.61,10.93,10.61,10.89,73040.0
TMT,2017-07-26 07:00:00,10.84,11.12,10.79,11.02,56407.0
TMT,2017-12-28 07:00:00,7.95,13.475929512006196,7.95,8.66,16970.0
TMT,2018-04-03 07:00:00,7.72,7.94,7.53,7.94,8710.0
TMT,2021-12-09 07:00:00,16.26,16.26,12.943317775184752,16.12,11800.0
TMT,2022-03-24 07:00:00,20.58,20.67,20.03,20.67,140800.0
TMT,2022-08-23 07:00:00,13.064312354312355,19.5,12.943317775184752,19.2,56407.0
TMT,2024-08-05 07:00:00,9.78,9.78,9.04,9.04,13700.0
TNB,2016-05-31 07:00:00,4.82,4.82,3.87,4.34,8800.0
TNB,2019-08-13 07:00:00,7.5298441926345605,7.865766215253029,3.98,3.98,12300.0
TNB,2020-06-01 07:00:00,7.96,7.96,7.681039145907474,7.83,400.0
TNB,2021-09-22 07:00:00,16.68,16.68,16.68,16.68,11364.0
TNB,2023-03-14 07:00:00,11.8,11.8,11.8,11.8,11364.0
TNB,2025-11-20 07:00:00,9.3,9.3,7.681039145907474,8.305365899575616,100.0
TNC,2017-06-02 07:00:00,8.01,8.01,8.01,8.01,16000.0
TNC,2017-10-09 07:00:00,7.98,7.98,7.91,7.98,9105.0
TNC,2018-12-14 07:00:00,7.93,21.460517336268577,7.93,7.93,9105.0
TNC,2021-01-07 07:00:00,25.07,26.22,24.62,26.22,4200.0
TNC,2021-12-28 07:00:00,31.44,31.44,31.44,31.44,9105.0
TNC,2025-06-20 07:00:00,27.72,27.87,27.72,27.87,400.0
TNC,2025-10-17 07:00:00,28.75,29.5,20.721832229580574,22.08636657391049,1400.0
TNP,2024-08-21 07:00:00,17.687623762376237,27.51,17.628226600985222,18.31866207896833,840.0
TNS,2018-08-08 07:00:00,2.5,4.662681929681112,2.5,2.5,5700.0
TNS,2022-06-09 07:00:00,4.383171127331711,6.8,4.355094031071136,6.4,74500.0
TNS,2023-02-01 07:00:00,3.2,3.3,3.0,3.0,74800.0
TNS,2023-03-17 07:00:00,2.3,2.5,2.3,2.3,175279.0
TNS,2024-07-26 07:00:00,5.4,5.6,4.355094031071136,5.0,98303.0
TNT,2019-01-21 07:00:00,6.194351639969489,6.527719298245614,2.59,2.59,63450.0
TNT,2021-07-13 07:00:00,8.0,8.2,7.71,7.95,186800.0
TNT,2021-10-06 07:00:00,9.4,9.65,6.249272934906738,6.826465006646036,410057.0
TNT,2022-10-25 07:00:00,3.52,3.83,3.36,3.55,559000.0
TNT,2023-03-24 07:00:00,3.76,3.78,3.7,3.76,40700.0
TNT,2024-09-16 07:00:00,4.25,4.26,4.18,4.19,410057.0
TNW,2017-06-07 07:00:00,6.35,9.22770202020202,6.35,6.35,3095.0
TNW,2018-08-20 07:00:00,6.8,9.22770202020202,6.8,6.8,1000.0
TNW,2024-08-12 07:00:00,9.14,9.23,9.04,9.04,3095.0
TOP,2018-10-18 07:00:00,1.1,1.5704142441860465,1.0,1.0,265500.0
TOP,2018-10-22 07:00:00,1.0,1.1,1.0,1.0,522977.0
TOP,2019-12-10 07:00:00,0.8,0.8,0.7,0.7,5700.0
TOP,2022-06-17 07:00:00,1.5,1.5704142441860465,1.4,1.5,182100.0
TPB,2019-09-03 07:00:00,6.59,11.361127819548873,6.44,6.44,272060.0
TPB,2020-11-13 07:00:00,6.91,11.361127819548873,6.85,6.89,1526510.0
TPB,2021-01-05 07:00:00,9.66,9.76,9.55,9.6,2719500.0
TPB,2021-04-14 07:00:00,10.19,10.3,10.04,10.26,10685666.0
TPB,2023-12-06 07:00:00,12.33,12.69,12.3,12.59,14002600.0
TPP,2020-03-31 07:00:00,9.3,9.3,9.3,9.3,15265.0
TPP,2026-04-06 07:00:00,10.6180755265069,10.900792727272727,10.1,10.1,15265.0
TRC,2016-08-08 07:00:00,13.06,13.13,13.06,13.13,84905.0
TRC,2017-06-21 07:00:00,19.06,31.909764846552413,19.06,19.31,58520.0
TRC,2017-07-20 07:00:00,18.46,18.59,18.43,18.43,29590.0
TRC,2018-06-08 07:00:00,17.67,17.67,17.08,17.41,84905.0
TRC,2019-07-10 07:00:00,24.6,31.909764846552413,24.6,24.6,31840.0
TRC,2019-08-22 07:00:00,31.06059173947578,31.67,30.55,30.63,21120.0
TRC,2020-07-16 07:00:00,25.2,25.2,25.15,25.2,8020.0
TRC,2021-08-09 07:00:00,30.83,30.83,30.83,30.83,84905.0
TRC,2022-07-29 07:00:00,34.42,35.04,34.42,35.04,1000.0
TRC,2023-03-17 07:00:00,23.54,31.909764846552413,23.54,23.54,84905.0
TRC,2024-04-26 07:00:00,39.41,39.41,39.41,39.41,84905.0
TRC,2025-09-05 07:00:00,72.0,75.0,72.0,73.3,276300.0
TRS,2018-11-29 07:00:00,17.02,19.2896125,17.02,17.02,100.0
TRS,2020-11-02 07:00:00,18.605074626865672,19.2896125,16.62,16.62,140.0
TS3,2022-03-31 07:00:00,8.5,8.7,5.63641488162345,8.3,6100.0
TS3,2023-10-18 07:00:00,5.591123595505619,5.9,5.3,5.7,40400.0
TST,2016-05-13 07:00:00,4.8,4.98,4.8,4.98,10568.0
TST,2019-04-04 07:00:00,7.08,7.247373447946514,6.969444444444445,7.08,10568.0
TST,2020-12-23 07:00:00,12.8,12.8,12.8,12.8,100.0
TST,2022-04-29 07:00:00,7.9,9.4,7.8,9.4,500.0
TST,2025-04-25 07:00:00,7.6,7.6,6.3,6.3,10568.0
TT6,2024-09-05 07:00:00,6.02,6.389241706161138,6.02,6.29,43274.0
TT6,2025-03-10 07:00:00,6.2,6.389241706161138,5.93,5.93,24600.0
TT6,2025-05-13 07:00:00,5.12,5.21,5.03,5.21,3600.0
TT6,2025-12-05 07:00:00,6.7,6.9,6.4,6.8,11200.0
TTC,2016-09-27 07:00:00,9.53,9.74,9.32,9.32,8832.0
TTC,2018-01-04 07:00:00,8.51,8.51,8.51,8.51,1000.0
TTC,2020-11-24 07:00:00,8.624018583042973,8.85554077501446,7.1,7.1,3500.0
TTC,2021-03-08 07:00:00,8.82,9.38,8.82,9.38,25400.0
TTC,2021-11-16 07:00:00,11.32,11.32,10.92,11.32,15300.0
TTC,2023-07-12 07:00:00,10.15,10.15,8.611613649508387,9.705436446843565,8832.0
TTC,2025-05-23 07:00:00,8.624018583042973,8.85554077501446,6.56,6.56,3900.0
TTC,2025-07-14 07:00:00,5.49,5.49,5.49,5.49,4700.0
TTC,2025-11-11 07:00:00,7.65,7.65,7.65,7.65,900.0
TTF,2015-10-12 07:00:00,18.1,18.1,17.8,17.8,3346927.0
TTF,2016-11-21 07:00:00,3.81,4.37,3.81,4.37,3346927.0
TTF,2019-12-26 07:00:00,2.7,2.73,2.69,2.7,240960.0
TTF,2021-10-14 07:00:00,7.66,8.1,7.0479071537290725,7.849334465143678,12438800.0
TTF,2022-01-19 07:00:00,13.8,14.1,13.55,13.9,3346927.0
TTF,2022-03-16 07:00:00,16.7,17.4,16.6,17.0,7558100.0
TTF,2022-04-13 07:00:00,14.3,14.85,7.0479071537290725,7.849334465143678,4440700.0
TTF,2022-10-17 07:00:00,5.14,5.14,4.9,4.95,1052700.0
TTF,2023-09-08 07:00:00,5.66,5.7,5.58,5.61,3346927.0
TTF,2023-11-08 07:00:00,3.87,4.0,3.85,4.0,3346927.0
TTF,2024-06-28 07:00:00,3.89,7.327656427758816,3.81,3.81,930900.0
TTN,2018-09-18 07:00:00,3.53,3.53,3.53,3.53,172854.0
TTN,2019-08-22 07:00:00,6.8,6.8,6.65,6.8,172854.0
TTN,2020-01-03 07:00:00,4.07,4.07,4.07,4.07,1600.0
TTN,2020-05-21 07:00:00,4.12,4.28,4.12,4.28,86502.0
TTN,2020-09-10 07:00:00,4.84,4.84,4.66,4.72,172854.0
TTN,2022-05-13 07:00:00,9.083407297830375,12.95,9.083313580246912,12.87,172854.0
TTN,2025-05-26 07:00:00,16.43,16.53,9.083313580246912,16.43,99500.0
TTN,2026-01-19 07:00:00,20.2,22.4,9.083313580246912,9.978599374357445,998300.0
TTN,2026-03-12 07:00:00,15.8,15.8,9.083313580246912,15.5,29800.0
TTZ,2017-02-28 07:00:00,2.68,2.68,2.59,2.59,128191.0
TTZ,2017-04-27 07:00:00,3.13,3.22,3.13,3.13,270100.0
TTZ,2020-08-21 07:00:00,4.3,4.6,4.2,4.6,128191.0
TTZ,2021-01-13 07:00:00,3.2,4.748266199649737,3.1,3.2,128191.0
TV1,2021-01-22 07:00:00,8.3,8.96,8.3,8.39,2700.0
TV1,2024-06-11 07:00:00,16.909736196319017,20.98,16.698588090853285,20.88,29575.0
TV1,2025-01-06 07:00:00,21.53,21.73,21.53,21.63,29575.0
TV1,2025-07-01 07:00:00,24.65,24.65,16.698588090853285,24.36,22500.0
TVG,2021-12-13 07:00:00,12.56,12.56,12.56,12.56,306.0
TVN,2016-07-18 07:00:00,6.43,6.52,6.34,6.34,10000.0
TVN,2017-05-10 07:00:00,6.61,6.61,6.34,6.52,4600.0
TVN,2018-06-04 07:00:00,10.01,10.2,9.43,9.53,18300.0
TVN,2020-02-07 07:00:00,5.81,8.427530759439966,5.81,6.29,600.0
TVN,2020-11-19 07:00:00,7.81,8.19,7.62,7.72,749945.0
TVN,2020-11-23 07:00:00,7.05,7.24,6.96,7.24,246400.0
TVN,2021-12-01 07:00:00,17.06,17.06,16.58,16.87,749945.0
TVN,2021-12-30 07:00:00,15.44,15.63,15.25,15.53,749945.0
TVN,2023-01-10 07:00:00,8.11046768707483,8.427530759439966,4.95,4.95,92268.0
TVN,2025-02-07 07:00:00,8.5,9.2,8.5,8.9,1741909.0
TVN,2025-10-30 07:00:00,7.8,8.2,7.7,8.2,749945.0
TVN,2026-01-22 07:00:00,8.11046768707483,9.2,8.052814752013566,9.0,749945.0
TXM,2017-11-06 07:00:00,8.3,8.3,8.3,8.3,23528.0
TXM,2018-03-01 07:00:00,8.39,8.86,5.510736111111111,6.12872160929809,1100.0
TXM,2018-05-08 07:00:00,5.571375807940905,8.58,5.510736111111111,8.3,302.0
TXM,2018-11-05 07:00:00,11.93,11.93,5.510736111111111,11.93,23528.0
TXM,2019-10-25 07:00:00,2.74,5.835372928176795,2.74,2.84,5000.0
TXM,2019-11-26 07:00:00,3.03,3.03,2.74,2.84,23528.0
TXM,2020-09-03 07:00:00,5.571375807940905,5.835372928176795,2.84,3.03,23528.0
TXM,2021-02-23 07:00:00,4.9,5.835372928176795,4.8,4.9,23528.0
TXM,2024-07-15 07:00:00,11.9,12.8,11.0,12.8,105475.0
TXM,2024-08-01 07:00:00,7.3,7.4,5.510736111111111,6.6,23528.0
TXM,2024-08-22 07:00:00,4.6,5.835372928176795,4.2,4.4,85181.0
UDC,2019-06-24 07:00:00,4.735570599613153,5.05,4.667716718266253,4.73,7630.0
UDC,2019-08-13 07:00:00,4.7,4.8,4.7,4.8,3640.0
UDC,2019-08-30 07:00:00,4.735570599613153,4.8,4.52,4.72,7190.0
UDC,2020-11-09 07:00:00,5.96,5.96,4.667716718266253,5.79,23900.0
UDC,2021-03-17 07:00:00,7.25,7.25,6.91,7.19,150300.0
UDC,2022-02-15 07:00:00,11.05,11.8,11.05,11.5,42000.0
UDC,2022-11-17 07:00:00,5.46,5.86,4.667716718266253,5.84,83706.0
UDC,2023-01-12 07:00:00,4.735570599613153,4.933925811437404,4.667716718266253,4.82,83706.0
UDC,2023-06-07 07:00:00,4.3,4.7,4.2,4.7,72958.0
UDC,2024-10-11 07:00:00,3.9,4.933925811437404,3.9,3.9,30800.0
UDC,2025-06-12 07:00:00,4.4,4.7,4.4,4.6,88200.0
UDC,2025-06-18 07:00:00,4.8,4.933925811437404,4.4,4.5,83706.0
UEM,2017-07-28 07:00:00,15.76,15.76,15.76,15.76,3000.0
UIC,2018-08-03 07:00:00,17.69,32.77899386503068,17.62,17.62,80.0
UIC,2019-02-27 07:00:00,31.605732354141164,32.77899386503068,22.76,24.14,15195.0
UIC,2019-03-22 07:00:00,23.36,24.79,23.22,24.71,5200.0
UIC,2019-03-26 07:00:00,31.605732354141164,32.77899386503068,22.83,24.07,11680.0
UIC,2024-12-09 07:00:00,40.0,40.05,39.5,40.05,15195.0
UNI,2016-06-15 07:00:00,7.6,8.886681053085887,7.5,7.9,2900.0
UNI,2016-10-07 07:00:00,6.0,6.2,6.0,6.0,25111.0
UNI,2020-09-17 07:00:00,5.0,8.886681053085887,5.0,5.1,1800.0
UNI,2023-04-27 07:00:00,8.8,8.886681053085887,8.8,8.8,700.0
UPH,2017-12-29 07:00:00,20.44,20.44,20.44,20.44,14000.0
UPH,2023-06-12 07:00:00,6.0,6.0,6.0,6.0,100.0
VBB,2020-02-12 07:00:00,8.306915088576664,9.13,8.306593673965937,8.95,8100.0
VBB,2021-06-10 07:00:00,13.58,13.58,8.306593673965937,13.25,77710.0
VBB,2022-05-16 07:00:00,7.29,8.620066991473813,7.15,7.29,106728.0
VBB,2023-01-16 07:00:00,8.306915088576664,8.620066991473813,6.82,6.82,2300.0
VBB,2025-09-10 07:00:00,11.49,11.58,8.306593673965937,11.39,106728.0
VC6,2018-04-19 07:00:00,3.64,3.74,3.64,3.74,5966.0
VC6,2018-06-04 07:00:00,3.74,3.74,3.74,3.74,5966.0
VC6,2024-06-13 07:00:00,13.7,13.7,9.34863157894737,13.63,5966.0
VC6,2025-11-21 07:00:00,24.0,25.5,9.34863157894737,10.29922758888062,500.0
VCA,2016-06-20 07:00:00,3.54,3.54,3.54,3.54,24338.0
VCA,2017-08-09 07:00:00,4.48,4.48,4.43,4.43,14800.0
VCA,2018-05-10 07:00:00,7.24,7.34,7.24,7.34,11800.0
VCA,2020-12-04 07:00:00,8.18,8.26,8.18,8.26,24338.0
VCA,2021-02-02 07:00:00,9.93,10.25,9.93,10.17,11800.0
VCA,2023-03-02 07:00:00,9.8,9.8,8.453161182840484,9.8,300.0
VCA,2024-04-25 07:00:00,9.0,9.0,8.64,8.66,2300.0
VCA,2026-04-01 07:00:00,7.35,7.35,7.35,7.35,24338.0
VCC,2021-11-23 07:00:00,18.95,19.83,9.856083948339483,19.83,39600.0
VCC,2022-04-13 07:00:00,22.29,22.45,21.34,22.45,11900.0
VCC,2024-02-21 07:00:00,11.08,11.67,11.08,11.67,7902.0
VCG,2017-01-03 07:00:00,6.99,16.732745995423343,6.94,6.99,9496252.0
VCG,2017-03-29 07:00:00,8.32,8.32,8.17,8.22,9496252.0
VCG,2018-12-28 07:00:00,12.92,16.732745995423343,12.53,12.87,9496252.0
VCG,2019-05-06 07:00:00,16.0,16.732745995423343,15.71,15.71,9496252.0
VCG,2021-02-08 07:00:00,28.79,28.79,28.48,28.79,9496252.0
VCG,2021-03-31 07:00:00,27.29,27.56,27.29,27.5,9496252.0
VCG,2022-11-21 07:00:00,10.22,10.51,10.04,10.29,5533300.0
VCG,2022-12-15 07:00:00,16.015579627518054,16.732745995423343,12.94,13.3,9496252.0
VCG,2025-05-14 07:00:00,19.25,19.56,16.17658174904943,19.16,9939300.0
VCI,2017-08-07 07:00:00,7.54,7.61,7.54,7.59,8397919.0
VCI,2017-11-16 07:00:00,8.53,8.96,8.53,8.96,53800.0
VCI,2019-07-29 07:00:00,5.91,5.93,5.82,5.93,8397919.0
VCI,2021-10-04 07:00:00,22.65,22.81,16.079808656036448,22.1,6105700.0
VCI,2022-04-07 07:00:00,23.51,23.95,23.03,23.07,2076900.0
VCI,2022-07-20 07:00:00,15.61,16.64056569343066,15.52,15.97,8397919.0
VCI,2023-05-22 07:00:00,18.66,18.89,18.53,18.77,3611200.0
VCI,2025-10-17 07:00:00,31.11,31.61,16.079808656036448,30.42,8397919.0
VCI,2025-11-06 07:00:00,27.19,27.3,16.079808656036448,26.68,8397919.0
VCM,2020-04-14 07:00:00,8.13,8.13,7.93025702811245,8.13,4046.0
VCM,2024-10-16 07:00:00,7.65,7.65,7.65,7.65,200.0
VCP,2017-03-15 07:00:00,9.06,23.691246895181322,9.01,9.01,14000.0
VCP,2017-12-18 07:00:00,13.57,13.87,12.87,12.97,11208.0
VCP,2018-07-31 07:00:00,16.44,16.74,16.44,16.68,6800.0
VCP,2018-10-31 07:00:00,19.2,19.86,19.2,19.86,13460.0
VCP,2021-07-26 07:00:00,29.02,29.02,29.02,29.02,50368.0
VCP,2024-06-27 07:00:00,24.64,24.64,23.85,24.05,225125.0
VDS,2017-04-19 07:00:00,3.76,3.84,3.72,3.8,1011979.0
VDS,2017-08-31 07:00:00,4.0,4.0,4.0,4.0,5200.0
VDS,2018-10-22 07:00:00,4.34,9.400642424242424,4.31,4.31,1011979.0
VDS,2021-03-22 07:00:00,8.0,8.03,7.8,7.85,1011979.0
VDS,2021-12-02 07:00:00,20.0,20.21,19.68,19.68,523400.0
VDS,2024-10-29 07:00:00,18.49,18.49,18.13,18.22,1011979.0
VE8,2016-01-26 07:00:00,7.287318840579711,7.497502014504431,7.21,7.45,14140.0
VE9,2015-10-05 07:00:00,3.067678006329114,5.31,2.9746801748112834,4.77,68880.0
VE9,2016-03-23 07:00:00,3.067678006329114,3.34,2.9746801748112834,3.34,13100.0
VE9,2018-03-06 07:00:00,6.37,6.92,2.9746801748112834,6.92,1200202.0
VE9,2018-11-09 07:00:00,3.05,3.23,3.05,3.23,17560.0
VE9,2022-07-19 07:00:00,3.0,3.1,2.9,3.0,15500.0
VE9,2023-02-13 07:00:00,1.7,1.8,1.6,1.8,10900.0
VE9,2025-05-27 07:00:00,1.9,3.162434782608696,1.9,2.0,5300.0
VE9,2025-08-21 07:00:00,4.5,4.5,2.9746801748112834,4.5,27100.0
VEF,2016-09-05 07:00:00,47.64,52.15,47.11,52.15,65030.0
VEF,2016-10-03 07:00:00,49.7,50.36,49.03,49.1,39076.0
VEF,2018-01-09 07:00:00,39.44,39.44,38.5,38.9,20800.0
VEF,2019-01-10 07:00:00,53.82,53.89,53.55,53.55,14700.0
VEF,2022-02-08 07:00:00,125.78,131.8,125.17,127.18,7260.0
VEF,2023-09-26 07:00:00,84.61,84.61,82.47,84.54,16410.0
VEF,2024-03-20 07:00:00,123.84,123.84,77.81757894736842,121.83,39076.0
VEF,2025-05-14 07:00:00,160.65,161.92,155.63,156.37,39076.0
VES,2016-08-02 07:00:00,1.09,1.09,1.0,1.0,17110.0
VES,2017-12-01 07:00:00,1.1,1.1,1.1,1.1,1.0
VES,2025-04-04 07:00:00,6.4,6.4,6.4,6.4,226.0
VES,2026-01-30 07:00:00,28.4,28.4,28.4,28.4,5800.0
VET,2018-07-19 07:00:00,36.65,36.65,36.65,36.65,200.0
VET,2022-05-05 07:00:00,77.84,77.84,77.29,77.29,3307.0
VET,2025-11-10 07:00:00,16.5,16.5,16.5,16.5,100.0
VFG,2016-08-12 07:00:00,20.83,20.83,20.18,20.44,24965.0
VFG,2016-11-14 07:00:00,32.034058558558556,33.22676536563482,21.22,22.01,24965.0
VFG,2018-12-17 07:00:00,18.66,19.29,18.66,19.29,24965.0
VFG,2019-03-05 07:00:00,17.84,18.09,17.84,18.09,120.0
VGV,2020-07-02 07:00:00,7.85,7.85,7.85,7.85,43237.0
VGV,2020-12-24 07:00:00,8.0,8.0,8.0,8.0,43237.0
VGV,2021-09-14 07:00:00,9.04,9.04,8.86,8.86,3500.0
VGV,2023-01-19 07:00:00,13.19,17.4454257565095,13.19,13.66,43237.0
VGV,2023-10-10 07:00:00,28.56,28.56,26.27,26.75,43237.0
VGV,2023-12-22 07:00:00,28.56,28.94,27.89,28.66,43237.0
VHC,2016-12-20 07:00:00,17.16,17.45,17.04,17.32,277240.0
VHC,2018-04-24 07:00:00,22.37,38.97492075763432,22.17,22.53,804610.0
VHC,2019-01-18 07:00:00,31.21,31.61,31.21,31.47,1327929.0
VHC,2019-10-02 07:00:00,28.67,38.97492075763432,28.29,28.43,160460.0
VHC,2021-08-09 07:00:00,29.79,38.97492075763432,29.64,30.5,1789300.0
VHC,2021-10-13 07:00:00,41.13,41.56,40.62,41.34,1327929.0
VHC,2022-03-02 07:00:00,57.71,61.7,57.41,59.92,1327929.0
VHC,2022-04-19 07:00:00,78.27,78.42,75.24,75.46,1327929.0
VHL,2017-06-02 07:00:00,29.15,29.15,20.04028296849973,29.15,11220.0
VHL,2018-02-21 07:00:00,38.56,38.56,32.66,35.98,2381.0
VHL,2021-01-15 07:00:00,23.25,23.25,23.25,23.25,7900.0
VHL,2022-03-16 07:00:00,22.93,22.93,20.04028296849973,22.07182390676435,100.0
VHL,2023-07-05 07:00:00,19.2,19.2,19.2,19.2,9431.0
VHL,2024-10-31 07:00:00,11.0,11.0,11.0,11.0,100.0
VHM,2018-06-20 07:00:00,62.24721344880285,67.63,62.2216210739615,67.04,613980.0
VHM,2018-11-14 07:00:00,62.24721344880285,64.23305709954522,54.64,55.23,8076516.0
VHM,2022-01-19 07:00:00,74.82,76.08,74.82,75.4,3344400.0
VHM,2025-10-16 07:00:00,123.8,123.8,62.2216210739615,69.32095244511423,9475900.0
VHM,2026-03-13 07:00:00,94.5,98.0,93.9,98.0,3989100.0
VIE,2023-06-08 07:00:00,3.5,7.141265474552957,3.5,4.5,200.0
VIE,2023-12-14 07:00:00,7.9,7.9,7.9,7.9,1845.0
VIF,2022-03-22 07:00:00,16.48,17.57,16.48,17.32,16028.0
VIF,2022-04-12 07:00:00,17.32,17.4,13.69714366197183,17.4,16028.0
VIF,2022-07-22 07:00:00,15.06,15.06,13.69714366197183,15.06,16028.0
VIF,2023-09-27 07:00:00,17.48,17.48,13.69714366197183,15.213053061536645,2601.0
VIF,2024-07-18 07:00:00,16.4,17.85,13.69714366197183,17.56,9800.0
VIF,2024-08-21 07:00:00,16.79,17.27,13.69714366197183,17.27,16028.0
VIF,2024-11-19 07:00:00,16.69,16.69,16.69,16.69,7000.0
VIG,2015-11-02 07:00:00,4.424009146341463,4.633777101559529,3.3,3.4,724008.0
VIG,2018-03-19 07:00:00,3.2,3.2,3.1,3.1,81400.0
VIG,2019-08-13 07:00:00,1.0,1.1,1.0,1.1,724008.0
VIG,2019-10-18 07:00:00,1.1,1.1,1.0,1.1,260600.0
VIG,2022-01-21 07:00:00,14.0,14.2,13.3,13.6,814906.0
VIG,2023-06-29 07:00:00,4.424009146341463,8.0,4.375972540045766,7.8,724008.0
VIG,2025-03-27 07:00:00,7.6,7.6,4.375972540045766,7.5,724008.0
VIG,2025-07-11 07:00:00,6.7,7.0,4.375972540045766,4.8143339823142535,1355800.0
VIG,2025-12-09 07:00:00,5.8,5.8,5.7,5.7,81500.0
VIG,2026-04-14 07:00:00,4.8,4.8,4.7,4.8,62500.0
VIN,2021-08-17 07:00:00,11.86,12.495234318673395,11.39,11.47,40100.0
VIN,2022-04-06 07:00:00,23.89,23.89,23.89,23.89,5621.0
VJC,2018-10-10 07:00:00,141.95,143.74,141.95,143.74,748570.0
VJC,2019-01-16 07:00:00,115.38147225862822,116.28,114.0,114.99,1028315.0
VJC,2019-05-29 07:00:00,124.5,124.5,122.8,123.5,443520.0
VJC,2021-02-02 07:00:00,125.3,129.8,117.09998244844229,129.7,606400.0
VJC,2021-08-19 07:00:00,118.0,120.0,117.09998244844229,120.0,1395400.0
VJC,2021-10-05 07:00:00,131.4,131.7,129.2,130.8,813900.0
VJC,2022-07-08 07:00:00,129.3,129.3,127.0,127.8,450200.0
VJC,2024-09-12 07:00:00,105.5,105.7,104.8,105.3,1028315.0
VJC,2025-07-23 07:00:00,108.0,108.8,107.5,108.8,1028315.0
VKC,2016-08-08 07:00:00,13.26,13.45,13.17,13.45,9800.0
VKC,2018-08-24 07:00:00,5.7,5.7,5.7,5.7,3510.0
VKC,2022-12-07 07:00:00,2.0,6.932758279782501,1.8,1.8,355500.0
VKP,2016-02-18 07:00:00,0.77,0.77,0.77,0.77,33398.0
VKP,2016-07-15 07:00:00,0.4,0.8547619047619047,0.4,0.5,1100.0
VLB,2021-09-15 07:00:00,35.05,36.61,35.05,35.52,32500.0
VLB,2022-07-29 07:00:00,27.34,27.65,27.26,27.65,106878.0
VLB,2023-01-19 07:00:00,22.12,23.36,22.12,23.03,97600.0
VLB,2023-10-04 07:00:00,29.3,30.46,29.14,30.37,69197.0
VLC,2017-07-21 07:00:00,12.23,12.53,12.23,12.3,38000.0
VLC,2020-05-26 07:00:00,23.11,24.1,16.836334038054968,18.34464867973324,68480.0
VLC,2022-07-08 07:00:00,16.93,17.48645965356992,16.41,16.67,73938.0
VLC,2024-10-24 07:00:00,17.2,17.3,17.1,17.1,135900.0
VLC,2025-02-07 07:00:00,17.1,17.4,16.836334038054968,17.4,284942.0
VLC,2025-12-29 07:00:00,13.8,17.48645965356992,13.8,13.8,221624.0
VMD,2016-04-06 07:00:00,16.44,16.44,15.35,15.35,255040.0
VMD,2020-09-07 07:00:00,13.89,13.96,13.89,13.96,90.0
VMD,2020-09-08 07:00:00,16.6555343866171,17.124140480591496,13.96,13.96,27661.0
VMD,2022-01-12 07:00:00,24.78,24.78,16.657129586623316,18.21972157961582,34200.0
VMD,2022-05-04 07:00:00,19.35,19.35,16.657129586623316,19.24,27661.0
VMD,2022-06-01 07:00:00,20.04,20.43,19.43,19.43,16500.0
VMD,2022-11-01 07:00:00,15.62,15.62,14.74,14.89,2800.0
VMD,2023-05-25 07:00:00,19.96,20.62,19.96,20.45,3200.0
VMD,2024-03-06 07:00:00,15.34,17.124140480591496,15.34,15.43,27661.0
VMG,2019-01-21 07:00:00,2.5,2.5,2.5,2.5,18023.0
VMG,2024-01-09 07:00:00,3.2,4.471478373143964,3.2,3.2,100.0
VMG,2024-08-12 07:00:00,3.8,4.471478373143964,3.8,4.2,6700.0
VMG,2024-08-28 07:00:00,5.0,5.1,4.267313144329897,4.909312837113794,1400.0
VMG,2026-02-13 07:00:00,2.7,2.9,2.7,2.9,18023.0
VNG,2016-09-21 07:00:00,11.87,12.718362102032987,11.69,11.97,279665.0
VNG,2017-05-16 07:00:00,10.44,10.93,10.35,10.74,148380.0
VNG,2017-06-19 07:00:00,11.71,11.71,11.32,11.52,104370.0
VNG,2018-01-12 07:00:00,17.08,17.18,12.352284730195178,17.08,279665.0
VNG,2018-07-24 07:00:00,15.13,15.52,15.13,15.37,279665.0
VNG,2018-09-19 07:00:00,17.57,17.96,12.352284730195178,17.96,279665.0
VNG,2020-10-28 07:00:00,15.05,15.05,14.9,15.0,174750.0
VNG,2022-01-24 07:00:00,13.3,13.3,12.9,13.05,76100.0
VNG,2022-04-01 07:00:00,16.6,16.65,12.352284730195178,13.349090512785642,184500.0
VNG,2023-02-28 07:00:00,12.304946483180428,12.718362102032987,8.6,8.79,2500.0
VNG,2025-06-13 07:00:00,12.304946483180428,12.718362102032987,7.72,7.85,4900.0
VNG,2025-07-22 07:00:00,7.74,12.718362102032987,7.73,7.78,17300.0
VNG,2025-12-15 07:00:00,6.85,7.6,6.85,7.6,279665.0
VNH,2017-08-03 07:00:00,1.24,1.24,1.24,1.24,30600.0
VNH,2019-05-31 07:00:00,0.7,2.452330911123533,0.7,0.7,1400.0
VNI,2016-06-07 07:00:00,3.87,3.87,3.87,3.87,900.0
VNI,2018-01-17 07:00:00,7.15,7.15,7.15,7.15,120.0
VNI,2018-12-05 07:00:00,8.1,10.3,8.1,9.087615530111801,7135.0
VNI,2019-04-25 07:00:00,10.0,10.0,10.0,10.0,450.0
VNI,2024-12-18 07:00:00,12.8,12.8,8.26230008984726,12.8,7135.0
VNL,2019-02-19 07:00:00,5.48,5.48,5.48,5.48,20.0
VNL,2019-05-17 07:00:00,5.63,6.12,5.63,6.12,70.0
VNL,2019-06-17 07:00:00,5.94,5.94,5.94,5.94,20.0
VNL,2020-05-29 07:00:00,6.05,10.795537811178958,6.05,6.05,3170.0
VNL,2021-01-19 07:00:00,8.09,8.67,8.06,8.67,93600.0
VNL,2021-07-15 07:00:00,8.14,8.14,8.14,8.14,30030.0
VNL,2022-09-19 07:00:00,11.55,11.55,10.525988753514527,11.43,37100.0
VNL,2023-04-28 07:00:00,10.52171133051246,11.5,10.47,10.76,2500.0
VNL,2023-12-20 07:00:00,11.53,11.53,11.53,11.53,300.0
VNL,2025-11-14 07:00:00,22.12,22.12,22.02,22.02,6200.0
VNP,2015-11-12 07:00:00,1.62,1.69,1.48,1.69,14400.0
VNP,2017-07-10 07:00:00,3.9,3.9,3.66,3.66,10500.0
VNP,2017-12-01 07:00:00,4.39,4.39,4.14,4.31,126029.0
VNP,2020-11-16 07:00:00,5.59,5.59,5.41,5.5,51900.0
VNP,2021-04-19 07:00:00,8.52,9.68,8.52,9.68,803400.0
VNP,2022-06-07 07:00:00,8.906928425357872,15.89,8.84283606557377,15.71,2600.0
VNP,2022-09-19 07:00:00,14.82,15.09,8.84283606557377,13.58,38320.0
VNP,2023-04-12 07:00:00,10.03,10.03,8.84283606557377,9.5,126029.0
VNP,2023-09-18 07:00:00,11.36,11.36,8.84283606557377,11.36,7300.0
VNP,2023-11-23 07:00:00,11.45,11.45,8.84283606557377,9.683780295576875,1500.0
VNP,2025-10-07 07:00:00,12.8,12.8,12.5,12.7,126029.0
VNP,2025-12-16 07:00:00,8.906928425357872,20.6,8.84283606557377,20.2,138400.0
VNR,2016-07-08 07:00:00,8.56,14.156033912324235,8.52,8.6,470100.0
VNR,2016-10-18 07:00:00,8.24,14.156033912324235,8.24,8.44,64553.0
VNR,2018-01-17 07:00:00,9.89,9.89,9.75,9.8,64553.0
VNR,2018-08-10 07:00:00,9.97,9.97,9.97,9.97,10.0
VNR,2018-12-27 07:00:00,9.35,14.156033912324235,9.3,10.14,490.0
VNR,2022-05-11 07:00:00,16.03,16.03,14.71,14.82697466322813,69700.0
VNR,2022-09-12 07:00:00,18.56,18.56,17.96,18.42,64553.0
VNR,2023-11-10 07:00:00,18.17,18.17,17.79,18.09,64553.0
VNR,2025-08-08 07:00:00,20.8,21.1,13.808038891187422,14.82697466322813,27900.0
VNR,2025-08-14 07:00:00,21.8,22.4,21.7,21.8,51500.0
VNR,2026-04-03 07:00:00,20.6,20.8,13.808038891187422,20.7,16600.0
VNY,2022-04-26 07:00:00,7.1,8.1,5.636513157894737,7.1,2900.0
VNY,2022-06-21 07:00:00,5.1,5.1,5.0,5.0,9897.0
VNY,2022-07-18 07:00:00,5.2,5.833112582781457,5.2,5.2,100.0
VOS,2017-02-16 07:00:00,1.05,7.403930097087378,1.04,1.1,200000.0
VOS,2017-03-22 07:00:00,1.04,1.04,0.98,1.01,27120.0
VOS,2017-06-20 07:00:00,2.91,2.91,2.54,2.54,1067900.0
VOS,2018-10-09 07:00:00,7.061273786407766,7.403930097087378,1.68,1.68,166360.0
VOS,2018-11-21 07:00:00,1.44,1.49,1.44,1.47,29330.0
VOS,2018-11-29 07:00:00,1.43,1.52,1.43,1.52,1879853.0
VOS,2019-09-30 07:00:00,1.76,1.84,1.75,1.77,178230.0
VOS,2022-10-19 07:00:00,11.17,11.59,11.12,11.54,826800.0
VOS,2023-10-27 07:00:00,9.05,9.22,7.096479255525398,8.98,1844600.0
VOS,2024-05-15 07:00:00,13.03,13.92,12.89,13.92,1879853.0
VOS,2024-07-12 07:00:00,19.73,20.01,19.13,19.45,1879853.0
VPA,2021-11-19 07:00:00,8.5,8.5,4.2836842105263155,8.5,5571.0
VPA,2021-12-30 07:00:00,4.293971166448231,7.2,4.2836842105263155,4.889631308920838,5571.0
VPA,2022-04-14 07:00:00,8.1,8.2,4.2836842105263155,4.889631308920838,3600.0
VPA,2023-01-04 07:00:00,4.293971166448231,4.525065963060686,3.0,3.1,5571.0
VPA,2023-10-27 07:00:00,4.293971166448231,4.525065963060686,3.3,3.3,5571.0
VPG,2018-02-12 07:00:00,13.9535383113714,14.52252693437806,5.22,5.32,128290.0
VPG,2019-03-14 07:00:00,13.9535383113714,14.52252693437806,6.67,6.79,1377694.0
VPG,2020-09-07 07:00:00,6.26,6.37,6.12,6.18,1377694.0
VPG,2021-01-21 07:00:00,10.07,10.64,9.96,10.62,693500.0
VPG,2022-01-10 07:00:00,44.44,44.44,41.94,42.75,685800.0
VPG,2024-09-04 07:00:00,13.15,14.52252693437806,12.8,13.5,882300.0
VPG,2025-08-11 07:00:00,10.2,10.5,9.81,9.95,2026300.0
VPH,2016-06-20 07:00:00,3.62,5.436316786661615,3.59,3.7,528254.0
VPH,2017-02-23 07:00:00,4.71,4.71,4.71,4.71,358580.0
VPH,2019-02-21 07:00:00,3.43,5.436316786661615,3.36,3.4,31790.0
VPH,2020-06-19 07:00:00,5.259779969650986,5.436316786661615,3.71,3.79,528254.0
VPH,2021-09-07 07:00:00,5.259779969650986,5.436316786661615,4.59,4.62,528254.0
VPH,2024-04-17 07:00:00,6.55,6.55,6.22,6.22,119200.0
VPH,2025-01-23 07:00:00,6.6,6.6,6.41,6.59,528254.0
VPH,2026-03-25 07:00:00,3.6,3.84,3.6,3.79,528254.0
VQC,2017-08-28 07:00:00,5.73,5.73,5.73,5.73,1020.0
VQC,2022-05-26 07:00:00,16.74,16.74,10.68171497584541,16.74,100.0
VRE,2023-09-13 07:00:00,29.55,29.6,28.518329355608593,29.0,6439000.0
VRG,2017-08-22 07:00:00,13.862635135135134,14.374399819494585,2.64,2.64,400.0
VRG,2019-10-03 07:00:00,13.862635135135134,14.374399819494585,7.19,7.32,54437.0
VRG,2020-10-09 07:00:00,15.63,16.91,15.63,16.2,54437.0
VRG,2021-06-29 07:00:00,17.69,17.69,13.790377189043557,17.69,54437.0
VRG,2021-12-15 07:00:00,18.06,18.06,17.41,17.55,34800.0
VRG,2023-10-23 07:00:00,18.27,18.35,18.27,18.35,1100.0
VRG,2024-08-21 07:00:00,22.74,22.92,13.790377189043557,22.83,54437.0
VRG,2025-01-03 07:00:00,21.69,21.69,21.69,21.69,54437.0
VRG,2025-03-25 07:00:00,20.46,20.9,20.46,20.9,54437.0
VSF,2019-10-18 07:00:00,6.0,22.64767857142857,6.0,6.5,35905.0
VSF,2023-05-26 07:00:00,21.833809099018733,22.64767857142857,8.4,8.4,4500.0
VSF,2024-12-13 07:00:00,33.4,33.4,21.93769024171889,23.875982895234845,900.0
VSH,2016-03-29 07:00:00,9.52,9.64,9.52,9.58,59350.0
VSH,2016-10-25 07:00:00,9.98,23.915781933943496,9.98,9.98,103732.0
VSH,2018-10-25 07:00:00,12.48,12.48,12.16,12.3,103732.0
VSH,2021-12-06 07:00:00,21.27,21.65,20.28,21.12,103732.0
VSH,2022-02-25 07:00:00,21.46,23.915781933943496,21.38,21.61,15600.0
VSH,2024-05-15 07:00:00,43.24,44.05,43.24,44.05,103732.0
VSH,2024-08-09 07:00:00,46.3,46.3,45.85,46.3,103732.0
VSI,2022-02-18 07:00:00,14.72,14.72,12.3107596751075,14.72,1000.0
VSI,2023-10-20 07:00:00,14.28,14.28,14.28,14.28,100.0
VSI,2025-07-15 07:00:00,18.58,18.58,12.3107596751075,13.178702811110952,100.0
VST,2015-11-12 07:00:00,1.61,1.61,1.61,1.61,16200.0
VST,2015-11-25 07:00:00,1.61,1.61,1.61,1.61,152561.0
VTA,2019-04-16 07:00:00,5.85,5.85,5.85,5.85,85.0
VTA,2022-07-13 07:00:00,4.92,5.150638873849485,4.83,4.92,11710.0
VTA,2023-07-14 07:00:00,4.0,4.3,4.0,4.3,6400.0
VTA,2024-03-13 07:00:00,3.3,3.4,3.3,3.4,304.0
VTA,2024-03-29 07:00:00,3.3,3.7,3.3,3.7,3500.0
VTA,2025-01-15 07:00:00,3.5,3.5,2.9,3.5,7500.0
VTD,2019-11-21 07:00:00,18.43,20.24,11.003557632398753,20.24,249160.0
VTD,2020-06-16 07:00:00,15.83,16.7,11.003557632398753,12.035336829024919,106100.0
VTD,2020-07-27 07:00:00,15.04,15.28,11.003557632398753,12.035336829024919,191510.0
VTD,2021-04-23 07:00:00,12.52,12.6,11.003557632398753,12.035336829024919,171548.0
VTD,2021-07-22 07:00:00,9.69,9.92,9.69,9.77,29700.0
VTD,2021-10-22 07:00:00,12.05,12.29,10.24,11.97,423625.0
VTD,2021-11-23 07:00:00,13.23,14.02,11.003557632398753,12.035336829024919,249160.0
VTD,2025-04-08 07:00:00,11.1,11.1,9.0,9.3,249160.0
VTH,2016-03-28 07:00:00,8.8,9.32,7.6027133655394525,9.11,24200.0
VTH,2017-07-13 07:00:00,7.5354911433172305,7.59,7.1,7.1,168500.0
VTH,2017-11-28 07:00:00,6.73,7.878586345381526,6.24,6.24,9085.0
VTH,2018-11-12 07:00:00,6.36,6.36,5.92,5.92,9085.0
VTH,2026-02-12 07:00:00,8.0,8.0,7.6027133655394525,8.0,2100.0
VTX,2016-02-18 07:00:00,11.27,12.09,11.27,12.09,10220.0
VTX,2020-03-16 07:00:00,16.9,17.0,16.9,16.9,782.0
VTX,2020-06-11 07:00:00,18.9,18.9,18.9,18.9,104.0
VTX,2021-08-27 07:00:00,17.0,17.0,14.0,14.0,430.0
VTX,2021-09-07 07:00:00,16.4,17.0,12.89825117370892,17.0,6469.0
VVS,2026-01-23 07:00:00,63.0,65.0,35.583021442495124,61.0,66500.0
VXB,2020-07-07 07:00:00,15.745561224489794,16.361090289608175,4.6,4.6,14381.0
VXB,2022-03-02 07:00:00,42.5,42.5,42.5,42.5,900.0
VXB,2022-03-29 07:00:00,37.0,38.6,15.552984562607204,38.6,1100.0
X20,2022-09-20 07:00:00,7.1,7.1,7.1,7.1,6725.0
X20,2024-01-31 07:00:00,8.9,9.69,8.9,9.69,1100.0
X20,2025-06-03 07:00:00,12.55,12.64,12.55,12.55,6725.0
X26,2021-07-09 07:00:00,15.86,15.86,15.86,15.86,100.0
XMC,2019-08-29 07:00:00,8.67,8.67,8.6,8.6,4566.0
XMC,2020-02-26 07:00:00,7.05,8.300484886649874,7.05,7.05,51595.0
XMC,2020-07-07 07:00:00,6.76,8.300484886649874,6.76,6.76,600.0
XMC,2021-08-30 07:00:00,8.013792452830188,8.89,7.972159447583176,8.89,14410.0
XMC,2021-10-29 07:00:00,9.87,11.18,9.87,11.18,186119.0
XMC,2022-02-21 07:00:00,8.013792452830188,15.34,7.972159447583176,14.19,310900.0
XMC,2023-06-20 07:00:00,6.92,6.92,6.65,6.92,51595.0
XMC,2024-07-02 07:00:00,7.8,8.300484886649874,7.3,7.4,37018.0
XMC,2025-12-24 07:00:00,10.1,10.3,9.8,10.3,51595.0
XMC,2026-04-08 07:00:00,8.013792452830188,9.3,7.972159447583176,8.602520142362364,51595.0
XPH,2015-10-21 07:00:00,7.03,7.935121693121693,6.94,6.94,11100.0
XPH,2016-08-12 07:00:00,6.77,6.77,6.77,6.77,1700.0
XPH,2017-03-13 07:00:00,6.83,7.21,6.74,6.74,13995.0
XPH,2019-04-25 07:00:00,5.4,5.4,5.3,5.3,13995.0
YTC,2020-09-16 07:00:00,31.29,31.29,31.29,31.29,20.0
YTC,2021-06-16 07:00:00,38.46,38.46,32.20643258426966,38.22,4400.0
YTC,2024-10-21 07:00:00,58.14,58.14,58.14,58.14,4021.0
HCD,2020-04-20 07:00:00,2.09,2.24,2.09,2.24,711430.0
PNP,2024-08-07 07:00:00,19.47,19.47,19.47,19.47,1905.0
VIG,2025-07-11 07:00:00,6.7,7.0,4.375972540045766,4.8143339823142535,1355800.0
CSC,2021-03-23 07:00:00,20.58,20.58,17.93577481365241,19.32,216348.0
VE9,2015-10-05 07:00:00,3.067678006329114,5.31,2.9746801748112834,4.77,68880.0
THT,2022-08-09 07:00:00,10.39,10.9,6.932886391007627,7.746104217386491,108100.0
NAG,2018-01-08 07:00:00,3.18,3.18,2.99,3.13,247275.0
EVG,2021-08-17 07:00:00,7.83,8.06,7.68,7.8,664700.0
S72,2023-06-07 07:00:00,7.1,7.1,7.1,7.1,100.0
BHP,2016-01-20 07:00:00,9.18,9.18,7.399071082390953,8.226992528977835,4180.0
ANV,2017-11-08 07:00:00,11.33837019790454,11.748638824439288,3.34,3.36,1807875.0
VIF,2023-09-27 07:00:00,17.48,17.48,13.69714366197183,15.213053061536645,2601.0
NAF,2023-01-27 07:00:00,8.92,9.25,8.92,9.0,163400.0
PVT,2020-09-03 07:00:00,6.6,12.126235741444868,6.46,6.51,2647810.0
VET,2022-05-05 07:00:00,77.84,77.84,77.29,77.29,3307.0
SFI,2026-03-20 07:00:00,17.322339911397503,28.4,17.24434502216848,28.4,18100.0
SAV,2019-12-13 07:00:00,8.689223892726535,9.083710921640277,3.84,3.84,68237.0
NAS,2022-03-25 07:00:00,34.3,34.3,34.0,34.0,2000.0
S12,2022-12-30 07:00:00,2.5,2.5,2.5,2.5,32638.0
CSV,2018-01-26 07:00:00,8.67,9.05,8.67,8.83,15420.0
DC1,2018-04-16 07:00:00,4.37,7.533112449799196,4.37,5.01,300.0
TDC,2018-12-27 07:00:00,5.63,5.63,5.42,5.62,28960.0
TDC,2019-02-28 07:00:00,5.74,5.74,5.56,5.67,82930.0
CMM,2023-07-24 07:00:00,7.5,10.791139410187666,7.5,8.0,11100.0
VNP,2022-06-07 07:00:00,8.906928425357872,15.89,8.84283606557377,15.71,2600.0
PBC,2024-03-19 07:00:00,6.65,6.65,6.56,6.65,21162.0
THG,2020-02-28 07:00:00,12.6,22.28860103626943,12.38,12.6,58658.0
NDC,2021-06-23 07:00:00,96.95,96.95,85.58555040556199,96.95,1200.0
GHC,2023-01-11 07:00:00,20.99,20.99,18.350547598989046,20.84,4100.0
ELC,2019-07-11 07:00:00,10.27205734211546,10.660174418604651,3.37,3.44,715342.0
ANV,2018-12-04 07:00:00,10.19,10.74,10.15,10.71,760830.0
HAP,2016-11-02 07:00:00,2.48,2.53,2.42,2.47,504145.0
VSH,2022-02-25 07:00:00,21.46,23.915781933943496,21.38,21.61,15600.0
HAC,2025-09-26 07:00:00,11.5,12.4,11.5,12.4,700.0
VTH,2017-11-28 07:00:00,6.73,7.878586345381526,6.24,6.24,9085.0
PIC,2015-12-03 07:00:00,10.556980664353,11.009139303482586,3.82,3.82,100.0
VSF,2023-05-26 07:00:00,21.833809099018733,22.64767857142857,8.4,8.4,4500.0
DST,2021-12-17 07:00:00,10.0,10.5,8.135593351372245,10.0,3000549.0
ABT,2019-03-15 07:00:00,27.84,29.9712134088763,27.84,27.84,170.0
SAV,2019-07-16 07:00:00,4.05,4.11,4.03,4.07,1210.0
BHN,2022-10-05 07:00:00,46.19,55.65581923419413,44.83,46.1,7500.0
POW,2023-07-18 07:00:00,11.05,11.21,11.01,11.17,11891492.0
VCI,2019-07-29 07:00:00,5.91,5.93,5.82,5.93,8397919.0
MCO,2022-02-10 07:00:00,4.924789915966387,7.3,4.886014171833481,5.377707583684962,56212.0
VIF,2022-04-12 07:00:00,17.32,17.4,13.69714366197183,17.4,16028.0
DST,2018-02-08 07:00:00,3.1,3.4,2.8,3.4,5636180.0
DPR,2016-07-01 07:00:00,20.96676493108729,21.68535372848948,7.36,7.36,29890.0
D2D,2021-04-26 07:00:00,27.82,28.08,27.5,27.61,255500.0
PBC,2021-06-17 07:00:00,15.38,15.38,10.903148936170213,11.842604568031822,97218.0
VDS,2017-04-19 07:00:00,3.76,3.84,3.72,3.8,1011979.0
TCW,2023-12-19 07:00:00,23.38,23.38,19.125869463869464,23.21,26420.0
VRE,2023-09-13 07:00:00,29.55,29.6,28.518329355608593,29.0,6439000.0
VOS,2017-02-16 07:00:00,1.05,7.403930097087378,1.04,1.1,200000.0
DTL,2023-05-17 07:00:00,32.95,32.95,23.77525787965616,25.825877859177822,200.0
TTN,2026-03-12 07:00:00,15.8,15.8,9.083313580246912,15.5,29800.0
TNS,2022-06-09 07:00:00,4.383171127331711,6.8,4.355094031071136,6.4,74500.0
S99,2021-02-24 07:00:00,18.93,20.61,18.78,20.61,3722616.0
VOS,2023-10-27 07:00:00,9.05,9.22,7.096479255525398,8.98,1844600.0
DHM,2016-08-23 07:00:00,12.66,12.66,12.49,12.49,429420.0
ACL,2019-10-11 07:00:00,12.25,12.27,12.04,12.1,17610.0
CSV,2016-04-08 07:00:00,13.899624664879356,14.384793261868301,4.81,5.01,946979.0
TDT,2022-11-28 07:00:00,6.98,6.98,6.789221991701245,6.8,107455.0
PPH,2020-07-28 07:00:00,6.39,7.26,6.39,7.26,2600.0
UDC,2022-11-17 07:00:00,5.46,5.86,4.667716718266253,5.84,83706.0
IHK,2026-04-14 07:00:00,6.9,6.9,6.9,6.9,100.0
PVV,2018-06-29 07:00:00,1.0,1.1,1.0,1.0,8500.0
IJC,2023-03-28 07:00:00,8.45,8.61,8.29,8.29,3102649.0
XMC,2024-07-02 07:00:00,7.8,8.300484886649874,7.3,7.4,37018.0
AVC,2018-03-05 07:00:00,15.67,35.931897637795274,15.67,15.67,1100.0
FCN,2025-08-25 07:00:00,17.17,17.46,16.48,16.48,3568700.0
EVG,2020-12-09 07:00:00,4.17,4.17,3.98,4.09,2463727.0
TRC,2018-06-08 07:00:00,17.67,17.67,17.08,17.41,84905.0
VGV,2023-10-10 07:00:00,28.56,28.56,26.27,26.75,43237.0
LMH,2023-10-13 07:00:00,3.4,3.4,3.2,3.4,230510.0
PV2,2020-07-16 07:00:00,2.1,3.0671881606765328,2.1,2.3,200.0
PNC,2018-03-06 07:00:00,15.45,16.56,12.63035,13.620251115136771,3236.0
BTP,2024-09-20 07:00:00,12.38,12.38,12.19,12.38,55560.0
PCH,2023-12-04 07:00:00,8.35,8.61,8.0,8.61,207159.0
HCD,2016-08-05 07:00:00,4.96,6.010249795249796,4.84,4.96,162740.0
TVN,2026-01-22 07:00:00,8.11046768707483,9.2,8.052814752013566,9.0,749945.0
CSM,2024-02-16 07:00:00,12.14,12.28,11.85,11.94,47000.0
MCG,2017-08-25 07:00:00,3.64,3.79,3.55,3.79,281590.0
VNG,2017-06-19 07:00:00,11.71,11.71,11.32,11.52,104370.0
IDV,2025-08-25 07:00:00,22.9,22.98,22.65,22.73,10100.0
DRI,2019-08-19 07:00:00,4.35,8.075123929698062,4.28,4.28,14320.0
PTI,2020-07-02 07:00:00,12.56,19.632925824175825,12.56,12.56,29359.0
ND2,2017-11-27 07:00:00,10.65,10.75,10.65,10.75,13186.0
PGD,2024-02-20 07:00:00,33.43,33.43,23.174957541447633,33.34,57349.0
CQN,2022-09-29 07:00:00,24.414818423383526,25.423548672566373,17.18,17.18,500.0
PIC,2018-01-17 07:00:00,9.07,11.009139303482586,9.07,9.07,5672.0
HOT,2023-08-29 07:00:00,26.454675438596492,27.463420593368237,19.4,19.8,300.0
VNL,2019-05-17 07:00:00,5.63,6.12,5.63,6.12,70.0
PND,2025-05-15 07:00:00,6.6,6.6,6.6,6.6,4900.0
BMS,2023-08-31 07:00:00,9.94,10.67,9.94,10.51,458816.0
TMT,2022-08-23 07:00:00,13.064312354312355,19.5,12.943317775184752,19.2,56407.0
BTP,2024-12-11 07:00:00,11.31,11.31,11.17,11.27,12700.0
NDC,2025-10-24 07:00:00,127.2,127.2,127.2,127.2,100.0
EVG,2020-05-29 07:00:00,2.06,5.694592760180996,2.06,2.07,2463727.0
MCM,2023-05-16 07:00:00,33.23,33.31,33.06,33.15,21415.0
BTP,2024-06-17 07:00:00,13.33,13.38,13.24,13.29,55560.0
HID,2022-04-25 07:00:00,7.8,7.8,4.47427283900041,4.8701153298545155,636700.0
DTI,2022-10-28 07:00:00,4.91,6.3520684292379475,4.91,4.91,80517.0
HOT,2022-03-21 07:00:00,38.5,38.5,26.748505244755247,38.5,2500.0
CRE,2022-12-29 07:00:00,9.338532351394003,10.0,9.15,10.0,346900.0
MIG,2017-06-06 07:00:00,4.77,4.77,4.77,4.77,1000.0
PNC,2024-05-31 07:00:00,8.26,13.093984915147706,8.26,8.26,3236.0
CTI,2024-01-03 07:00:00,15.2,16.0,15.2,15.65,734900.0
DBD,2021-01-25 07:00:00,24.32,31.706690017513136,23.77,23.87,149304.0
PHC,2025-04-01 07:00:00,5.45,5.46,5.4,5.46,375395.0
HDB,2025-07-18 07:00:00,18.85,18.89,18.58,18.81,14310500.0
BCM,2024-09-19 07:00:00,69.13,69.62,49.464689689689685,69.62,346300.0
SHN,2024-01-24 07:00:00,7.5,7.5,7.0,7.0,600.0
VMD,2020-09-07 07:00:00,13.89,13.96,13.89,13.96,90.0
VIN,2021-08-17 07:00:00,11.86,12.495234318673395,11.39,11.47,40100.0
CSV,2025-10-23 07:00:00,29.3,29.8,13.905925642008432,29.1,237100.0
DLG,2021-07-05 07:00:00,3.41,3.42,3.21,3.27,10979200.0
TRS,2020-11-02 07:00:00,18.605074626865672,19.2896125,16.62,16.62,140.0
SSN,2018-02-23 07:00:00,18.7,18.7,18.7,18.7,225040.0
SGH,2017-07-27 07:00:00,21.1,27.630722513089005,21.1,21.1,100.0
S99,2020-11-16 07:00:00,7.7338098888463005,12.67,7.692741997686078,12.67,478005.0
TCW,2017-08-02 07:00:00,9.13,9.13,9.1,9.13,26420.0
TNC,2018-12-14 07:00:00,7.93,21.460517336268577,7.93,7.93,9105.0
AVC,2024-10-04 07:00:00,49.15,50.07,35.34248623131393,49.98,1300.0
CTW,2018-09-26 07:00:00,4.14,22.14733913043478,4.14,4.14,700.0
CDP,2023-09-25 07:00:00,9.52,9.63457396046353,9.35,9.35,1715.0
VSI,2022-02-18 07:00:00,14.72,14.72,12.3107596751075,14.72,1000.0
HEV,2025-07-03 07:00:00,16.7,18.0,11.50024523160763,18.0,2352.0
ADC,2021-09-06 07:00:00,19.5,19.5,11.92452065471551,19.5,2437.0
PCT,2018-08-22 07:00:00,5.4,5.48,5.4,5.48,7273.0
UPH,2017-12-29 07:00:00,20.44,20.44,20.44,20.44,14000.0
LDP,2019-05-06 07:00:00,23.09,25.45,23.09,24.31,1900.0
PGD,2024-10-16 07:00:00,29.44,30.25,23.174957541447633,30.2,27700.0
NDX,2024-08-16 07:00:00,5.41,5.59,5.41,5.59,3600.0
BVL,2024-02-27 07:00:00,10.26,13.200160160160161,9.53,9.53,1700.0
VIF,2024-11-19 07:00:00,16.69,16.69,16.69,16.69,7000.0
SBV,2019-11-07 07:00:00,4.69,4.69,4.63,4.63,50330.0
ACM,2016-02-03 07:00:00,3.96,4.49,3.91,4.49,1526440.0
BAL,2022-06-09 07:00:00,10.83,10.83,10.83,10.83,1107.0
PVO,2016-04-04 07:00:00,4.08,5.789121764955452,4.08,4.08,100.0
L14,2021-04-26 07:00:00,44.00006130268199,62.32,43.76507651109411,60.37,73510.0
PLP,2019-09-18 07:00:00,6.89,7.2102842497670085,6.84,6.84,151210.0
DHM,2021-05-14 07:00:00,9.09,9.23,9.09,9.18,303900.0
TTZ,2021-01-13 07:00:00,3.2,4.748266199649737,3.1,3.2,128191.0
PGD,2024-11-22 07:00:00,29.4,29.49,29.4,29.49,57349.0
VES,2017-12-01 07:00:00,1.1,1.1,1.1,1.1,1.0
PGB,2025-06-16 07:00:00,10.71,10.86,10.55,10.78,163682.0
DWC,2024-10-22 07:00:00,8.14,8.14,8.14,8.14,100.0
NAS,2018-03-22 07:00:00,25.89,25.89,25.89,25.89,13900.0
CDO,2017-01-16 07:00:00,4.26,5.73868306010929,4.26,4.26,14950.0
ACL,2019-05-29 07:00:00,15.33,15.41,10.151327033689402,15.2,140340.0
SRF,2020-07-22 07:00:00,11.64,12.73,10.73919374247894,11.914405249804432,2850.0
MCG,2025-08-26 07:00:00,2.997668495297806,3.2,2.9749159170903403,3.2,62800.0
TCW,2023-10-12 07:00:00,23.38,23.64,23.38,23.64,700.0
DVG,2022-07-05 07:00:00,7.7778617710583156,8.7,7.681954887218045,8.518606051884545,536989.0
TJC,2024-04-11 07:00:00,6.319156086631815,9.52,6.290409836065574,6.934579061416911,100.0
VCM,2024-10-16 07:00:00,7.65,7.65,7.65,7.65,200.0
EBS,2016-10-06 07:00:00,3.46,3.46,3.46,3.46,1000.0
VST,2015-11-12 07:00:00,1.61,1.61,1.61,1.61,16200.0
VNR,2023-11-10 07:00:00,18.17,18.17,17.79,18.09,64553.0
TDF,2024-11-08 07:00:00,12.45,12.45,12.45,12.45,100.0
IDI,2022-04-08 07:00:00,20.54,20.58,19.22,19.26,6787900.0
VC6,2024-06-13 07:00:00,13.7,13.7,9.34863157894737,13.63,5966.0
ILC,2025-12-01 07:00:00,6.3,6.3,6.3,6.3,200.0
VNH,2019-05-31 07:00:00,0.7,2.452330911123533,0.7,0.7,1400.0
IDI,2024-05-15 07:00:00,9.73,9.77,6.697025993883791,9.65,1076200.0
IDI,2021-02-24 07:00:00,4.89,5.01,4.77,4.86,2180300.0
VIG,2025-12-09 07:00:00,5.8,5.8,5.7,5.7,81500.0
XPH,2015-10-21 07:00:00,7.03,7.935121693121693,6.94,6.94,11100.0
AGP,2017-10-20 07:00:00,7.61,7.61,7.61,7.61,8278.0
NAF,2018-07-10 07:00:00,8.44,8.63,8.37,8.37,58820.0
TDC,2022-07-26 07:00:00,14.19,14.57,13.61,13.8,505100.0
SHN,2017-11-30 07:00:00,8.692785493827161,9.12,8.654789005032907,9.12,824400.0
DVN,2018-07-02 07:00:00,16.116545372866128,16.810112359550562,11.19,11.19,178149.0
CRE,2019-05-30 07:00:00,6.81,6.81,6.65,6.65,272580.0
SHS,2022-02-09 07:00:00,8.140823216995447,19.12,8.101195445920304,8.901731145986806,14180223.0
BTP,2017-10-27 07:00:00,4.62,4.78,4.62,4.62,13200.0
VNR,2022-05-11 07:00:00,16.03,16.03,14.71,14.82697466322813,69700.0
PRE,2023-03-20 07:00:00,13.82,13.82,13.58,13.66,1500.0
TMT,2017-12-28 07:00:00,7.95,13.475929512006196,7.95,8.66,16970.0
ACL,2018-08-10 07:00:00,10.16688989317995,10.565010258514567,4.09,4.24,160.0
KDC,2023-06-06 07:00:00,61.74,61.74,60.98,61.55,1086952.0
POW,2019-10-17 07:00:00,10.385942602671946,10.831750123946454,10.34,10.42,11891492.0
NFC,2026-01-06 07:00:00,51.33,56.33,23.18267394270123,52.35,2400.0
HU3,2023-08-02 07:00:00,5.1850908244061475,5.377346747777257,4.5,4.5,100.0
HEJ,2020-01-14 07:00:00,22.22,25.43,22.22,25.43,10225.0
LDP,2016-10-21 07:00:00,23.79,24.47,16.438262711864407,18.27449196470623,2400.0
AGP,2024-08-08 07:00:00,34.76,34.76,34.76,34.76,27124.0
DRI,2019-03-04 07:00:00,4.82,4.82,4.75,4.82,961657.0
DIH,2025-09-22 07:00:00,15.86,15.86,15.67,15.67,17500.0
HDG,2017-01-06 07:00:00,4.48,4.61,4.48,4.49,2899987.0
VTD,2020-07-27 07:00:00,15.04,15.28,11.003557632398753,12.035336829024919,191510.0
IJC,2021-11-19 07:00:00,8.054276629570747,18.75,8.033947577442415,17.21,15178600.0
HAP,2024-07-17 07:00:00,4.64,4.69,4.35,4.58,504145.0
HDG,2021-06-01 07:00:00,19.46,20.62,19.24,20.12,3623200.0
CTP,2024-07-23 07:00:00,7.8,8.1,7.8,7.9,160903.0
EIN,2025-04-02 07:00:00,2.4,2.4,2.4,2.4,7489.0
AVC,2024-03-01 07:00:00,53.4,53.49,35.34248623131393,53.4,3181.0
HAP,2019-08-05 07:00:00,2.39,2.39,2.34,2.35,11670.0
VPA,2022-04-14 07:00:00,8.1,8.2,4.2836842105263155,4.889631308920838,3600.0
GMC,2016-07-07 07:00:00,12.19,12.36,11.86,12.36,33397.0
TNT,2023-03-24 07:00:00,3.76,3.78,3.7,3.76,40700.0
CCI,2022-04-28 07:00:00,22.28,23.36,12.787405489383739,14.14489569187297,6900.0
CQN,2025-09-15 07:00:00,31.1,31.3,24.74875,26.955115279293043,13400.0
TRC,2025-09-05 07:00:00,72.0,75.0,72.0,73.3,276300.0
ILA,2022-10-31 07:00:00,4.65,4.65,4.27,4.46,154667.0
TFC,2017-07-04 07:00:00,4.24,16.044521303258144,4.17,4.17,1750.0
TNB,2016-05-31 07:00:00,4.82,4.82,3.87,4.34,8800.0
XMC,2020-07-07 07:00:00,6.76,8.300484886649874,6.76,6.76,600.0
TNC,2025-10-17 07:00:00,28.75,29.5,20.721832229580574,22.08636657391049,1400.0
HBS,2024-11-01 07:00:00,7.8,7.8,7.3,7.3,31304.0
HID,2025-12-16 07:00:00,7.32,7.32,7.32,7.32,110700.0
L61,2023-06-09 07:00:00,4.8,5.1,4.8,5.1,260.0
DRH,2020-11-26 07:00:00,5.74,5.74,5.63,5.63,1080910.0
VKC,2018-08-24 07:00:00,5.7,5.7,5.7,5.7,3510.0
BLI,2020-01-03 07:00:00,6.12,6.12,5.72,5.72,22349.0
HEJ,2024-01-30 07:00:00,18.757676056338028,19.577648902821316,10.8,11.0,10225.0
VJC,2019-05-29 07:00:00,124.5,124.5,122.8,123.5,443520.0
CDP,2019-11-05 07:00:00,4.88,4.88,4.88,4.88,25302.0
DAS,2021-12-15 07:00:00,13.85,13.85,9.681772805507745,11.93,6500.0
KSQ,2023-04-12 07:00:00,1.7,1.8,1.6,1.7,61232.0
SHS,2018-01-30 07:00:00,4.83,4.87,4.67,4.87,2529060.0
PXI,2020-11-23 07:00:00,3.26,3.28,3.203714531384351,3.28,56600.0
VVS,2026-01-23 07:00:00,63.0,65.0,35.583021442495124,61.0,66500.0
VIG,2025-03-27 07:00:00,7.6,7.6,4.375972540045766,7.5,724008.0
CSC,2020-08-20 07:00:00,17.91673998428908,18.855480957989794,12.38,12.38,2000.0
VEF,2024-03-20 07:00:00,123.84,123.84,77.81757894736842,121.83,39076.0
CID,2024-11-06 07:00:00,12.173535353535353,26.08,11.935669371196754,25.53,1300.0
HAP,2016-07-19 07:00:00,2.74,2.74,2.63,2.74,216490.0
ONW,2018-12-28 07:00:00,15.3,15.3,12.384403669724772,15.3,100.0
TNS,2024-07-26 07:00:00,5.4,5.6,4.355094031071136,5.0,98303.0
PXA,2026-02-13 07:00:00,0.9,1.6375113533151682,0.9,0.9,1100.0
SHS,2015-10-09 07:00:00,1.34,8.53507779886148,1.32,1.32,401525.0
SVC,2018-08-28 07:00:00,10.39,10.62,10.39,10.62,1210.0
HCD,2024-02-05 07:00:00,9.56,9.88,9.46,9.85,802546.0
SDU,2018-10-10 07:00:00,9.3,9.3,9.3,9.3,100.0
BTS,2018-02-07 07:00:00,5.696642235455795,6.000719523373052,4.61,4.61,100.0
TRC,2024-04-26 07:00:00,39.41,39.41,39.41,39.41,84905.0
KDC,2021-04-02 07:00:00,49.67,49.67,39.457691101528816,42.90583712898167,1086952.0
KMR,2022-07-20 07:00:00,4.52,4.79,3.970478743776331,4.6,275171.0
CSV,2023-02-28 07:00:00,9.63,9.84,9.24,9.43,946979.0
PVT,2021-05-05 07:00:00,10.79,11.24,10.66,11.21,4115359.0
CSC,2024-04-16 07:00:00,21.87,21.87,17.93577481365241,21.49,108153.0
GHC,2016-04-20 07:00:00,6.66,6.78,6.6,6.6,12800.0
TCI,2025-03-17 07:00:00,9.19,9.34,9.17,9.34,83800.0
SD4,2022-02-14 07:00:00,8.2,8.2,6.0370917484131565,7.9,20633.0
AVC,2024-08-30 07:00:00,50.81,50.81,50.81,50.81,700.0
SZG,2025-07-16 07:00:00,36.2,38.0,36.2,38.0,8077.0
SFI,2021-09-07 07:00:00,21.79,22.0,17.24434502216848,21.74,26100.0
VCP,2017-12-18 07:00:00,13.57,13.87,12.87,12.97,11208.0
PTI,2025-07-23 07:00:00,23.8,23.8,19.0491280403855,23.3,6300.0
VOS,2022-10-19 07:00:00,11.17,11.59,11.12,11.54,826800.0
DAG,2018-06-18 07:00:00,6.78,7.08,6.77,7.0,514170.0
DHD,2017-05-11 07:00:00,5.15,5.15,5.15,5.15,17600.0
VTX,2020-06-11 07:00:00,18.9,18.9,18.9,18.9,104.0
LSG,2022-05-13 07:00:00,13.921063394683026,14.59704684317719,12.2,12.2,15010.0
SCG,2023-04-03 07:00:00,65.18765036086607,70.5,65.0,65.0,200500.0
TS3,2022-03-31 07:00:00,8.5,8.7,5.63641488162345,8.3,6100.0
LBM,2025-08-22 07:00:00,34.1,34.1,33.11,33.83,27009.0
SBV,2024-01-10 07:00:00,9.18,10.796541881141787,9.16,9.16,50330.0
DBC,2021-07-19 07:00:00,18.09,18.26,17.5,17.5,1679500.0
HBS,2023-02-17 07:00:00,4.47,5.101032558139535,4.47,4.89,28233.0
SD4,2023-07-04 07:00:00,4.0,4.0,3.4,3.4,31944.0
ACC,2025-07-11 07:00:00,14.0,14.05,9.20884508164078,13.95,206100.0
VNR,2016-07-08 07:00:00,8.56,14.156033912324235,8.52,8.6,470100.0
ILA,2021-12-01 07:00:00,13.01,13.01,4.520019782393669,5.139180225452574,315004.0
AGP,2019-11-29 07:00:00,19.589614711033278,20.105447630193094,8.94,8.94,8278.0
VBB,2025-09-10 07:00:00,11.49,11.58,8.306593673965937,11.39,106728.0
NSC,2026-01-21 07:00:00,75.1,75.1,75.1,75.1,600.0
HID,2024-08-27 07:00:00,4.456683026584867,4.666132732486686,2.7,2.7,33900.0
NSC,2022-08-25 07:00:00,72.85,72.85,71.3,72.28,10386.0
SFI,2018-12-19 07:00:00,9.22,9.22,8.56,8.56,3350.0
DHA,2019-11-18 07:00:00,17.34,17.69,17.34,17.43,1190.0
ACC,2023-06-08 07:00:00,14.0,14.0,13.75,13.75,62900.0
VHL,2017-06-02 07:00:00,29.15,29.15,20.04028296849973,29.15,11220.0
TAR,2021-08-10 07:00:00,14.31,18.848254091971942,14.13,14.49,1407659.0
GSP,2018-10-22 07:00:00,5.8,7.773232908458865,5.8,5.93,163084.0
CSC,2023-06-08 07:00:00,26.49,26.94,25.96,25.96,70791.0
DAS,2021-11-12 07:00:00,14.19,14.19,14.19,14.19,6000.0
EBS,2021-05-13 07:00:00,6.7,6.7,6.7,6.7,6.0
FDC,2018-08-07 07:00:00,15.6,15.6,15.6,15.6,10.0
TBC,2017-11-27 07:00:00,21.56081690140845,22.173015427769986,13.9,13.9,1000.0
TBC,2025-10-01 07:00:00,35.89,35.93,21.848229755178906,23.587171420986053,11923.0
STG,2024-10-30 07:00:00,42.0,44.4,23.48655797101449,26.365258453933688,98396.0
MIG,2024-05-03 07:00:00,15.08,15.08,14.6,14.86,267700.0
DHM,2026-01-19 07:00:00,6.13,6.15,6.0,6.1,1500.0
DCL,2023-08-07 07:00:00,24.35,24.8,24.35,24.8,171200.0
CVT,2026-04-21 07:00:00,26.45,26.85,26.45,26.85,405095.0
STC,2025-08-08 07:00:00,16.38,16.38,16.38,16.38,100.0
VLC,2025-12-29 07:00:00,13.8,17.48645965356992,13.8,13.8,221624.0
DGW,2026-02-25 07:00:00,21.978290826037306,53.5,21.808639817629178,52.3,1898224.0
TRC,2017-06-21 07:00:00,19.06,31.909764846552413,19.06,19.31,58520.0
HBS,2019-04-05 07:00:00,2.28,2.28,2.28,2.28,300.0
TXM,2018-03-01 07:00:00,8.39,8.86,5.510736111111111,6.12872160929809,1100.0
MCG,2020-04-13 07:00:00,1.5,1.51,1.45,1.51,25070.0
SJM,2016-05-06 07:00:00,1.06,1.06,1.06,1.06,3800.0
BVS,2016-07-18 07:00:00,9.01,9.43,9.01,9.43,672699.0
ACV,2024-05-15 07:00:00,59.35,61.36,59.35,59.47,449640.0
POS,2023-12-26 07:00:00,10.25,10.25,10.25,10.25,27983.0
DC1,2022-10-04 07:00:00,6.83,6.83,6.41,6.75,1800.0
D2D,2023-07-14 07:00:00,20.77,21.01,20.71,20.89,66400.0
NUE,2024-12-19 07:00:00,8.97,8.97,6.9240829493087555,7.539118093310266,2600.0
ACC,2021-07-09 07:00:00,6.48,6.52,6.35,6.35,55900.0
SD6,2026-02-06 07:00:00,2.2,2.2,2.1,2.1,1300.0
STG,2018-01-16 07:00:00,23.425499092558987,24.213249772105744,18.13,18.39,127870.0
DAG,2015-12-01 07:00:00,7.76,7.96,6.505022603978301,7.56,705320.0
CSV,2018-01-02 07:00:00,8.6,8.6,8.42,8.46,946979.0
TTF,2022-04-13 07:00:00,14.3,14.85,7.0479071537290725,7.849334465143678,4440700.0
PTS,2026-03-13 07:00:00,9.1,9.1,6.139854927463731,9.1,18171.0
TGG,2022-12-30 07:00:00,3.76,7.788655015197569,3.68,3.68,364900.0
PCM,2020-12-08 07:00:00,10.4,12.128918918918918,10.3,10.3,12100.0
TCW,2021-06-11 07:00:00,22.32,22.32,21.98,22.32,26420.0
ACL,2023-05-31 07:00:00,11.11,11.35,11.11,11.21,134000.0
HAC,2019-03-11 07:00:00,3.89,3.89,3.3,3.81,6100.0
TLP,2024-10-23 07:00:00,6.12,6.31,6.12,6.31,30812.0
PNC,2020-03-27 07:00:00,12.49116875,13.093984915147706,9.78,9.82,1090.0
DCL,2021-08-23 07:00:00,45.05,45.9,44.3,44.6,559100.0
ABR,2023-02-27 07:00:00,11.005430312261995,11.558208269525268,6.73,7.19,10776.0
IMP,2025-01-02 07:00:00,46.55,47.09,46.05,46.9,75300.0
TTC,2018-01-04 07:00:00,8.51,8.51,8.51,8.51,1000.0
PIS,2017-06-26 07:00:00,10.22,10.22,9.24758530183727,10.22,100.0
VSF,2024-12-13 07:00:00,33.4,33.4,21.93769024171889,23.875982895234845,900.0
HHG,2022-11-10 07:00:00,1.7,1.7,1.5,1.5,231825.0
VNR,2025-08-14 07:00:00,21.8,22.4,21.7,21.8,51500.0
SGS,2025-11-14 07:00:00,13.94,13.94,8.263809523809524,13.87,2100.0
ANV,2022-06-14 07:00:00,22.75,24.3,22.75,24.3,1807875.0
PXI,2016-03-31 07:00:00,5.5,5.6,3.203714531384351,5.5,131064.0
IDI,2016-06-13 07:00:00,3.32,3.32,3.28,3.32,4229733.0
TBR,2025-05-15 07:00:00,6.706421568627451,6.995921375921376,6.14,6.14,3403.0
DHB,2025-01-07 07:00:00,8.8,9.080806675938804,8.64116828929068,8.9,29710.0
TFC,2017-06-16 07:00:00,4.24,4.24,4.11,4.17,16737.0
DVN,2025-06-05 07:00:00,22.37,22.37,21.99,22.18,78300.0
BAB,2019-03-06 07:00:00,11.24,11.24,11.24,11.24,5200.0
QTC,2025-05-23 07:00:00,15.74,15.74,12.476423135464232,13.41158880972871,12214.0
ONE,2020-12-16 07:00:00,3.59,3.76,3.59,3.76,67100.0
SFI,2019-08-16 07:00:00,8.89,9.27,8.89,9.23,5840.0
FRT,2023-12-25 07:00:00,82.07,83.43,61.479602215508564,83.11,1422806.0
BCM,2023-07-20 07:00:00,76.89,76.89,49.464689689689685,76.7,268200.0
DSC,2025-06-19 07:00:00,12.975609492988132,13.552690246516613,11.34,12.03,56400.0
DBC,2016-10-10 07:00:00,7.85,7.87,7.62,7.62,343710.0
ND2,2017-06-13 07:00:00,8.3,8.3,8.15,8.15,13186.0
DAT,2020-12-21 07:00:00,19.92,21.18,12.850790671217291,14.165965356218926,2930.0
DRH,2020-12-25 07:00:00,6.41,9.618641282565129,6.36,6.86,2448100.0
TNC,2017-06-02 07:00:00,8.01,8.01,8.01,8.01,16000.0
LSG,2024-01-12 07:00:00,9.1,9.2,8.9,8.9,11475.0
VIG,2022-01-21 07:00:00,14.0,14.2,13.3,13.6,814906.0
SGD,2019-01-28 07:00:00,10.47376923076923,10.779156279961649,7.29,7.29,500.0
TCI,2021-07-05 07:00:00,9.002929634641408,11.34,8.956466621712744,9.686949631385037,270200.0
UIC,2018-08-03 07:00:00,17.69,32.77899386503068,17.62,17.62,80.0
HAP,2021-10-29 07:00:00,12.96,12.96,12.37,12.56,952200.0
ABT,2025-04-09 07:00:00,36.94,39.47,29.251492183799147,32.52288841456039,6330.0
VNI,2024-12-18 07:00:00,12.8,12.8,8.26230008984726,12.8,7135.0
CTI,2020-08-04 07:00:00,10.84,10.84,10.58,10.67,955480.0
CST,2022-03-22 07:00:00,13.63,15.1,13.41,14.58,241337.0
AVC,2021-08-24 07:00:00,34.57285039370078,35.931897637795274,19.2,19.73,5600.0
NHH,2022-12-26 07:00:00,13.11,19.893688442211058,12.43,12.56,478896.0
PXA,2018-01-12 07:00:00,1.3,1.6375113533151682,1.3,1.3,160400.0
FRT,2021-06-24 07:00:00,12.38,63.23293762575453,12.18,12.22,951900.0
ABR,2018-07-10 07:00:00,4.08,4.15,4.08,4.15,700.0
CDN,2026-03-10 07:00:00,30.1,31.5,20.51933574333484,22.520956243257594,16100.0
DHA,2024-01-18 07:00:00,45.04,45.84,44.86,45.84,112685.0
VTH,2016-03-28 07:00:00,8.8,9.32,7.6027133655394525,9.11,24200.0
UNI,2016-10-07 07:00:00,6.0,6.2,6.0,6.0,25111.0
DC1,2025-10-31 07:00:00,7.221082716879623,8.6,7.1,8.5,13700.0
AG1,2022-04-27 07:00:00,6.29,6.38,6.29,6.38,1900.0
SFI,2024-01-29 07:00:00,26.17,26.5,26.17,26.17,29900.0
TRC,2021-08-09 07:00:00,30.83,30.83,30.83,30.83,84905.0
QNC,2023-04-21 07:00:00,6.0,6.4190093360995855,6.0,6.0,5825.0
GHC,2023-01-31 07:00:00,21.39,21.39,18.350547598989046,21.39,5600.0
D2D,2019-03-27 07:00:00,16.44,16.91,16.19,16.61,86970.0
FCN,2022-05-25 07:00:00,16.32,17.27,12.808392857142856,14.265176734323674,3075820.0
NDX,2016-05-25 07:00:00,3.89,6.326236875262495,3.63,3.63,32100.0
BHN,2018-11-26 07:00:00,63.6,64.91,63.52,64.14,930.0
VPG,2021-01-21 07:00:00,10.07,10.64,9.96,10.62,693500.0
SGS,2022-08-23 07:00:00,9.46,9.46,8.263809523809524,8.82539446390634,4224.0
VPH,2016-06-20 07:00:00,3.62,5.436316786661615,3.59,3.7,528254.0
MBB,2015-10-09 07:00:00,2.86,2.88,2.82,2.82,19598118.0
HID,2018-07-30 07:00:00,2.64,2.68,2.63,2.68,92620.0
ILA,2019-08-07 07:00:00,1.3,4.798649851632048,1.21,1.3,64900.0
VGV,2020-07-02 07:00:00,7.85,7.85,7.85,7.85,43237.0
BVS,2018-11-20 07:00:00,8.88,19.55059868675164,8.8,9.1,17400.0
VHL,2018-02-21 07:00:00,38.56,38.56,32.66,35.98,2381.0
CLM,2026-03-30 07:00:00,75.5,75.9,53.08454655380895,56.28747614893516,2284.0
VDS,2021-12-02 07:00:00,20.0,20.21,19.68,19.68,523400.0
SVC,2017-02-15 07:00:00,10.54,16.693138548539114,10.39,10.45,111360.0
VXB,2022-03-02 07:00:00,42.5,42.5,42.5,42.5,900.0
MSN,2020-07-06 07:00:00,46.34,46.99,46.26,46.66,855780.0
NDC,2025-03-10 07:00:00,132.53,132.53,132.43,132.53,1400.0
TXM,2024-08-01 07:00:00,7.3,7.4,5.510736111111111,6.6,23528.0
CSC,2021-01-19 07:00:00,13.58,18.855480957989794,12.33,13.06,46405.0
ALV,2024-04-26 07:00:00,3.18,3.18,2.94,2.94,600.0
VEF,2019-01-10 07:00:00,53.82,53.89,53.55,53.55,14700.0
VIF,2024-07-18 07:00:00,16.4,17.85,13.69714366197183,17.56,9800.0
PVO,2022-06-07 07:00:00,11.67,11.96,5.492285230639018,11.29,80017.0
HKT,2023-02-23 07:00:00,6.5,6.5,5.910650813516896,6.5,100.0
POS,2020-11-17 07:00:00,10.4298041185334,10.75585843373494,6.78,6.99,28200.0
ALV,2018-07-18 07:00:00,2.29,2.47,2.29,2.47,46671.0
SGD,2016-05-24 07:00:00,10.47376923076923,10.779156279961649,5.23,5.23,3196.0
LSG,2023-09-13 07:00:00,9.5,9.9,9.0,9.7,11254.0
SGH,2024-07-04 07:00:00,36.84,36.84,36.84,36.84,847.0
PXA,2019-06-28 07:00:00,2.3,2.3,1.510478771454381,2.3,28000.0
YTC,2021-06-16 07:00:00,38.46,38.46,32.20643258426966,38.22,4400.0
PXA,2017-10-17 07:00:00,1.4,1.5,1.4,1.4,48500.0
CLX,2019-07-25 07:00:00,9.05,9.48,9.05,9.48,1400.0
L61,2019-03-08 07:00:00,17.8,17.8,7.716987295825772,17.8,100.0
MPC,2026-01-26 07:00:00,16.0,16.3,14.328268129770992,16.0,314351.0
UPH,2023-06-12 07:00:00,6.0,6.0,6.0,6.0,100.0
THT,2022-08-05 07:00:00,10.39,10.47,6.932886391007627,10.39,50200.0
SBA,2021-08-24 07:00:00,11.64,11.71,11.43,11.64,41206.0
FCN,2024-07-30 07:00:00,12.88,12.92,12.58,12.78,113400.0
SHS,2020-05-06 07:00:00,2.32,2.35,2.27,2.35,1323172.0
BHN,2020-07-03 07:00:00,44.44,44.44,43.18,44.1,2220.0
ICG,2018-06-18 07:00:00,4.29,7.082716933445661,4.29,4.29,8090.0
XPH,2019-04-25 07:00:00,5.4,5.4,5.3,5.3,13995.0
ILC,2025-05-08 07:00:00,6.548199445983379,6.6,6.5,6.5,1300.0
AGX,2020-05-26 07:00:00,20.32,20.32,20.32,20.32,100.0
AGP,2025-02-10 07:00:00,31.67,33.3,31.67,33.3,8278.0
ACL,2017-12-11 07:00:00,3.14,10.565010258514567,2.94,2.94,60.0
HCD,2022-03-10 07:00:00,11.07,11.51,10.91,10.95,814400.0
ACV,2017-12-05 07:00:00,57.26,57.26,51.62,53.25829174482353,449640.0
VTD,2019-11-21 07:00:00,18.43,20.24,11.003557632398753,20.24,249160.0
S72,2022-01-28 07:00:00,7.4,7.4,7.4,7.4,200.0
HTT,2018-08-01 07:00:00,2.51,2.57,2.41,2.5,204480.0
PCH,2024-01-23 07:00:00,8.43,11.08721329046088,8.17,8.35,11060.0
VNG,2025-06-13 07:00:00,12.304946483180428,12.718362102032987,7.72,7.85,4900.0
MSN,2021-08-09 07:00:00,110.75,116.54,110.75,116.54,1525400.0
BAF,2025-02-25 07:00:00,32.4,32.5,31.7,31.95,4913313.0
NAS,2026-02-04 07:00:00,35.1,35.1,35.1,35.1,300.0
VCC,2022-04-13 07:00:00,22.29,22.45,21.34,22.45,11900.0
VNL,2019-06-17 07:00:00,5.94,5.94,5.94,5.94,20.0
S72,2024-07-19 07:00:00,5.6,6.43177570093458,5.6,5.6,3249.0
LBM,2016-11-02 07:00:00,5.75,5.97,5.75,5.94,36510.0
PCH,2025-10-28 07:00:00,20.1,20.2,20.0,20.0,85800.0
L63,2021-07-30 07:00:00,6.8,6.8,6.8,6.8,100.0
CTX,2025-07-18 07:00:00,11.95,12.1,7.105688073394496,11.87,81900.0
TCW,2024-12-23 07:00:00,28.89,29.36,19.125869463869464,29.26,15867.0
VOS,2017-03-22 07:00:00,1.04,1.04,0.98,1.01,27120.0
NHA,2023-02-16 07:00:00,11.091708171206225,11.543956215793589,8.68,9.07,58900.0
SD3,2021-12-14 07:00:00,8.4,8.5,8.3,8.5,45377.0
DVG,2023-03-09 07:00:00,2.8,2.9,2.8,2.8,136741.0
KMR,2023-09-07 07:00:00,3.82,3.88,3.79,3.82,275171.0
S99,2021-04-15 07:00:00,18.32,18.4,7.692741997686078,17.56,2033392.0
HC3,2022-07-01 07:00:00,28.98,28.98,28.98,28.98,26.0
PJC,2018-10-05 07:00:00,20.71,20.71,17.41,17.41,300.0
PVV,2020-10-21 07:00:00,0.8,0.9,0.8,0.9,53310.0
PTS,2023-07-11 07:00:00,8.4,9.43,8.4,9.43,1200.0
DCL,2019-04-17 07:00:00,20.6,20.6,19.6,20.5,324667.0
HMR,2023-03-23 07:00:00,6.22,6.4,6.22,6.4,12710.0
DAS,2021-04-23 07:00:00,9.71858843537415,13.0,9.681772805507745,13.0,600.0
CST,2022-09-06 07:00:00,15.18,15.94467741935484,15.18,15.42,171100.0
JOS,2024-10-18 07:00:00,0.9,1.0,0.8,0.8,29771.0
TBC,2024-02-20 07:00:00,34.1,34.28,34.1,34.28,11923.0
CSV,2019-10-07 07:00:00,6.5,6.5,6.31,6.33,946979.0
ILC,2026-01-09 07:00:00,6.1,6.1,6.1,6.1,200.0
DAT,2024-10-02 07:00:00,7.99,7.99,7.99,7.99,7377.0
PXS,2021-06-28 07:00:00,6.86,7.05,6.79,6.84,229800.0
NAG,2023-12-28 07:00:00,7.43,7.43,6.299468438538207,7.43,158400.0
PVV,2025-07-25 07:00:00,1.6,1.6,1.3596208530805687,1.5,136400.0
ITD,2023-02-10 07:00:00,11.48,11.48,11.0,11.12,69700.0
DNC,2017-10-16 07:00:00,8.33,8.33,8.33,8.33,10.0
KDC,2025-02-20 07:00:00,57.13,57.13,39.457691101528816,42.90583712898167,198000.0
IMP,2018-04-24 07:00:00,15.74,24.898868068833654,15.66,15.66,76893.0
PTS,2022-05-09 07:00:00,11.02,11.02,10.29,11.02,900.0
CRE,2020-04-28 07:00:00,4.09,4.14,4.06,4.11,218790.0
MCG,2018-05-03 07:00:00,2.997668495297806,3.69,2.9749159170903403,3.268098939834461,41880.0
SAM,2018-02-05 07:00:00,7.597210365853659,7.890156787762906,6.5,6.57,1153688.0
CTG,2025-06-30 07:00:00,28.82,28.82,28.51,28.75,9613649.0
CDP,2024-11-27 07:00:00,9.49,9.49,9.49,9.49,1101.0
IMP,2019-11-21 07:00:00,16.6,24.898868068833654,16.6,16.93,71120.0
MIC,2021-09-28 07:00:00,8.02179640718563,8.3923855963991,4.52,5.16,1446.0
SAM,2025-06-19 07:00:00,6.45,6.48,6.42,6.42,135100.0
TMB,2024-05-28 07:00:00,67.07,67.07,33.50379948914431,66.5,18631.0
TXM,2020-09-03 07:00:00,5.571375807940905,5.835372928176795,2.84,3.03,23528.0
IDI,2020-08-13 07:00:00,6.732377862595419,6.970482019892884,3.24,3.25,1346500.0
BAB,2020-07-22 07:00:00,11.72,12.464832015810277,11.72,11.72,2600.0
SBA,2019-01-22 07:00:00,8.47,15.02830115830116,8.41,8.41,41206.0
ND2,2019-08-12 07:00:00,14.01,14.01,14.01,14.01,13186.0
BHN,2017-11-17 07:00:00,93.12,93.51,90.11,92.73,6280.0
HPX,2021-11-09 07:00:00,33.8,34.5,15.603006100942874,17.719266944870895,792900.0
MIG,2024-04-25 07:00:00,14.15,14.52,14.07,14.52,684663.0
FCN,2020-12-01 07:00:00,10.79,13.271265083690151,10.7,11.13,2208060.0
IMP,2017-12-27 07:00:00,16.47,16.62,16.42,16.62,5900.0
HAP,2019-10-24 07:00:00,2.32,4.616531238022231,2.31,2.33,504145.0
BHN,2023-07-14 07:00:00,38.4,55.65581923419413,38.31,38.86,10313.0
ND2,2018-10-19 07:00:00,12.79,12.79,12.79,12.79,2500.0
BVL,2025-05-05 07:00:00,8.14,13.200160160160161,7.76,8.53,10858.0
PGT,2022-10-18 07:00:00,3.7,3.8,3.7,3.8,31619.0
PGV,2025-11-05 07:00:00,19.95,20.0,19.9,19.95,2100.0
HHG,2017-04-17 07:00:00,3.279273977837218,7.73,3.2364015296367117,7.42,217630.0
FTM,2018-07-06 07:00:00,16.0,16.0,7.369400237529691,16.0,227410.0
DPR,2017-08-23 07:00:00,10.12,10.27,10.07,10.1,485513.0
TNW,2024-08-12 07:00:00,9.14,9.23,9.04,9.04,3095.0
ANT,2021-08-02 07:00:00,6.16,6.16,5.98,6.1,24161.0
DRH,2024-05-24 07:00:00,3.98,4.0,3.8,3.82,1982600.0
CSC,2020-12-02 07:00:00,10.92,11.23,10.65,10.97,8414.0
PVO,2019-05-17 07:00:00,4.2,4.2,4.1,4.1,72957.0
TFC,2016-11-11 07:00:00,5.83,5.89,5.83,5.89,16737.0
LHC,2018-05-24 07:00:00,9.7,9.71,9.51,9.53,31625.0
G20,2016-05-31 07:00:00,6.48,6.65,6.31,6.48,191122.0
HTC,2024-08-15 07:00:00,19.43,19.43,15.748655601659753,19.43,100.0
TGG,2022-11-02 07:00:00,2.72,2.89,2.72,2.89,599500.0
TST,2022-04-29 07:00:00,7.9,9.4,7.8,9.4,500.0
TBC,2018-03-20 07:00:00,13.34,22.173015427769986,13.34,13.36,11923.0
ITD,2019-05-16 07:00:00,6.6,6.71,6.48,6.65,19720.0
MBB,2017-10-31 07:00:00,4.89,4.97,4.86,4.89,3314330.0
BLI,2019-10-07 07:00:00,8.825542965061379,9.21359773371105,5.56,5.56,5670.0
PSB,2025-03-26 07:00:00,5.1,5.1,4.9,5.0,61073.0
BAB,2023-04-19 07:00:00,10.85,10.93,10.85,10.93,37822.0
CSV,2022-04-01 07:00:00,20.46,21.12,20.27,20.92,802300.0
TDW,2025-03-24 07:00:00,54.62,54.71,54.52,54.52,500.0
DAT,2022-08-02 07:00:00,13.48,13.48,13.44,13.44,300.0
VCI,2022-07-20 07:00:00,15.61,16.64056569343066,15.52,15.97,8397919.0
NDC,2015-10-12 07:00:00,16.04,16.04,16.04,16.04,2751.0
VNG,2025-12-15 07:00:00,6.85,7.6,6.85,7.6,279665.0
SD6,2024-08-16 07:00:00,2.4,2.7,2.4,2.6,97380.0
VGV,2020-12-24 07:00:00,8.0,8.0,8.0,8.0,43237.0
HU3,2018-05-07 07:00:00,6.63,6.63,6.56,6.61,5530.0
VSI,2025-07-15 07:00:00,18.58,18.58,12.3107596751075,13.178702811110952,100.0
FCN,2020-09-28 07:00:00,9.89,10.02,9.76,9.98,2213600.0
VLB,2023-01-19 07:00:00,22.12,23.36,22.12,23.03,97600.0
TXM,2019-11-26 07:00:00,3.03,3.03,2.74,2.84,23528.0
HDG,2019-08-01 07:00:00,16.558206565252203,17.219465709728865,11.6,11.87,1254450.0
SJM,2024-04-26 07:00:00,6.4,6.4,6.4,6.4,2700.0
BBS,2017-08-01 07:00:00,7.28,7.28,7.28,7.28,6300.0
QNC,2025-01-17 07:00:00,6.2,6.2,6.1,6.1,26432.0
ITD,2024-12-25 07:00:00,11.87,12.13,11.47,11.6,17900.0
LBM,2022-12-26 07:00:00,15.68,16.48,13.034029788994621,16.29,5400.0
PXS,2019-05-10 07:00:00,5.0,6.916601985559567,5.0,5.09,97480.0
VMG,2026-02-13 07:00:00,2.7,2.9,2.7,2.9,18023.0
ALV,2017-12-11 07:00:00,3.6884589614740366,10.88,3.6607302118171687,3.966418736277751,52900.0
TVN,2016-07-18 07:00:00,6.43,6.52,6.34,6.34,10000.0
POW,2025-06-09 07:00:00,11.13,11.21,10.479503475670308,11.195953472871922,10443500.0
TMB,2024-07-11 07:00:00,87.39,88.85,33.50379948914431,35.52324763728563,39247.0
ANV,2021-11-26 07:00:00,15.89,15.89,15.45,15.67,703400.0
PC1,2019-07-23 07:00:00,7.11,14.902431623931625,6.99,7.15,2782015.0
VMD,2022-01-12 07:00:00,24.78,24.78,16.657129586623316,18.21972157961582,34200.0
PXS,2026-02-27 07:00:00,3.2,6.916601985559567,3.1,3.2,546301.0
PSB,2022-10-07 07:00:00,7.3,8.2,7.3,8.2,4480.0
VHM,2026-03-13 07:00:00,94.5,98.0,93.9,98.0,3989100.0
CQT,2021-04-12 07:00:00,5.41,6.27,5.41,6.27,12100.0
TT6,2024-09-05 07:00:00,6.02,6.389241706161138,6.02,6.29,43274.0
HPX,2021-01-28 07:00:00,29.88,30.53,15.603006100942874,29.58,2843778.0
LHC,2020-05-19 07:00:00,14.21,14.27,14.21,14.27,31625.0
DHM,2017-12-04 07:00:00,6.9028111671190375,7.242743055555555,3.57,3.57,459664.0
KMR,2023-12-12 07:00:00,3.52,4.111566679403897,3.46,3.52,275171.0
ACM,2017-03-14 07:00:00,1.9,1.9,1.8,1.8,1526440.0
BTN,2021-09-29 07:00:00,4.2,4.6,4.0,4.3,88009.0
DBD,2019-08-21 07:00:00,20.39,31.706690017513136,20.39,20.8,15830.0
AVC,2024-09-20 07:00:00,49.06,49.06,47.12,47.12,3181.0
ANV,2024-07-18 07:00:00,16.59,16.93,16.45,16.93,2562000.0
VPG,2025-08-11 07:00:00,10.2,10.5,9.81,9.95,2026300.0
AGX,2023-12-01 07:00:00,34.45,34.45,33.5,33.5,4744.0
PLP,2018-11-02 07:00:00,6.62,6.62,6.44,6.47,385111.0
EVS,2023-11-10 07:00:00,8.5,8.8,8.2,8.5,359621.0
FTM,2020-03-10 07:00:00,1.73,1.9,1.73,1.84,999760.0
IDV,2016-09-30 07:00:00,16.409891479099677,16.984751004016065,7.06,7.28,3250.0
HAP,2022-10-17 07:00:00,4.93,4.99,4.85,4.99,154000.0
BCM,2018-09-28 07:00:00,17.89,51.059776785714284,17.71,17.71,50800.0
L14,2021-03-23 07:00:00,71.59,71.59,43.76507651109411,66.21,173493.0
ADC,2024-10-15 07:00:00,17.49,17.49,11.92452065471551,17.49,101.0
HAV,2023-11-30 07:00:00,3.0,3.5,3.0,3.0,2300.0
HT1,2018-10-11 07:00:00,10.03,13.63835472578763,9.76,9.76,546660.0
HCD,2019-06-05 07:00:00,2.66,2.75,2.63,2.72,37800.0
EVS,2020-11-19 07:00:00,9.072827365045429,9.374136460554372,3.56,3.56,359621.0
ACV,2018-11-16 07:00:00,48.58,48.82,48.1,48.82,14002.0
LMH,2021-06-11 07:00:00,6.7,6.7,6.620986031224322,6.7,122549.0
ACL,2022-08-15 07:00:00,18.97,18.97,10.151327033689402,11.250077080110685,110874.0
IJC,2024-01-15 07:00:00,9.86,9.93,8.033947577442415,9.72,705200.0
PGB,2022-11-09 07:00:00,8.89,8.89,8.58,8.58,163682.0
NDC,2024-12-26 07:00:00,114.99,114.99,114.99,114.99,100.0
MCO,2019-09-23 07:00:00,2.18,2.18,2.18,2.18,100.0
CSV,2025-02-11 07:00:00,41.73,42.75,41.54,42.75,946979.0
TMB,2022-11-07 07:00:00,15.85,15.85,13.58,13.75,9200.0
NVL,2022-05-10 07:00:00,77.0,79.0,33.389978383052316,79.0,14564289.0
PXI,2020-08-21 07:00:00,3.4,3.49,3.23,3.35,131064.0
DTL,2017-10-24 07:00:00,36.3,36.3,35.9,36.2,7368.0
ELC,2022-12-15 07:00:00,5.63,5.75,5.63,5.65,715342.0
ILA,2025-12-16 07:00:00,4.569629812438302,6.6,4.520019782393669,5.139180225452574,2100.0
CKD,2022-05-20 07:00:00,23.34,23.34,23.34,23.34,100.0
CTG,2023-07-27 07:00:00,18.32,18.36,17.99,18.02,7921500.0
DRH,2023-04-18 07:00:00,4.93,9.618641282565129,4.91,5.02,1972400.0
CSC,2022-04-13 07:00:00,54.85,58.17,17.93577481365241,58.17,38839.0
BAB,2024-09-18 07:00:00,10.17,12.464832015810277,10.0,10.17,37822.0
PXI,2015-12-01 07:00:00,5.6,5.7,5.5,5.5,131064.0
PXS,2021-01-15 07:00:00,8.3,8.5,8.3,8.5,435900.0
NDX,2022-06-08 07:00:00,5.97,6.05,5.89,6.05,52100.0
DAG,2021-05-31 07:00:00,6.465494555353902,6.7255429864253395,5.7,5.7,232200.0
TFC,2017-06-21 07:00:00,4.44,4.44,4.11,4.11,16737.0
CSC,2019-07-26 07:00:00,8.87,8.97,8.72,8.77,28300.0
FCN,2022-07-26 07:00:00,14.56,15.08,14.56,14.65,3544300.0
SWC,2024-08-23 07:00:00,26.55,26.73,17.18054870775348,19.126251747852837,2900.0
HPD,2026-04-23 07:00:00,16.7,16.7,16.5,16.5,7100.0
THW,2024-09-27 07:00:00,12.92,12.92,12.92,12.92,4133.0
ACM,2018-10-16 07:00:00,0.9,1.6972596430627518,0.8,0.9,57100.0
UDC,2019-06-24 07:00:00,4.735570599613153,5.05,4.667716718266253,4.73,7630.0
MIG,2023-05-17 07:00:00,13.36,13.78,13.32,13.63,1103500.0
HAC,2024-10-02 07:00:00,12.0,12.0,6.780621260929591,11.0,982.0
S99,2018-11-29 07:00:00,5.45,8.053953934740882,5.3,5.3,52800.0
CKD,2020-11-11 07:00:00,19.32,19.32,16.8,16.8,200.0
STB,2018-12-24 07:00:00,12.3,12.45,12.15,12.15,3321220.0
QNC,2017-05-26 07:00:00,6.113667012448133,6.4190093360995855,3.94,3.94,500.0
HBS,2017-08-25 07:00:00,2.53,2.53,2.53,2.53,100302.0
TMT,2024-08-05 07:00:00,9.78,9.78,9.04,9.04,13700.0
DGC,2019-01-18 07:00:00,9.77,9.86,9.77,9.79,66200.0
SD6,2018-05-17 07:00:00,6.0,6.0,6.0,6.0,2000.0
MCC,2017-05-08 07:00:00,9.89,9.89,9.89,9.89,16037.0
VHC,2022-03-02 07:00:00,57.71,61.7,57.41,59.92,1327929.0
TFC,2017-08-15 07:00:00,15.558860441767068,16.044521303258144,3.38,3.38,16737.0
SCG,2026-03-30 07:00:00,63.6,63.6,63.1,63.2,22100.0
PIS,2025-03-03 07:00:00,11.45,11.45,9.24758530183727,11.45,9.0
HCD,2022-04-20 07:00:00,10.78,11.11,10.7,10.86,448800.0
SRF,2018-06-11 07:00:00,11.68,11.82,11.68,11.82,310.0
L14,2024-10-04 07:00:00,29.1,29.3,28.9,28.9,50819.0
CTP,2017-01-16 07:00:00,9.43,9.92,9.43,9.92,133300.0
GDA,2023-11-09 07:00:00,16.73,17.13,16.73,16.93,267614.0
HOT,2022-09-26 07:00:00,28.05,29.35,28.0,29.35,400.0
VNH,2017-08-03 07:00:00,1.24,1.24,1.24,1.24,30600.0
LDP,2018-10-16 07:00:00,17.32,17.32,16.438262711864407,16.91,3449.0
ANV,2026-02-09 07:00:00,27.6,27.6,26.7,26.7,1235700.0
VNL,2021-01-19 07:00:00,8.09,8.67,8.06,8.67,93600.0
UIC,2024-12-09 07:00:00,40.0,40.05,39.5,40.05,15195.0
TDT,2019-04-09 07:00:00,5.67,5.72,5.63,5.67,51000.0
PSB,2025-10-27 07:00:00,4.3,5.644386334879798,4.3,4.3,61073.0
UDC,2019-08-13 07:00:00,4.7,4.8,4.7,4.8,3640.0
D2D,2023-07-05 07:00:00,19.51,19.75,19.45,19.72,224043.0
BAB,2023-09-18 07:00:00,12.125029673590506,12.464832015810277,11.09,11.17,37822.0
DLG,2016-01-12 07:00:00,4.9,5.27,4.9,5.27,8071090.0
ILC,2022-12-15 07:00:00,9.9,10.2,6.558272058823529,10.2,1400.0
ELC,2022-06-30 07:00:00,10.27205734211546,10.660174418604651,7.94,7.94,219400.0
SMT,2022-07-28 07:00:00,8.84,10.382347140039448,8.76,9.55,79000.0
DAG,2024-07-05 07:00:00,2.28,2.28,2.13,2.23,739300.0
XMC,2026-04-08 07:00:00,8.013792452830188,9.3,7.972159447583176,8.602520142362364,51595.0
L62,2026-03-27 07:00:00,2.3,2.3,2.3,2.3,1000.0
TV1,2024-06-11 07:00:00,16.909736196319017,20.98,16.698588090853285,20.88,29575.0
PPH,2024-02-02 07:00:00,22.09,22.17,17.417814895947426,18.951117932990815,83214.0
DGW,2019-08-16 07:00:00,4.52,4.53,4.46,4.49,1034420.0
HBS,2020-11-03 07:00:00,1.69,1.77,1.69,1.77,1100.0
TTC,2025-05-23 07:00:00,8.624018583042973,8.85554077501446,6.56,6.56,3900.0
POW,2018-10-19 07:00:00,11.37,12.0,11.13,11.21,2106500.0
POS,2023-01-04 07:00:00,8.5,10.75585843373494,7.87,8.26,8102.0
NHT,2019-06-04 07:00:00,16.8,16.96,16.8,16.96,300.0
DXV,2022-02-28 07:00:00,7.35,7.6,4.126269363166954,4.599272832914668,35000.0
AFX,2025-02-04 07:00:00,7.2,9.071155180961824,7.2,7.2,137782.0
MCG,2023-09-25 07:00:00,2.7,2.7,2.6,2.6,81221.0
NAF,2024-02-28 07:00:00,12.63,12.63,12.42,12.59,56300.0
APG,2023-05-26 07:00:00,7.42,7.5,7.42,7.5,887800.0
AGX,2025-08-25 07:00:00,141.0,141.0,141.0,141.0,4744.0
NAG,2022-04-19 07:00:00,10.53,10.85,6.299468438538207,6.9025918467975504,298398.0
CCI,2017-11-17 07:00:00,7.43,7.43,7.43,7.43,420.0
BHN,2026-01-12 07:00:00,53.58358734402852,55.65581923419413,31.6,32.2,5900.0
DHA,2017-06-27 07:00:00,16.1,16.1,15.34,15.53,112685.0
FDC,2024-07-18 07:00:00,15.1,18.655422691879863,14.05,14.05,800.0
IJC,2024-06-05 07:00:00,12.17,12.79,12.17,12.44,10570700.0
HIO,2025-05-07 07:00:00,7.4,7.4,7.2,7.3,187694.0
BHA,2019-05-22 07:00:00,15.4,15.4,15.4,15.4,16601.0
PXI,2022-07-21 07:00:00,3.3,3.4,3.203714531384351,3.4,149902.0
LG9,2018-10-23 07:00:00,5.99,5.99,5.99,5.99,2693.0
DHB,2024-06-04 07:00:00,9.9,9.9,9.6,9.8,29710.0
NHA,2019-06-17 07:00:00,2.51,2.51,2.51,2.51,1100.0
AGP,2024-09-09 07:00:00,34.07,34.24,34.07,34.24,3020.0
VE8,2016-01-26 07:00:00,7.287318840579711,7.497502014504431,7.21,7.45,14140.0
YTC,2020-09-16 07:00:00,31.29,31.29,31.29,31.29,20.0
RAT,2022-06-29 07:00:00,14.62,14.62,14.62,14.62,100.0
VPH,2019-02-21 07:00:00,3.43,5.436316786661615,3.36,3.4,31790.0
BVL,2022-09-27 07:00:00,14.99,15.45,14.99,15.25,4500.0
CT3,2018-08-24 07:00:00,9.22,9.22,9.22,9.22,100.0
VDS,2021-03-22 07:00:00,8.0,8.03,7.8,7.85,1011979.0
DST,2023-09-27 07:00:00,4.3,4.3,4.1,4.3,106800.0
TNS,2023-03-17 07:00:00,2.3,2.5,2.3,2.3,175279.0
VOS,2024-05-15 07:00:00,13.03,13.92,12.89,13.92,1879853.0
PVL,2019-06-06 07:00:00,1.9,3.4056084126189283,1.7,1.8,737778.0
SCL,2024-05-03 07:00:00,26.28,27.02,26.28,26.75,41536.0
MIG,2021-07-29 07:00:00,11.81,11.88,11.71,11.88,684663.0
CLX,2025-07-30 07:00:00,16.2,16.7,13.872085040983608,16.5,158000.0
POV,2026-01-22 07:00:00,7.9,7.9,7.278543554006968,7.694192990107104,14500.0
PTS,2017-06-09 07:00:00,3.09,3.09,3.09,3.09,10000.0
DHA,2016-08-10 07:00:00,14.37,27.793901397515526,14.1,14.32,205260.0
VIE,2023-06-08 07:00:00,3.5,7.141265474552957,3.5,4.5,200.0
KGM,2024-10-22 07:00:00,6.76,6.76,6.67,6.67,20810.0
PVV,2022-05-20 07:00:00,3.2,3.6,3.0,3.4,1063556.0
CTB,2021-12-27 07:00:00,12.91,12.91,12.82,12.82,500.0
DWC,2024-07-31 07:00:00,10.31,13.817281879194631,10.31,10.31,1562.0
HOT,2019-04-09 07:00:00,30.25,30.25,30.21,30.25,500.0
CRE,2019-03-11 07:00:00,9.338532351394003,9.718256977356504,7.05,7.08,87580.0
DTL,2025-04-24 07:00:00,10.3,24.16823473282443,10.3,10.3,200.0
XMC,2022-02-21 07:00:00,8.013792452830188,15.34,7.972159447583176,14.19,310900.0
SPD,2022-01-26 07:00:00,11.0,11.0,6.840965147453082,7.407024265642903,200.0
DHA,2026-04-06 07:00:00,45.8,45.8,27.099486684677732,29.07432821174863,42500.0
BTN,2024-02-27 07:00:00,2.9,4.067564285714286,2.8,2.8,153501.0
JVC,2016-07-15 07:00:00,3.9,4.0,3.9,4.0,140260.0
TRC,2019-07-10 07:00:00,24.6,31.909764846552413,24.6,24.6,31840.0
VET,2018-07-19 07:00:00,36.65,36.65,36.65,36.65,200.0
PGB,2023-02-01 07:00:00,8.38,8.58,8.22,8.22,163682.0
PC1,2023-04-10 07:00:00,18.8,18.84,18.54,18.74,1965200.0
BTS,2022-06-03 07:00:00,8.72,8.72,5.766585812356979,8.63,94253.0
AVC,2018-01-10 07:00:00,15.67,15.67,15.67,15.67,1500.0
VNY,2022-07-18 07:00:00,5.2,5.833112582781457,5.2,5.2,100.0
HOT,2023-07-12 07:00:00,17.0,19.3,17.0,19.3,1322.0
PVT,2019-10-24 07:00:00,9.21,9.26,9.18,9.21,4115359.0
SRF,2016-08-26 07:00:00,13.79,14.02,10.73919374247894,13.65,34800.0
IMP,2019-01-28 07:00:00,14.48,14.54,14.48,14.54,1730.0
BVS,2020-03-06 07:00:00,7.52,7.52,7.36,7.52,94300.0
IMP,2026-02-11 07:00:00,53.6,53.9,53.5,53.9,76893.0
BBS,2018-06-14 07:00:00,7.84,7.84,7.84,7.84,200.0
DCL,2021-02-18 07:00:00,27.6,29.0,27.6,28.85,195100.0
HPM,2018-03-15 07:00:00,15.6,15.6,15.6,15.6,100.0
BCM,2020-12-21 07:00:00,38.17,39.06,38.03,38.08,208290.0
SAS,2020-04-01 07:00:00,16.58,23.271893396976928,16.58,17.18,6170.0
HTC,2023-09-12 07:00:00,19.2,19.2,19.2,19.2,2.0
QHD,2024-02-28 07:00:00,26.13,26.13,26.13,26.13,100.0
THG,2016-09-21 07:00:00,10.42,10.42,10.12,10.37,58658.0
S12,2023-07-28 07:00:00,2.3,2.3,2.3,2.3,4700.0
JVC,2016-08-05 07:00:00,3.3,4.480477646159724,3.2,3.3,251020.0
TMT,2017-06-08 07:00:00,10.61,10.93,10.61,10.89,73040.0
AVC,2018-03-27 07:00:00,14.89,14.89,14.1,14.1,4900.0
TBC,2025-12-19 07:00:00,35.7,35.75,21.848229755178906,23.587171420986053,300.0
PV2,2024-05-08 07:00:00,2.7,2.8,2.6,2.7,219276.0
ACL,2024-08-15 07:00:00,11.4,11.5,10.151327033689402,11.250077080110685,23200.0
NDX,2025-03-13 07:00:00,5.2,5.3,5.2,5.3,45067.0
AGP,2016-06-10 07:00:00,19.589614711033278,20.105447630193094,6.38,6.38,8278.0
TPB,2021-01-05 07:00:00,9.66,9.76,9.55,9.6,2719500.0
TBC,2023-05-24 07:00:00,29.48,29.48,21.848229755178906,23.587171420986053,7600.0
NHT,2020-06-10 07:00:00,12.916865079365078,13.384455056179775,11.86,11.86,5300.0
DBC,2019-07-03 07:00:00,5.87,5.87,5.69,5.8,96058.0
VE9,2018-03-06 07:00:00,6.37,6.92,2.9746801748112834,6.92,1200202.0
MCG,2024-06-03 07:00:00,2.9,3.1414072912583304,2.8,2.9,236911.0
IDV,2022-04-07 07:00:00,30.55,30.55,16.57663723916533,30.31,36278.0
GSP,2018-12-18 07:00:00,7.5197867390461415,7.773232908458865,6.0,6.0,163084.0
PND,2025-01-17 07:00:00,6.3,6.6,6.3,6.6,1400.0
KSQ,2022-03-09 07:00:00,7.7,7.8,7.3,7.7,468010.0
VIG,2018-03-19 07:00:00,3.2,3.2,3.1,3.1,81400.0
NHH,2019-09-27 07:00:00,30.47,34.23,30.47,31.49,21290.0
MBB,2017-06-26 07:00:00,4.41,10.009050321604237,4.38,4.48,1959590.0
TRC,2016-08-08 07:00:00,13.06,13.13,13.06,13.13,84905.0
GND,2025-05-22 07:00:00,31.37,31.37,18.94037711313394,27.15,3300.0
PCH,2026-01-29 07:00:00,20.0,20.1,10.758137782561894,19.9,207159.0
MCF,2023-05-22 07:00:00,6.4,6.758279978296256,6.23,6.23,24895.0
IDI,2021-04-28 07:00:00,5.09,6.970482019892884,5.06,5.14,900800.0
BT1,2024-11-05 07:00:00,10.91,10.91,10.07622350674374,10.91,3.0
D2D,2025-02-03 07:00:00,28.39,28.56,20.227293754818813,28.35,224043.0
CRE,2023-07-14 07:00:00,9.13,9.718256977356504,8.81,8.89,1197336.0
PC1,2018-03-28 07:00:00,9.39,9.61,9.39,9.44,70280.0
QNC,2021-10-25 07:00:00,13.2,13.2,6.159111111111111,12.9,178000.0
TMT,2016-05-19 07:00:00,32.91,32.91,32.51,32.75,14310.0
PCH,2025-03-04 07:00:00,13.24,13.43,13.24,13.33,82600.0
HDB,2025-12-02 07:00:00,24.29,24.67,11.085738498789345,12.151780685676512,9764468.0
NJC,2022-06-15 07:00:00,15.03,15.03,13.72,13.72,200.0
PTL,2024-03-18 07:00:00,4.11,4.253834097859327,4.0,4.0,436102.0
VMD,2020-09-08 07:00:00,16.6555343866171,17.124140480591496,13.96,13.96,27661.0
BAL,2026-04-13 07:00:00,7.8,7.8,7.8,7.8,1382.0
IDI,2022-05-18 07:00:00,15.76,16.11,6.697025993883791,15.49,2601100.0
TL4,2015-10-02 07:00:00,3.71,7.34205385097057,3.71,3.83,2664.0
AVC,2023-07-14 07:00:00,36.38,39.03,35.34248623131393,36.38,300.0
NAS,2018-01-15 07:00:00,26.69,26.69,23.98,25.49,12078.0
SAC,2019-08-20 07:00:00,6.01,6.01,5.75,5.75,1800.0
CVT,2025-03-07 07:00:00,25.75,25.75,25.75,25.75,300.0
CDN,2018-06-08 07:00:00,11.1,21.132412241224124,11.1,11.1,100.0
PVO,2018-05-17 07:00:00,6.11,6.11,5.56,5.74,72957.0
AFX,2023-03-31 07:00:00,9.8,9.8,9.4,9.7,172000.0
TTN,2020-01-03 07:00:00,4.07,4.07,4.07,4.07,1600.0
PVO,2017-04-05 07:00:00,4.3,5.789121764955452,4.3,4.53,72957.0
PLP,2020-04-22 07:00:00,4.1,4.16,3.94,4.1,66620.0
PCM,2025-08-20 07:00:00,12.4,12.4,12.4,12.4,200.0
TOP,2018-10-22 07:00:00,1.0,1.1,1.0,1.0,522977.0
NAB,2026-02-13 07:00:00,14.1,14.1,9.077527352297594,14.05,1389963.0
DXV,2022-03-17 07:00:00,8.01,8.59,8.01,8.27,53300.0
VMD,2022-05-04 07:00:00,19.35,19.35,16.657129586623316,19.24,27661.0
STG,2018-02-21 07:00:00,16.65,17.39,16.52,17.39,98396.0
X26,2021-07-09 07:00:00,15.86,15.86,15.86,15.86,100.0
HMS,2021-11-29 07:00:00,32.86,34.42,32.86,34.11,26410.0
HPX,2019-07-19 07:00:00,17.45,17.78,15.603006100942874,17.719266944870895,358190.0
PCC,2025-03-07 07:00:00,22.12,22.12,13.694141949152543,22.12,100.0
VNI,2016-06-07 07:00:00,3.87,3.87,3.87,3.87,900.0
VCA,2016-06-20 07:00:00,3.54,3.54,3.54,3.54,24338.0
IDV,2016-05-18 07:00:00,4.55,4.6,4.55,4.6,3500.0
PVL,2018-03-19 07:00:00,2.3,2.3,2.2,2.3,34200.0
PTS,2024-01-10 07:00:00,6.94,7.4,6.66,6.66,6911.0
SCL,2024-11-12 07:00:00,18.04,18.31,9.07385989010989,18.31,41536.0
XMC,2025-12-24 07:00:00,10.1,10.3,9.8,10.3,51595.0
DSC,2025-07-25 07:00:00,12.975609492988132,14.01,12.831382463690156,14.01,160389.0
TT6,2025-05-13 07:00:00,5.12,5.21,5.03,5.21,3600.0
HBH,2023-06-08 07:00:00,7.84,7.84,7.84,7.84,104.0
TH1,2016-06-30 07:00:00,8.194902912621359,11.9,8.070096618357487,11.9,6708.0
CTX,2025-06-19 07:00:00,7.183032849503438,12.26,7.105688073394496,7.926899260334939,85700.0
VPH,2021-09-07 07:00:00,5.259779969650986,5.436316786661615,4.59,4.62,528254.0
SD4,2023-09-26 07:00:00,3.1,3.1,3.0,3.0,1000.0
NHT,2018-04-05 07:00:00,7.42,13.384455056179775,7.42,7.42,12937.0
S72,2021-12-07 07:00:00,6.2028195488721805,7.8,6.1956928838951315,6.667829262009027,1100.0
NUE,2025-05-16 07:00:00,9.71,9.71,9.71,9.71,200.0
PPH,2021-09-10 07:00:00,19.09,19.96,17.417814895947426,19.71,83214.0
BBH,2022-02-16 07:00:00,16.79,19.29,16.79,17.41,3600.0
MCG,2018-07-26 07:00:00,3.2,3.2,3.05,3.18,410.0
GTT,2019-12-20 07:00:00,0.3,0.6723282442748092,0.3,0.3,10.0
FDC,2018-01-22 07:00:00,19.95,20.0,19.95,20.0,310.0
LBM,2024-05-15 07:00:00,18.58,18.62,13.034029788994621,14.175617703965612,10200.0
BLI,2018-05-03 07:00:00,4.51,9.21359773371105,4.51,4.79,9000.0
PVL,2020-12-18 07:00:00,1.3,1.4,1.3,1.4,211200.0
VNI,2018-01-17 07:00:00,7.15,7.15,7.15,7.15,120.0
SID,2023-10-20 07:00:00,13.67,14.95,13.08,13.08,17900.0
VMG,2024-08-12 07:00:00,3.8,4.471478373143964,3.8,4.2,6700.0
CT3,2022-12-01 07:00:00,6.3,7.013867924528301,6.3,6.3,100.0
MCM,2025-12-24 07:00:00,34.87176870748299,35.65788154897494,26.5,26.5,100126.0
HTC,2023-06-07 07:00:00,15.861669435215948,18.59,15.748655601659753,17.04218724169239,204.0
FCM,2022-02-17 07:00:00,9.04,9.22,4.373087301587302,4.812536839455113,303704.0
CTI,2025-11-25 07:00:00,23.45,23.5,22.95,23.0,648900.0
DGW,2015-12-08 07:00:00,4.38,22.712729000380083,4.34,4.36,170.0
SZG,2022-04-20 07:00:00,34.23,34.23,33.72,34.15,31000.0
FCM,2021-11-09 07:00:00,4.377023384859294,7.93,4.373087301587302,7.71,1870700.0
UDC,2019-08-30 07:00:00,4.735570599613153,4.8,4.52,4.72,7190.0
HEJ,2020-08-21 07:00:00,21.27,21.27,18.748894984326018,20.8,10225.0
PHC,2025-03-10 07:00:00,6.430332187857961,6.685109070034443,5.42,5.45,74800.0
GND,2024-07-23 07:00:00,22.78,26.48,18.94037711313394,26.48,4519.0
CSC,2021-09-01 07:00:00,39.34,40.44,17.93577481365241,19.549566310688583,58197.0
VIG,2019-08-13 07:00:00,1.0,1.1,1.0,1.1,724008.0
DPR,2024-10-22 07:00:00,37.75,37.94,36.18,36.8,624900.0
SMA,2018-03-08 07:00:00,7.36,7.36,7.36,7.36,16955.0
GHC,2023-07-25 07:00:00,21.23,21.31,18.350547598989046,19.969494975543103,6000.0
X20,2022-09-20 07:00:00,7.1,7.1,7.1,7.1,6725.0
PVY,2017-12-29 07:00:00,2.1735452322738387,3.23,2.1138292682926827,2.77,62922.0
SD2,2022-03-01 07:00:00,9.92,10.11,9.92,10.01,11600.0
SVG,2026-02-27 07:00:00,8.501350407450524,8.85554006968641,6.7,6.7,100.0
IMP,2025-12-24 07:00:00,49.1,50.1,24.309816443594645,50.1,7300.0
TMT,2022-03-24 07:00:00,20.58,20.67,20.03,20.67,140800.0
MML,2023-03-22 07:00:00,29.2,30.5,29.2,30.5,137965.0
DBC,2020-01-17 07:00:00,5.67,14.399870377430423,5.64,5.8,158030.0
L63,2018-03-22 07:00:00,6.808381877022653,7.051052631578948,6.1,6.1,5000.0
CLX,2024-02-20 07:00:00,13.63,13.63,13.45,13.54,27817.0
NSC,2021-08-27 07:00:00,57.63,64.39226415094339,57.63,59.62,21672.0
TVN,2025-10-30 07:00:00,7.8,8.2,7.7,8.2,749945.0
VNR,2018-01-17 07:00:00,9.89,9.89,9.75,9.8,64553.0
GTT,2018-01-19 07:00:00,0.32,0.6723282442748092,0.32,0.4,129882.0
HHG,2018-04-19 07:00:00,4.73,4.73,3.2364015296367117,4.56,486199.0
DBC,2019-05-06 07:00:00,5.75,14.399870377430423,5.64,5.8,15540.0
ICG,2025-12-15 07:00:00,6.825963804713805,17.3,6.800552975939215,7.554176475301088,31363.0
VTD,2021-11-23 07:00:00,13.23,14.02,11.003557632398753,12.035336829024919,249160.0
MH3,2023-12-05 07:00:00,31.75,31.75,25.751681845780205,31.75,600.0
NAF,2017-06-22 07:00:00,15.28,15.53,15.28,15.34,65150.0
DPR,2018-10-30 07:00:00,9.81,9.84,9.77,9.77,14840.0
TMB,2025-02-14 07:00:00,72.15,72.34,71.08,71.56,21992.0
HAP,2018-09-27 07:00:00,4.454499808355692,4.616531238022231,2.14,2.18,504145.0
IJC,2016-06-13 07:00:00,8.054276629570747,8.343338632750397,3.05,3.09,3102649.0
DXV,2017-08-22 07:00:00,4.15,4.15,4.126269363166954,4.15,1980.0
PGD,2022-07-26 07:00:00,22.61,23.77330772341286,22.33,22.61,57349.0
TXM,2018-05-08 07:00:00,5.571375807940905,8.58,5.510736111111111,8.3,302.0
KTT,2021-10-06 07:00:00,8.8,8.8,6.207395104895105,6.9994945358970435,5200.0
PRE,2022-07-20 07:00:00,14.02,14.02,14.02,14.02,12211.0
ALV,2016-01-04 07:00:00,2.59,3.8880022383883603,2.54,2.54,46671.0
SAM,2017-04-04 07:00:00,5.89,5.93,5.86,5.91,604500.0
DHM,2016-02-23 07:00:00,6.12,6.54,5.95,6.54,1385050.0
KST,2020-08-24 07:00:00,8.618911729141475,8.886630170316302,6.84,6.84,100.0
FCM,2023-05-29 07:00:00,4.377023384859294,4.39,4.22,4.39,303704.0
FTM,2024-09-13 07:00:00,0.9,7.597985739750445,0.7,0.7,102800.0
ACL,2024-09-18 07:00:00,11.5,11.5,10.151327033689402,11.250077080110685,110874.0
VCI,2025-11-06 07:00:00,27.19,27.3,16.079808656036448,26.68,8397919.0
VMG,2019-01-21 07:00:00,2.5,2.5,2.5,2.5,18023.0
OIL,2021-08-25 07:00:00,11.61,11.7,11.33,11.61,1145900.0
NHA,2022-05-04 07:00:00,33.77,33.77,31.49,31.56,440174.0
VCG,2025-05-14 07:00:00,19.25,19.56,16.17658174904943,19.16,9939300.0
BCM,2023-08-23 07:00:00,65.05,65.43,63.33,64.67,508135.0
HT1,2022-10-12 07:00:00,10.05,13.63835472578763,9.9,10.48,1084258.0
MML,2023-05-04 07:00:00,34.0,44.329723116548614,34.0,34.0,503.0
TTC,2016-09-27 07:00:00,9.53,9.74,9.32,9.32,8832.0
MCF,2020-10-06 07:00:00,5.43,5.62,5.36,5.62,24895.0
PSB,2019-12-23 07:00:00,3.1,3.1,3.0,3.0,1230.0
GHC,2024-06-05 07:00:00,27.33,27.33,18.350547598989046,27.24,30641.0
ICG,2016-05-05 07:00:00,4.29,4.35,4.29,4.35,2100.0
DXV,2018-07-31 07:00:00,3.37,3.41,3.37,3.37,130.0
MCG,2017-10-13 07:00:00,2.997668495297806,4.0,2.9749159170903403,3.268098939834461,236911.0
TTF,2015-10-12 07:00:00,18.1,18.1,17.8,17.8,3346927.0
S99,2024-09-04 07:00:00,8.23,8.42,7.692741997686078,8.42,37209.0
SMT,2024-06-10 07:00:00,9.865882063882063,10.382347140039448,4.54,4.54,400.0
NFC,2024-10-25 07:00:00,15.59,15.59,15.59,15.59,1700.0
TT6,2025-12-05 07:00:00,6.7,6.9,6.4,6.8,11200.0
DSC,2021-12-23 07:00:00,11.99,13.552690246516613,11.36,11.65,160389.0
TVN,2018-06-04 07:00:00,10.01,10.2,9.43,9.53,18300.0
PVO,2025-03-07 07:00:00,6.4,6.5,6.4,6.4,72957.0
PVY,2021-06-04 07:00:00,2.1735452322738387,2.335935960591133,1.94,2.22,62922.0
MSB,2025-04-11 07:00:00,9.0,9.25,8.83,9.21,17391900.0
KSQ,2023-02-15 07:00:00,1.8,1.9,1.7,1.7,94300.0
TDT,2019-11-11 07:00:00,5.58,5.58,5.4,5.4,46400.0
NSC,2022-10-04 07:00:00,64.74,65.97,64.41,65.56,9400.0
BAF,2025-05-13 07:00:00,34.25,35.3,34.25,35.0,4913313.0
TNP,2024-08-21 07:00:00,17.687623762376237,27.51,17.628226600985222,18.31866207896833,840.0
HAG,2023-03-29 07:00:00,7.44,7.5,7.38,7.39,3626000.0
VGV,2021-09-14 07:00:00,9.04,9.04,8.86,8.86,3500.0
HU3,2015-11-05 07:00:00,3.31,3.31,3.31,3.31,12133.0
S99,2022-10-25 07:00:00,5.53,5.77,4.95,5.28,342633.0
EVG,2024-02-06 07:00:00,4.97,5.694592760180996,4.97,5.08,860000.0
LBM,2024-03-05 07:00:00,18.11,18.11,13.034029788994621,14.175617703965612,30600.0
VRG,2021-12-15 07:00:00,18.06,18.06,17.41,17.55,34800.0
NAS,2019-02-21 07:00:00,26.98,26.98,26.98,26.98,400.0
CDN,2024-10-01 07:00:00,28.42,28.42,28.03,28.22,2201.0
MCO,2019-11-28 07:00:00,2.09,2.09,2.09,2.09,56212.0
PNC,2016-04-08 07:00:00,10.27,13.093984915147706,10.27,10.27,60.0
DST,2019-02-11 07:00:00,1.8,1.9,1.7,1.9,984166.0
NVL,2017-01-05 07:00:00,25.3,25.35,25.18,25.22,14564289.0
BBS,2016-02-26 07:00:00,8.68,8.7,7.97947323704333,8.7,100.0
ABT,2017-12-22 07:00:00,16.28,29.9712134088763,16.28,16.28,210.0
MTP,2022-03-08 07:00:00,8.84,8.84,8.84,8.84,3239.0
SMT,2023-09-11 07:00:00,5.97,10.382347140039448,5.65,5.89,1937.0
NHH,2021-08-18 07:00:00,29.9,29.9,29.19,29.19,478896.0
ACV,2020-04-15 07:00:00,32.39,33.0,31.97,32.75,226741.0
SD4,2021-07-30 07:00:00,6.025646651270208,6.211286785920369,4.2,4.2,3100.0
DXV,2021-12-10 07:00:00,7.3,7.5,4.126269363166954,7.21,28800.0
SCG,2024-05-21 07:00:00,65.18765036086607,67.44012861736334,64.6,64.9,44500.0
DBC,2019-12-19 07:00:00,6.06,14.399870377430423,6.06,6.15,59580.0
VMD,2023-05-25 07:00:00,19.96,20.62,19.96,20.45,3200.0
DRH,2025-10-17 07:00:00,2.2,2.28,2.18,2.22,2649198.0
HHG,2020-08-04 07:00:00,1.2,3.4323871461361897,1.2,1.2,200.0
VOS,2018-11-29 07:00:00,1.43,1.52,1.43,1.52,1879853.0
DGW,2016-11-28 07:00:00,3.0,3.0,2.93,2.95,1898224.0
TCW,2025-12-12 07:00:00,32.1,32.1,19.125869463869464,32.0,3200.0
HAP,2016-10-07 07:00:00,4.454499808355692,4.616531238022231,2.28,2.32,59600.0
PPP,2022-04-08 07:00:00,12.14,12.14,10.89535692495424,11.85,25900.0
MCG,2022-03-22 07:00:00,9.8,10.2,2.9749159170903403,9.9,1713700.0
LMH,2018-12-24 07:00:00,10.33,10.46,10.1,10.19,1612173.0
DHB,2025-07-30 07:00:00,9.3,9.3,8.64116828929068,9.3,12100.0
CLM,2023-09-18 07:00:00,54.97,54.97,54.97,54.97,2284.0
HBS,2016-06-14 07:00:00,4.85312238250349,5.101032558139535,2.87,2.87,50.0
TV1,2025-01-06 07:00:00,21.53,21.73,21.53,21.63,29575.0
TXM,2018-11-05 07:00:00,11.93,11.93,5.510736111111111,11.93,23528.0
DGW,2025-09-23 07:00:00,41.75,42.5,21.808639817629178,24.5712052804192,778600.0
AGG,2024-01-04 07:00:00,20.92,21.04,20.68,20.92,825700.0
TTF,2022-03-16 07:00:00,16.7,17.4,16.6,17.0,7558100.0
MBB,2024-08-29 07:00:00,16.06,16.42,16.06,16.19,22617900.0
CMN,2022-11-29 07:00:00,60.54,60.54,45.09,45.09,5882.0
S99,2026-02-03 07:00:00,8.9,8.9,7.692741997686078,8.487359412395218,478005.0
DAG,2020-06-22 07:00:00,5.04,5.29,5.04,5.29,690070.0
HDG,2018-12-19 07:00:00,9.01,9.06,8.87,9.02,237420.0
HHG,2025-07-18 07:00:00,1.8,3.4323871461361897,1.6,1.6,486199.0
TDW,2016-09-28 07:00:00,19.04,26.99834281650071,18.98,20.69,2838.0
HMR,2025-08-11 07:00:00,11.8,12.4,11.8,12.0,59684.0
MPC,2020-10-15 07:00:00,11.97,12.05,11.9,11.97,129140.0
VHL,2024-10-31 07:00:00,11.0,11.0,11.0,11.0,100.0
TTN,2022-05-13 07:00:00,9.083407297830375,12.95,9.083313580246912,12.87,172854.0
VNP,2022-09-19 07:00:00,14.82,15.09,8.84283606557377,13.58,38320.0
NLG,2021-08-23 07:00:00,31.34,32.19,24.24108368684921,31.69,2413600.0
VNL,2025-11-14 07:00:00,22.12,22.12,22.02,22.02,6200.0
BCA,2025-08-01 07:00:00,10.38126094570928,11.0,10.341222707423581,10.8,22100.0
HTT,2018-05-23 07:00:00,2.462099502487562,2.67,2.4496825396825397,2.65,10950.0
TJC,2023-08-10 07:00:00,8.38,8.38,6.290409836065574,6.934579061416911,11151.0
SD3,2022-10-04 07:00:00,4.0,5.124398460057748,3.6,3.9,2211.0
SID,2022-04-08 07:00:00,16.72,17.61,16.13,16.13,5000.0
DVN,2022-08-10 07:00:00,17.68,17.86,17.5,17.605437117789396,35203.0
TST,2016-05-13 07:00:00,4.8,4.98,4.8,4.98,10568.0
ACL,2025-05-19 07:00:00,9.29,9.63,9.29,9.63,19300.0
CLM,2023-12-07 07:00:00,53.0,54.200737605804115,53.0,53.0,1720.0
NAB,2022-01-12 07:00:00,8.918372262773723,9.337664714494876,7.67,8.03,1389963.0
CTP,2019-11-29 07:00:00,3.0,8.937435470441299,3.0,3.1,163055.0
DBD,2020-10-16 07:00:00,30.636704347826086,31.706690017513136,22.93,22.98,19440.0
PGT,2024-10-01 07:00:00,3.1,5.461951700344997,2.9,3.1,8727.0
CDP,2026-02-12 07:00:00,11.9,12.0,11.1,11.8,17800.0
MSN,2025-02-13 07:00:00,68.8,69.0,68.3,68.9,1824000.0
TAR,2021-04-12 07:00:00,18.7,19.77,17.99127906976744,19.6,1198139.0
TMT,2021-12-09 07:00:00,16.26,16.26,12.943317775184752,16.12,11800.0
TST,2019-04-04 07:00:00,7.08,7.247373447946514,6.969444444444445,7.08,10568.0
HAP,2017-05-15 07:00:00,3.07,3.13,2.92,2.99,413450.0
XMC,2021-08-30 07:00:00,8.013792452830188,8.89,7.972159447583176,8.89,14410.0
EBS,2026-02-13 07:00:00,11.5,11.5,11.5,11.5,200.0
MPC,2026-02-11 07:00:00,17.6,18.1,14.328268129770992,18.0,458900.0
MPC,2019-05-24 07:00:00,15.72,15.72,14.92,15.06,314351.0
ICG,2020-05-11 07:00:00,4.57,4.65,4.41,4.65,31363.0
VFG,2018-12-17 07:00:00,18.66,19.29,18.66,19.29,24965.0
ACV,2025-03-05 07:00:00,65.61,65.67,47.995560307955515,64.39,449640.0
SC5,2019-11-04 07:00:00,16.549470198675497,17.237464358452137,15.21,17.14,2890.0
X20,2024-01-31 07:00:00,8.9,9.69,8.9,9.69,1100.0
BLT,2022-05-10 07:00:00,22.63,25.698471849865953,22.33,22.33,700.0
NHA,2024-02-16 07:00:00,13.26,13.73,11.029387436597737,13.53,440174.0
ALV,2024-10-24 07:00:00,3.94,3.94,3.53,3.53,29890.0
VJC,2021-10-05 07:00:00,131.4,131.7,129.2,130.8,813900.0
MCM,2022-10-03 07:00:00,32.43,35.65788154897494,30.96,31.61,6820.0
VNG,2016-09-21 07:00:00,11.87,12.718362102032987,11.69,11.97,279665.0
ACM,2016-09-15 07:00:00,1.9,1.9,1.553215731636784,1.8002070014339404,552700.0
TTZ,2017-04-27 07:00:00,3.13,3.22,3.13,3.13,270100.0
APP,2023-05-23 07:00:00,4.3,4.3,4.2,4.2,14000.0
AVC,2025-03-31 07:00:00,55.3,55.3,54.44,54.44,200.0
OIL,2020-03-17 07:00:00,5.57,5.85,5.48,5.85,186370.0
L61,2021-03-04 07:00:00,7.3,8.023411978221414,7.3,7.3,6760.0
GTT,2021-08-27 07:00:00,0.6,0.7,0.5797718631178707,0.6619056436270147,603959.0
HAP,2020-11-11 07:00:00,3.82,4.616531238022231,3.77,3.78,118450.0
SFI,2025-06-06 07:00:00,26.3,26.3,26.3,26.3,17930.0
HBH,2022-11-15 07:00:00,7.75,7.75,6.280584028605483,7.75,6730.0
KSQ,2017-12-01 07:00:00,1.9,2.0,1.8,2.0,234748.0
STB,2022-02-10 07:00:00,35.0,35.25,22.0665625,34.75,19610286.0
PVL,2016-09-08 07:00:00,2.4,3.4056084126189283,2.2,2.3,103200.0
HKT,2026-04-21 07:00:00,20.5,20.5,20.0,20.0,40430.0
VLB,2021-09-15 07:00:00,35.05,36.61,35.05,35.52,32500.0
BCA,2023-02-15 07:00:00,4.7,4.7,4.6,4.7,124469.0
ILA,2024-09-05 07:00:00,4.569629812438302,4.74,4.520019782393669,4.55,40836.0
BTS,2015-11-02 07:00:00,6.29,6.76,6.29,6.5300806935129,1500.0
VTH,2026-02-12 07:00:00,8.0,8.0,7.6027133655394525,8.0,2100.0
SD6,2017-01-17 07:00:00,7.7,7.7,5.029559471365639,5.614794943644976,200.0
S99,2024-07-30 07:00:00,7.7338098888463005,8.99,7.692741997686078,8.487359412395218,478005.0
DLG,2023-11-30 07:00:00,2.22,2.31,2.22,2.22,2991400.0
TTC,2021-11-16 07:00:00,11.32,11.32,10.92,11.32,15300.0
DHM,2017-09-15 07:00:00,4.44,7.242743055555555,4.38,4.62,459664.0
NAF,2023-09-29 07:00:00,13.46,17.401915797605252,13.12,13.21,101200.0
TNT,2021-07-13 07:00:00,8.0,8.2,7.71,7.95,186800.0
VSH,2018-10-25 07:00:00,12.48,12.48,12.16,12.3,103732.0
ATS,2024-12-20 07:00:00,14.9,14.9,14.9,14.9,26592.0
KDC,2017-03-15 07:00:00,39.30886541471049,40.30182883939039,27.84,27.84,1086952.0
HTT,2019-07-09 07:00:00,2.462099502487562,2.6042345924453283,1.57,1.62,416828.0
NAG,2021-03-24 07:00:00,4.04,4.34,4.04,4.34,247275.0
VCG,2019-05-06 07:00:00,16.0,16.732745995423343,15.71,15.71,9496252.0
PC1,2025-03-07 07:00:00,20.64,20.73,14.404785562632695,20.51,2117300.0
NDP,2023-07-03 07:00:00,20.335482517482518,20.83825352112676,19.36,20.29,5709.0
VJC,2019-01-16 07:00:00,115.38147225862822,116.28,114.0,114.99,1028315.0
TAN,2026-03-04 07:00:00,44.0,44.0,40.892380952380954,44.0,4600.0
XMC,2020-02-26 07:00:00,7.05,8.300484886649874,7.05,7.05,51595.0
VNP,2023-09-18 07:00:00,11.36,11.36,8.84283606557377,11.36,7300.0
PGD,2016-10-13 07:00:00,23.1046277665996,23.77330772341286,22.31,22.56,9480.0
S99,2019-06-25 07:00:00,6.39,6.61,6.32,6.47,34100.0
SMT,2025-06-10 07:00:00,7.17,7.48,6.37,7.48,26846.0
KMR,2017-03-24 07:00:00,4.58,4.69,4.54,4.56,42720.0
TAR,2019-07-24 07:00:00,19.32,19.53,17.99127906976744,19.429241014124077,66400.0
CMN,2018-01-08 07:00:00,21.9,22.1,20.04,22.1,1500.0
DRI,2018-05-24 07:00:00,7.758982440342188,8.075123929698062,5.49,5.49,43700.0
NNT,2025-06-03 07:00:00,66.0,66.0,66.0,66.0,2552.0
TNB,2019-08-13 07:00:00,7.5298441926345605,7.865766215253029,3.98,3.98,12300.0
TCJ,2022-11-11 07:00:00,5.0,5.0,5.0,5.0,70855.0
EVS,2024-01-18 07:00:00,8.4,8.5,8.3,8.4,359621.0
DRH,2021-12-30 07:00:00,23.84,23.88,9.22171668667467,10.267358987803131,3484700.0
DST,2017-04-11 07:00:00,25.1,25.3,24.5,25.0,984166.0
C21,2017-11-24 07:00:00,16.63,16.87,16.63,16.63,16065.0
HU3,2016-01-14 07:00:00,3.15,3.15,3.02,3.02,4110.0
TLP,2023-10-31 07:00:00,6.03,6.03,5.85,5.85,17200.0
VCI,2017-08-07 07:00:00,7.54,7.61,7.54,7.59,8397919.0
BAF,2025-01-07 07:00:00,27.0,27.4,22.980746543778803,24.983156906055523,3360200.0
D2D,2016-02-22 07:00:00,20.073952950250675,20.817585807944464,3.13,3.17,224043.0
TJC,2025-08-14 07:00:00,9.05,9.85,9.05,9.85,200.0
ACC,2022-04-15 07:00:00,18.27,18.51,18.17,18.32,86700.0
STG,2026-02-26 07:00:00,36.8,36.8,36.8,36.8,500.0
SAV,2024-06-27 07:00:00,17.27,17.63,16.59,17.54,68237.0
PGB,2025-08-27 07:00:00,12.62,13.0,12.62,12.69,66100.0
PGD,2018-07-19 07:00:00,18.82,23.77330772341286,18.82,20.33,2060.0
KSQ,2021-08-02 07:00:00,3.1,3.2,3.1,3.2,61404.0
VCC,2021-11-23 07:00:00,18.95,19.83,9.856083948339483,19.83,39600.0
DBC,2017-09-26 07:00:00,5.98,6.16,5.98,6.05,13786.0
FCM,2024-09-06 07:00:00,3.08,3.1,3.08,3.08,9800.0
SD3,2020-11-17 07:00:00,3.3,3.3,3.3,3.3,100.0
VRG,2025-03-25 07:00:00,20.46,20.9,20.46,20.9,54437.0
MAC,2022-08-09 07:00:00,5.85,6.04,5.79,5.91,129541.0
HU3,2024-08-02 07:00:00,3.4,5.377346747777257,3.4,3.5,12133.0
MSN,2021-06-17 07:00:00,84.44,86.9,67.58573384030419,84.44,1384400.0
VCI,2021-10-04 07:00:00,22.65,22.81,16.079808656036448,22.1,6105700.0
DCL,2024-12-13 07:00:00,27.4,27.6,26.8,27.1,324667.0
PGV,2021-08-12 07:00:00,15.45,15.87,15.37,15.45,36363.0
NJC,2023-04-11 07:00:00,13.46,13.46,13.46,13.46,7102.0
NDT,2023-02-08 07:00:00,7.9,8.0,7.9,7.9,37194.0
HAP,2020-04-24 07:00:00,2.01,2.01,1.98,2.0,504145.0
VFG,2019-03-05 07:00:00,17.84,18.09,17.84,18.09,120.0
MPC,2023-06-30 07:00:00,16.36,16.55,16.36,16.45,160600.0
PV2,2025-12-17 07:00:00,2.7,3.0671881606765328,2.7,2.7,27800.0
VNG,2022-01-24 07:00:00,13.3,13.3,12.9,13.05,76100.0
S99,2018-04-24 07:00:00,3.75,3.82,3.75,3.82,478005.0
UDC,2021-03-17 07:00:00,7.25,7.25,6.91,7.19,150300.0
VES,2016-08-02 07:00:00,1.09,1.09,1.0,1.0,17110.0
TT6,2025-03-10 07:00:00,6.2,6.389241706161138,5.93,5.93,24600.0
NSG,2016-07-05 07:00:00,10.27,10.691935483870969,10.27,10.27,6754.0
VFG,2016-08-12 07:00:00,20.83,20.83,20.18,20.44,24965.0
SMT,2017-06-29 07:00:00,12.28,12.28,12.28,12.28,1100.0
QHD,2020-02-24 07:00:00,12.26,18.076739495798318,12.26,12.26,11800.0
STB,2024-08-21 07:00:00,29.65,29.95,29.4,29.95,8881200.0
AGP,2024-01-04 07:00:00,19.86,19.86,19.86,19.86,72.0
CTR,2019-10-09 07:00:00,22.7,56.77524082021936,19.31,24.28,790482.0
VSI,2023-10-20 07:00:00,14.28,14.28,14.28,14.28,100.0
JVC,2020-08-27 07:00:00,4.5,4.55,4.38,4.39,1347296.0
TTC,2020-11-24 07:00:00,8.624018583042973,8.85554077501446,7.1,7.1,3500.0
VIG,2026-04-14 07:00:00,4.8,4.8,4.7,4.8,62500.0
HAP,2023-05-05 07:00:00,4.02,4.616531238022231,3.99,4.01,140900.0
CSM,2021-07-20 07:00:00,14.29,15.07,13.764324427480915,14.84,35100.0
NAB,2023-03-16 07:00:00,5.08,5.13,5.03,5.13,68162.0
TJC,2016-12-30 07:00:00,6.319156086631815,6.542196574832465,3.8,4.13,13000.0
VRG,2024-08-21 07:00:00,22.74,22.92,13.790377189043557,22.83,54437.0
VMD,2016-04-06 07:00:00,16.44,16.44,15.35,15.35,255040.0
SAL,2018-04-20 07:00:00,4.69,4.69,4.69,4.69,900.0
DSG,2024-03-01 07:00:00,6.1,6.1,5.620581113801453,6.1,600.0
BMG,2023-02-01 07:00:00,20.24,20.24,20.24,20.24,1.0
MIC,2024-07-23 07:00:00,10.32,13.68,7.966838951310861,13.68,7628.0
BVL,2023-08-30 07:00:00,12.03,12.03,11.83,11.9,3700.0
PNC,2020-08-14 07:00:00,7.36,13.093984915147706,7.36,7.88,250.0
CSC,2018-06-28 07:00:00,5.54,18.855480957989794,5.54,5.63,5700.0
NAG,2019-06-04 07:00:00,2.59,2.59,2.59,2.59,247275.0
JVC,2018-08-10 07:00:00,3.08,3.08,2.9,3.03,234910.0
TMB,2022-11-21 07:00:00,16.12,16.12,16.12,16.12,100.0
ACC,2021-10-19 07:00:00,8.16,8.2,7.98,8.2,45600.0
CTI,2024-01-16 07:00:00,14.85,18.66108282674772,14.6,15.3,1299987.0
ACV,2021-04-07 07:00:00,45.08,45.08,44.71,44.95,139054.0
TDC,2019-09-09 07:00:00,7.66,9.723554538520213,7.58,7.58,456200.0
NAG,2025-07-21 07:00:00,13.1,13.3,6.299468438538207,6.9025918467975504,513200.0
STB,2025-02-27 07:00:00,38.55,38.65,38.1,38.3,12864400.0
TMB,2026-03-06 07:00:00,59.4,62.0,57.0,57.1,10700.0
PXA,2015-12-07 07:00:00,3.3,3.4,3.2,3.3,57800.0
HT1,2023-04-13 07:00:00,14.08,14.23,13.99,14.04,449600.0
JVC,2025-03-21 07:00:00,5.2,5.4,4.288594285714286,5.39,772200.0
OIL,2026-03-13 07:00:00,21.0,21.9,11.264846077457797,19.2,10599900.0
PVO,2022-06-27 07:00:00,5.598060016906171,8.68,5.492285230639018,6.143729285248838,72957.0
LHC,2022-01-24 07:00:00,73.96,80.64,37.51185185185185,80.46,15820.0
HBS,2017-09-01 07:00:00,2.36,5.101032558139535,2.28,2.36,18800.0
CDO,2015-12-22 07:00:00,17.19,17.26,17.13,17.19,1159030.0
CTP,2022-08-05 07:00:00,6.0,6.2,6.0,6.2,163055.0
GHC,2020-11-16 07:00:00,15.49,18.577372170997485,15.38,15.38,7600.0
FTM,2017-06-15 07:00:00,11.8,11.94,11.7,11.85,999760.0
PCC,2018-08-22 07:00:00,13.351495227995757,14.08747613997879,8.07,8.07,100.0
MIC,2018-01-29 07:00:00,3.23,8.3923855963991,3.23,3.23,1000.0
TCI,2021-10-19 07:00:00,15.69,16.48,8.956466621712744,16.13,696341.0
SBV,2021-04-05 07:00:00,12.47,12.47,12.25,12.4,172800.0
FDC,2024-08-02 07:00:00,13.5,13.5,13.5,13.5,2200.0
VGV,2023-12-22 07:00:00,28.56,28.94,27.89,28.66,43237.0
SD6,2015-10-12 07:00:00,10.05,10.12,9.97,10.12,97380.0
NAS,2021-03-19 07:00:00,31.0,34.5,28.233136136849605,33.0,7993.0
S72,2024-10-17 07:00:00,7.3,7.3,7.0,7.0,3100.0
TVN,2021-12-01 07:00:00,17.06,17.06,16.58,16.87,749945.0
ATS,2023-10-10 07:00:00,11.0,11.0,11.0,11.0,200.0
VIN,2022-04-06 07:00:00,23.89,23.89,23.89,23.89,5621.0
PC1,2018-03-16 07:00:00,9.96,9.96,9.87,9.87,81980.0
CTG,2023-05-26 07:00:00,16.94,17.07,16.88,17.07,1781900.0
SBA,2016-03-21 07:00:00,4.51,4.56,4.46,4.56,54290.0
NAS,2020-09-30 07:00:00,26.47,26.47,26.19,26.19,1900.0
PCH,2024-10-31 07:00:00,12.19,12.38,12.19,12.29,95000.0
TPB,2020-11-13 07:00:00,6.91,11.361127819548873,6.85,6.89,1526510.0
TXM,2024-08-22 07:00:00,4.6,5.835372928176795,4.2,4.4,85181.0
POS,2025-02-17 07:00:00,21.94,23.42,21.68,22.47,27983.0
PVO,2019-12-25 07:00:00,3.15,3.15,3.15,3.15,300.0
ACC,2021-10-11 07:00:00,7.89,7.89,7.76,7.85,89371.0
TJC,2024-06-06 07:00:00,11.51,11.51,11.51,11.51,11151.0
PPH,2025-12-29 07:00:00,27.6,27.7,27.4,27.7,13900.0
SSH,2024-08-07 07:00:00,68.2,76.0865009380863,68.2,68.8,261516.0
EBS,2017-10-31 07:00:00,4.64,4.64,4.64,4.64,5200.0
VCP,2018-10-31 07:00:00,19.2,19.86,19.2,19.86,13460.0
CTI,2017-08-03 07:00:00,23.27,24.25,23.27,23.95,455710.0
LHC,2025-12-09 07:00:00,115.0,115.8,37.51185185185185,114.9,31600.0
PND,2023-09-19 07:00:00,7.7,8.0,7.7,7.9,1300.0
STT,2018-03-16 07:00:00,7.99,8.59,5.258280166435506,8.59,1210.0
PGV,2023-10-30 07:00:00,20.75,22.04,20.75,20.94,3000.0
IMP,2022-12-20 07:00:00,25.04,26.5,24.83,26.27763989993691,76893.0
PBC,2022-01-05 07:00:00,17.01,17.19,16.65,16.74,148000.0
FCN,2021-07-23 07:00:00,10.24,10.38,10.06,10.1,857400.0
MAC,2015-12-01 07:00:00,4.72,4.76,4.67,4.76,129541.0
SJM,2025-03-26 07:00:00,7.1,7.3,4.017777132907719,7.3,4400.0
IMP,2017-07-13 07:00:00,16.17,24.898868068833654,15.92,16.27,15830.0
BTP,2021-06-01 07:00:00,10.75,10.75,10.75,10.75,100.0
DC1,2018-01-31 07:00:00,5.01,7.533112449799196,5.01,5.01,4800.0
ACL,2017-10-12 07:00:00,3.04,10.565010258514567,3.04,3.1,110874.0
CVT,2017-03-10 07:00:00,23.83,26.21043636363636,23.45,23.83,372110.0
FCM,2021-11-19 07:00:00,9.14,9.14,8.26,8.62,303704.0
ELC,2019-10-02 07:00:00,10.27205734211546,10.660174418604651,2.84,2.89,22130.0
VRG,2017-08-22 07:00:00,13.862635135135134,14.374399819494585,2.64,2.64,400.0
TAR,2023-08-07 07:00:00,22.2,23.1,17.99127906976744,19.429241014124077,3821315.0
MPC,2021-09-13 07:00:00,17.3,17.51,14.328268129770992,17.14,314351.0
SMT,2023-03-06 07:00:00,6.69,6.85,6.69,6.85,200.0
AGP,2022-08-11 07:00:00,14.39,14.52,14.39,14.39,3108.0
CTX,2026-02-23 07:00:00,5.8,7.457588055130169,5.6,5.8,63984.0
MAC,2024-07-17 07:00:00,12.69,12.69,6.622152658662093,7.3805990530576135,25601.0
HAG,2016-11-04 07:00:00,5.12,5.16,5.1,5.12,1041810.0
IMP,2017-05-15 07:00:00,13.61,13.93,13.59,13.68,14330.0
NAS,2024-07-22 07:00:00,24.0,24.0,23.8,23.8,7993.0
JVC,2016-10-04 07:00:00,4.241349599695005,4.480477646159724,3.43,3.54,420340.0
VEF,2023-09-26 07:00:00,84.61,84.61,82.47,84.54,16410.0
VTA,2024-03-29 07:00:00,3.3,3.7,3.3,3.7,3500.0
TDC,2017-12-13 07:00:00,4.64,4.64,4.42,4.42,81600.0
SSN,2016-01-04 07:00:00,8.62,10.150016339869282,8.53,8.53,25900.0
DHM,2022-06-30 07:00:00,9.27,9.32,9.09,9.18,226000.0
ACV,2021-07-07 07:00:00,45.56,49.34862393162393,45.5,45.99,141882.0
HPX,2026-04-13 07:00:00,5.1,16.13219646799117,5.01,5.09,2843778.0
VSH,2024-05-15 07:00:00,43.24,44.05,43.24,44.05,103732.0
TDS,2017-08-22 07:00:00,9.060715350223548,9.336590457256461,4.1,4.1,100.0
BBS,2019-05-09 07:00:00,3.73,4.54,3.73,4.54,200.0
CVT,2020-06-18 07:00:00,15.41,15.5,15.33,15.5,139830.0
HMR,2023-06-16 07:00:00,6.94,11.346841085271318,6.85,6.85,59684.0
DGC,2017-11-09 07:00:00,7.02,7.02,6.98,7.02,1990021.0
TDS,2022-03-18 07:00:00,17.0,17.97,17.0,17.97,300.0
NUE,2023-09-28 07:00:00,6.75,6.75,6.75,6.75,3451.0
SMA,2025-09-30 07:00:00,9.28,9.39,7.8633316481294235,9.28,6100.0
CIA,2018-11-26 07:00:00,19.64,19.64,19.64,19.64,31262.0
STG,2025-09-03 07:00:00,36.95,36.95,23.48655797101449,36.8,1400.0
BVS,2021-02-26 07:00:00,18.9,18.9,17.87,18.47,672699.0
MH3,2019-07-29 07:00:00,23.08,23.08,22.94,22.94,1800.0
MSN,2024-12-05 07:00:00,71.9,73.7,67.58573384030419,73.7,4625924.0
BAB,2025-03-03 07:00:00,11.07,12.464832015810277,10.98,10.98,5913.0
HBS,2023-09-20 07:00:00,4.85312238250349,9.03,4.851451089476124,9.03,100302.0
TTF,2022-10-17 07:00:00,5.14,5.14,4.9,4.95,1052700.0
ONE,2016-01-19 07:00:00,4.861977787270397,5.046919127086007,4.64,4.64,2500.0
TRC,2022-07-29 07:00:00,34.42,35.04,34.42,35.04,1000.0
ANV,2017-08-23 07:00:00,2.79,2.79,2.7,2.75,43470.0
PGT,2017-07-12 07:00:00,4.1,4.1,4.1,4.1,100.0
ND2,2020-05-19 07:00:00,16.68,16.68,16.68,16.68,2000.0
POW,2025-10-09 07:00:00,11.92,12.08,10.479503475670308,12.08,6528500.0
AGG,2020-11-25 07:00:00,15.99,20.988177182919056,15.93,16.05,636670.0
SAM,2021-03-10 07:00:00,10.69,10.78,10.5,10.69,195200.0
BTN,2025-05-08 07:00:00,2.8,2.9,2.8,2.9,88009.0
EBS,2021-10-22 07:00:00,7.06,7.06,6.91,6.91,6176.0
BTS,2020-08-31 07:00:00,4.35,4.35,4.35,4.35,94253.0
LAI,2017-10-31 07:00:00,1.55,1.55,1.36,1.36,200.0
SFN,2017-07-19 07:00:00,20.91,20.91,19.96,19.96,1100.0
NHT,2025-09-30 07:00:00,10.45,10.45,10.45,10.45,12937.0
SFN,2019-05-21 07:00:00,18.205034364261167,20.34,17.05,17.05,20900.0
DHM,2025-08-12 07:00:00,6.75,6.75,6.63,6.72,459664.0
VJC,2025-07-23 07:00:00,108.0,108.8,107.5,108.8,1028315.0
SAS,2024-05-29 07:00:00,25.06,25.06,22.598014297061162,24.321284023654652,5101.0
STB,2016-05-26 07:00:00,11.3,11.6,10.9,11.0,19610286.0
VHC,2019-10-02 07:00:00,28.67,38.97492075763432,28.29,28.43,160460.0
TNC,2021-12-28 07:00:00,31.44,31.44,31.44,31.44,9105.0
DTL,2021-12-23 07:00:00,35.0,35.0,23.77525787965616,25.825877859177822,800.0
AFX,2022-06-09 07:00:00,15.3,15.3,14.6,14.6,16400.0
TLP,2021-09-20 07:00:00,9.12,9.21,8.076566383257031,9.12,21000.0
CSC,2021-05-12 07:00:00,22.04,22.04,17.93577481365241,19.549566310688583,102373.0
TS3,2023-10-18 07:00:00,5.591123595505619,5.9,5.3,5.7,40400.0
VCG,2018-12-28 07:00:00,12.92,16.732745995423343,12.53,12.87,9496252.0
TVN,2020-02-07 07:00:00,5.81,8.427530759439966,5.81,6.29,600.0
DTL,2025-08-04 07:00:00,10.6,24.16823473282443,10.6,10.6,900.0
TDS,2022-02-08 07:00:00,16.55,16.92,9.029329692154915,16.47,3500.0
PGD,2017-10-17 07:00:00,23.1046277665996,23.77330772341286,20.78,20.86,57349.0
IJC,2018-03-02 07:00:00,8.054276629570747,8.343338632750397,3.47,3.62,304680.0
PGT,2022-10-13 07:00:00,3.5,3.6,3.4,3.6,1800.0
SHS,2017-11-17 07:00:00,3.73,3.8,3.63,3.67,14180223.0
CCR,2020-12-31 07:00:00,9.97,10.05,9.97,10.05,1300.0
NAF,2017-09-28 07:00:00,15.59,15.78,15.59,15.59,440231.0
PGD,2022-10-04 07:00:00,21.85,22.83,21.85,22.68,3500.0
VCA,2024-04-25 07:00:00,9.0,9.0,8.64,8.66,2300.0
X20,2025-06-03 07:00:00,12.55,12.64,12.55,12.55,6725.0
HT1,2024-01-15 07:00:00,12.43,12.53,12.23,12.23,1084258.0
BMJ,2015-10-29 07:00:00,0.84,8.938577817531305,0.84,0.84,100.0
VQC,2022-05-26 07:00:00,16.74,16.74,10.68171497584541,16.74,100.0
MCM,2025-12-25 07:00:00,26.5,35.65788154897494,26.4,26.45,15400.0
TDS,2021-06-18 07:00:00,12.06,13.03,9.029329692154915,12.66,36000.0
HPX,2019-09-09 07:00:00,17.12,17.45,16.26,17.38,367050.0
EVG,2018-06-26 07:00:00,3.08,3.23,3.08,3.17,252910.0
DGW,2018-08-24 07:00:00,21.978290826037306,22.712729000380083,4.83,4.91,1898224.0
CTI,2020-12-07 07:00:00,13.19,18.66108282674772,13.02,13.15,1394060.0
CTP,2022-12-06 07:00:00,4.0,4.2,3.9,4.2,5400.0
ONE,2016-12-21 07:00:00,4.06,4.06,3.89,3.89,2400.0
HBS,2023-06-30 07:00:00,7.17,7.26,7.09,7.09,100302.0
ND2,2017-06-29 07:00:00,8.78,8.93,8.78,8.93,13186.0
PVO,2016-11-14 07:00:00,3.24,3.24,2.87,3.24,46000.0
SHN,2018-08-03 07:00:00,9.4,9.49,9.31,9.485509172097963,76100.0
PPH,2018-06-13 07:00:00,6.81,17.800909589041098,6.76,6.76,83214.0
IDV,2025-12-11 07:00:00,23.15,23.57,23.15,23.32,36278.0
DRH,2018-05-21 07:00:00,11.71,11.88,11.43,11.81,2649198.0
HDG,2020-11-11 07:00:00,10.65,10.67,10.52,10.61,1406470.0
MIG,2018-01-23 07:00:00,5.03,5.11,5.03,5.11,52900.0
VPG,2022-01-10 07:00:00,44.44,44.44,41.94,42.75,685800.0
BBH,2024-12-26 07:00:00,13.81,13.81,13.81,13.81,6003.0
DXV,2025-10-06 07:00:00,3.8,3.88,3.8,3.88,800.0
XMC,2021-10-29 07:00:00,9.87,11.18,9.87,11.18,186119.0
HID,2020-02-21 07:00:00,2.35,2.35,2.3,2.3,47900.0
EVG,2022-09-05 07:00:00,7.17,7.29,5.443823529411765,7.11,67600.0
AVC,2021-08-09 07:00:00,18.21,18.21,18.21,18.21,2100.0
VNY,2022-06-21 07:00:00,5.1,5.1,5.0,5.0,9897.0
ANT,2024-07-30 07:00:00,13.65,15.26,12.431418439716312,13.348367025091736,209609.0
GMC,2017-03-20 07:00:00,12.25,12.59,12.17,12.59,24300.0
DSC,2019-01-15 07:00:00,6.36,6.36,5.74,6.36,18100.0
TBC,2020-03-30 07:00:00,13.54,13.73,13.54,13.73,1020.0
FCM,2021-04-29 07:00:00,4.377023384859294,5.56,4.373087301587302,5.4,303704.0
PXI,2020-07-08 07:00:00,2.74,2.74,2.74,2.74,60.0
PGV,2020-12-09 07:00:00,12.08,12.47,12.0,12.31,65800.0
HMR,2023-04-11 07:00:00,10.872821011673151,11.346841085271318,6.31,6.49,15300.0
GSM,2025-01-20 07:00:00,23.78,23.78,13.896553491351698,14.732185626595394,200.0
MCG,2020-10-22 07:00:00,1.7,1.7,1.7,1.7,1400.0
VMD,2022-11-01 07:00:00,15.62,15.62,14.74,14.89,2800.0
CTG,2020-04-22 07:00:00,8.43,9.02,8.43,8.82,6363800.0
ONE,2018-03-27 07:00:00,3.24,3.3,3.24,3.3,3800.0
PJC,2025-02-27 07:00:00,30.19,30.19,16.992157676348548,30.19,101.0
SMT,2015-11-27 07:00:00,12.4,12.4,12.14,12.4,600.0
TMT,2018-04-03 07:00:00,7.72,7.94,7.53,7.94,8710.0
SGH,2017-03-27 07:00:00,20.61,22.42,20.61,22.26,7504.0
BBS,2019-08-21 07:00:00,4.6,4.6,4.6,4.6,23450.0
FDC,2023-03-27 07:00:00,17.25,18.3,17.25,18.2,8681.0
HBS,2024-07-23 07:00:00,8.02,8.02,4.851451089476124,5.2548716810756755,54700.0
GTT,2019-05-03 07:00:00,0.4,0.4,0.4,0.4,603959.0
THG,2022-12-07 07:00:00,20.23,20.68,19.55,20.68,42900.0
SAV,2021-10-25 07:00:00,14.48,15.25,14.48,15.22,325500.0
FTM,2018-08-28 07:00:00,15.0,15.15,15.0,15.05,1148620.0
CCR,2023-09-28 07:00:00,10.55,10.65,10.55,10.65,5355.0
THG,2019-08-14 07:00:00,11.77,22.28860103626943,11.47,11.65,58658.0
CLX,2021-05-27 07:00:00,15.99,15.99,15.38,15.38,158000.0
DHA,2022-03-01 07:00:00,40.61,40.82,40.54,40.54,112685.0
CCI,2025-10-01 07:00:00,20.47,20.51,20.22,20.3,2400.0
TDW,2026-03-18 07:00:00,44.0,44.0,26.4158126330731,29.0211786815282,1000.0
HOT,2022-08-29 07:00:00,28.2,30.75,26.748505244755247,30.75,1322.0
VOS,2018-10-09 07:00:00,7.061273786407766,7.403930097087378,1.68,1.68,166360.0
VNG,2023-02-28 07:00:00,12.304946483180428,12.718362102032987,8.6,8.79,2500.0
CMN,2023-05-05 07:00:00,49.51,49.51,49.51,49.51,5882.0
MBB,2016-08-31 07:00:00,2.8,2.82,2.8,2.8,116320.0
DRI,2026-04-29 07:00:00,13.9,14.0,7.735390519187359,14.0,543000.0
THG,2023-11-29 07:00:00,24.36,24.86,24.24,24.86,18400.0
POS,2022-05-09 07:00:00,9.7,10.67,9.7,10.67,5100.0
ELC,2025-12-22 07:00:00,23.7,24.5,23.7,24.4,1151100.0
PC1,2023-10-30 07:00:00,17.36,17.49,16.7,16.7,1671700.0
SHS,2023-07-17 07:00:00,12.35,12.61,12.27,12.44,17430145.0
CTP,2023-02-27 07:00:00,3.4,3.6,3.4,3.4,4140.0
SD2,2021-12-07 07:00:00,11.84,11.84,5.3541399817017385,5.901628263266668,16401.0
PCT,2023-03-08 07:00:00,6.8,7.904275280898877,6.4,6.6,11920.0
DTL,2019-01-14 07:00:00,35.4,35.4,35.4,35.4,7368.0
VCP,2018-07-31 07:00:00,16.44,16.74,16.44,16.68,6800.0
SC5,2015-11-10 07:00:00,13.41,13.41,13.41,13.41,70.0
VKC,2016-08-08 07:00:00,13.26,13.45,13.17,13.45,9800.0
VSH,2021-12-06 07:00:00,21.27,21.65,20.28,21.12,103732.0
OIL,2019-12-12 07:00:00,8.54,11.762200791295745,8.26,8.36,2531503.0
DCL,2025-03-03 07:00:00,24.2,24.2,23.8,24.05,320600.0
NHH,2022-07-27 07:00:00,12.93,13.06,12.24,12.88,478896.0
VNG,2018-01-12 07:00:00,17.08,17.18,12.352284730195178,17.08,279665.0
HCD,2025-05-26 07:00:00,6.79,7.17,5.825697341513292,6.296309171806738,802546.0
VCA,2021-02-02 07:00:00,9.93,10.25,9.93,10.17,11800.0
BT1,2021-06-16 07:00:00,10.72,10.78,10.72,10.78,4994.0
NSC,2020-08-18 07:00:00,44.76,45.47,44.76,45.47,2770.0
DRH,2025-08-21 07:00:00,3.45,3.49,3.26,3.36,2649198.0
NNT,2025-03-25 07:00:00,57.8,60.53,30.93621065375303,34.10870514131573,200.0
BAB,2022-08-19 07:00:00,13.98,13.98,13.82,13.9,10800.0
MPC,2023-12-15 07:00:00,16.38,16.47,16.09,16.09,26943.0
TL4,2016-09-08 07:00:00,4.96,5.08,4.96,5.08,24100.0
BHP,2024-01-22 07:00:00,6.58,7.703050847457627,6.58,6.58,4180.0
DNH,2018-03-09 07:00:00,9.94,11.5,9.94,11.5,1000.0
PVV,2025-06-27 07:00:00,1.3,1.488171597633136,1.2,1.4879949347550145,46100.0
TTN,2020-05-21 07:00:00,4.12,4.28,4.12,4.28,86502.0
TDW,2019-01-18 07:00:00,15.49,15.49,15.49,15.49,10.0
TVN,2017-05-10 07:00:00,6.61,6.61,6.34,6.52,4600.0
BTS,2021-09-09 07:00:00,7.45,7.63,7.18,7.45,94253.0
HID,2026-04-15 07:00:00,5.0,5.07,4.8,4.89,578100.0
ASM,2024-06-06 07:00:00,9.96,10.08,7.063972762645914,7.730752097355525,3466300.0
STB,2019-11-14 07:00:00,10.8,10.85,10.65,10.7,2044260.0
HBH,2021-02-09 07:00:00,4.71,4.71,4.71,4.71,5200.0
D2D,2024-05-22 07:00:00,29.62,29.75,20.227293754818813,29.13,224043.0
VKP,2016-02-18 07:00:00,0.77,0.77,0.77,0.77,33398.0
TVG,2021-12-13 07:00:00,12.56,12.56,12.56,12.56,306.0
CMM,2024-02-27 07:00:00,6.0,6.0,6.0,6.0,700.0
MIG,2018-12-13 07:00:00,5.98,6.02,5.98,6.02,10100.0
SD3,2020-05-21 07:00:00,4.9084563434635795,5.124398460057748,1.5,1.7,34400.0
VPG,2018-02-12 07:00:00,13.9535383113714,14.52252693437806,5.22,5.32,128290.0
DTI,2024-06-12 07:00:00,3.4,3.5,3.4,3.5,80517.0
PTS,2024-06-21 07:00:00,9.35,9.81,9.26,9.81,114827.0
MIG,2020-10-26 07:00:00,6.31,6.61,6.25,6.49,114034.0
IMP,2019-01-18 07:00:00,14.66,24.898868068833654,14.54,15.09,9150.0
NHH,2022-03-11 07:00:00,21.36,22.39,19.070005035246727,21.75,478896.0
NLG,2024-09-18 07:00:00,38.0,38.0,37.82,37.95,1953400.0
CDP,2020-02-19 07:00:00,6.22,9.63457396046353,6.22,6.22,100.0
AGG,2021-06-03 07:00:00,26.93,26.99,26.37,26.93,1668400.0
PXS,2021-01-27 07:00:00,7.5,7.5,6.641205578047683,6.93,415300.0
ITD,2023-04-25 07:00:00,10.28,10.37,9.33771675166732,10.33,15100.0
UDC,2025-06-12 07:00:00,4.4,4.7,4.4,4.6,88200.0
DSC,2024-10-09 07:00:00,12.975609492988132,19.12,12.831382463690156,18.95,151502.0
JVC,2018-08-03 07:00:00,3.18,4.480477646159724,3.14,3.18,64450.0
CSC,2026-03-31 07:00:00,15.7,18.855480957989794,14.6,14.9,8600.0
NSC,2021-04-13 07:00:00,54.99,55.29,54.47,54.54,11456.0
CSM,2024-12-20 07:00:00,14.14,14.48,13.99,14.39,1768000.0
HT1,2018-10-12 07:00:00,9.34,13.63835472578763,9.15,10.18,1084258.0
VC6,2018-06-04 07:00:00,3.74,3.74,3.74,3.74,5966.0
KSQ,2025-11-13 07:00:00,2.6500000000000004,2.790019493177388,1.8,1.8,9100.0
TCW,2020-06-02 07:00:00,13.12,13.19,12.98,13.19,34805.0
BMS,2018-09-04 07:00:00,3.95,4.82,3.95,4.47,4300.0
SHN,2017-03-31 07:00:00,8.92,9.46,8.654789005032907,9.46,452976.0
NDT,2022-01-10 07:00:00,26.17,26.17,25.32,25.32,70100.0
BAB,2025-05-23 07:00:00,10.24,10.34,10.15,10.34,10200.0
STB,2018-12-25 07:00:00,12.0,22.781039603960398,11.7,11.95,6727130.0
TBC,2023-01-10 07:00:00,24.97,24.97,21.848229755178906,24.88,22600.0
BTP,2023-11-14 07:00:00,10.54,10.54,8.801262250098,9.629612151902357,55560.0
CCI,2021-07-20 07:00:00,11.22,11.86,11.22,11.79,5200.0
TRC,2020-07-16 07:00:00,25.2,25.2,25.15,25.2,8020.0
PXA,2018-08-30 07:00:00,1.5617620345140781,1.6375113533151682,1.5,1.6,162716.0
BVL,2021-12-20 07:00:00,21.7,22.75,12.646102719033232,22.75,10858.0
SMT,2017-01-18 07:00:00,12.59,12.59,9.878754901960784,12.59,26846.0
MML,2022-02-18 07:00:00,75.5,75.5,42.91165273311897,75.0,1500.0
VHC,2021-10-13 07:00:00,41.13,41.56,40.62,41.34,1327929.0
SHN,2022-07-22 07:00:00,7.2,7.6,7.2,7.6,400.0
UDC,2022-02-15 07:00:00,11.05,11.8,11.05,11.5,42000.0
DCL,2016-06-13 07:00:00,15.46,24.398517816527672,15.32,15.46,185930.0
IDI,2022-08-18 07:00:00,16.42,16.69,16.19,16.23,4229733.0
SCL,2024-07-24 07:00:00,14.93,18.51,9.07385989010989,18.24,26538.0
TNC,2017-10-09 07:00:00,7.98,7.98,7.91,7.98,9105.0
STG,2022-05-23 07:00:00,32.4,32.4,29.8,31.0,7600.0
DIH,2020-03-23 07:00:00,10.45,16.939100418410042,10.45,10.45,24087.0
DRI,2025-11-18 07:00:00,12.9,12.9,7.735390519187359,8.585678739136446,961657.0
SC5,2020-06-08 07:00:00,15.03,15.03,14.35,14.35,70.0
PVT,2026-03-19 07:00:00,24.55,24.7,11.755441736481341,12.66619098294443,4115359.0
VNL,2023-04-28 07:00:00,10.52171133051246,11.5,10.47,10.76,2500.0
EBS,2025-10-13 07:00:00,11.39,11.39,11.39,11.39,6176.0
VNG,2025-07-22 07:00:00,7.74,12.718362102032987,7.73,7.78,17300.0
OIL,2025-09-17 07:00:00,11.42067620927937,12.0,11.264846077457797,11.8,2531503.0
POV,2022-01-17 07:00:00,9.65,9.81,7.278543554006968,7.694192990107104,2300.0
AGG,2025-08-15 07:00:00,21.1,21.1,20.426179275270187,20.6,1840300.0
TRS,2018-11-29 07:00:00,17.02,19.2896125,17.02,17.02,100.0
DGW,2017-09-12 07:00:00,2.97,2.99,2.95,2.99,171200.0
TL4,2016-01-12 07:00:00,5.63,7.34205385097057,5.33,5.7,35293.0
DBC,2017-05-30 07:00:00,6.61,14.399870377430423,6.3,6.41,149913.0
NLG,2017-08-10 07:00:00,15.44,15.69,15.37,15.42,1062880.0
MBB,2026-01-19 07:00:00,27.2,27.6,27.15,27.5,27218600.0
SHS,2017-07-21 07:00:00,2.98,8.53507779886148,2.9,2.92,1958480.0
STB,2019-06-10 07:00:00,11.75,22.781039603960398,11.75,11.8,3030830.0
TCI,2018-10-08 07:00:00,9.002929634641408,9.375135317997294,4.3,4.3,9700.0
TDC,2024-01-10 07:00:00,9.95,9.95,9.77,9.8,282700.0
PLP,2021-11-09 07:00:00,13.91,13.91,13.48,13.87,385111.0
MAC,2017-12-15 07:00:00,6.583784246575342,6.900081196581197,3.97,4.18,67420.0
CTI,2018-05-14 07:00:00,25.04,26.86,24.92,26.39,230330.0
TDF,2022-03-18 07:00:00,23.65,23.65,14.458171641791045,15.230883387771968,2238.0
C21,2021-11-22 07:00:00,17.63,17.63,16.97,16.97,16065.0
BCA,2024-02-23 07:00:00,23.3,23.3,21.9,23.2,124469.0
APG,2018-04-10 07:00:00,7.089010819165379,7.35474739683764,3.29,3.29,317680.0
BTP,2016-09-22 07:00:00,5.76,5.82,5.65,5.76,75880.0
SHS,2020-01-15 07:00:00,2.18,8.53507779886148,2.15,2.18,165877.0
VMG,2024-01-09 07:00:00,3.2,4.471478373143964,3.2,3.2,100.0
PGT,2024-03-26 07:00:00,3.9,4.0,3.7,4.0,6700.0
UDC,2020-11-09 07:00:00,5.96,5.96,4.667716718266253,5.79,23900.0
ADC,2023-03-21 07:00:00,12.0,12.0,11.92452065471551,12.0,1000.0
FDC,2016-02-18 07:00:00,29.0,29.0,17.966286031042127,19.53865715911755,8681.0
VBB,2020-02-12 07:00:00,8.306915088576664,9.13,8.306593673965937,8.95,8100.0
PTL,2019-11-15 07:00:00,4.41,4.63,4.059525631216527,4.482837048475979,436102.0
IDI,2024-09-16 07:00:00,9.28,9.39,9.15,9.15,4229733.0
BLI,2018-07-26 07:00:00,4.51,4.51,4.51,4.51,800.0
VNR,2018-08-10 07:00:00,9.97,9.97,9.97,9.97,10.0
HAC,2017-10-25 07:00:00,6.793717830882352,7.086506912442396,3.47,3.47,27056.0
DGW,2019-09-17 07:00:00,4.61,22.712729000380083,4.58,4.6,1898224.0
DLG,2017-12-28 07:00:00,3.34,3.53,3.32,3.53,6469977.0
TMB,2022-05-05 07:00:00,18.61,34.575494858611826,17.96,18.61,15100.0
HAP,2018-01-09 07:00:00,2.52,2.52,2.42,2.42,8070.0
NAG,2022-10-06 07:00:00,9.01,9.09,8.19,9.09,50405.0
TXM,2024-07-15 07:00:00,11.9,12.8,11.0,12.8,105475.0
HEJ,2023-10-02 07:00:00,11.8,19.577648902821316,11.8,12.0,1800.0
RIC,2015-10-13 07:00:00,11.1,11.1,10.5,10.5,27711.0
LAI,2021-10-05 07:00:00,6.99,14.500709677419355,6.99,7.96,1500.0
BVS,2023-11-17 07:00:00,24.24,24.33,18.826679521789433,20.887332351821737,198422.0
HAP,2025-12-10 07:00:00,4.454499808355692,7.87,4.444558654948414,7.71,20600.0
DBC,2016-10-24 07:00:00,13.834732853353543,14.399870377430423,7.81,7.81,5184058.0
PGT,2020-10-26 07:00:00,3.5,3.5,3.5,3.5,100.0
TTC,2025-07-14 07:00:00,5.49,5.49,5.49,5.49,4700.0
NAG,2024-10-25 07:00:00,6.312019867549669,9.83,6.299468438538207,6.9025918467975504,247275.0
DBD,2024-02-28 07:00:00,42.81,42.81,30.87458695652174,42.43,149304.0
BTP,2020-10-26 07:00:00,8.98,8.98,8.801262250098,8.82,55560.0
VTX,2021-08-27 07:00:00,17.0,17.0,14.0,14.0,430.0
MSN,2023-07-24 07:00:00,84.6,84.7,67.58573384030419,73.86309731346812,4625924.0
TVN,2025-02-07 07:00:00,8.5,9.2,8.5,8.9,1741909.0
CSC,2019-07-22 07:00:00,8.37,8.47,8.27,8.42,172226.0
MSN,2021-07-13 07:00:00,99.1,99.1,93.56,95.05,1521900.0
VNL,2022-09-19 07:00:00,11.55,11.55,10.525988753514527,11.43,37100.0
AGP,2019-05-30 07:00:00,11.28,11.28,11.28,11.28,10.0
DAS,2025-11-20 07:00:00,13.0,13.0,9.681772805507745,13.0,1700.0
BHN,2025-03-18 07:00:00,36.34,36.34,36.34,36.34,10313.0
HTC,2016-05-11 07:00:00,10.3,16.26709784411277,10.2,10.41,3100.0
TMB,2021-09-01 07:00:00,12.33,34.575494858611826,12.33,12.98,20100.0
NHT,2019-12-27 07:00:00,17.68,17.68,13.107306606437042,17.68,310.0
HAS,2018-05-22 07:00:00,6.14,6.14,6.13,6.13,60.0
PC1,2025-05-22 07:00:00,18.99,19.42,14.404785562632695,15.81059548002518,2782015.0
POV,2022-10-24 07:00:00,9.03,9.03,9.03,9.03,100.0
ALV,2025-06-24 07:00:00,3.6884589614740366,7.0,3.6607302118171687,3.966418736277751,46671.0
HHG,2020-06-01 07:00:00,1.1,1.2,1.1,1.1,32630.0
SD2,2019-12-27 07:00:00,4.55,4.55,4.55,4.55,28000.0
PLP,2023-03-20 07:00:00,4.4,4.4,4.33,4.4,13900.0
ACL,2018-10-24 07:00:00,10.16688989317995,10.565010258514567,6.9,7.19,110874.0
IDV,2023-09-21 07:00:00,20.52,21.75,16.57663723916533,21.69,2610.0
VNG,2017-05-16 07:00:00,10.44,10.93,10.35,10.74,148380.0
TTN,2026-01-19 07:00:00,20.2,22.4,9.083313580246912,9.978599374357445,998300.0
VCC,2024-02-21 07:00:00,11.08,11.67,11.08,11.67,7902.0
NVL,2019-05-20 07:00:00,32.924718037021094,34.23704407951599,32.63,33.07,14564289.0
VNI,2019-04-25 07:00:00,10.0,10.0,10.0,10.0,450.0
CSM,2024-04-04 07:00:00,15.19,15.19,14.95,15.15,34800.0
S99,2025-06-30 07:00:00,6.89,6.99,6.89,6.89,29400.0
ND2,2017-01-24 07:00:00,7.81,7.81,7.81,7.81,1000.0
ACL,2019-07-05 07:00:00,13.81,14.0,13.66,13.77,25940.0
TNB,2020-06-01 07:00:00,7.96,7.96,7.681039145907474,7.83,400.0
DHB,2025-12-26 07:00:00,7.2,7.6,7.2,7.6,700.0
S72,2023-06-30 07:00:00,7.0,7.0,6.9,7.0,600.0
DPR,2024-05-23 07:00:00,37.1,37.65,36.46,37.65,745100.0
TVN,2020-11-19 07:00:00,7.81,8.19,7.62,7.72,749945.0
APF,2023-01-11 07:00:00,36.93,36.93,36.58,36.64,2700.0
FCN,2017-01-20 07:00:00,11.39,11.48,11.12,11.21,3075820.0
NAG,2018-03-29 07:00:00,2.85,2.9,2.71,2.71,36200.0
DAS,2025-10-06 07:00:00,11.5,11.5,9.681772805507745,11.4,2400.0
DLG,2020-02-05 07:00:00,1.75,3.2169767441860464,1.75,1.79,6469977.0
STG,2017-10-03 07:00:00,18.22,24.213249772105744,17.74,18.08,26840.0
VRG,2025-01-03 07:00:00,21.69,21.69,21.69,21.69,54437.0
PGB,2022-12-26 07:00:00,7.91,12.404756838905776,7.76,7.76,6100.0
DC1,2026-04-14 07:00:00,8.3,8.3,8.0,8.0,6518.0
TTZ,2017-02-28 07:00:00,2.68,2.68,2.59,2.59,128191.0
TNT,2022-10-25 07:00:00,3.52,3.83,3.36,3.55,559000.0
SAV,2021-04-01 07:00:00,18.18,18.37,8.771922141119221,9.727220774671537,68237.0
SVG,2017-10-11 07:00:00,5.26,8.85554006968641,5.26,5.26,4829.0
DHD,2021-12-23 07:00:00,5.86,5.9,5.86,5.9,3168.0
DNH,2024-05-08 07:00:00,39.39,39.39,39.39,39.39,465.0
HDB,2024-12-31 07:00:00,20.32,20.32,11.085738498789345,19.66,9184500.0
TNB,2023-03-14 07:00:00,11.8,11.8,11.8,11.8,11364.0
BCA,2024-08-23 07:00:00,10.38126094570928,13.1,10.341222707423581,13.1,23000.0
XPH,2017-03-13 07:00:00,6.83,7.21,6.74,6.74,13995.0
PVR,2016-01-21 07:00:00,3.33,3.43,2.064964438122333,3.43,79154.0
PGT,2023-06-14 07:00:00,4.1,4.4,4.0,4.2,19700.0
VCG,2017-01-03 07:00:00,6.99,16.732745995423343,6.94,6.99,9496252.0
HPX,2022-09-12 07:00:00,26.0,26.05,15.603006100942874,17.719266944870895,303600.0
CTB,2016-03-28 07:00:00,5.8,6.2,5.8,6.2,7162.0
FRT,2023-09-11 07:00:00,68.95,69.59,61.479602215508564,67.99,944200.0
D2D,2022-11-11 07:00:00,14.64,20.817585807944464,12.78,12.78,55400.0
DVN,2020-10-27 07:00:00,11.88,16.810112359550562,11.62,11.7,150550.0
HPM,2017-08-21 07:00:00,19.5,19.5,19.4,19.4,200.0
HDB,2023-11-17 07:00:00,11.7,11.73,11.085738498789345,11.42,7864400.0
VNR,2025-08-08 07:00:00,20.8,21.1,13.808038891187422,14.82697466322813,27900.0
SGD,2021-11-25 07:00:00,8.97,9.06,8.97,8.97,550.0
AFX,2022-12-02 07:00:00,12.7,12.7,12.5,12.6,18300.0
VLC,2024-10-24 07:00:00,17.2,17.3,17.1,17.1,135900.0
RYG,2025-07-16 07:00:00,11.9,11.9,11.600676923076923,11.9,12200.0
PPH,2025-11-19 07:00:00,28.0,28.0,27.72,27.81,83214.0
EVG,2018-07-12 07:00:00,3.29,3.31,3.22,3.29,177740.0
FTM,2017-09-18 07:00:00,13.62,13.91,13.57,13.77,999760.0
DIH,2018-06-06 07:00:00,8.59,10.36,8.59,10.36,200.0
SMT,2016-10-20 07:00:00,13.94,13.94,9.878754901960784,13.94,26846.0
LDP,2022-01-25 07:00:00,41.9,42.6,37.8,40.2,22256.0
BVL,2023-08-08 07:00:00,12.685250501002002,14.46,12.62,12.69,10858.0
APP,2016-10-24 07:00:00,7.89,7.89,7.89,7.89,100.0
GMH,2022-11-30 07:00:00,8.614029075804776,10.59,8.584792531120332,10.52,1600.0
MBB,2024-01-29 07:00:00,14.03,14.31,9.787747918243754,10.937157371652212,19598118.0
CLX,2021-04-22 07:00:00,16.7,16.7,15.02,15.02,158000.0
HU3,2017-12-29 07:00:00,4.79,5.377346747777257,4.59,4.59,1050.0
L61,2016-06-21 07:00:00,8.86,9.3,7.716987295825772,9.3,1500.0
EIN,2021-11-02 07:00:00,15.5,17.7,15.5,17.7,71187.0
TXM,2019-10-25 07:00:00,2.74,5.835372928176795,2.74,2.84,5000.0
CLX,2021-09-08 07:00:00,19.18,19.35,19.0,19.35,158000.0
TBR,2023-09-12 07:00:00,6.81,6.81,6.81,6.81,100.0
PCH,2025-10-02 07:00:00,20.0,20.2,20.0,20.1,99700.0
HAC,2026-01-26 07:00:00,9.5,9.5,6.780621260929591,9.5,39843.0
SD3,2016-04-07 07:00:00,5.89,5.89,5.89,5.89,45377.0
NDC,2017-03-08 07:00:00,17.85,87.85801853997683,17.85,17.85,100.0
VET,2025-11-10 07:00:00,16.5,16.5,16.5,16.5,100.0
UDC,2025-06-18 07:00:00,4.8,4.933925811437404,4.4,4.5,83706.0
GSP,2022-08-15 07:00:00,8.32,8.32,7.573645793315405,8.22089905693752,29600.0
HKT,2021-11-30 07:00:00,7.4,7.4,7.1,7.2,40430.0
TDS,2018-03-26 07:00:00,6.36,9.336590457256461,6.31,6.31,4800.0
DHD,2025-07-09 07:00:00,22.46,22.83,22.46,22.83,3168.0
DXV,2019-12-30 07:00:00,3.69,4.295829750644884,3.5,3.5,26814.0
VES,2026-01-30 07:00:00,28.4,28.4,28.4,28.4,5800.0
D2D,2020-12-15 07:00:00,29.39,30.7,29.29,30.39,642090.0
VE9,2025-08-21 07:00:00,4.5,4.5,2.9746801748112834,4.5,27100.0
BAF,2023-05-16 07:00:00,22.87868131868132,23.688481244281792,15.52,16.4,4913313.0
SGS,2021-01-05 07:00:00,9.34,9.92,9.34,9.92,2800.0
NLG,2016-07-19 07:00:00,9.63,9.68,9.5,9.54,112130.0
TTF,2019-12-26 07:00:00,2.7,2.73,2.69,2.7,240960.0
BT1,2020-06-10 07:00:00,9.65,10.201965317919075,9.17,9.17,1300.0
PGT,2022-07-15 07:00:00,5.1,5.461951700344997,5.0,5.2,21000.0
POW,2020-10-09 07:00:00,8.37,8.49,8.29,8.33,4068630.0
DGC,2021-03-30 07:00:00,23.89,43.220425947635796,22.95,23.08,714700.0
ACB,2020-08-17 07:00:00,11.521711780404118,11.868293333333334,7.28,7.45,6222301.0
VOS,2017-06-20 07:00:00,2.91,2.91,2.54,2.54,1067900.0
MPC,2018-04-13 07:00:00,13.68,14.832627078384798,13.19,13.36,14610.0
VEF,2016-10-03 07:00:00,49.7,50.36,49.03,49.1,39076.0
VXB,2022-03-29 07:00:00,37.0,38.6,15.552984562607204,38.6,1100.0
BAB,2020-04-01 07:00:00,11.27,12.464832015810277,11.27,11.27,3100.0
VCP,2017-03-15 07:00:00,9.06,23.691246895181322,9.01,9.01,14000.0
MPC,2022-04-05 07:00:00,19.19,19.36,18.79,19.27,314351.0
NAS,2017-05-10 07:00:00,19.08,20.09,19.08,20.09,2200.0
NNT,2026-04-09 07:00:00,61.0,61.0,58.0,60.3,3700.0
BTS,2021-07-30 07:00:00,5.36,6.000719523373052,5.36,5.36,17800.0
VCG,2022-12-15 07:00:00,16.015579627518054,16.732745995423343,12.94,13.3,9496252.0
ICG,2020-04-23 07:00:00,4.57,4.74,4.49,4.74,10116.0
MPC,2025-02-28 07:00:00,13.93,14.03,13.83,14.03,54100.0
ICG,2015-12-31 07:00:00,3.67,7.082716933445661,3.61,3.67,4900.0
SD3,2023-05-15 07:00:00,4.0,4.0,4.0,4.0,400.0
PVT,2019-05-27 07:00:00,8.78,8.94,8.78,8.86,4115359.0
EVG,2018-04-04 07:00:00,5.50445647271087,5.694592760180996,3.18,3.22,448610.0
FTM,2021-11-15 07:00:00,6.27,6.27,6.12,6.27,999760.0
PGD,2016-10-24 07:00:00,22.26,22.26,22.21,22.21,14030.0
HEV,2021-11-19 07:00:00,15.06,15.24,11.50024523160763,15.24,4100.0
CSM,2025-12-05 07:00:00,13.55926010678871,14.144188262195122,13.1,13.2,153300.0
NAG,2025-05-28 07:00:00,14.21,14.21,13.84,14.21,565400.0
UIC,2019-03-22 07:00:00,23.36,24.79,23.22,24.71,5200.0
ELC,2022-09-23 07:00:00,7.36,7.45,7.33,7.45,305900.0
HAS,2022-12-26 07:00:00,7.369786614936954,7.70272373540856,6.7,6.7,19014.0
VSF,2019-10-18 07:00:00,6.0,22.64767857142857,6.0,6.5,35905.0
TTF,2016-11-21 07:00:00,3.81,4.37,3.81,4.37,3346927.0
SFN,2016-11-15 07:00:00,16.08,16.08,16.08,16.08,1000.0
TVN,2020-11-23 07:00:00,7.05,7.24,6.96,7.24,246400.0
DSC,2018-04-09 07:00:00,35.34,35.34,34.46,34.46,160389.0
DSC,2022-10-10 07:00:00,21.48,23.41,20.92,22.67,160389.0
DRH,2021-06-29 07:00:00,8.36,8.43,8.01,8.16,2649198.0
PV2,2023-06-23 07:00:00,2.8,2.9,2.7,2.8,164700.0
DBC,2023-06-08 07:00:00,14.73,15.25,14.65,14.69,8991700.0
VCG,2022-11-21 07:00:00,10.22,10.51,10.04,10.29,5533300.0
VBB,2023-01-16 07:00:00,8.306915088576664,8.620066991473813,6.82,6.82,2300.0
DPC,2018-11-05 07:00:00,11.94,11.94,11.94,11.94,200.0
TDT,2025-08-28 07:00:00,6.9,7.017113402061856,6.789221991701245,6.9,145000.0
PGV,2019-08-09 07:00:00,17.659699164345405,18.236531631520535,8.1,8.18,36363.0
PGV,2025-08-06 07:00:00,20.3,20.75,19.65,20.2,100700.0
CQT,2023-11-13 07:00:00,9.33,9.33,9.33,9.33,600.0
PVO,2022-10-21 07:00:00,5.598060016906171,6.75,5.492285230639018,6.46,2500.0
TPB,2019-09-03 07:00:00,6.59,11.361127819548873,6.44,6.44,272060.0
MIG,2018-12-17 07:00:00,11.194570524412295,11.635185185185184,6.07,6.35,28700.0
SJM,2020-11-30 07:00:00,2.4,2.4,2.4,2.4,200.0
TMT,2016-12-01 07:00:00,16.35,16.35,12.943317775184752,14.524098997076385,56407.0
GSM,2022-09-12 07:00:00,11.39,11.39,11.39,11.39,37358.0
IME,2017-11-08 07:00:00,6.86,6.86,6.86,6.86,1000.0
MML,2021-12-17 07:00:00,80.3,81.3,80.3,80.8,137965.0
TV1,2025-07-01 07:00:00,24.65,24.65,16.698588090853285,24.36,22500.0
VPH,2017-02-23 07:00:00,4.71,4.71,4.71,4.71,358580.0
JVC,2017-10-25 07:00:00,4.241349599695005,4.45,4.21,4.21,43710.0
DCL,2021-11-16 07:00:00,23.65316824196597,41.4,23.525313330801367,40.9,324667.0
MH3,2019-11-07 07:00:00,18.27,18.27,18.22,18.27,3500.0
ELC,2017-10-25 07:00:00,7.62,10.660174418604651,7.57,7.6,96820.0
LDP,2025-09-24 07:00:00,11.6,11.6,11.5,11.6,15700.0
PCC,2021-06-21 07:00:00,13.351495227995757,14.08747613997879,9.87,9.87,200.0
CSM,2025-04-09 07:00:00,10.13,14.144188262195122,10.13,10.13,407626.0
PTL,2018-01-03 07:00:00,4.0,4.0,3.9,4.0,98750.0
LG9,2025-04-02 07:00:00,7.1,7.6040409956076145,7.1,7.1,200.0
LHC,2023-12-26 07:00:00,49.65,50.12,49.17,49.17,28500.0
SGS,2016-10-13 07:00:00,3.34,3.34,3.34,3.34,100.0
ONE,2024-12-10 07:00:00,5.4,5.4,4.867952218430034,5.4,175.0
PV2,2018-07-19 07:00:00,2.9,3.0671881606765328,2.9,3.0,10100.0
CYC,2018-03-02 07:00:00,1.9,2.4506696428571426,1.9,1.9,8637.0
VNL,2021-07-15 07:00:00,8.14,8.14,8.14,8.14,30030.0
TLP,2024-05-24 07:00:00,6.13,6.22,6.13,6.22,200.0
HU3,2024-12-13 07:00:00,3.6,5.377346747777257,3.6,3.7,35600.0
VNG,2022-04-01 07:00:00,16.6,16.65,12.352284730195178,13.349090512785642,184500.0
VHC,2016-12-20 07:00:00,17.16,17.45,17.04,17.32,277240.0
SBA,2024-07-10 07:00:00,31.23,31.42,31.23,31.28,6000.0
VTD,2021-07-22 07:00:00,9.69,9.92,9.69,9.77,29700.0
NAF,2019-07-25 07:00:00,16.1,16.34,15.97,16.22,155010.0
BTP,2021-01-19 07:00:00,9.45,9.74,9.23,9.23,91200.0
TOP,2022-06-17 07:00:00,1.5,1.5704142441860465,1.4,1.5,182100.0
HAV,2023-06-15 07:00:00,3.9,3.9,3.9,3.9,2814.0
PXI,2021-09-14 07:00:00,3.28,3.48,3.28,3.48,383800.0
KGM,2025-05-23 07:00:00,5.7,7.2965648050579555,5.7,5.7,8800.0
DGW,2021-03-26 07:00:00,23.48,23.85,22.27,23.28,552900.0
TST,2025-04-25 07:00:00,7.6,7.6,6.3,6.3,10568.0
DCL,2022-08-17 07:00:00,25.9,26.4,25.7,26.0,70600.0
CDP,2024-08-09 07:00:00,9.348170648464164,9.63457396046353,9.28498295841854,9.4,25302.0
TDC,2020-05-08 07:00:00,9.455401598781881,9.723554538520213,6.15,6.15,97730.0
CSM,2022-05-24 07:00:00,15.84,15.84,15.39,15.84,407626.0
TTF,2023-09-08 07:00:00,5.66,5.7,5.58,5.61,3346927.0
SVC,2019-01-23 07:00:00,9.97,16.693138548539114,9.97,9.97,2000.0
LBM,2024-05-23 07:00:00,19.07,19.1,18.84,19.01,11200.0
VHC,2019-01-18 07:00:00,31.21,31.61,31.21,31.47,1327929.0
DVN,2019-03-12 07:00:00,13.24,13.32,12.92,13.16,81150.0
PTL,2021-03-10 07:00:00,6.5,6.6,6.2,6.6,436102.0
SAV,2018-06-26 07:00:00,3.74,3.74,3.27,3.27,68237.0
PVT,2017-05-11 07:00:00,5.83,5.9,5.83,5.87,408460.0
VTD,2020-06-16 07:00:00,15.83,16.7,11.003557632398753,12.035336829024919,106100.0
VCA,2017-08-09 07:00:00,4.48,4.48,4.43,4.43,14800.0
TDC,2025-06-26 07:00:00,9.455401598781881,11.1,9.382558756633813,11.05,420200.0
ALV,2016-09-13 07:00:00,2.49,2.54,2.44,2.44,47500.0
MML,2023-10-10 07:00:00,26.3,44.329723116548614,25.3,25.3,10400.0
CVT,2021-10-13 07:00:00,37.8,38.5,25.366412944393804,27.796210042965726,405095.0
POW,2024-07-12 07:00:00,12.5,12.62,10.479503475670308,11.195953472871922,8413800.0
HAG,2022-03-21 07:00:00,12.3,12.45,8.452023628048781,12.3,19441751.0
HAG,2021-12-09 07:00:00,8.48123475609756,10.55,8.452023628048781,9.439902378449919,19441751.0
RAT,2016-09-23 07:00:00,7.25,7.25,7.25,7.25,100.0
PXS,2021-04-05 07:00:00,7.76,7.76,6.641205578047683,7.62,483000.0
CRE,2021-03-24 07:00:00,9.74,9.93,9.437996845425868,9.91,1921300.0
LHC,2018-02-02 07:00:00,10.17,10.35,10.17,10.35,4500.0
ELC,2022-06-02 07:00:00,9.69,10.660174418604651,9.56,9.82,881600.0
VPA,2023-01-04 07:00:00,4.293971166448231,4.525065963060686,3.0,3.1,5571.0
VNL,2019-02-19 07:00:00,5.48,5.48,5.48,5.48,20.0
PC1,2018-09-14 07:00:00,8.62,14.902431623931625,8.55,8.67,185670.0
TNB,2025-11-20 07:00:00,9.3,9.3,7.681039145907474,8.305365899575616,100.0
PVL,2016-07-28 07:00:00,2.3,2.5,2.3,2.4,737778.0
VCA,2026-04-01 07:00:00,7.35,7.35,7.35,7.35,24338.0
CCR,2022-10-06 07:00:00,12.83,12.92,12.02,12.56,5355.0
CQN,2024-06-25 07:00:00,26.18,28.12,26.18,27.15,9813.0
PGB,2026-01-22 07:00:00,12.9,12.9,12.6,12.7,163682.0
VCI,2022-04-07 07:00:00,23.51,23.95,23.03,23.07,2076900.0
STT,2017-08-09 07:00:00,9.28,9.28,5.258280166435506,5.824237462633479,24816.0
VJC,2018-10-10 07:00:00,141.95,143.74,141.95,143.74,748570.0
MCG,2019-10-25 07:00:00,1.68,3.1414072912583304,1.61,1.61,16300.0
PVT,2025-11-10 07:00:00,17.7,17.7,17.3,17.4,1496000.0
ITD,2016-11-01 07:00:00,10.21,10.21,9.33771675166732,9.93,41830.0
PAP,2023-04-21 07:00:00,15.0,15.0,9.2,9.2,2000.0
MSN,2020-01-08 07:00:00,67.54628365566931,69.58469248291571,45.04,45.37,4625924.0
VLB,2023-10-04 07:00:00,29.3,30.46,29.14,30.37,69197.0
CRE,2025-12-08 07:00:00,9.56,9.56,9.45,9.5,341900.0
FDC,2025-07-01 07:00:00,18.05,18.1,15.9,15.9,400.0
ABT,2022-06-22 07:00:00,30.08,30.46,28.49,30.23,6330.0
TXM,2017-11-06 07:00:00,8.3,8.3,8.3,8.3,23528.0
VNL,2020-05-29 07:00:00,6.05,10.795537811178958,6.05,6.05,3170.0
NJC,2023-04-19 07:00:00,13.59,13.59,13.32,13.32,300.0
CVT,2024-03-15 07:00:00,28.5,29.1,25.366412944393804,27.796210042965726,2600.0
NVL,2026-02-05 07:00:00,12.55,34.23704407951599,12.35,12.35,14564289.0
CIA,2019-11-04 07:00:00,14.79,14.88,13.471593352883676,14.88,4820.0
ITD,2021-05-27 07:00:00,9.15,9.37,9.08,9.15,184243.0
VST,2015-11-25 07:00:00,1.61,1.61,1.61,1.61,152561.0
VLC,2020-05-26 07:00:00,23.11,24.1,16.836334038054968,18.34464867973324,68480.0
SDU,2023-07-20 07:00:00,30.0,30.5,15.593811881188119,30.5,300.0
VHL,2023-07-05 07:00:00,19.2,19.2,19.2,19.2,9431.0
IDI,2017-09-08 07:00:00,6.732377862595419,6.970482019892884,2.72,2.72,28660.0
CTR,2019-08-02 07:00:00,18.38,56.77524082021936,18.14,20.85,800053.0
VNP,2023-04-12 07:00:00,10.03,10.03,8.84283606557377,9.5,126029.0
UIC,2019-02-27 07:00:00,31.605732354141164,32.77899386503068,22.76,24.14,15195.0
HTC,2026-04-28 07:00:00,36.5,36.5,30.2,36.5,27600.0
VPH,2025-01-23 07:00:00,6.6,6.6,6.41,6.59,528254.0
PIC,2016-07-06 07:00:00,6.23,6.23,6.23,6.23,10700.0
DIH,2025-02-25 07:00:00,14.22,14.22,14.22,14.22,440.0
ASM,2023-11-16 07:00:00,7.66,7.75,7.64,7.71,1336400.0
SC5,2018-07-17 07:00:00,17.78,17.78,17.78,17.78,10.0
VPG,2020-09-07 07:00:00,6.26,6.37,6.12,6.18,1377694.0
BMJ,2026-04-20 07:00:00,9.2,9.8,9.1,9.7,2300.0
SAS,2021-11-01 07:00:00,22.33,22.33,22.09,22.17,25929.0
CYC,2017-03-23 07:00:00,4.01,4.01,3.73,4.01,8637.0
STG,2018-06-20 07:00:00,16.52,24.213249772105744,16.08,16.13,98396.0
AVC,2018-12-05 07:00:00,16.32,16.32,16.32,16.32,3181.0
NAG,2018-03-14 07:00:00,2.56,2.94,2.56,2.94,2710.0
PHC,2024-02-26 07:00:00,6.7,6.87,6.466099047619047,6.79,375395.0
GMA,2021-06-24 07:00:00,43.75,44.24,43.75,44.24,1000.0
ACM,2019-07-30 07:00:00,0.5,0.5,0.4,0.5,96000.0
SPD,2020-12-04 07:00:00,9.0,11.5,6.840965147453082,11.5,16868.0
APG,2019-05-31 07:00:00,4.6,4.6,4.48,4.48,476730.0
NLG,2017-09-19 07:00:00,13.75,24.981962074303404,13.67,13.75,3657296.0
CYC,2017-02-15 07:00:00,2.39,2.64,2.374062038404727,2.6383513639677396,1110.0
TTN,2025-05-26 07:00:00,16.43,16.53,9.083313580246912,16.43,99500.0
HKT,2023-01-30 07:00:00,6.4,7.0,6.4,6.607976230327295,200.0
PXS,2016-11-01 07:00:00,9.73,9.73,9.38,9.56,546301.0
PGV,2020-08-28 07:00:00,8.96,8.96,8.81,8.81,2110.0
C22,2024-02-07 07:00:00,15.02,15.02,12.941235294117648,14.57269610996363,200.0
MAC,2023-04-17 07:00:00,5.21,5.34,5.21,5.34,129541.0
VEF,2016-09-05 07:00:00,47.64,52.15,47.11,52.15,65030.0
HPM,2017-01-03 07:00:00,18.7,18.7,16.839870967741934,18.7,2280.0
STB,2024-10-29 07:00:00,33.85,34.3,33.8,34.05,10111000.0
NNT,2016-12-29 07:00:00,6.72,6.72,6.68,6.68,2300.0
KDC,2024-10-03 07:00:00,49.22,49.61,48.84,49.22,1086952.0
VFG,2016-11-14 07:00:00,32.034058558558556,33.22676536563482,21.22,22.01,24965.0
PTI,2025-12-02 07:00:00,34.7,34.7,19.0491280403855,21.23678235715603,1000.0
AFX,2021-11-11 07:00:00,15.8,15.9,15.3,15.7,270327.0
TRC,2019-08-22 07:00:00,31.06059173947578,31.67,30.55,30.63,21120.0
PRE,2024-04-11 07:00:00,15.58,15.58,15.337396193771625,15.58,100.0
MBB,2022-05-09 07:00:00,12.44,12.53,11.79,11.81,15746400.0
ACC,2020-09-03 07:00:00,9.171157978511738,9.501206210191082,5.98,6.03,108990.0
TAN,2025-03-25 07:00:00,42.0,42.0,40.892380952380954,42.0,1500.0
PPP,2020-04-23 07:00:00,10.38,11.23493894993895,10.38,10.38,12692.0
DGC,2023-07-12 07:00:00,60.49,61.75,41.80776387802971,61.12,1990021.0
TMB,2021-05-18 07:00:00,10.96,34.575494858611826,10.96,10.96,300.0
VHL,2021-01-15 07:00:00,23.25,23.25,23.25,23.25,7900.0
CDN,2022-03-14 07:00:00,24.18,24.76,24.1,24.35,8100.0
ONE,2016-09-09 07:00:00,4.29,4.29,4.29,4.29,36436.0
TLP,2021-01-14 07:00:00,9.75,9.75,9.75,9.75,30812.0
NHH,2024-08-06 07:00:00,15.04,15.43,14.65,15.33,131200.0
ANV,2019-06-20 07:00:00,10.34,10.51,10.34,10.48,1807875.0
TTN,2020-09-10 07:00:00,4.84,4.84,4.66,4.72,172854.0
FCN,2021-04-16 07:00:00,12.91,13.271265083690151,12.07,12.35,2634700.0
LHC,2015-12-25 07:00:00,37.42148927219184,38.751763713080166,7.83,7.9,31625.0
VMD,2022-06-01 07:00:00,20.04,20.43,19.43,19.43,16500.0
DCL,2017-09-06 07:00:00,23.32,23.61,23.03,23.32,324667.0
DTL,2018-07-09 07:00:00,45.3,45.3,45.3,45.3,1000.0
TOP,2018-10-18 07:00:00,1.1,1.5704142441860465,1.0,1.0,265500.0
VNP,2021-04-19 07:00:00,8.52,9.68,8.52,9.68,803400.0
NHH,2023-12-13 07:00:00,18.77,19.893688442211058,17.41,17.41,1265700.0
UNI,2020-09-17 07:00:00,5.0,8.886681053085887,5.0,5.1,1800.0
HBS,2017-03-02 07:00:00,2.36,2.53,2.36,2.53,11800.0
ADC,2024-10-11 07:00:00,16.8,16.8,11.92452065471551,16.8,2437.0
BVS,2017-10-30 07:00:00,13.69,19.55059868675164,13.27,13.76,15600.0
EVG,2024-11-29 07:00:00,6.5,6.58,6.41,6.48,1353900.0
STC,2021-03-08 07:00:00,11.25,13.453921698739219,11.25,11.25,20100.0
VCP,2024-06-27 07:00:00,24.64,24.64,23.85,24.05,225125.0
AGP,2022-07-26 07:00:00,14.18,14.86,14.18,14.32,19485.0
DST,2017-02-23 07:00:00,23.4,23.4,8.135593351372245,22.1,115750.0
HC3,2026-01-12 07:00:00,26.0,26.0,26.0,26.0,200.0
TNT,2019-01-21 07:00:00,6.194351639969489,6.527719298245614,2.59,2.59,63450.0
TNS,2023-02-01 07:00:00,3.2,3.3,3.0,3.0,74800.0
DBD,2025-11-03 07:00:00,52.5,53.2,30.87458695652174,33.04691302846686,11900.0
PBC,2023-10-03 07:00:00,10.89,11.302797744890768,10.32,10.32,97218.0
HHG,2018-03-23 07:00:00,4.81,4.81,4.65,4.73,288900.0
SD4,2023-12-01 07:00:00,2.6,2.7,2.6,2.7,31944.0
VJC,2021-02-02 07:00:00,125.3,129.8,117.09998244844229,129.7,606400.0
GSP,2024-12-24 07:00:00,12.83,13.26,7.573645793315405,13.09,915200.0
PVY,2019-01-11 07:00:00,1.85,1.94,1.66,1.94,62922.0
ND2,2016-08-02 07:00:00,5.48,20.530055079559364,5.48,5.75,13186.0
STB,2018-07-05 07:00:00,10.25,10.35,9.67,9.72,5658700.0
IMP,2024-08-26 07:00:00,42.29,42.29,24.309816443594645,42.09,76893.0
SBV,2021-04-27 07:00:00,12.62,12.62,11.26,11.87,317300.0
BTN,2021-04-19 07:00:00,5.2,5.2,3.8761565836298932,4.369338815432713,2800.0
SHS,2018-02-21 07:00:00,8.140823216995447,8.53507779886148,4.51,4.59,1744302.0
FCN,2019-12-17 07:00:00,8.78,8.91,8.73,8.73,439910.0
CST,2024-03-05 07:00:00,18.49,18.74,18.49,18.57,241337.0
SFI,2022-05-06 07:00:00,35.34,35.34,17.24434502216848,35.34,10200.0
ONE,2026-01-15 07:00:00,8.9,8.9,4.867952218430034,5.541779391009799,42700.0
VCA,2020-12-04 07:00:00,8.18,8.26,8.18,8.26,24338.0
TNT,2024-09-16 07:00:00,4.25,4.26,4.18,4.19,410057.0
NAG,2024-05-16 07:00:00,9.91,10.08,6.299468438538207,10.0,247275.0
KDC,2021-07-21 07:00:00,56.4,56.4,55.94,56.21,2047900.0
NAG,2024-11-04 07:00:00,9.83,9.83,9.74,9.74,464601.0
VHM,2018-11-14 07:00:00,62.24721344880285,64.23305709954522,54.64,55.23,8076516.0
VRG,2020-10-09 07:00:00,15.63,16.91,15.63,16.2,54437.0
TNT,2021-10-06 07:00:00,9.4,9.65,6.249272934906738,6.826465006646036,410057.0
DHA,2016-06-17 07:00:00,12.45,12.66,12.32,12.4,113910.0
DAG,2019-04-16 07:00:00,6.05,6.05,5.91,5.98,705320.0
SMT,2024-11-22 07:00:00,4.46,4.46,4.46,4.46,100.0
CCI,2017-02-15 07:00:00,5.56,13.217358881408597,5.29,5.42,7183.0
HAP,2022-06-01 07:00:00,4.454499808355692,7.78,4.444558654948414,5.001562471119198,226800.0
PIC,2024-06-24 07:00:00,18.21,21.51,18.21,21.51,9243.0
ACL,2020-04-09 07:00:00,7.96,10.565010258514567,7.64,7.84,18750.0
DHM,2023-07-18 07:00:00,7.52,7.59,7.52,7.54,459664.0
VHC,2022-04-19 07:00:00,78.27,78.42,75.24,75.46,1327929.0
VIG,2015-11-02 07:00:00,4.424009146341463,4.633777101559529,3.3,3.4,724008.0
PC1,2018-01-03 07:00:00,11.34,11.34,11.14,11.28,75160.0
STL,2015-10-23 07:00:00,2.2622222222222224,3.1,2.1879470198675497,2.73,4100.0
IDI,2025-02-26 07:00:00,7.78,7.78,6.697025993883791,7.440102730385791,622400.0
DVG,2024-11-08 07:00:00,1.3,1.3,1.2,1.3,456664.0
BAB,2019-09-25 07:00:00,11.4,12.464832015810277,11.4,11.4,3800.0
VEF,2025-05-14 07:00:00,160.65,161.92,155.63,156.37,39076.0
ANT,2022-02-11 07:00:00,8.43,9.33,8.43,9.33,504.0
TNC,2021-01-07 07:00:00,25.07,26.22,24.62,26.22,4200.0
SCG,2024-11-04 07:00:00,64.8,64.9,64.7,64.8,38500.0
CKD,2017-09-18 07:00:00,6.32,6.32,6.32,6.32,100.0
PHC,2025-04-25 07:00:00,5.09,6.685109070034443,5.05,5.1,375395.0
VPH,2026-03-25 07:00:00,3.6,3.84,3.6,3.79,528254.0
BTP,2019-11-25 07:00:00,7.2,7.2,7.11,7.11,11010.0
PVO,2017-06-28 07:00:00,3.77,5.789121764955452,3.77,3.85,17400.0
DBC,2020-04-15 07:00:00,7.2,14.399870377430423,7.11,7.44,3733810.0
G20,2016-05-30 07:00:00,6.48,6.56,2.609319470699433,2.9264408141830773,175900.0
IJC,2023-03-01 07:00:00,7.81,8.19,7.49,8.19,3460500.0
SCL,2015-12-29 07:00:00,3.98,4.24,3.98,4.03,10600.0
VCP,2021-07-26 07:00:00,29.02,29.02,29.02,29.02,50368.0
DCL,2025-08-12 07:00:00,22.5,22.7,22.2,22.4,505900.0
THT,2021-02-05 07:00:00,5.41,5.41,5.41,5.41,8100.0
ASM,2023-03-09 07:00:00,7.11,7.3028743211792095,6.98,7.11,2507000.0
PXI,2023-08-18 07:00:00,4.5,4.5,3.9,3.9,665600.0
PTS,2025-08-19 07:00:00,9.1,9.6,6.139854927463731,6.717400999524149,1500.0
TDS,2021-02-02 07:00:00,9.86,9.86,9.86,9.86,26959.0
AVC,2023-06-21 07:00:00,34.57285039370078,35.931897637795274,33.44,33.44,100.0
HKT,2021-03-24 07:00:00,7.1,7.1,6.9,6.9,34910.0
VIG,2023-06-29 07:00:00,4.424009146341463,8.0,4.375972540045766,7.8,724008.0
VPA,2021-11-19 07:00:00,8.5,8.5,4.2836842105263155,8.5,5571.0
VQC,2017-08-28 07:00:00,5.73,5.73,5.73,5.73,1020.0
DVN,2023-07-17 07:00:00,17.49,19.54,16.201932584269663,18.42,187264.0
MEL,2024-10-04 07:00:00,6.4,9.488488253319714,6.3,6.3,600.0
VPG,2024-09-04 07:00:00,13.15,14.52252693437806,12.8,13.5,882300.0
PXI,2017-07-14 07:00:00,3.1,3.3546740994854205,2.94,3.16,29760.0
DCL,2021-10-26 07:00:00,36.0,36.2,23.525313330801367,25.36626030398918,94600.0
ACB,2022-04-04 07:00:00,15.76,15.81,15.67,15.72,4794400.0
NAG,2025-10-17 07:00:00,12.7,12.8,12.4,12.4,297400.0
TNW,2017-06-07 07:00:00,6.35,9.22770202020202,6.35,6.35,3095.0
EIN,2024-07-30 07:00:00,3.2,3.2,3.1,3.2,43019.0
GSP,2020-10-21 07:00:00,7.5197867390461415,7.773232908458865,6.89,6.92,590.0
DWS,2021-06-02 07:00:00,8.89,10.860565371024736,8.89,8.89,4961.0
SAM,2018-03-07 07:00:00,7.597210365853659,7.890156787762906,5.99,6.04,1380130.0
DCL,2024-07-29 07:00:00,28.3,28.6,27.9,28.4,324667.0
SSB,2023-10-16 07:00:00,21.76,22.03,20.04685624012638,21.85,3260190.0
IDI,2022-01-10 07:00:00,12.35,12.81,12.11,12.35,4229733.0
CTR,2019-08-09 07:00:00,22.77,23.57,22.49,22.81,800053.0
HEV,2021-04-29 07:00:00,12.43,14.52,12.43,12.43,2352.0
DST,2026-01-07 07:00:00,9.5,10.3,8.135593351372245,10.0,202000.0
PCC,2020-06-18 07:00:00,11.11,14.08747613997879,11.11,12.78,300.0
CRE,2019-09-23 07:00:00,9.338532351394003,9.718256977356504,6.59,6.59,123320.0
DST,2026-02-23 07:00:00,10.8,11.0,10.7,10.8,984166.0
EVG,2025-11-21 07:00:00,8.01,8.3,7.98,8.1,2463727.0
TTF,2023-11-08 07:00:00,3.87,4.0,3.85,4.0,3346927.0
VOS,2018-11-21 07:00:00,1.44,1.49,1.44,1.47,29330.0
ITD,2026-01-28 07:00:00,16.0,16.0,9.33771675166732,15.76,75200.0
VBB,2022-05-16 07:00:00,7.29,8.620066991473813,7.15,7.29,106728.0
TTC,2025-11-11 07:00:00,7.65,7.65,7.65,7.65,900.0
DHB,2024-07-02 07:00:00,8.785216178521617,10.4,8.64116828929068,10.4,25201.0
SCL,2016-03-28 07:00:00,4.19,9.452957875457875,4.19,4.19,200.0
THT,2018-07-03 07:00:00,3.39,7.14955439582497,3.39,3.39,200.0
VKC,2022-12-07 07:00:00,2.0,6.932758279782501,1.8,1.8,355500.0
TFC,2016-01-28 07:00:00,11.7,11.74,11.7,11.74,600.0
BTP,2016-09-30 07:00:00,8.72039184952978,8.989874755381605,5.78,5.86,65660.0
VTA,2022-07-13 07:00:00,4.92,5.150638873849485,4.83,4.92,11710.0
CSM,2022-10-04 07:00:00,13.6,14.144188262195122,13.55,14.06,2400.0
AGG,2020-03-30 07:00:00,13.68,13.68,13.43,13.45,142090.0
TAN,2025-12-05 07:00:00,43.0,43.0,43.0,43.0,4200.0
VNP,2017-07-10 07:00:00,3.9,3.9,3.66,3.66,10500.0
CDN,2016-07-22 07:00:00,20.212201172755975,21.132412241224124,11.87,11.87,47300.0
DXV,2023-01-04 07:00:00,4.01,4.15,4.01,4.1,26814.0
SGH,2023-05-05 07:00:00,26.311072916666667,27.630722513089005,21.76,21.76,900.0
PBC,2022-12-01 07:00:00,13.69,13.97,10.903148936170213,11.842604568031822,70700.0
FCN,2024-08-07 07:00:00,11.27,13.271265083690151,10.73,11.41,3075820.0
ACC,2026-04-08 07:00:00,12.7,12.7,9.20884508164078,10.277440324346399,23000.0
NLG,2020-08-14 07:00:00,18.53,24.981962074303404,18.11,18.32,1548760.0
MCF,2022-03-24 07:00:00,8.05,8.05,7.7,7.91,8700.0
ITD,2023-08-25 07:00:00,9.245082547169812,9.643012946253434,9.14,9.14,22200.0
DHA,2019-10-10 07:00:00,26.856170212765957,27.793901397515526,16.57,16.57,50.0
HAG,2019-02-01 07:00:00,5.0,5.02,4.89,5.0,1740010.0
VPA,2021-12-30 07:00:00,4.293971166448231,7.2,4.2836842105263155,4.889631308920838,5571.0
TFC,2024-12-25 07:00:00,45.59,45.89,15.487318659329665,45.89,16737.0
UDC,2023-06-07 07:00:00,4.3,4.7,4.2,4.7,72958.0
EBS,2023-12-07 07:00:00,9.81,9.81,6.822038717483363,9.81,6176.0
DXV,2019-11-22 07:00:00,4.71,4.71,4.15,4.17,23360.0
VHL,2022-03-16 07:00:00,22.93,22.93,20.04028296849973,22.07182390676435,100.0
PAP,2024-12-26 07:00:00,23.2,27.0,23.2,23.384290092950987,1600.0
PXI,2023-02-17 07:00:00,2.1,2.1,2.0,2.0,131064.0
DGC,2025-07-18 07:00:00,98.68,99.45,41.80776387802971,45.170125006286135,2094600.0
DRI,2026-04-03 07:00:00,12.7,12.8,7.735390519187359,8.585678739136446,387500.0
HOT,2020-07-23 07:00:00,45.2,48.6,45.2,48.6,1322.0
IJC,2026-03-26 07:00:00,10.4,10.4,10.15,10.15,1226100.0
SVC,2025-04-25 07:00:00,13.92,13.92,13.92,13.92,900.0
BVS,2020-12-10 07:00:00,18.75940379403794,19.55059868675164,10.83,11.0,958732.0
FCM,2018-01-09 07:00:00,3.77,4.541662717219589,3.73,3.74,303704.0
PTL,2017-06-14 07:00:00,2.82,4.253834097859327,2.82,2.91,436102.0
C21,2017-04-28 07:00:00,14.04,14.04,14.04,14.04,100.0
HEJ,2024-05-08 07:00:00,11.3,11.3,11.3,11.3,100.0
MCF,2016-05-16 07:00:00,4.4,6.758279978296256,4.36,4.76,24895.0
DWS,2025-05-20 07:00:00,16.33,16.33,10.691890459363957,16.33,100.0
DST,2020-12-17 07:00:00,2.6,2.6,2.5,2.6,568230.0
CVT,2025-03-06 07:00:00,25.75,25.75,25.75,25.75,405095.0
VBB,2021-06-10 07:00:00,13.58,13.58,8.306593673965937,13.25,77710.0
VTX,2016-02-18 07:00:00,11.27,12.09,11.27,12.09,10220.0
SHN,2019-08-16 07:00:00,8.9,9.017918115102356,8.8,9.0,40800.0
QST,2025-03-14 07:00:00,23.55,23.55,23.55,23.55,600.0
TLP,2026-03-05 07:00:00,8.2,8.5,7.3,8.3,25900.0
CRE,2025-08-21 07:00:00,11.1,11.1,10.4,10.533357335383219,1197336.0
PXS,2025-07-18 07:00:00,3.4,6.916601985559567,3.2,3.3,362100.0
HCD,2019-08-16 07:00:00,2.51,6.010249795249796,2.51,2.52,802546.0
NAB,2023-03-31 07:00:00,5.13,9.337664714494876,5.08,5.13,1389963.0
IDI,2018-08-21 07:00:00,6.12,6.970482019892884,6.04,6.07,1506880.0
DVN,2024-04-10 07:00:00,17.21,17.31,16.201932584269663,17.31,585473.0
VSH,2024-08-09 07:00:00,46.3,46.3,45.85,46.3,103732.0
SBA,2023-02-08 07:00:00,19.96,19.96,19.71,19.96,10500.0
IJC,2022-03-11 07:00:00,15.89,16.16,8.033947577442415,8.53916946614588,1590000.0
BBS,2025-01-14 07:00:00,9.54,9.54,9.54,9.54,23450.0
POS,2022-07-21 07:00:00,9.78,9.78,9.63,9.7,2907.0
VNP,2015-11-12 07:00:00,1.62,1.69,1.48,1.69,14400.0
DVG,2022-05-11 07:00:00,9.3,9.6,9.0,9.4,167400.0
PRE,2025-10-20 07:00:00,18.66,18.85,18.66,18.66,27000.0
POS,2020-04-15 07:00:00,4.39,5.28,4.39,5.28,27983.0
BCP,2020-12-24 07:00:00,9.8,9.927231527093596,9.8,9.8,200.0
HIO,2024-08-06 07:00:00,12.6,14.6,11.1,12.2,879901.0
BAL,2022-11-03 07:00:00,5.97,5.97,5.2,5.2,1382.0
VE9,2023-02-13 07:00:00,1.7,1.8,1.6,1.8,10900.0
VNP,2025-12-16 07:00:00,8.906928425357872,20.6,8.84283606557377,20.2,138400.0
VTD,2021-10-22 07:00:00,12.05,12.29,10.24,11.97,423625.0
VHC,2021-08-09 07:00:00,29.79,38.97492075763432,29.64,30.5,1789300.0
VNP,2017-12-01 07:00:00,4.39,4.39,4.14,4.31,126029.0
PHC,2017-05-05 07:00:00,6.430332187857961,6.685109070034443,5.27,5.52,375395.0
AGX,2025-07-30 07:00:00,143.0,154.0,143.0,154.0,700.0
ICG,2025-02-18 07:00:00,7.8,7.8,7.6,7.7,3605.0
VHC,2018-04-24 07:00:00,22.37,38.97492075763432,22.17,22.53,804610.0
HAV,2021-09-24 07:00:00,5.0,5.0,4.7,4.7,700.0
CDN,2019-11-14 07:00:00,13.1,13.1,13.1,13.1,611.0
VDS,2018-10-22 07:00:00,4.34,9.400642424242424,4.31,4.31,1011979.0
MCM,2022-08-30 07:00:00,36.34,36.74,36.01,36.09,45737.0
QNC,2016-05-16 07:00:00,6.31,6.31,6.31,6.31,100.0
APP,2017-08-18 07:00:00,9.05,9.51,9.05,9.51,300.0
PGB,2023-10-17 07:00:00,14.06,14.22,14.01,14.01,15558.0
CVT,2018-12-18 07:00:00,24.7642694583523,26.21043636363636,17.02,17.02,291770.0
MCG,2017-02-09 07:00:00,2.997668495297806,3.1414072912583304,2.25,2.28,750520.0
NHT,2021-01-04 07:00:00,19.0,19.0,13.107306606437042,19.0,12937.0
DGC,2022-09-27 07:00:00,73.84,74.43,69.78,70.03,3693800.0
VPH,2020-06-19 07:00:00,5.259779969650986,5.436316786661615,3.71,3.79,528254.0
C21,2022-07-21 07:00:00,12.63,13.38,12.44,13.38,2400.0
SSB,2023-06-23 07:00:00,23.48,23.92,23.44,23.92,997100.0
MIG,2019-01-14 07:00:00,6.35,11.635185185185184,6.12,6.45,100636.0
CTR,2020-07-29 07:00:00,21.22,21.41,18.06,20.64,663748.0
VE9,2016-03-23 07:00:00,3.067678006329114,3.34,2.9746801748112834,3.34,13100.0
SBV,2020-07-16 07:00:00,6.6,10.796541881141787,6.43,6.56,50330.0
VTD,2021-04-23 07:00:00,12.52,12.6,11.003557632398753,12.035336829024919,171548.0
CTG,2022-04-18 07:00:00,18.97,18.97,17.92,17.92,8403800.0
NDT,2021-04-14 07:00:00,7.22,9.644803040774015,6.88,8.07,5800.0
TNW,2018-08-20 07:00:00,6.8,9.22770202020202,6.8,6.8,1000.0
VNR,2016-10-18 07:00:00,8.24,14.156033912324235,8.24,8.44,64553.0
ASM,2023-09-27 07:00:00,8.26,8.26,7.82,8.25,3179500.0
SMT,2017-05-25 07:00:00,12.53,12.53,12.53,12.53,26846.0
MCC,2020-05-07 07:00:00,9.94,9.94,9.94,9.94,300.0
GMC,2015-10-21 07:00:00,15.65,15.65,13.856400529333921,15.65,1050.0
PRO,2016-02-05 07:00:00,7.0,7.0,7.0,7.0,4100.0
HID,2021-01-26 07:00:00,3.81,3.81,3.66,3.69,902300.0
HEV,2023-01-04 07:00:00,34.48,34.48,11.50024523160763,12.417012913559734,2352.0
VEF,2022-02-08 07:00:00,125.78,131.8,125.17,127.18,7260.0
BAF,2022-01-14 07:00:00,23.34,23.46,22.77,23.04,2041400.0
SJM,2024-09-25 07:00:00,6.7,6.8,6.7,6.8,15400.0
DC1,2025-09-18 07:00:00,8.1,8.1,7.4,7.977114264691546,6518.0
ACL,2016-12-23 07:00:00,2.92,2.99,2.83,2.83,110874.0
VE9,2025-05-27 07:00:00,1.9,3.162434782608696,1.9,2.0,5300.0
SBV,2025-02-17 07:00:00,9.19,10.796541881141787,8.76,9.05,2700.0
PVO,2021-05-24 07:00:00,6.67,6.87,5.492285230639018,6.39,72957.0
TPB,2023-12-06 07:00:00,12.33,12.69,12.3,12.59,14002600.0
IDI,2020-05-06 07:00:00,6.732377862595419,6.970482019892884,2.97,2.99,4229733.0
SAV,2023-10-10 07:00:00,12.99,13.07,12.54,12.84,68237.0
RIC,2019-03-06 07:00:00,6.08,6.08,6.08,6.08,10.0
SFI,2022-02-15 07:00:00,31.05,31.23,17.24434502216848,31.23,600.0
VXB,2020-07-07 07:00:00,15.745561224489794,16.361090289608175,4.6,4.6,14381.0
CTI,2019-06-20 07:00:00,19.0,19.0,18.75,19.0,1299987.0
IMP,2016-07-21 07:00:00,11.04,11.25,10.82,11.04,76893.0
PVY,2020-02-21 07:00:00,1.85,1.85,1.85,1.85,1000.0
FDC,2023-05-29 07:00:00,15.0,18.655422691879863,15.0,16.0,2500.0
CDO,2018-10-26 07:00:00,1.1,5.73868306010929,1.1,1.1,939682.0
GMC,2023-12-27 07:00:00,13.658867924528302,14.286766125493639,7.65,7.91,33397.0
VTA,2023-07-14 07:00:00,4.0,4.3,4.0,4.3,6400.0
STC,2019-12-05 07:00:00,7.69,13.453921698739219,7.69,7.75,400.0
KMR,2017-07-27 07:00:00,4.69,4.69,4.31,4.56,172280.0
PSB,2021-06-11 07:00:00,6.9,6.9,6.8,6.8,3449.0
VJC,2021-08-19 07:00:00,118.0,120.0,117.09998244844229,120.0,1395400.0
TMT,2017-07-26 07:00:00,10.84,11.12,10.79,11.02,56407.0
PXS,2024-03-21 07:00:00,4.3,4.4,4.3,4.4,546301.0
BAF,2026-04-14 07:00:00,35.2,35.75,34.9,35.75,4913313.0
VMG,2024-08-28 07:00:00,5.0,5.1,4.267313144329897,4.909312837113794,1400.0
HBS,2018-03-20 07:00:00,2.19,5.101032558139535,2.19,2.19,30900.0
TTN,2018-09-18 07:00:00,3.53,3.53,3.53,3.53,172854.0
EVS,2024-07-16 07:00:00,7.5,7.5,7.4,7.5,77473.0
NHA,2024-10-24 07:00:00,21.03,21.19,20.44,20.44,832900.0
SD6,2019-02-14 07:00:00,4.0,4.0,4.0,4.0,97380.0
SD4,2016-01-07 07:00:00,7.44,8.39,7.37,8.39,4100.0
APG,2025-01-21 07:00:00,7.089010819165379,7.14,7.0,7.06,1257665.0
HCD,2018-09-27 07:00:00,5.827357873210634,7.35,5.825697341513292,7.25,499670.0
GSP,2019-09-23 07:00:00,6.38,6.4,6.38,6.4,610.0
HEV,2016-03-28 07:00:00,6.63,11.73606557377049,6.57,6.57,1100.0
C21,2023-11-22 07:00:00,15.748863049095608,16.30145150931278,11.85,11.85,800.0
VCI,2017-11-16 07:00:00,8.53,8.96,8.53,8.96,53800.0
CSM,2023-07-10 07:00:00,13.08,13.17,13.03,13.12,407626.0
PXS,2018-04-10 07:00:00,7.1,7.2,7.07,7.12,163770.0
VEF,2018-01-09 07:00:00,39.44,39.44,38.5,38.9,20800.0
LG9,2023-04-04 07:00:00,7.267295321637427,7.6040409956076145,7.05,7.05,5.0
MCC,2016-10-19 07:00:00,12.38,12.38,12.24,12.31,7200.0
ONE,2016-08-31 07:00:00,4.861977787270397,5.046919127086007,3.83,4.12,800.0
MBB,2020-01-30 07:00:00,6.37,6.43,6.17,6.18,8995010.0
ACB,2022-01-12 07:00:00,15.34,15.74,15.27,15.53,8032012.0
SCL,2021-12-08 07:00:00,16.48,16.48,9.07385989010989,15.96,57700.0
KDC,2018-10-04 07:00:00,22.68,40.30182883939039,22.44,22.72,55850.0
EMG,2022-04-08 07:00:00,10.19,15.961999999999998,10.19,10.19,200.0
ACL,2025-06-24 07:00:00,10.16688989317995,10.39,10.06,10.25,5200.0
ILC,2025-07-25 07:00:00,6.7,6.7,6.7,6.7,5624.0
VCG,2021-03-31 07:00:00,27.29,27.56,27.29,27.5,9496252.0
VTX,2021-09-07 07:00:00,16.4,17.0,12.89825117370892,17.0,6469.0
HSP,2026-02-05 07:00:00,14.1,14.2,14.1,14.2,2236.0
VIF,2022-07-22 07:00:00,15.06,15.06,13.69714366197183,15.06,16028.0
S12,2016-02-17 07:00:00,3.3,3.3,1.1215806451612904,3.3,32638.0
PTL,2021-10-19 07:00:00,7.6,8.49,7.6,8.18,436102.0
ATS,2024-10-09 07:00:00,16.2,16.2,16.2,16.2,300.0
MCO,2018-03-07 07:00:00,4.924789915966387,5.172324755989353,1.71,1.71,5200.0
SGH,2020-05-12 07:00:00,34.6,34.77,26.90409375,34.77,700.0
BCM,2023-08-09 07:00:00,73.26,73.55,49.464689689689685,72.69,508135.0
GSP,2022-11-23 07:00:00,6.06,6.13,5.85,6.1,9600.0
SAM,2024-08-15 07:00:00,6.51,7.890156787762906,6.06,6.54,282900.0
VTD,2025-04-08 07:00:00,11.1,11.1,9.0,9.3,249160.0
KDC,2019-05-30 07:00:00,15.58,15.71,15.54,15.54,1086952.0
GSP,2020-09-18 07:00:00,6.29,6.29,6.03,6.29,8230.0
TCW,2018-06-06 07:00:00,7.09,7.13,6.96,7.13,5489.0
TTF,2021-10-14 07:00:00,7.66,8.1,7.0479071537290725,7.849334465143678,12438800.0
CTW,2025-01-02 07:00:00,30.08,30.56,21.694034782608696,30.56,1665.0
VNG,2018-09-19 07:00:00,17.57,17.96,12.352284730195178,17.96,279665.0
VTA,2019-04-16 07:00:00,5.85,5.85,5.85,5.85,85.0
DRH,2024-08-02 07:00:00,2.48,2.53,2.4,2.5,2649198.0
SFI,2017-08-31 07:00:00,9.0,9.64,9.0,9.48,5220.0
TPB,2021-04-14 07:00:00,10.19,10.3,10.04,10.26,10685666.0
ACM,2017-09-25 07:00:00,2.3,2.3,2.1,2.3,3442310.0
PRE,2023-07-06 07:00:00,15.231245674740483,15.69369696969697,13.66,13.66,12211.0
PTS,2020-10-26 07:00:00,5.09,5.09,4.94,4.94,18171.0
PCH,2022-09-09 07:00:00,10.589268817204301,11.08721329046088,6.28,6.36,129300.0
VTH,2018-11-12 07:00:00,6.36,6.36,5.92,5.92,9085.0
SAC,2021-01-18 07:00:00,9.0,9.59,8.292890484739678,8.77,14235.0
SID,2021-11-17 07:00:00,17.11,17.11,16.92,17.02,8600.0
SAV,2019-06-19 07:00:00,4.09,9.083710921640277,4.09,4.09,68237.0
VNI,2018-12-05 07:00:00,8.1,10.3,8.1,9.087615530111801,7135.0
BTN,2021-05-13 07:00:00,4.1,4.5,3.8761565836298932,4.2,2412.0
VNL,2023-12-20 07:00:00,11.53,11.53,11.53,11.53,300.0
PRO,2021-10-18 07:00:00,6.1,6.7,6.1,6.1,6400.0
MCG,2018-10-26 07:00:00,2.72,2.99,2.72,2.74,970.0
DHA,2022-07-18 07:00:00,28.27,29.27,28.23,28.68,43200.0
HHG,2023-08-22 07:00:00,2.6,3.4323871461361897,2.4,2.6,688572.0
DHA,2022-10-04 07:00:00,25.93,25.93,23.85,24.96,112685.0
CDN,2025-12-16 07:00:00,32.7,32.8,20.51933574333484,32.8,2600.0
BTN,2023-01-12 07:00:00,3.888287965616046,3.9,3.5,3.9,22500.0
S72,2021-12-27 07:00:00,7.3,7.4,6.1956928838951315,7.4,300.0
SZG,2022-04-18 07:00:00,34.23,36.55,31.48497615262321,34.58,102400.0
SSB,2024-06-27 07:00:00,18.68,18.68,17.62,18.33,3590900.0
HPH,2019-04-03 07:00:00,6.98,10.840106571936058,6.39,6.98,400.0
BHN,2019-09-19 07:00:00,65.52,66.36,65.52,66.36,10313.0
SBV,2022-02-25 07:00:00,13.64,13.76,10.511833489242282,11.559592714528064,79100.0
NTF,2026-01-12 07:00:00,15.82,18.1,13.61,14.635068493150683,2064.0
MPT,2020-08-10 07:00:00,1.7,1.8,1.6,1.7,655701.0
RIC,2023-09-27 07:00:00,5.3,5.3,5.0,5.1,27711.0
ANV,2025-09-23 07:00:00,25.31,26.82,25.31,26.82,1936500.0
PGT,2023-11-14 07:00:00,3.5,3.5,3.2,3.2,16801.0
CKD,2024-06-19 07:00:00,21.54,21.54,21.54,21.54,102.0
MEL,2025-02-21 07:00:00,6.8,6.8,6.8,6.8,100.0
PVT,2023-08-10 07:00:00,16.06,16.16,11.755441736481341,15.72,4524300.0
SD4,2024-03-11 07:00:00,2.9,3.0,2.9,2.9,4200.0
PV2,2026-02-05 07:00:00,2.7,2.7,2.6,2.6,219276.0
LBM,2018-09-11 07:00:00,4.15,4.72,4.15,4.72,27009.0
HCD,2022-09-28 07:00:00,6.24,6.32,5.93,5.93,57400.0
TMB,2022-02-08 07:00:00,13.06,13.06,13.06,13.06,18631.0
VLB,2022-07-29 07:00:00,27.34,27.65,27.26,27.65,106878.0
BTP,2020-07-23 07:00:00,8.79,8.81,8.67,8.73,55560.0
NFC,2021-12-07 07:00:00,9.88,9.88,9.88,9.88,7200.0
CTP,2017-07-28 07:00:00,23.07,23.32,8.468003355704699,23.07,163055.0
VE9,2022-07-19 07:00:00,3.0,3.1,2.9,3.0,15500.0
CTP,2023-05-23 07:00:00,3.4,3.4,3.3,3.3,21200.0
VMD,2024-03-06 07:00:00,15.34,17.124140480591496,15.34,15.43,27661.0
KGM,2025-11-14 07:00:00,5.7,7.2965648050579555,5.7,5.7,700.0
DAG,2016-12-16 07:00:00,9.85,9.85,9.55,9.68,59890.0
ACV,2017-01-25 07:00:00,28.9,29.48,28.55,28.84,109600.0
NDT,2022-08-22 07:00:00,18.01,18.01,9.25314993122421,17.5,24600.0
JVC,2024-11-25 07:00:00,4.241349599695005,4.480477646159724,2.95,3.08,607600.0
CQN,2026-01-06 07:00:00,31.3,31.5,24.74875,31.5,9813.0
SSN,2015-10-16 07:00:00,11.25,11.25,10.25,10.346854626859267,74800.0
S99,2024-05-10 07:00:00,10.53,10.72,10.44,10.53,321962.0
LMH,2019-02-21 07:00:00,9.69,10.23,6.620986031224322,10.1,1612173.0
GMC,2023-04-26 07:00:00,8.9,8.9,8.85,8.9,33397.0
THP,2023-06-26 07:00:00,8.46,9.331940133037694,8.46,8.46,300.0
DTL,2020-07-16 07:00:00,9.9,24.16823473282443,9.9,9.9,7368.0
VCA,2018-05-10 07:00:00,7.24,7.34,7.24,7.34,11800.0
DPR,2017-08-02 07:00:00,9.93,21.68535372848948,9.88,9.91,485513.0
DSC,2025-05-22 07:00:00,12.43,12.56,12.23,12.39,160389.0
SFN,2016-10-07 07:00:00,18.205034364261167,18.96939316239316,16.46,16.46,8100.0
FDC,2022-06-16 07:00:00,23.95,23.95,21.7,23.6,8681.0
PXS,2023-08-22 07:00:00,5.9,5.9,5.6,5.7,546301.0
NLG,2022-01-21 07:00:00,46.75,47.01,44.84,45.97,3923900.0
NVL,2022-02-15 07:00:00,78.0,79.6,77.5,79.0,2724200.0
CSC,2024-11-06 07:00:00,22.81,24.26,17.93577481365241,24.26,33200.0
DCL,2021-10-11 07:00:00,35.3,37.0,35.0,35.8,130900.0
ILC,2025-07-16 07:00:00,6.7,6.866974169741698,6.7,6.7,1000.0
STC,2020-05-26 07:00:00,9.48,9.48,9.48,9.48,2797.0
DPR,2020-10-09 07:00:00,16.37,16.37,16.06,16.29,29260.0
XMC,2023-06-20 07:00:00,6.92,6.92,6.65,6.92,51595.0
VHM,2018-06-20 07:00:00,62.24721344880285,67.63,62.2216210739615,67.04,613980.0
PBC,2021-06-08 07:00:00,14.93,15.83,14.93,15.83,16100.0
CVT,2022-06-22 07:00:00,36.4,39.0,25.366412944393804,39.0,405095.0
L14,2024-07-11 07:00:00,44.00006130268199,46.55952344643538,34.1,35.48,251603.0
VNR,2022-09-12 07:00:00,18.56,18.56,17.96,18.42,64553.0
VTA,2025-01-15 07:00:00,3.5,3.5,2.9,3.5,7500.0
HAC,2023-04-18 07:00:00,5.9,5.9,5.9,5.9,39843.0
IDV,2023-08-14 07:00:00,21.34,21.46,21.22,21.22,18930.0
DPR,2023-07-26 07:00:00,26.98,27.42,21.090780952380953,27.06,485513.0
MBT,2026-04-08 07:00:00,10.0,13.081632653061224,10.0,10.0,7233.0
SAC,2017-11-29 07:00:00,6.76,6.76,6.52,6.52,12700.0
NHA,2020-12-04 07:00:00,7.56,11.543956215793589,7.41,7.46,440174.0
VNG,2020-10-28 07:00:00,15.05,15.05,14.9,15.0,174750.0
AGG,2021-03-08 07:00:00,20.98,21.32,20.7,21.32,2337000.0
APF,2022-10-04 07:00:00,39.1,39.1,38.4,38.4,23861.0
HC3,2024-08-09 07:00:00,19.78,19.78,19.78,19.78,100.0
PBC,2021-04-09 07:00:00,14.47,14.47,10.903148936170213,12.39,400.0
POW,2020-02-20 07:00:00,8.29,8.64,8.29,8.6,4728350.0
VRG,2021-06-29 07:00:00,17.69,17.69,13.790377189043557,17.69,54437.0
DHD,2017-09-19 07:00:00,4.59,9.62344250363901,4.59,4.59,100.0
VPA,2023-10-27 07:00:00,4.293971166448231,4.525065963060686,3.3,3.3,5571.0
CSM,2019-10-16 07:00:00,12.9,12.94,12.81,12.9,407626.0
TJC,2026-04-29 07:00:00,18.0,18.0,6.290409836065574,16.2,11151.0
CDP,2024-10-01 07:00:00,9.58,9.58,9.49,9.49,400.0
TTF,2022-01-19 07:00:00,13.8,14.1,13.55,13.9,3346927.0
LHC,2018-12-10 07:00:00,37.42148927219184,38.751763713080166,11.7,11.87,1700.0
DAG,2020-04-22 07:00:00,6.465494555353902,6.7255429864253395,4.28,4.57,705320.0
FCM,2022-05-20 07:00:00,5.46,5.7,4.373087301587302,4.812536839455113,303704.0
VSH,2016-03-29 07:00:00,9.52,9.64,9.52,9.58,59350.0
PC1,2018-05-11 07:00:00,14.296703530412591,14.902431623931625,9.47,9.47,2782015.0
OIL,2022-05-19 07:00:00,12.44,12.81,11.88,12.72,1917554.0
VKP,2016-07-15 07:00:00,0.4,0.8547619047619047,0.4,0.5,1100.0
ABR,2020-07-29 07:00:00,17.98,17.98,11.106903127383676,17.29,1200.0
HHG,2024-06-21 07:00:00,2.0,3.4323871461361897,1.9,2.1,498790.0
SAC,2018-11-26 07:00:00,5.94,8.592383233532935,5.94,5.94,600.0
VCA,2023-03-02 07:00:00,9.8,9.8,8.453161182840484,9.8,300.0
SD3,2025-05-22 07:00:00,6.7,6.8,4.879402409638554,5.357718494250817,3100.0
HID,2018-08-22 07:00:00,2.54,4.666132732486686,2.5,2.52,70070.0
SD6,2021-03-11 07:00:00,4.1,4.5,4.1,4.4,97380.0
TLP,2023-08-31 07:00:00,6.96,6.96,6.96,6.96,1.0
ACB,2023-12-11 07:00:00,15.76,15.8,15.62,15.73,2274400.0
PPH,2025-11-26 07:00:00,28.0,28.1,27.9,27.9,24000.0
DXV,2024-11-11 07:00:00,3.99,4.295829750644884,3.87,4.06,37100.0
CTX,2020-04-28 07:00:00,7.91,7.91,7.91,7.91,18253.0
HKT,2021-12-13 07:00:00,7.6,7.8,5.910650813516896,6.607976230327295,9475.0
BWA,2021-05-28 07:00:00,8.44,8.44,7.701272264631043,8.27,200.0
FRT,2022-07-19 07:00:00,61.339667673716015,63.23293762575453,48.52,48.72,1422806.0
SAV,2022-12-19 07:00:00,9.34,9.68,8.771922141119221,9.68,24500.0
VIG,2019-10-18 07:00:00,1.1,1.1,1.0,1.1,260600.0
SCL,2021-03-05 07:00:00,6.2,9.452957875457875,6.15,6.63,194110.0
BAF,2025-10-28 07:00:00,31.85,31.85,22.980746543778803,31.35,4913313.0
SAV,2020-08-27 07:00:00,5.98,6.12,5.93,5.93,68237.0
GND,2018-03-26 07:00:00,18.933167098445598,19.600207657365345,16.77,16.77,100.0
CDO,2017-11-09 07:00:00,5.372482230727173,5.73868306010929,2.61,2.66,96410.0
HTT,2020-03-25 07:00:00,1.09,1.09,1.01,1.01,40130.0
POS,2019-08-06 07:00:00,5.3,5.3,5.3,5.3,27983.0
SGH,2024-07-01 07:00:00,25.31,27.74,25.31,27.74,400.0
DVN,2019-09-23 07:00:00,16.116545372866128,16.810112359550562,10.36,10.44,69090.0
SBV,2019-03-13 07:00:00,10.458429906542056,10.796541881141787,7.75,7.84,470.0
L14,2023-11-16 07:00:00,44.00006130268199,46.55952344643538,41.88,42.77,279271.0
CTR,2025-11-07 07:00:00,89.4,92.2,89.0,89.3,800053.0
ARM,2017-04-13 07:00:00,17.06,26.90807575757576,17.06,17.12,300.0
HBS,2016-12-22 07:00:00,4.85312238250349,5.101032558139535,2.45,2.45,200.0
CTG,2025-12-22 07:00:00,34.5,35.25,16.19919266770671,35.15,11776100.0
PXM,2021-01-29 07:00:00,0.5,0.670671031096563,0.5,0.6,161900.0
THP,2025-12-12 07:00:00,10.1,10.3,9.123977900552488,10.3,300.0
BVS,2020-05-26 07:00:00,6.96,19.55059868675164,6.96,7.2,208573.0
VNY,2022-04-26 07:00:00,7.1,8.1,5.636513157894737,7.1,2900.0
PSB,2025-04-18 07:00:00,3.5,5.644386334879798,3.5,4.0,174802.0
VDS,2024-10-29 07:00:00,18.49,18.49,18.13,18.22,1011979.0
CMN,2018-02-09 07:00:00,23.23,47.31428571428572,23.23,25.82,300.0
VLC,2025-02-07 07:00:00,17.1,17.4,16.836334038054968,17.4,284942.0
ND2,2022-08-01 07:00:00,28.24,28.64,28.24,28.64,11600.0
KTT,2018-07-05 07:00:00,5.4,5.4,5.4,5.4,100.0
FTM,2021-09-21 07:00:00,4.03,4.31,3.76,4.31,3073100.0
PIC,2018-06-27 07:00:00,10.556980664353,11.009139303482586,9.0,9.0,5672.0
VPG,2019-03-14 07:00:00,13.9535383113714,14.52252693437806,6.67,6.79,1377694.0
CTB,2024-09-04 07:00:00,13.74,13.87,12.061179450072359,13.8,7162.0
MCC,2023-11-02 07:00:00,10.646508196721312,10.9221875,10.54,10.54,100.0
VNR,2026-04-03 07:00:00,20.6,20.8,13.808038891187422,20.7,16600.0
SAS,2023-03-20 07:00:00,23.05,25.61,22.598014297061162,23.73,11800.0
DBC,2023-04-26 07:00:00,11.44,14.399870377430423,11.18,11.59,3021600.0
PVV,2017-04-26 07:00:00,1.15,1.15,1.06,1.15,7204.0
ACL,2026-04-21 07:00:00,13.0,13.4,10.151327033689402,11.250077080110685,110874.0
CTR,2018-07-06 07:00:00,8.67,8.74,8.67,8.74,2100.0
ACV,2025-12-01 07:00:00,52.8,53.4,47.995560307955515,53.25829174482353,426000.0
AFX,2023-09-19 07:00:00,11.8,12.0,11.4,11.6,112305.0
CTG,2022-05-16 07:00:00,15.35,15.56,15.04,15.07,5223400.0
HAC,2022-08-31 07:00:00,8.4,8.4,8.0,8.3,5400.0
ONE,2016-08-01 07:00:00,4.861977787270397,5.046919127086007,4.12,4.24,3100.0
NAF,2026-02-11 07:00:00,43.5,43.75,42.2,42.7,1007700.0
POW,2020-09-22 07:00:00,7.93,7.97,7.9,7.9,5109720.0
HU3,2022-10-12 07:00:00,5.39,5.39,5.197907303370786,5.2,7500.0
VJC,2024-09-12 07:00:00,105.5,105.7,104.8,105.3,1028315.0
FTM,2019-10-04 07:00:00,4.15,7.597985739750445,4.15,4.15,1229060.0
BHN,2022-07-13 07:00:00,47.37,55.65581923419413,47.28,48.28,600.0
SHN,2019-05-13 07:00:00,9.1,9.2,8.654789005032907,9.2,452976.0
NUE,2023-05-18 07:00:00,7.11,7.11,6.9240829493087555,7.11,100.0
POW,2023-06-15 07:00:00,11.38,11.38,10.479503475670308,11.21,5863000.0
MSN,2017-04-11 07:00:00,37.67,69.58469248291571,37.27,37.35,245780.0
BAF,2026-02-03 07:00:00,37.6,37.8,37.25,37.45,2472500.0
PBC,2022-01-19 07:00:00,15.56,15.56,14.84,14.93,28800.0
TNC,2025-06-20 07:00:00,27.72,27.87,27.72,27.87,400.0
SSH,2024-06-07 07:00:00,68.5,69.0,68.5,69.0,54600.0
SGI,2022-03-03 07:00:00,24.45,24.54,15.686873563218391,17.66110241205174,30700.0
HC3,2024-11-05 07:00:00,23.99,23.99,23.72,23.72,1500.0
KSQ,2022-10-17 07:00:00,2.3,2.3,2.2,2.2,70100.0
HPD,2025-07-10 07:00:00,16.32,16.32,16.13,16.32,8918.0
PSB,2026-02-05 07:00:00,5.4,5.4,4.6,4.6,22000.0
CST,2022-01-14 07:00:00,12.3,12.3,11.56,12.01,241337.0
MIG,2018-11-19 07:00:00,5.65,5.88,5.65,5.88,800.0
TOP,2019-12-10 07:00:00,0.8,0.8,0.7,0.7,5700.0
VCM,2020-04-14 07:00:00,8.13,8.13,7.93025702811245,8.13,4046.0
SSH,2025-04-29 07:00:00,88.5,88.9,88.5,88.7,261516.0
BCA,2023-11-16 07:00:00,10.38126094570928,10.913111888111889,5.0,5.1,64300.0
NHA,2023-01-19 07:00:00,10.42,11.543956215793589,9.9,10.06,169200.0
LG9,2026-04-24 07:00:00,5.1,5.1,5.1,5.1,2693.0
CDP,2021-07-23 07:00:00,9.89,10.57,9.66,10.190889679787157,26814.0
CSC,2019-04-03 07:00:00,17.91673998428908,18.855480957989794,7.51,7.7,9700.0
IMP,2019-09-18 07:00:00,14.51,14.51,14.27,14.51,2840.0
NDX,2017-05-26 07:00:00,4.91,6.326236875262495,4.87,4.91,1600.0
VRG,2019-10-03 07:00:00,13.862635135135134,14.374399819494585,7.19,7.32,54437.0
TPP,2026-04-06 07:00:00,10.6180755265069,10.900792727272727,10.1,10.1,15265.0
VRG,2023-10-23 07:00:00,18.27,18.35,18.27,18.35,1100.0
VCI,2023-05-22 07:00:00,18.66,18.89,18.53,18.77,3611200.0
OIL,2024-12-05 07:00:00,11.91,12.1,11.71,11.81,1341071.0
IMP,2017-02-21 07:00:00,13.29,24.898868068833654,13.16,13.18,21130.0
IDV,2016-10-21 07:00:00,7.65,7.85,7.37,7.77,36278.0
L14,2022-08-15 07:00:00,44.00006130268199,124.66,43.76507651109411,47.735536521195506,251603.0
NSC,2024-06-07 07:00:00,67.98,68.07,62.87969597370583,67.8,1300.0
CCI,2021-12-06 07:00:00,17.25,17.25,16.36,16.36,1400.0
SMA,2022-01-10 07:00:00,9.62,9.99,7.8633316481294235,9.62,27700.0
SBA,2016-06-27 07:00:00,4.61,4.61,4.51,4.61,27640.0
CDN,2019-10-04 07:00:00,14.95,14.95,14.95,14.95,100.0
LHC,2021-08-30 07:00:00,38.47,38.47,37.51185185185185,37.6,3500.0
SD2,2017-07-12 07:00:00,5.45,5.45,5.3541399817017385,5.45,40301.0
NUE,2020-02-14 07:00:00,5.23,5.29,5.23,5.29,4000.0
PGB,2023-04-25 07:00:00,16.75,17.06,11.887099697885196,17.06,103271.0
PGD,2024-07-30 07:00:00,30.13,30.13,23.174957541447633,24.919084232054015,3500.0
VGV,2023-01-19 07:00:00,13.19,17.4454257565095,13.19,13.66,43237.0
VIE,2023-12-14 07:00:00,7.9,7.9,7.9,7.9,1845.0
G20,2016-03-23 07:00:00,6.82,6.82,6.65,6.82,53700.0
FDC,2023-12-11 07:00:00,13.65,15.5,13.55,15.5,3200.0
FCN,2020-01-16 07:00:00,8.55,8.55,8.48,8.55,3075820.0
XPH,2016-08-12 07:00:00,6.77,6.77,6.77,6.77,1700.0
SJM,2024-01-02 07:00:00,6.9,6.9,4.017777132907719,6.9,100.0
TDC,2022-05-25 07:00:00,13.61,13.95,13.46,13.9,322000.0
SZG,2026-01-29 07:00:00,38.7,38.7,38.7,38.7,100.0
BTN,2025-02-10 07:00:00,2.9,3.2,2.9,3.1,88009.0
DST,2022-07-27 07:00:00,7.6,8.615845857418112,7.5,8.3,710800.0
SBV,2018-08-21 07:00:00,15.78,16.46,15.75,16.46,350.0
SGI,2021-11-15 07:00:00,24.8,26.11,15.686873563218391,17.66110241205174,39642.0
POV,2025-08-07 07:00:00,7.7,7.7,7.278543554006968,7.7,6000.0
XMC,2019-08-29 07:00:00,8.67,8.67,8.6,8.6,4566.0
DXV,2024-09-09 07:00:00,3.61,3.75,3.61,3.73,400.0
SCL,2026-02-25 07:00:00,21.2,21.2,20.8,20.8,41536.0
FCN,2025-10-29 07:00:00,15.36,15.66,12.808392857142856,14.265176734323674,3075820.0
HIO,2025-06-19 07:00:00,7.1,7.1,7.1,7.1,187694.0
NAF,2019-06-12 07:00:00,13.29,14.03,13.25,14.03,288480.0
STC,2024-05-27 07:00:00,15.5,15.5,14.9,14.9,2797.0
APG,2021-12-23 07:00:00,19.35,19.6,7.065027027027027,7.623012805692868,1793300.0
TXM,2021-02-23 07:00:00,4.9,5.835372928176795,4.8,4.9,23528.0
DPC,2020-12-22 07:00:00,13.88,15.25,13.88,15.25,300.0
DBD,2021-11-09 07:00:00,28.59,31.706690017513136,28.36,28.65,193800.0
NDX,2019-06-11 07:00:00,8.11,8.18,8.11,8.11,4800.0
DVG,2022-07-07 07:00:00,7.7778617710583156,8.3,7.681954887218045,8.1,536989.0
SMA,2017-05-17 07:00:00,4.98,4.98,4.92,4.98,360.0
PXI,2015-12-29 07:00:00,5.5,5.6,5.5,5.6,20160.0
BHP,2018-10-03 07:00:00,7.353349475383373,7.703050847457627,6.96,6.96,4180.0
PHC,2025-07-24 07:00:00,5.29,5.29,5.2,5.24,375395.0
ATS,2023-05-31 07:00:00,22.51152228763667,23.61772151898734,11.0,11.0,54.0
TVN,2023-01-10 07:00:00,8.11046768707483,8.427530759439966,4.95,4.95,92268.0
CTP,2022-06-28 07:00:00,5.8,5.9,5.8,5.8,9900.0
TV1,2021-01-22 07:00:00,8.3,8.96,8.3,8.39,2700.0
TTF,2024-06-28 07:00:00,3.89,7.327656427758816,3.81,3.81,930900.0
VIF,2022-03-22 07:00:00,16.48,17.57,16.48,17.32,16028.0
SVG,2026-02-05 07:00:00,6.9,8.0,6.9,7.1,800.0
VNR,2018-12-27 07:00:00,9.35,14.156033912324235,9.3,10.14,490.0
VHM,2025-10-16 07:00:00,123.8,123.8,62.2216210739615,69.32095244511423,9475900.0
HCD,2017-01-25 07:00:00,5.83,5.88,5.83,5.86,202220.0
L14,2016-06-23 07:00:00,10.99,10.99,10.7,10.95,3700.0
BMS,2021-08-25 07:00:00,16.73,18.11,8.382473050095117,9.069803378356125,508300.0
HU3,2021-10-05 07:00:00,7.32,7.32,5.197907303370786,5.72893199084369,12133.0
KMR,2018-02-12 07:00:00,4.05,4.05,3.970478743776331,4.05,275171.0
UNI,2023-04-27 07:00:00,8.8,8.886681053085887,8.8,8.8,700.0
APF,2024-05-29 07:00:00,48.94,48.94,48.57,48.64,18500.0
DSG,2022-03-07 07:00:00,5.6555956678700365,7.2,5.620581113801453,7.1,13400.0
MIC,2021-10-11 07:00:00,7.48,7.48,7.35,7.35,23700.0
HTT,2017-09-15 07:00:00,7.0,7.25,2.4496825396825397,7.2,416828.0
VLC,2017-07-21 07:00:00,12.23,12.53,12.23,12.3,38000.0
SD2,2023-03-22 07:00:00,5.350934065934066,6.01,5.1,5.1,2933.0
SAV,2023-12-08 07:00:00,10.98,11.81,10.86,11.81,244900.0
PBC,2021-10-11 07:00:00,17.19,17.19,10.903148936170213,11.842604568031822,97218.0
L14,2021-08-17 07:00:00,74.55,74.55,43.76507651109411,72.92,37052.0
SVC,2023-08-01 07:00:00,25.4,25.47,25.12,25.19,2600.0
SD3,2024-07-01 07:00:00,7.5,7.5,6.3,6.3,27800.0
BCM,2025-03-24 07:00:00,77.36,77.36,49.464689689689685,75.98,398600.0
CTG,2026-01-27 07:00:00,38.2,38.65,16.19919266770671,17.42636684592671,12601700.0
PLP,2024-12-23 07:00:00,4.57,4.58,4.38,4.5,385111.0
PTS,2021-08-26 07:00:00,7.8,8.04,7.64,7.8,18171.0
SAC,2019-10-07 07:00:00,5.28,5.28,5.28,5.28,1000.0
S99,2021-06-28 07:00:00,16.11,16.64,7.692741997686078,16.34,746363.0
TBC,2025-07-03 07:00:00,35.65,35.65,21.848229755178906,23.587171420986053,20900.0
TTC,2021-03-08 07:00:00,8.82,9.38,8.82,9.38,25400.0
MCO,2016-12-06 07:00:00,1.62,5.172324755989353,1.62,1.62,100.0
DNC,2026-02-02 07:00:00,51.65,51.65,51.65,51.65,3567.0
BTN,2022-11-15 07:00:00,4.2,4.4,3.8,3.8,88009.0
DVN,2022-01-12 07:00:00,21.62,21.62,19.87,20.75,585473.0
VLC,2022-07-08 07:00:00,16.93,17.48645965356992,16.41,16.67,73938.0
NDX,2018-09-24 07:00:00,7.61,7.61,6.146417785234899,6.661221038912906,3600.0
PHC,2025-09-29 07:00:00,6.430332187857961,6.685109070034443,5.62,5.71,109600.0
TDT,2025-09-04 07:00:00,6.9,6.9,6.789221991701245,6.9,202136.0
BTU,2021-03-24 07:00:00,8.46,10.32760294117647,8.46,8.46,3023.0
DRH,2026-03-12 07:00:00,2.68,2.78,2.6,2.71,575800.0
KDC,2017-12-12 07:00:00,30.64,40.30182883939039,29.59,30.09,1086952.0
SHS,2026-04-24 07:00:00,16.9,17.2,16.8,16.9,14180223.0
HPX,2021-07-26 07:00:00,24.88,26.97,15.603006100942874,17.719266944870895,361300.0
ACV,2019-10-09 07:00:00,44.98,44.98,44.56,44.98,51700.0
HIO,2026-04-22 07:00:00,7.5,7.6,7.5,7.5,4000.0
PVL,2017-02-14 07:00:00,2.3,2.5,2.2,2.4,737778.0
ACB,2024-05-03 07:00:00,19.03,19.31,11.626424219345012,12.33710448858462,8032012.0
TNB,2021-09-22 07:00:00,16.68,16.68,16.68,16.68,11364.0
PC1,2022-01-19 07:00:00,18.92,20.0,18.89,19.32,880000.0
PRE,2023-11-10 07:00:00,14.13,15.69369696969697,14.13,14.81,12211.0
UDC,2024-10-11 07:00:00,3.9,4.933925811437404,3.9,3.9,30800.0
L14,2018-07-18 07:00:00,16.81,46.55952344643538,16.77,17.06,251603.0
PHC,2025-02-19 07:00:00,5.59,6.685109070034443,5.5,5.58,375395.0
SMA,2025-09-19 07:00:00,10.7,10.7,9.85,10.7,16955.0
VC6,2025-11-21 07:00:00,24.0,25.5,9.34863157894737,10.29922758888062,500.0
BCM,2023-05-08 07:00:00,74.41,74.6,49.464689689689685,54.687090575141234,508135.0
PTI,2026-02-25 07:00:00,30.8,30.8,19.0491280403855,30.7,29359.0
IJC,2019-11-13 07:00:00,6.83,6.87,6.76,6.8,291410.0
PCT,2022-05-18 07:00:00,7.547310924369748,7.904275280898877,6.48,6.48,29079.0
HAG,2025-02-18 07:00:00,12.5,12.85,8.452023628048781,9.439902378449919,6826700.0
TPP,2020-03-31 07:00:00,9.3,9.3,9.3,9.3,15265.0
HOT,2023-03-02 07:00:00,21.4,27.463420593368237,21.4,21.4,2600.0
PLP,2023-07-11 07:00:00,5.5,7.2102842497670085,5.43,5.47,193100.0
UNI,2016-06-15 07:00:00,7.6,8.886681053085887,7.5,7.9,2900.0
DPC,2019-10-30 07:00:00,11.11,12.33,11.11,12.33,3136.0
HKT,2017-05-30 07:00:00,4.56,4.56,4.1,4.56,14300.0
ADC,2025-07-02 07:00:00,18.46,18.46,18.46,18.46,2437.0
SFI,2017-03-07 07:00:00,9.42,17.67586956521739,9.39,9.85,17930.0
HPD,2022-06-17 07:00:00,16.15,17.23,14.399158686730505,15.570188397603257,6300.0
PNC,2018-10-09 07:00:00,12.21,12.21,12.21,12.21,460.0
MPC,2020-11-16 07:00:00,11.26,14.832627078384798,11.09,11.09,70042.0
VIF,2024-08-21 07:00:00,16.79,17.27,13.69714366197183,17.27,16028.0
THG,2020-07-02 07:00:00,16.51,16.51,15.85,15.92,58658.0
ACL,2024-03-08 07:00:00,12.64,12.64,12.45,12.55,9200.0
NDT,2023-08-09 07:00:00,7.5,9.644803040774015,7.4,7.7,37194.0
OIL,2023-07-07 07:00:00,9.8,9.99,9.7,9.99,2531503.0
BMS,2022-06-16 07:00:00,7.35,7.42,7.2,7.27,46218.0
HHG,2023-02-27 07:00:00,3.279273977837218,3.4323871461361897,1.3,1.4,486199.0
DXV,2020-07-31 07:00:00,2.3,2.4,2.3,2.3,26814.0
CTI,2024-11-26 07:00:00,17.0,17.15,16.7,16.75,1299987.0
S99,2024-07-12 07:00:00,10.26,10.44,7.692741997686078,8.487359412395218,185300.0
E12,2022-07-29 07:00:00,8.1,8.1,7.2,7.340436642603079,600.0
HAP,2015-12-29 07:00:00,2.9,2.95,2.85,2.95,212210.0
NAF,2016-09-23 07:00:00,20.89,21.26,16.977006172839506,21.14,174160.0
ADC,2018-08-29 07:00:00,7.74,7.74,7.74,7.74,2437.0
VHM,2022-01-19 07:00:00,74.82,76.08,74.82,75.4,3344400.0
NHH,2023-10-30 07:00:00,17.73,17.92,17.08,17.08,704900.0
HMR,2024-05-22 07:00:00,35.0,35.0,10.778991270611057,12.326813304608665,33561.0
VTA,2024-03-13 07:00:00,3.3,3.4,3.3,3.4,304.0
HAP,2020-02-28 07:00:00,2.26,2.26,2.16,2.22,22820.0
PC1,2023-09-11 07:00:00,20.45,20.74,14.404785562632695,15.81059548002518,5528900.0
L61,2021-02-01 07:00:00,7.9,7.9,7.716987295825772,7.9,100.0
CKD,2024-12-16 07:00:00,20.58,20.58,20.58,20.58,1900.0
DHM,2017-06-14 07:00:00,8.72,8.95,6.977141199226305,8.83,829820.0
SCL,2016-05-06 07:00:00,3.76,9.452957875457875,3.71,3.71,700.0
KSQ,2022-11-28 07:00:00,2.6500000000000004,2.790019493177388,1.6,1.7,94800.0
OIL,2026-01-14 07:00:00,12.6,14.0,11.264846077457797,12.32050780866654,2531503.0
HPM,2017-10-16 07:00:00,19.8,19.9,19.8,19.9,200.0
SHN,2023-05-26 07:00:00,7.9,7.9,7.0,7.3,1327.0
ALV,2023-03-03 07:00:00,2.41,3.8880022383883603,2.24,2.24,22500.0
ABR,2021-03-08 07:00:00,18.26,18.26,14.18,14.18,200.0
KSQ,2019-06-17 07:00:00,1.8,1.8,1.7,1.7,11000.0
D2D,2016-11-11 07:00:00,6.11,6.14,6.09,6.12,224043.0
DGW,2023-02-06 07:00:00,30.46,30.53,29.9,30.35,435700.0
PV2,2025-03-10 07:00:00,3.6,3.7,2.8980524978831497,3.4,457500.0
STC,2016-04-04 07:00:00,9.9,9.9,9.9,9.9,100.0
E12,2023-05-10 07:00:00,5.1,5.7,5.1,5.7,2600.0
DRI,2019-01-11 07:00:00,4.02,4.55,4.02,4.22,100580.0
THP,2022-11-02 07:00:00,8.64,8.64,8.64,8.64,400.0
LSG,2026-03-11 07:00:00,34.0,35.8,33.8,35.8,36800.0
ACM,2017-08-17 07:00:00,2.2,2.3,2.1,2.2,633000.0
ACL,2021-06-10 07:00:00,10.77,11.64,10.6,11.64,110874.0
HAV,2024-10-08 07:00:00,3.6,3.9876349362119727,3.6,3.6,400.0
VSH,2016-10-25 07:00:00,9.98,23.915781933943496,9.98,9.98,103732.0
FCM,2020-09-03 07:00:00,4.93,4.93,4.373087301587302,4.812536839455113,4430.0
DGC,2026-02-13 07:00:00,67.9,68.8,67.3,68.4,1516100.0
SPD,2016-09-14 07:00:00,3.97,7.016363636363636,3.97,3.97,100.0
VTH,2017-07-13 07:00:00,7.5354911433172305,7.59,7.1,7.1,168500.0
VNG,2018-07-24 07:00:00,15.13,15.52,15.13,15.37,279665.0
VE9,2018-11-09 07:00:00,3.05,3.23,3.05,3.23,17560.0
VTX,2020-03-16 07:00:00,16.9,17.0,16.9,16.9,782.0
TST,2020-12-23 07:00:00,12.8,12.8,12.8,12.8,100.0
CSC,2016-08-29 07:00:00,3.43,3.47,3.39,3.45,87500.0
TTC,2023-07-12 07:00:00,10.15,10.15,8.611613649508387,9.705436446843565,8832.0
SCG,2026-03-16 07:00:00,65.2,67.44012861736334,64.8,65.0,21400.0
ELC,2022-03-02 07:00:00,12.16,12.26,11.78,11.9,399300.0
VC6,2018-04-19 07:00:00,3.64,3.74,3.64,3.74,5966.0
ALV,2019-08-30 07:00:00,1.35,1.53,1.29,1.47,46671.0
UEM,2017-07-28 07:00:00,15.76,15.76,15.76,15.76,3000.0
NAS,2017-03-02 07:00:00,20.74,28.916233023588276,19.8,19.88,7993.0
CDN,2023-05-15 07:00:00,23.37,23.37,23.37,23.37,203.0
DHM,2022-08-03 07:00:00,9.18,9.23,6.977141199226305,7.705503449570412,248400.0
CID,2022-05-31 07:00:00,7.62,7.62,7.62,7.62,100.0
ACM,2017-08-25 07:00:00,2.1,2.2,2.0,2.1,732692.0
HAC,2018-01-26 07:00:00,3.21,7.086506912442396,3.21,3.21,39843.0
BVS,2021-03-03 07:00:00,18.82,18.9,18.56,18.65,813643.0
DC1,2022-08-16 07:00:00,7.86,8.54,7.86,8.54,6518.0
NHA,2025-02-21 07:00:00,20.08,20.4,19.92,20.16,440174.0
HDG,2024-07-16 07:00:00,29.0,29.27,16.574132856006365,18.093859741691507,4796600.0
PXA,2017-08-31 07:00:00,1.5617620345140781,1.7,1.5,1.5,58900.0
IHK,2021-08-11 07:00:00,22.79,22.79,13.168285714285714,22.79,1783.0
CTB,2020-07-17 07:00:00,13.72,13.72,13.72,13.72,7162.0
STG,2021-07-09 07:00:00,16.8,16.95,16.8,16.95,98396.0
VJC,2022-07-08 07:00:00,129.3,129.3,127.0,127.8,450200.0
CMN,2021-09-10 07:00:00,45.745877192982455,54.49,42.18,49.30959066618251,300.0
TVN,2021-12-30 07:00:00,15.44,15.63,15.25,15.53,749945.0
VCG,2017-03-29 07:00:00,8.32,8.32,8.17,8.22,9496252.0
DC1,2019-06-07 07:00:00,4.76,4.76,4.76,4.76,700.0
TET,2016-12-05 07:00:00,13.55,24.83173515981735,13.55,13.55,800.0
ILA,2024-04-19 07:00:00,5.03,5.12,4.36,5.03,154667.0
NAG,2022-12-20 07:00:00,11.46,11.63,11.14,11.46,382848.0
BTS,2023-08-24 07:00:00,5.81,6.000719523373052,5.766585812356979,5.81,15623.0
CTR,2020-08-21 07:00:00,23.68,56.77524082021936,23.51,23.8,287823.0
SMA,2017-09-20 07:00:00,5.46,5.46,5.46,5.46,16955.0
ILA,2023-10-02 07:00:00,3.32,4.798649851632048,3.13,3.22,154667.0
TDT,2023-05-29 07:00:00,6.746414507772021,6.8,6.62,6.8,143900.0
DGW,2023-06-02 07:00:00,26.98,27.72,21.808639817629178,24.5712052804192,2536400.0
BHP,2017-07-11 07:00:00,8.37,8.37,8.07,8.07,3000.0
PVV,2016-10-03 07:00:00,1.4072619751626256,1.41,1.24,1.33,61500.0
AGX,2022-03-08 07:00:00,32.59,67.65542372881356,32.59,32.59,11500.0
HPM,2018-01-05 07:00:00,20.6,20.6,16.839870967741934,18.98675343182277,2280.0
VNP,2025-10-07 07:00:00,12.8,12.8,12.5,12.7,126029.0
HAC,2024-11-15 07:00:00,10.1,11.1,9.5,11.1,5100.0
UIC,2019-03-26 07:00:00,31.605732354141164,32.77899386503068,22.83,24.07,11680.0
NAG,2022-03-11 07:00:00,6.312019867549669,9.76,6.299468438538207,6.9025918467975504,152623.0
HPD,2025-12-19 07:00:00,16.59,16.59,16.59,16.59,200.0
AFX,2019-05-24 07:00:00,2.7,9.071155180961824,2.7,2.7,137782.0
ANV,2021-03-29 07:00:00,9.79,9.83,9.66,9.83,138500.0
CSC,2024-10-30 07:00:00,25.08,25.26,17.93577481365241,19.549566310688583,55540.0
PTS,2015-12-22 07:00:00,1.97,6.319102244389027,1.86,1.86,400.0
APG,2021-12-01 07:00:00,18.06,18.27,7.065027027027027,17.85,4844300.0
KMR,2018-02-01 07:00:00,3.9701727447216886,4.04,3.9,4.04,20690.0
PCT,2022-08-30 07:00:00,7.23,7.904275280898877,6.65,7.23,29079.0
AFX,2021-05-27 07:00:00,13.0,13.1,12.9,13.0,137782.0
L61,2023-06-21 07:00:00,4.6,4.6,4.6,4.6,500.0
ACM,2019-12-27 07:00:00,0.4,1.6972596430627518,0.4,0.4,508189.0
TRC,2023-03-17 07:00:00,23.54,31.909764846552413,23.54,23.54,84905.0
QTC,2021-05-06 07:00:00,10.87,10.87,10.87,10.87,12214.0
BLI,2025-07-25 07:00:00,9.7,9.7,9.2,9.5,3200.0
SD6,2024-10-24 07:00:00,3.6,3.6,3.1,3.2,278100.0
HPD,2025-06-04 07:00:00,17.92,18.02,14.399158686730505,18.02,13200.0
NHA,2016-12-01 07:00:00,2.79,11.543956215793589,2.79,2.96,440174.0
PND,2023-03-14 07:00:00,7.5,7.5,7.5,7.5,3057.0
HT1,2018-05-14 07:00:00,9.22,13.63835472578763,8.84,8.87,123080.0
DCL,2022-11-09 07:00:00,24.0,24.398517816527672,23.35,23.8,55700.0
SAS,2026-04-29 07:00:00,36.1,36.6,22.598014297061162,36.5,6500.0
MSN,2016-05-11 07:00:00,37.16,37.16,36.39,37.16,353890.0
SHN,2019-08-15 07:00:00,9.0,9.017918115102356,8.654789005032907,9.0,452976.0
SBA,2021-11-29 07:00:00,14.97,15.05,14.75,15.05,124900.0
VOS,2024-07-12 07:00:00,19.73,20.01,19.13,19.45,1879853.0
PRO,2024-09-09 07:00:00,4.4,6.319005524861878,4.4,4.4,6400.0
BTS,2023-01-03 07:00:00,5.81,6.76,5.81,6.67,94253.0
VCI,2025-10-17 07:00:00,31.11,31.61,16.079808656036448,30.42,8397919.0
SMA,2016-09-08 07:00:00,3.26,3.44,3.26,3.44,16955.0
HBS,2023-05-08 07:00:00,4.89,5.32,4.89,5.23,189918.0
TNS,2018-08-08 07:00:00,2.5,4.662681929681112,2.5,2.5,5700.0
DBD,2019-02-18 07:00:00,18.24,19.05,18.24,19.05,9020.0
TDT,2021-10-25 07:00:00,9.63,10.59,6.789221991701245,10.59,1677666.0
L63,2022-02-24 07:00:00,6.9,6.9,6.895737439222042,6.9,600.0
VNP,2023-11-23 07:00:00,11.45,11.45,8.84283606557377,9.683780295576875,1500.0
DVG,2021-07-05 07:00:00,12.0,12.7,7.681954887218045,8.518606051884545,117200.0
DST,2022-08-18 07:00:00,8.8,8.9,8.7,8.9,60900.0
PXI,2018-07-13 07:00:00,2.48,2.59,2.48,2.59,1010.0
TCW,2020-09-25 07:00:00,14.42,19.52743625405656,14.29,14.42,50044.0
DBC,2018-02-27 07:00:00,13.834732853353543,14.399870377430423,6.05,6.05,5184058.0
APP,2025-11-10 07:00:00,6.618693641618497,6.9369942196531795,5.4,5.4,2500.0
FDC,2019-03-12 07:00:00,12.75,13.5,12.7,13.5,8681.0
NAG,2016-05-26 07:00:00,2.21,2.21,2.13,2.17,59200.0
ALV,2017-07-28 07:00:00,5.49,5.49,3.6607302118171687,5.49,2900.0
CTI,2018-07-13 07:00:00,23.07,23.54,18.068105542900533,23.38,156940.0
MPT,2021-09-10 07:00:00,1.4,1.6,1.4,1.6,655701.0
NAS,2018-02-28 07:00:00,25.65,25.65,25.65,25.65,7993.0
TDC,2024-01-29 07:00:00,9.5,9.723554538520213,9.35,9.4,294400.0
DAG,2023-09-07 07:00:00,6.465494555353902,6.7255429864253395,4.7,4.7,705320.0
SGD,2016-06-07 07:00:00,5.01,5.01,5.01,5.01,200.0
HAS,2026-01-26 07:00:00,8.1,8.1,8.1,8.1,100.0
DSC,2021-08-18 07:00:00,9.89,9.89,9.44,9.44,160389.0
MCF,2020-03-12 07:00:00,5.82,5.82,5.82,5.82,100.0
D2D,2019-09-13 07:00:00,24.25,24.52,23.7,24.52,134170.0
IME,2018-10-19 07:00:00,10.14,18.234384615384613,10.14,10.14,100.0
FDC,2021-04-12 07:00:00,12.5,12.6,12.5,12.5,8681.0
VNP,2020-11-16 07:00:00,5.59,5.59,5.41,5.5,51900.0
NLG,2021-05-10 07:00:00,29.84,30.23,29.46,29.92,3657296.0
TL4,2020-05-15 07:00:00,6.16,6.95,6.16,6.95,35293.0
SBV,2023-03-03 07:00:00,9.37,9.41,9.32,9.41,11800.0
TRC,2017-07-20 07:00:00,18.46,18.59,18.43,18.43,29590.0
TTN,2019-08-22 07:00:00,6.8,6.8,6.65,6.8,172854.0
DHA,2020-08-20 07:00:00,22.76,27.793901397515526,22.43,22.64,112685.0
ILC,2020-08-05 07:00:00,3.1,3.1,3.1,3.1,5624.0
VPH,2024-04-17 07:00:00,6.55,6.55,6.22,6.22,119200.0
SD6,2023-09-08 07:00:00,5.026776605101143,5.2273589065255734,3.7,3.8,36600.0
SHS,2020-06-02 07:00:00,2.64,8.53507779886148,2.58,2.61,3210787.0
HCD,2025-03-26 07:00:00,7.8,7.83,5.825697341513292,6.296309171806738,802546.0
BCM,2023-07-18 07:00:00,76.41,76.7,49.464689689689685,76.22,352700.0
ATS,2019-01-04 07:00:00,38.4,38.5,38.2,38.5,26592.0
PVV,2021-02-02 07:00:00,1.4,1.5,1.3,1.4879949347550145,278894.0
STC,2024-06-21 07:00:00,14.65,14.65,14.65,14.65,200.0
QHD,2018-10-01 07:00:00,7.32,18.076739495798318,7.32,7.53,700.0
NHA,2024-08-14 07:00:00,19.57,19.57,18.7,18.86,561900.0
MSN,2021-06-01 07:00:00,90.18,90.18,85.84,87.72,2426200.0
POV,2021-07-27 07:00:00,5.06,7.462810320781032,5.06,5.06,3000.0
POW,2023-10-06 07:00:00,9.06,10.831750123946454,9.02,9.27,5141700.0
VCG,2021-02-08 07:00:00,28.79,28.79,28.48,28.79,9496252.0
PGB,2022-06-27 07:00:00,12.016500754147811,12.404756838905776,9.25,9.57,25600.0
FCM,2024-11-01 07:00:00,3.08,3.11,3.05,3.08,303704.0
PTL,2022-07-22 07:00:00,4.58,4.6,4.4,4.482837048475979,169900.0
CSC,2018-09-17 07:00:00,5.47,5.54,5.38,5.4,45400.0
DBC,2022-03-01 07:00:00,27.45,27.8,26.91,27.8,1595300.0
DCL,2015-11-18 07:00:00,7.73,24.398517816527672,7.59,7.59,10800.0
DCL,2024-09-30 07:00:00,26.8,26.8,23.525313330801367,26.45,324667.0
CSC,2016-07-21 07:00:00,3.56,3.69,3.52,3.54,64000.0
S99,2017-04-24 07:00:00,3.48,3.61,3.48,3.48,478005.0
AG1,2024-05-28 07:00:00,7.8,8.117337180544105,7.43,7.8,2323.0
PVR,2024-07-12 07:00:00,2.0818607954545456,2.1750212765957446,1.0,1.1,79154.0
CDN,2022-10-20 07:00:00,22.15,22.15,21.8,22.15,13857.0
NAS,2020-12-16 07:00:00,27.6,27.6,27.6,27.6,7993.0
TMT,2015-11-25 07:00:00,41.84,42.63,41.44,42.63,56407.0
DTL,2022-02-18 07:00:00,45.2,45.2,23.77525787965616,45.2,7368.0
NLG,2018-07-17 07:00:00,18.18,24.981962074303404,17.85,18.21,375210.0
VOS,2019-09-30 07:00:00,1.76,1.84,1.75,1.77,178230.0
ND2,2022-06-30 07:00:00,26.05,26.05,25.98,25.98,800.0
AGP,2024-05-21 07:00:00,34.24,37.58,33.56,34.76,14074.0
HID,2021-03-19 07:00:00,4.26,4.31,4.26,4.3,201200.0
CTB,2023-08-22 07:00:00,11.09,11.09,11.09,11.09,300.0
FTM,2017-09-19 07:00:00,13.72,13.81,13.57,13.72,447440.0
DAT,2022-02-09 07:00:00,16.75,16.75,16.75,16.75,600.0
PNC,2021-07-28 07:00:00,8.08,13.093984915147706,8.03,8.03,3236.0
FCN,2019-05-10 07:00:00,11.52,13.271265083690151,11.44,11.56,128830.0
VDS,2017-08-31 07:00:00,4.0,4.0,4.0,4.0,5200.0
DBD,2023-11-27 07:00:00,43.66,43.82,30.87458695652174,42.51,20400.0
PTS,2023-10-30 07:00:00,7.87,7.87,7.87,7.87,1000.0
SAC,2021-05-11 07:00:00,6.72,8.592383233532935,6.61,6.61,4800.0
UDC,2023-01-12 07:00:00,4.735570599613153,4.933925811437404,4.667716718266253,4.82,83706.0
ONE,2023-01-05 07:00:00,5.5,5.59,5.5,5.59,36436.0
MBB,2022-12-28 07:00:00,9.36,10.009050321604237,9.22,9.44,4608400.0
SMA,2020-12-03 07:00:00,7.2,7.41,7.11,7.28,16955.0
VES,2025-04-04 07:00:00,6.4,6.4,6.4,6.4,226.0
PSB,2021-07-23 07:00:00,6.4,6.4,6.4,6.4,1101.0
YTC,2024-10-21 07:00:00,58.14,58.14,58.14,58.14,4021.0
PC1,2021-07-05 07:00:00,14.296703530412591,14.902431623931625,12.5,12.81,2782015.0
TTZ,2020-08-21 07:00:00,4.3,4.6,4.2,4.6,128191.0
APF,2025-10-27 07:00:00,38.05,38.54,37.17,37.95,4000.0
DNH,2023-06-23 07:00:00,33.06,33.06,33.06,33.06,100.0
PCT,2026-04-16 07:00:00,10.0,10.0,10.0,10.0,500.0
PHC,2026-03-10 07:00:00,6.430332187857961,6.685109070034443,4.4,4.55,375395.0
DAS,2019-10-10 07:00:00,6.95,6.95,6.95,6.95,3661.0
