symbol,date,open,high,low,close,volume
ABR,2019-07-03 07:00:00,4.57,4.57,4.57,4.29,10.0
ABR,2019-08-21 07:00:00,14.39,14.39,14.39,16.26,20.0
ABR,2020-01-03 07:00:00,8.3,8.51,8.3,9.55,2000.0
ABR,2020-01-07 07:00:00,8.85,8.85,8.85,9.48,1500.0
ABR,2021-11-23 07:00:00,14.25,14.25,14.25,14.32,10.0
ABR,2021-12-03 07:00:00,15.29,15.29,15.29,15.56,8.0
ACC,2018-07-25 07:00:00,4.8,4.72,4.49,4.49,2070.0
ACC,2019-07-09 07:00:00,5.36,5.51,5.48,5.5,1560.0
ACL,2020-05-11 07:00:00,7.36,7.86,7.56,7.86,58470.0
ACM,2015-10-02 07:00:00,3.21,3.44,3.25,3.44,554100.0
ACM,2015-10-15 07:00:00,3.21,3.34,3.25,3.34,503500.0
ACM,2015-10-22 07:00:00,3.11,3.25,3.15,3.15,383200.0
ACM,2015-10-30 07:00:00,3.11,3.25,3.15,3.25,440600.0
ACM,2015-11-02 07:00:00,3.21,3.53,3.25,3.53,1657750.0
ACM,2015-11-05 07:00:00,3.3,3.63,3.34,3.63,840520.0
ACM,2015-11-16 07:00:00,4.15,4.49,4.2,4.49,1883695.0
ACM,2015-11-19 07:00:00,4.43,4.87,4.49,4.87,1412840.0
ACM,2015-12-01 07:00:00,4.34,4.68,4.39,4.58,665400.0
ACM,2015-12-02 07:00:00,4.53,4.77,4.58,4.68,494800.0
ACM,2015-12-15 07:00:00,4.06,4.39,4.1,4.39,647700.0
ACM,2015-12-24 07:00:00,4.06,4.3,4.1,4.3,336301.0
ACM,2016-01-04 07:00:00,3.96,4.1,4.01,4.01,338410.0
ACM,2016-01-11 07:00:00,3.3,3.63,3.34,3.63,481400.0
ACM,2016-01-13 07:00:00,3.68,3.91,3.72,3.91,312600.0
ACM,2016-01-19 07:00:00,3.49,3.72,3.53,3.63,430700.0
ACM,2016-01-20 07:00:00,3.49,3.72,3.53,3.63,521740.0
ACM,2016-01-21 07:00:00,3.49,3.72,3.53,3.63,421914.0
ACM,2016-01-25 07:00:00,3.59,3.82,3.63,3.82,515140.0
ACM,2016-02-22 07:00:00,4.43,4.58,4.49,4.49,401100.0
ACM,2016-02-29 07:00:00,4.72,4.96,4.77,4.87,1024180.0
ACM,2016-03-01 07:00:00,4.81,5.06,4.87,4.87,1758120.0
ACM,2016-03-16 07:00:00,4.43,4.58,4.49,4.49,685700.0
ACM,2016-03-23 07:00:00,4.34,4.49,4.39,4.49,1147200.0
ACM,2016-04-06 07:00:00,3.77,4.2,3.82,4.1,1512421.0
ACM,2016-04-07 07:00:00,3.96,4.2,4.01,4.01,606610.0
ACM,2016-04-11 07:00:00,3.87,4.1,3.91,3.91,774600.0
ACM,2016-04-14 07:00:00,3.96,4.1,4.01,4.1,247500.0
ACM,2016-04-20 07:00:00,3.87,4.01,3.91,3.91,345100.0
ACM,2016-04-26 07:00:00,3.87,4.01,3.91,3.91,336500.0
ACM,2016-04-28 07:00:00,3.77,3.91,3.82,3.91,438900.0
ACM,2016-05-04 07:00:00,3.77,3.91,3.82,3.82,345400.0
ACM,2016-05-09 07:00:00,3.87,4.1,3.91,3.91,838100.0
ACM,2016-05-10 07:00:00,3.87,4.1,3.91,4.1,756200.0
ACM,2016-05-11 07:00:00,3.96,4.2,4.01,4.1,355700.0
ACM,2016-05-12 07:00:00,3.96,4.1,4.01,4.01,243100.0
ACM,2016-05-20 07:00:00,3.87,4.1,3.91,4.01,422700.0
ACM,2016-05-24 07:00:00,3.87,4.1,3.91,3.91,593500.0
ACM,2016-06-02 07:00:00,4.24,4.39,4.3,4.3,701207.0
ACM,2016-06-10 07:00:00,3.96,4.1,4.01,4.01,691700.0
ACM,2016-06-13 07:00:00,4.06,4.3,4.1,4.2,1333400.0
ACM,2016-06-15 07:00:00,4.06,4.2,4.1,4.2,360200.0
ACV,2020-01-22 07:00:00,41.79,41.79,41.06,41.85,61020.0
ACV,2020-02-18 07:00:00,36.39,36.39,36.39,36.27,79814.0
ACV,2020-06-12 07:00:00,37.61,38.76,36.7,38.82,428736.0
ADC,2020-04-22 07:00:00,6.86,6.26,6.26,6.26,110.0
AFX,2019-10-14 07:00:00,4.7,4.7,4.6,4.5,15000.0
AFX,2019-12-05 07:00:00,3.7,3.7,3.6,3.5,13000.0
AFX,2019-12-16 07:00:00,3.6,3.6,3.6,3.5,1519.0
AFX,2019-12-17 07:00:00,3.5,3.5,3.5,3.3,16700.0
AFX,2020-01-07 07:00:00,3.5,3.5,3.4,3.3,800.0
AFX,2020-01-08 07:00:00,3.4,3.4,3.3,3.2,2900.0
AG1,2018-05-14 07:00:00,10.52,9.61,9.61,10.52,40.0
AG1,2018-07-24 07:00:00,5.33,5.47,5.47,5.33,20.0
AG1,2018-08-27 07:00:00,6.66,6.45,6.45,6.66,10.0
AG1,2024-08-07 07:00:00,8.07,8.07,8.07,8.16,1.0
AG1,2024-09-06 07:00:00,8.25,8.25,8.25,8.16,8.0
AG1,2024-09-20 07:00:00,8.43,8.43,8.43,8.25,1.0
AG1,2024-09-23 07:00:00,8.43,8.43,8.43,8.25,1.0
AG1,2025-01-24 07:00:00,12.15,12.15,12.15,11.78,1.0
AGP,2019-12-30 07:00:00,8.45,8.45,8.45,7.95,18500.0
AGP,2020-02-18 07:00:00,8.94,8.94,8.94,9.49,1600.0
AGP,2020-06-16 07:00:00,8.4,8.4,8.4,8.2,3.0
AGP,2021-03-25 07:00:00,8.95,8.95,8.95,8.84,66.0
AGP,2022-11-03 07:00:00,13.36,13.36,13.36,13.29,16.0
AGP,2023-09-20 07:00:00,19.25,19.25,19.25,19.09,1.0
AGP,2023-10-27 07:00:00,18.79,18.79,18.79,18.71,26.0
AGP,2024-04-25 07:00:00,32.1,32.1,32.1,33.39,15.0
AGP,2024-10-02 07:00:00,33.64,33.64,33.64,34.16,2.0
AGP,2025-01-03 07:00:00,33.47,33.47,33.47,33.39,46.0
AGX,2018-06-08 07:00:00,21.64,20.2,20.2,21.64,30.0
AGX,2021-10-07 07:00:00,26.59,26.59,26.59,26.16,2.0
AGX,2022-09-30 07:00:00,32.55,32.55,32.55,33.75,1.0
AGX,2022-10-04 07:00:00,32.55,32.55,32.55,33.75,2.0
AGX,2022-12-14 07:00:00,28.58,28.58,28.58,32.73,5.0
AGX,2023-05-10 07:00:00,37.8,37.8,37.8,39.24,2.0
AGX,2023-05-12 07:00:00,37.8,37.8,37.8,39.24,40.0
AGX,2023-07-12 07:00:00,35.89,35.89,35.89,35.41,1.0
AGX,2023-09-11 07:00:00,38.86,38.86,38.86,36.37,1.0
AGX,2023-09-12 07:00:00,38.86,38.86,38.86,36.37,12.0
AGX,2024-06-17 07:00:00,69.92,69.92,69.92,62.31,10.0
AGX,2025-02-06 07:00:00,71.0,71.0,71.0,70.11,1.0
ALV,2024-12-03 07:00:00,3.47,3.47,3.47,3.53,7.0
ALV,2024-12-04 07:00:00,3.47,3.47,3.47,3.53,73.0
ANT,2019-03-26 07:00:00,3.29,3.29,3.29,3.23,10.0
ANT,2019-04-25 07:00:00,3.53,3.53,3.53,3.47,40.0
ANT,2019-09-13 07:00:00,3.59,3.59,3.59,4.07,3400.0
ANT,2019-12-16 07:00:00,6.04,6.04,6.04,4.66,5500.0
ANT,2019-12-30 07:00:00,5.98,5.98,5.98,6.28,100.0
ANT,2020-02-18 07:00:00,5.74,5.74,5.74,5.8,11200.0
ANT,2022-09-26 07:00:00,7.42,7.42,7.42,7.6,4.0
ANT,2024-02-21 07:00:00,8.53,8.53,8.53,8.8,2.0
APF,2018-10-19 07:00:00,10.49,10.46,10.46,10.49,50.0
APF,2019-03-21 07:00:00,9.19,9.19,9.19,9.34,20.0
APF,2019-04-02 07:00:00,9.19,9.19,9.19,9.49,20.0
APF,2020-02-18 07:00:00,7.13,7.13,7.13,8.17,500.0
APF,2020-04-22 07:00:00,9.39,9.21,9.04,9.04,2700.0
APF,2020-07-20 07:00:00,11.15,11.15,11.15,11.19,14.0
APF,2020-11-16 07:00:00,14.55,14.55,14.55,14.63,42.0
APF,2022-12-09 07:00:00,37.05,37.05,37.05,37.22,10.0
APF,2023-08-29 07:00:00,43.18,43.18,43.18,43.39,40.0
APF,2024-11-19 07:00:00,43.9,43.9,43.9,43.99,47.0
APF,2025-02-06 07:00:00,45.58,45.58,45.58,45.66,40.0
APF,2025-02-12 07:00:00,45.23,45.23,45.23,45.14,2.0
APG,2020-04-29 07:00:00,5.32,5.62,5.44,5.44,781040.0
APP,2015-09-28 07:00:00,9.19,9.52,9.52,9.52,200.0
APP,2015-09-30 07:00:00,8.93,9.25,9.11,9.11,1500.0
APP,2015-10-08 07:00:00,9.06,9.39,9.39,9.39,500.0
APP,2015-10-09 07:00:00,9.26,9.59,9.59,9.59,200.0
APP,2015-10-19 07:00:00,9.19,9.52,9.52,9.52,500.0
APP,2015-10-26 07:00:00,9.26,9.59,9.59,9.59,1000.0
APP,2015-10-27 07:00:00,9.26,9.59,9.59,9.59,20.0
APP,2015-10-30 07:00:00,9.26,9.59,9.59,9.59,700.0
APP,2015-11-02 07:00:00,8.47,8.77,8.7,8.7,2000.0
APP,2015-11-04 07:00:00,8.93,9.25,9.25,9.25,100.0
APP,2015-11-16 07:00:00,8.6,8.91,8.91,8.91,500.0
APP,2015-11-18 07:00:00,8.47,8.77,8.77,8.77,600.0
APP,2015-11-20 07:00:00,8.47,8.77,8.77,8.77,2104.0
APP,2015-11-26 07:00:00,8.27,8.57,8.57,8.57,7200.0
APP,2015-11-27 07:00:00,8.27,8.57,8.36,8.57,2900.0
APP,2015-12-14 07:00:00,8.27,8.57,8.57,8.57,1500.0
APP,2015-12-15 07:00:00,8.27,8.57,8.57,8.57,1400.0
APP,2015-12-16 07:00:00,8.27,8.57,8.57,8.57,800.0
APP,2015-12-18 07:00:00,8.4,8.77,8.7,8.77,2800.0
APP,2015-12-21 07:00:00,8.47,8.77,8.77,8.77,3800.0
APP,2015-12-28 07:00:00,7.94,8.22,8.22,8.22,2200.0
APP,2015-12-31 07:00:00,8.0,8.29,8.29,8.29,25000.0
APP,2016-01-12 07:00:00,8.01,8.58,8.29,8.58,2100.0
APP,2016-01-13 07:00:00,8.07,8.37,8.29,8.29,3500.0
APP,2016-01-18 07:00:00,7.59,7.87,7.87,7.87,25000.0
APP,2016-01-19 07:00:00,7.59,7.87,7.87,7.87,100.0
APP,2016-01-26 07:00:00,7.8,8.08,8.08,8.08,1000.0
APP,2016-02-01 07:00:00,7.8,8.08,8.08,8.08,2300.0
APP,2016-02-16 07:00:00,8.28,8.58,8.58,8.58,3100.0
APP,2016-02-18 07:00:00,7.87,8.15,8.15,8.15,100.0
APP,2016-02-19 07:00:00,8.21,8.51,8.44,8.44,436.0
APP,2016-02-24 07:00:00,7.87,8.15,8.15,8.15,1500.0
APP,2016-02-25 07:00:00,7.94,8.29,8.22,8.29,1310.0
APP,2016-02-26 07:00:00,8.0,8.29,8.29,8.29,10.0
APP,2016-02-29 07:00:00,8.0,8.37,8.29,8.37,2000.0
APP,2016-03-01 07:00:00,8.01,8.44,8.29,8.44,2500.0
APP,2016-03-03 07:00:00,8.07,8.44,8.37,8.44,1000.0
APP,2016-03-07 07:00:00,7.8,8.44,8.08,8.44,700.0
APP,2016-03-08 07:00:00,7.8,8.08,8.08,8.08,1400.0
APP,2016-03-09 07:00:00,7.87,8.15,8.15,8.15,500.0
APP,2016-03-11 07:00:00,7.8,8.08,8.08,8.08,1000.0
APP,2016-03-14 07:00:00,7.8,8.08,8.08,8.08,2000.0
APP,2016-03-21 07:00:00,7.31,7.58,7.58,7.58,700.0
APP,2016-03-23 07:00:00,6.9,7.15,7.15,7.15,1500.0
APP,2016-03-24 07:00:00,6.9,7.15,7.15,7.15,22.0
APP,2016-03-28 07:00:00,7.59,7.87,7.87,7.87,100.0
APP,2016-04-12 07:00:00,7.31,7.58,7.58,7.58,300.0
APP,2016-04-21 07:00:00,7.31,7.58,7.58,7.58,3200.0
APP,2016-04-27 07:00:00,7.31,8.29,7.58,8.29,1400.0
APP,2016-04-28 07:00:00,8.0,8.29,8.29,8.29,99.0
APP,2016-05-04 07:00:00,8.0,8.29,8.29,8.29,300.0
APP,2016-05-06 07:00:00,7.25,7.51,7.51,7.51,100.0
APP,2016-05-09 07:00:00,7.11,7.36,7.36,7.36,500.0
APP,2016-05-11 07:00:00,7.59,8.08,7.87,8.08,1500.0
APP,2016-05-12 07:00:00,7.94,8.22,8.22,8.22,100.0
APP,2016-05-13 07:00:00,7.94,8.22,8.22,7.94,100.0
APP,2022-09-13 07:00:00,6.6,6.6,6.6,6.8,28.0
APP,2022-09-14 07:00:00,6.6,6.6,6.6,6.8,57.0
APP,2022-11-02 07:00:00,5.2,5.2,5.2,4.5,44.0
APP,2022-11-16 07:00:00,5.5,5.5,5.5,5.6,26.0
APP,2023-07-03 07:00:00,4.7,4.7,4.7,4.8,51.0
APP,2023-11-01 07:00:00,4.3,4.3,4.3,4.7,16.0
APP,2024-03-19 07:00:00,4.8,4.8,4.8,5.2,32.0
APP,2024-05-08 07:00:00,6.1,6.1,6.1,6.0,5.0
APP,2024-12-16 07:00:00,8.4,8.4,8.4,8.2,1.0
ARM,2015-12-10 07:00:00,13.54,13.57,13.57,13.57,300.0
ARM,2015-12-11 07:00:00,13.44,13.47,13.47,13.47,10000.0
ARM,2015-12-18 07:00:00,13.54,13.57,13.57,13.57,1000.0
ARM,2015-12-21 07:00:00,13.64,13.67,13.67,13.67,8700.0
ARM,2015-12-23 07:00:00,13.78,14.54,13.81,14.54,4400.0
ARM,2015-12-31 07:00:00,13.59,13.62,13.62,13.62,100.0
ARM,2016-01-04 07:00:00,14.75,14.78,14.78,14.78,500.0
ARM,2016-01-05 07:00:00,13.3,14.88,13.33,14.78,2559.0
ARM,2016-01-06 07:00:00,14.75,15.02,14.78,14.78,3500.0
ARM,2016-01-07 07:00:00,13.3,15.12,13.33,13.86,4100.0
ARM,2016-01-12 07:00:00,15.09,15.12,15.12,15.12,3400.0
ARM,2016-01-18 07:00:00,15.09,15.12,15.12,15.12,3300.0
ARM,2016-01-26 07:00:00,13.59,14.05,13.62,14.05,1100.0
ARM,2016-01-28 07:00:00,14.03,14.54,14.05,14.54,3800.0
ARM,2016-01-29 07:00:00,14.46,14.54,14.49,14.54,300.0
ARM,2016-02-01 07:00:00,13.06,13.08,13.08,13.08,100.0
ARM,2016-02-02 07:00:00,13.59,13.62,13.62,13.62,100.0
ARM,2016-02-05 07:00:00,13.5,14.34,13.52,14.34,200.0
ARM,2016-02-16 07:00:00,12.91,13.76,12.94,13.76,200.0
ARM,2016-02-17 07:00:00,15.0,15.02,15.02,15.02,1000.0
ARM,2016-02-18 07:00:00,15.0,15.02,15.02,15.02,500.0
ARM,2016-02-19 07:00:00,15.0,15.02,15.02,15.02,100.0
ARM,2016-02-22 07:00:00,13.5,14.54,13.52,14.54,1600.0
ARM,2016-02-23 07:00:00,14.51,14.54,14.54,14.54,100.0
ARM,2016-02-29 07:00:00,15.0,15.02,15.02,15.02,1700.0
ARM,2016-03-02 07:00:00,15.24,15.31,15.27,15.31,600.0
ARM,2016-03-04 07:00:00,15.48,15.94,15.51,15.94,3200.0
ARM,2016-03-07 07:00:00,15.53,15.56,15.56,15.56,1600.0
ARM,2016-03-08 07:00:00,15.48,15.51,15.51,15.51,200.0
ARM,2016-03-11 07:00:00,15.04,15.07,15.07,15.07,1600.0
ARM,2016-03-15 07:00:00,13.54,15.07,13.57,15.07,300.0
ARM,2016-03-16 07:00:00,13.74,13.76,13.76,13.76,100.0
ARM,2016-03-17 07:00:00,15.0,15.02,15.02,15.02,500.0
ARM,2016-03-18 07:00:00,13.59,13.62,13.62,13.62,100.0
ARM,2016-03-21 07:00:00,14.75,14.78,14.78,14.78,100.0
ARM,2016-03-24 07:00:00,15.86,15.9,15.9,15.9,900.0
ARM,2016-03-30 07:00:00,16.06,16.24,16.09,16.24,3500.0
ARM,2016-03-31 07:00:00,16.2,16.24,16.24,16.24,500.0
ARM,2016-04-04 07:00:00,16.2,16.38,16.24,16.38,2200.0
ARM,2016-04-05 07:00:00,16.45,16.57,16.48,16.57,3500.0
ARM,2016-04-07 07:00:00,16.64,16.72,16.67,16.72,2100.0
ARM,2016-04-08 07:00:00,16.93,16.96,16.96,16.96,1800.0
ARM,2016-04-11 07:00:00,16.93,16.96,16.96,16.96,300.0
ARM,2016-04-13 07:00:00,16.93,17.4,16.96,17.4,3000.0
ARM,2016-04-14 07:00:00,15.67,15.7,15.7,15.7,100.0
ARM,2016-04-19 07:00:00,15.96,15.99,15.99,15.99,100.0
ARM,2016-04-20 07:00:00,15.96,15.99,15.99,15.99,100.0
ARM,2016-04-22 07:00:00,15.96,15.99,15.99,15.99,3100.0
ARM,2016-04-28 07:00:00,16.1,16.14,16.14,16.14,1000.0
ARM,2016-05-20 07:00:00,16.93,16.96,16.96,16.96,200.0
ARM,2016-05-23 07:00:00,15.24,15.27,15.27,15.27,100.0
ARM,2016-05-25 07:00:00,15.24,15.27,15.27,15.27,15.0
ARM,2016-05-26 07:00:00,13.74,13.76,13.76,13.76,100.0
ARM,2016-06-01 07:00:00,13.76,13.76,13.76,14.81,10.0
ARM,2020-01-13 07:00:00,24.78,22.3,22.3,24.78,10.0
AVC,2018-06-15 07:00:00,16.0,16.0,16.0,15.78,30.0
AVC,2018-07-20 07:00:00,15.29,15.51,15.51,15.29,98.0
AVC,2018-08-10 07:00:00,14.69,14.91,14.91,14.69,17.0
AVC,2019-04-26 07:00:00,16.6,16.6,16.6,16.55,81.0
AVC,2019-12-30 07:00:00,17.19,17.19,17.19,15.01,300.0
AVC,2019-12-31 07:00:00,14.9,15.01,14.9,15.07,1700.0
AVC,2020-01-07 07:00:00,15.01,15.01,15.01,16.27,100.0
AVC,2020-08-25 07:00:00,15.04,15.04,15.04,15.22,1.0
AVC,2020-09-09 07:00:00,15.04,15.04,15.04,15.22,30.0
AVC,2022-03-08 07:00:00,23.77,23.77,23.77,23.84,10.0
AVC,2022-10-07 07:00:00,26.75,26.75,26.75,26.48,53.0
AVC,2022-10-10 07:00:00,26.75,26.75,26.75,26.48,1.0
AVC,2022-10-11 07:00:00,26.75,26.75,26.75,26.48,3.0
AVC,2023-10-26 07:00:00,48.68,48.68,48.68,51.57,15.0
AVC,2023-11-08 07:00:00,41.5,41.5,41.5,42.08,1.0
AVC,2024-07-18 07:00:00,52.38,52.38,52.38,52.66,1.0
AVC,2024-11-07 07:00:00,52.98,52.98,52.98,53.08,85.0
AVC,2025-02-21 07:00:00,54.44,54.44,54.44,53.86,20.0
BAB,2020-02-18 07:00:00,11.72,11.72,11.72,11.66,2900.0
BAL,2020-01-02 07:00:00,8.7,8.7,8.7,11.0,200.0
BAL,2020-02-18 07:00:00,6.99,6.99,6.99,7.93,100.0
BAL,2023-03-30 07:00:00,6.06,6.06,6.06,5.97,27.0
BAL,2023-06-05 07:00:00,5.88,5.88,5.88,5.53,1.0
BAL,2025-01-14 07:00:00,8.15,8.15,8.15,7.77,18.0
BBH,2022-06-10 07:00:00,15.18,15.18,15.18,15.74,2.0
BBH,2023-09-15 07:00:00,11.56,11.56,11.56,10.6,5.0
BBH,2024-02-07 07:00:00,9.34,9.34,9.34,10.69,4.0
BBS,2015-10-01 07:00:00,6.76,6.78,6.78,6.78,200.0
BBS,2015-10-02 07:00:00,6.49,6.5,6.5,6.5,200.0
BBS,2015-10-06 07:00:00,6.4,6.87,6.41,6.41,6700.0
BBS,2015-10-08 07:00:00,6.4,6.82,6.41,6.5,600.0
BBS,2015-10-16 07:00:00,6.67,7.1,6.69,7.1,2700.0
BBS,2015-10-19 07:00:00,6.4,6.73,6.41,6.73,2900.0
BBS,2015-10-20 07:00:00,6.53,6.55,6.55,6.55,600.0
BBS,2015-10-22 07:00:00,5.94,6.6,5.95,6.41,15200.0
BBS,2015-10-23 07:00:00,6.4,6.69,6.41,6.69,3100.0
BBS,2015-10-26 07:00:00,6.12,6.14,6.14,6.14,13013.0
BBS,2015-10-27 07:00:00,6.63,6.64,6.64,6.64,100.0
BBS,2015-10-29 07:00:00,6.58,6.6,6.6,6.6,300.0
BBS,2015-10-30 07:00:00,6.76,6.78,6.78,6.78,500.0
BBS,2015-11-05 07:00:00,6.63,6.64,6.64,6.64,2000.0
BBS,2015-11-06 07:00:00,7.08,7.1,7.1,7.1,100.0
BBS,2015-11-10 07:00:00,6.4,7.7,6.41,7.7,1300.0
BBS,2015-11-11 07:00:00,6.94,6.96,6.96,6.96,210.0
BBS,2015-11-12 07:00:00,6.4,6.96,6.41,6.96,1100.0
BBS,2015-11-13 07:00:00,6.26,6.28,6.28,6.28,134.0
BBS,2015-11-18 07:00:00,6.81,6.82,6.82,6.82,200.0
BBS,2015-11-20 07:00:00,6.21,6.23,6.23,6.23,116.0
BBS,2015-11-23 07:00:00,5.99,6.73,6.0,6.73,600.0
BBS,2015-11-24 07:00:00,6.72,7.15,6.73,7.15,200.0
BBS,2015-11-27 07:00:00,7.77,7.79,7.79,7.79,100.0
BBS,2015-12-23 07:00:00,6.99,7.01,7.01,7.01,100.0
BBS,2015-12-28 07:00:00,6.58,6.6,6.6,6.6,200.0
BBS,2015-12-30 07:00:00,6.58,7.01,6.6,7.01,1100.0
BBS,2015-12-31 07:00:00,6.99,7.33,7.01,7.33,1000.0
BBS,2016-01-05 07:00:00,6.4,6.87,6.41,6.87,111100.0
BBS,2016-01-06 07:00:00,6.4,7.33,6.41,7.33,18300.0
BBS,2016-01-12 07:00:00,7.26,7.28,7.28,7.28,200.0
BBS,2016-01-14 07:00:00,7.08,7.65,7.1,7.65,236.0
BBS,2016-01-15 07:00:00,6.9,7.05,6.92,7.05,2200.0
BBS,2016-01-19 07:00:00,7.22,7.24,7.24,7.24,100.0
BBS,2016-01-21 07:00:00,7.22,7.24,7.24,7.24,33.0
BBS,2016-01-25 07:00:00,6.85,6.87,6.87,6.87,100.0
BBS,2016-01-27 07:00:00,6.4,6.82,6.41,6.82,1800.0
BBS,2016-01-28 07:00:00,6.81,7.1,6.82,7.1,800.0
BBS,2016-01-29 07:00:00,6.99,7.01,7.01,7.01,300.0
BBS,2016-02-03 07:00:00,6.99,7.01,7.01,7.01,2600.0
BBS,2016-02-17 07:00:00,6.58,7.1,6.6,7.1,300.0
BBS,2016-02-22 07:00:00,7.04,7.79,7.05,7.79,531.0
BBS,2016-02-23 07:00:00,8.22,8.24,8.24,8.24,200.0
BBS,2016-02-26 07:00:00,8.68,8.7,8.7,8.7,100.0
BBS,2016-03-09 07:00:00,8.32,8.7,8.34,8.7,1100.0
BBS,2016-03-10 07:00:00,7.81,7.83,7.83,7.83,200.0
BBS,2016-03-11 07:00:00,7.04,8.24,7.05,8.24,8800.0
BBS,2016-03-18 07:00:00,8.22,8.24,8.24,8.24,100.0
BBS,2016-03-23 07:00:00,7.4,7.42,7.42,7.42,100.0
BBS,2016-03-31 07:00:00,6.81,6.82,6.82,6.82,1000.0
BBS,2016-04-01 07:00:00,6.76,6.78,6.78,6.78,200.0
BBS,2016-04-04 07:00:00,6.26,6.78,6.28,6.78,600.0
BBS,2016-04-06 07:00:00,6.72,7.28,6.73,7.28,600.0
BBS,2016-04-15 07:00:00,6.53,7.1,6.55,7.05,2300.0
BBS,2016-04-21 07:00:00,6.63,6.64,6.64,6.64,200.0
BBS,2016-04-22 07:00:00,6.63,7.05,6.64,7.05,6200.0
BBS,2016-04-25 07:00:00,6.99,7.33,7.01,7.33,3000.0
BBS,2016-04-29 07:00:00,6.58,8.02,6.6,8.02,5000.0
BBS,2016-05-04 07:00:00,7.95,8.24,7.97,8.24,300.0
BBS,2016-05-06 07:00:00,6.94,7.33,6.96,7.33,900.0
BBS,2016-05-09 07:00:00,7.72,7.74,7.74,7.74,100.0
BBS,2016-05-11 07:00:00,6.67,7.56,6.69,7.05,500.0
BBS,2016-05-13 07:00:00,7.31,7.33,7.33,7.33,300.0
BBS,2016-05-18 07:00:00,6.85,7.56,6.87,7.33,2100.0
BCM,2019-03-11 07:00:00,22.84,19.42,19.42,22.84,3.0
BCM,2019-09-17 07:00:00,27.91,28.46,27.82,28.56,64275.0
BCM,2019-10-14 07:00:00,27.73,27.73,27.64,27.82,6700.0
BCM,2019-12-16 07:00:00,25.79,25.98,25.52,26.62,109400.0
BCM,2019-12-19 07:00:00,26.34,26.9,26.25,27.17,48934.0
BCM,2020-01-02 07:00:00,27.36,27.36,27.36,27.27,1910.0
BCM,2020-02-18 07:00:00,24.04,24.04,24.04,23.67,7137.0
BCP,2018-03-27 07:00:00,6.73,7.02,7.02,6.73,9.0
BCP,2020-01-08 07:00:00,12.5,12.5,12.5,14.3,100.0
BCP,2020-01-22 07:00:00,16.0,16.0,16.0,13.6,3000.0
BCP,2020-04-22 07:00:00,12.5,11.2,11.0,11.0,2500.0
BCP,2022-10-24 07:00:00,9.6,9.6,9.6,9.5,1.0
BCP,2023-07-13 07:00:00,9.3,9.3,9.3,8.0,2.0
BCP,2023-09-15 07:00:00,8.6,8.6,8.6,8.7,5.0
BCP,2024-09-27 07:00:00,10.7,10.7,10.7,11.2,1.0
BCP,2024-10-02 07:00:00,10.7,10.7,10.7,11.2,4.0
BDW,2024-06-26 07:00:00,19.22,19.22,19.22,20.01,1.0
BDW,2024-07-31 07:00:00,20.7,20.7,20.7,20.88,27.0
BDW,2024-08-07 07:00:00,18.88,18.88,18.88,20.44,4.0
BDW,2024-08-21 07:00:00,20.44,20.44,20.44,21.64,2.0
BDW,2024-09-10 07:00:00,23.94,23.94,23.94,24.68,1.0
BDW,2024-09-11 07:00:00,23.94,23.94,23.94,24.68,1.0
BDW,2024-09-13 07:00:00,23.94,23.94,23.94,24.68,5.0
BDW,2024-11-14 07:00:00,23.38,23.38,23.38,23.57,4.0
BDW,2025-03-17 07:00:00,24.92,24.92,24.92,25.3,4.0
BHA,2021-03-29 07:00:00,9.4,9.4,9.4,9.48,6.0
BHA,2021-04-01 07:00:00,9.91,9.91,9.91,10.0,6.0
BHA,2023-06-12 07:00:00,11.88,11.88,11.88,11.79,2.0
BHA,2023-06-14 07:00:00,11.88,11.88,11.88,11.79,3.0
BHA,2023-06-22 07:00:00,13.12,13.12,13.12,13.3,1.0
BHA,2023-06-26 07:00:00,13.12,13.12,13.12,13.3,14.0
BHA,2024-05-10 07:00:00,18.38,18.38,18.38,18.29,12.0
BHA,2024-05-27 07:00:00,19.04,19.04,19.04,18.76,6.0
BHC,2024-07-12 07:00:00,1.4,1.4,1.4,1.3,63.0
BHN,2019-05-22 07:00:00,80.99,86.63,83.07,83.54,4190.0
BHP,2018-05-08 07:00:00,8.46,8.14,8.14,8.46,10.0
BHP,2022-04-12 07:00:00,10.63,10.63,10.63,10.54,76.0
BHP,2022-09-16 07:00:00,7.06,7.06,7.06,7.52,30.0
BHP,2022-11-08 07:00:00,6.59,6.59,6.59,6.4,30.0
BHP,2023-04-20 07:00:00,7.43,7.43,7.43,7.61,5.0
BHP,2023-08-28 07:00:00,7.24,7.24,7.24,7.15,1.0
BHP,2024-03-04 07:00:00,6.48,6.48,6.48,6.39,5.0
BHP,2024-08-30 07:00:00,6.51,6.51,6.51,6.6,3.0
BHP,2025-01-08 07:00:00,6.7,6.7,6.7,6.6,7.0
BHP,2025-03-12 07:00:00,6.9,6.9,6.9,7.0,1.0
BLI,2018-05-02 07:00:00,4.86,4.72,4.72,4.86,84.0
BLI,2018-07-20 07:00:00,4.86,4.79,4.79,4.86,10.0
BLI,2018-07-23 07:00:00,4.86,4.79,4.79,4.86,20.0
BLI,2019-01-31 07:00:00,4.7,4.7,4.7,4.77,12.0
BLI,2019-02-15 07:00:00,4.77,4.77,4.77,4.91,1.0
BLI,2019-02-18 07:00:00,4.77,4.77,4.77,4.91,2.0
BLI,2019-10-14 07:00:00,5.25,5.25,5.25,5.09,2600.0
BLI,2019-12-05 07:00:00,5.17,5.17,5.09,5.48,10711.0
BLI,2020-01-07 07:00:00,5.8,5.8,5.8,5.88,7900.0
BLI,2020-02-17 07:00:00,5.56,5.56,5.56,5.8,501.0
BLI,2020-04-22 07:00:00,5.17,5.09,5.09,5.09,100.0
BLI,2020-04-27 07:00:00,5.09,5.09,5.09,5.56,90.0
BLI,2020-06-26 07:00:00,5.49,5.49,5.49,5.67,5.0
BLI,2022-06-29 07:00:00,17.6,17.6,17.6,17.8,1.0
BLI,2022-07-04 07:00:00,17.6,17.6,17.6,17.7,2.0
BLI,2022-09-09 07:00:00,16.0,16.0,16.0,15.9,2.0
BLI,2022-11-02 07:00:00,13.4,13.4,13.4,14.5,7.0
BLI,2022-11-22 07:00:00,13.2,13.2,13.2,13.4,60.0
BLI,2023-02-06 07:00:00,12.1,12.1,12.1,12.3,1.0
BLI,2023-03-08 07:00:00,11.1,11.1,11.1,11.2,3.0
BLI,2023-06-05 07:00:00,12.2,12.2,12.2,12.3,51.0
BLI,2023-06-29 07:00:00,12.3,12.3,12.3,12.4,32.0
BLI,2023-09-15 07:00:00,12.4,12.4,12.4,12.9,26.0
BLI,2024-01-03 07:00:00,11.6,11.6,11.6,11.7,8.0
BLI,2024-01-05 07:00:00,11.6,11.6,11.6,11.7,50.0
BLI,2025-01-06 07:00:00,10.2,10.2,10.2,10.4,13.0
BLI,2025-04-01 07:00:00,10.0,10.0,10.0,10.2,1.0
BLT,2019-12-17 07:00:00,4.45,4.45,4.45,6.23,400.0
BLT,2022-11-01 07:00:00,17.56,17.56,17.56,19.05,10.0
BLT,2023-02-17 07:00:00,26.0,26.0,26.0,25.78,54.0
BLT,2023-08-23 07:00:00,31.03,31.03,31.03,30.95,11.0
BLT,2023-10-30 07:00:00,29.87,29.87,29.87,29.45,3.0
BLT,2023-11-13 07:00:00,28.95,28.95,28.95,28.87,10.0
BLT,2023-11-14 07:00:00,28.95,28.95,28.95,28.87,1.0
BLT,2023-12-29 07:00:00,28.79,28.79,28.79,28.95,7.0
BLT,2024-04-11 07:00:00,32.7,32.7,32.7,32.86,20.0
BLT,2024-04-17 07:00:00,33.36,33.36,33.36,33.7,60.0
BLT,2024-05-30 07:00:00,43.51,43.51,43.51,43.26,37.0
BMG,2019-06-04 07:00:00,15.34,15.34,15.34,16.31,6.0
BMG,2020-01-22 07:00:00,16.64,16.64,16.64,18.27,3000.0
BMG,2023-04-24 07:00:00,14.12,14.12,14.12,14.91,5.0
BMG,2023-04-28 07:00:00,14.12,14.12,14.12,14.91,1.0
BMJ,2018-07-02 07:00:00,1.72,1.59,1.59,1.72,10.0
BMJ,2021-10-07 07:00:00,5.58,5.58,5.58,5.7,57.0
BMJ,2022-07-25 07:00:00,11.61,11.61,11.61,13.03,50.0
BMJ,2022-09-14 07:00:00,17.64,17.64,17.64,17.55,74.0
BMJ,2023-04-17 07:00:00,14.1,14.1,14.1,13.9,7.0
BMJ,2023-06-16 07:00:00,14.1,14.1,14.1,14.8,1.0
BMJ,2023-06-21 07:00:00,13.8,13.8,13.8,15.0,89.0
BMJ,2023-10-23 07:00:00,10.1,10.1,10.1,11.6,5.0
BMJ,2024-02-20 07:00:00,13.1,13.1,13.1,13.0,1.0
BMJ,2024-03-11 07:00:00,10.4,10.4,10.4,10.3,14.0
BMJ,2024-05-02 07:00:00,11.0,11.0,11.0,10.1,1.0
BMJ,2024-05-03 07:00:00,11.0,11.0,11.0,10.1,1.0
BMJ,2024-06-04 07:00:00,10.3,10.3,10.3,9.7,20.0
BMJ,2024-06-24 07:00:00,9.9,9.9,9.9,9.5,3.0
BMJ,2024-09-20 07:00:00,10.1,10.1,10.1,11.4,2.0
BMJ,2024-09-24 07:00:00,10.0,10.0,10.0,10.9,6.0
BMJ,2024-09-26 07:00:00,10.2,10.2,10.2,11.4,6.0
BMJ,2024-10-22 07:00:00,9.6,9.6,9.6,10.5,45.0
BMJ,2024-12-19 07:00:00,11.3,11.3,11.3,11.9,3.0
BMS,2018-11-22 07:00:00,4.2,4.2,4.2,4.14,9.0
BMS,2018-12-17 07:00:00,4.52,4.52,4.52,5.54,20.0
BMS,2019-01-07 07:00:00,4.26,4.26,4.26,4.45,11.0
BMS,2019-03-21 07:00:00,3.44,3.44,3.44,3.37,50.0
BMS,2019-12-25 07:00:00,2.55,2.61,2.55,3.05,1400.0
BMS,2019-12-30 07:00:00,2.23,2.23,2.23,2.61,300.0
BMS,2019-12-31 07:00:00,2.35,2.35,2.35,2.61,100.0
BMS,2020-01-02 07:00:00,2.48,2.48,2.48,2.42,700.0
BMS,2020-09-21 07:00:00,3.75,3.75,3.75,3.69,10.0
BMV,2021-12-08 07:00:00,13.56,13.56,13.56,13.66,1.0
BMV,2022-11-24 07:00:00,20.54,20.54,20.54,17.58,8.0
BMV,2022-11-29 07:00:00,20.54,20.54,20.54,17.58,1.0
BMV,2022-12-02 07:00:00,20.54,20.54,20.54,17.58,1.0
BMV,2024-03-01 07:00:00,11.26,11.26,11.26,11.75,2.0
BMV,2024-03-04 07:00:00,11.26,11.26,11.26,11.75,37.0
BT1,2024-06-14 07:00:00,10.27,10.27,10.27,10.91,1.0
BT1,2024-06-25 07:00:00,10.27,10.27,10.27,10.91,7.0
BTN,2019-12-05 07:00:00,3.9,3.9,3.9,3.8,1300.0
BTN,2025-01-10 07:00:00,2.7,2.7,2.7,2.8,1.0
BTP,2018-01-17 07:00:00,5.39,5.26,5.26,5.26,100.0
BTS,2020-01-09 07:00:00,4.26,4.08,4.08,4.08,100.0
BTU,2024-01-19 07:00:00,11.81,11.81,11.81,13.5,1.0
BTU,2024-09-20 07:00:00,13.65,13.65,13.65,13.02,10.0
BTU,2025-01-17 07:00:00,12.3,12.3,12.3,12.03,7.0
BVL,2024-03-08 07:00:00,9.24,9.24,9.24,8.95,1.0
BVL,2024-07-24 07:00:00,7.84,7.84,7.84,8.14,47.0
BVL,2024-07-25 07:00:00,7.84,7.84,7.84,8.14,20.0
BVL,2024-07-30 07:00:00,8.76,8.76,8.76,8.68,3.0
BVL,2024-08-01 07:00:00,8.76,8.76,8.76,8.68,1.0
BVL,2024-09-17 07:00:00,8.3,8.3,8.3,8.07,1.0
BVL,2024-09-18 07:00:00,8.3,8.3,8.3,8.07,28.0
BVL,2024-10-17 07:00:00,8.53,8.53,8.53,8.91,5.0
BVL,2024-10-21 07:00:00,8.53,8.53,8.53,8.91,37.0
BVL,2024-11-21 07:00:00,7.99,7.99,7.99,8.07,103.0
BVL,2025-01-02 07:00:00,7.07,7.07,7.07,7.3,23.0
BVL,2025-03-13 07:00:00,8.91,8.91,8.91,8.68,38.0
BVL,2025-04-11 07:00:00,7.84,7.84,7.84,8.3,47.0
C21,2019-12-05 07:00:00,23.92,23.92,23.92,22.15,8000.0
C21,2019-12-31 07:00:00,22.68,22.68,22.68,26.04,19700.0
C21,2020-02-03 07:00:00,21.7,21.7,21.7,22.15,1.0
C21,2020-04-22 07:00:00,19.22,17.72,16.83,16.83,400.0
C21,2020-06-12 07:00:00,17.72,17.72,17.72,16.3,100.0
C21,2020-06-16 07:00:00,17.27,17.27,17.27,17.72,80.0
C21,2020-11-26 07:00:00,13.18,13.18,13.18,15.93,11.0
C21,2021-01-14 07:00:00,13.27,13.27,13.27,13.18,50.0
C21,2021-10-07 07:00:00,12.63,12.63,12.63,13.27,2.0
C21,2021-10-08 07:00:00,12.63,12.63,12.63,13.27,1.0
C21,2022-09-19 07:00:00,12.91,12.91,12.91,13.01,22.0
C21,2022-09-20 07:00:00,12.91,12.91,12.91,13.01,2.0
C21,2022-10-10 07:00:00,12.24,12.24,12.24,13.02,1.0
C21,2022-11-02 07:00:00,12.53,12.53,12.53,13.6,98.0
C21,2023-02-02 07:00:00,10.59,10.59,10.59,10.49,5.0
C21,2023-06-12 07:00:00,12.92,12.92,12.92,13.21,2.0
C21,2023-11-09 07:00:00,12.53,12.53,12.53,12.63,1.0
C21,2024-01-03 07:00:00,11.56,11.56,11.56,11.37,19.0
C21,2024-04-16 07:00:00,13.7,13.7,13.7,14.28,1.0
C21,2024-06-20 07:00:00,15.25,15.25,15.25,15.16,9.0
C21,2024-07-04 07:00:00,17.39,17.39,17.39,17.78,1.0
C21,2024-07-05 07:00:00,17.39,17.39,17.39,17.78,2.0
C21,2024-08-12 07:00:00,17.78,17.78,17.78,18.07,4.0
C21,2024-09-06 07:00:00,18.56,18.56,18.56,19.24,5.0
C22,2020-01-07 07:00:00,8.67,8.67,8.67,8.61,100.0
CCI,2017-01-03 07:00:00,5.42,5.63,5.63,5.63,10.0
CCI,2020-04-29 07:00:00,8.17,8.46,8.46,8.46,10.0
CCR,2020-02-18 07:00:00,10.23,10.23,10.23,9.85,1100.0
CCT,2025-04-08 07:00:00,11.4,11.4,11.4,11.5,1.0
CDO,2019-05-29 07:00:00,0.9,0.9,0.9,1.0,90.0
CDO,2019-10-14 07:00:00,1.0,1.0,1.0,0.9,100.0
CDP,2019-12-17 07:00:00,6.22,6.22,6.22,6.78,100.0
CDP,2019-12-25 07:00:00,6.5,6.5,6.5,5.73,100.0
CDP,2020-01-07 07:00:00,4.48,4.48,4.48,5.11,100.0
CDP,2020-01-09 07:00:00,4.48,4.48,4.48,5.52,627.0
CDP,2020-02-18 07:00:00,6.08,6.08,6.08,6.01,2700.0
CDP,2020-10-01 07:00:00,7.0,7.0,7.0,7.35,1.0
CDP,2023-05-26 07:00:00,9.27,9.27,9.27,9.35,1.0
CDP,2024-04-19 07:00:00,9.35,9.35,9.35,9.27,4.0
CDP,2024-10-03 07:00:00,9.58,9.58,9.58,9.49,5.0
CDP,2024-10-15 07:00:00,8.96,8.96,8.96,9.05,1.0
CID,2023-07-28 07:00:00,8.22,8.22,8.22,8.66,1.0
CID,2025-02-05 07:00:00,29.48,29.48,29.48,31.6,5.0
CID,2025-02-07 07:00:00,30.68,30.68,30.68,32.97,10.0
CKD,2020-01-07 07:00:00,9.92,9.92,9.92,8.75,200.0
CKD,2023-07-27 07:00:00,20.06,20.06,20.06,20.68,10.0
CKD,2023-09-05 07:00:00,20.19,20.19,20.19,21.2,20.0
CKD,2023-09-07 07:00:00,20.19,20.19,20.19,21.2,1.0
CKD,2023-09-26 07:00:00,21.37,21.37,21.37,21.71,1.0
CKD,2023-11-13 07:00:00,20.53,20.53,20.53,21.03,16.0
CKD,2023-11-14 07:00:00,20.53,20.53,20.53,21.03,8.0
CKD,2023-11-20 07:00:00,19.85,19.85,19.85,20.02,20.0
CKD,2024-03-04 07:00:00,21.29,21.29,21.29,21.2,20.0
CKD,2024-11-15 07:00:00,20.58,20.58,20.58,20.49,1.0
CLX,2019-02-26 07:00:00,9.4,9.4,9.4,8.88,1.0
CLX,2019-02-27 07:00:00,9.4,9.4,9.4,8.88,50.0
CLX,2019-03-19 07:00:00,8.88,8.88,8.88,8.62,4.0
CLX,2019-05-13 07:00:00,8.88,8.88,8.88,9.05,50.0
CLX,2019-12-16 07:00:00,10.17,10.17,10.17,9.83,1300.0
CLX,2020-01-03 07:00:00,10.22,10.22,10.22,10.31,5930.0
CLX,2020-01-07 07:00:00,10.22,10.22,10.22,10.31,1200.0
CLX,2020-02-18 07:00:00,10.74,10.74,10.74,10.4,9600.0
CLX,2020-07-30 07:00:00,9.9,9.9,9.9,10.07,10.0
CMM,2023-11-30 07:00:00,6.9,6.9,6.9,7.2,1.0
CMM,2024-05-22 07:00:00,8.8,8.8,8.8,8.9,11.0
CMM,2024-07-05 07:00:00,9.4,9.4,9.4,9.5,1.0
CMM,2024-07-24 07:00:00,10.1,10.1,10.1,10.7,5.0
CMM,2024-07-25 07:00:00,10.1,10.1,10.1,10.7,50.0
CMM,2025-03-25 07:00:00,12.2,12.2,12.2,12.3,16.0
CMN,2019-01-30 07:00:00,30.95,30.95,30.95,28.11,2.0
CMN,2019-02-15 07:00:00,31.17,31.17,31.17,28.18,3.0
CMN,2019-02-19 07:00:00,31.17,31.17,31.17,28.18,1.0
CMN,2019-02-20 07:00:00,31.17,31.17,31.17,28.18,1.0
CMN,2019-04-02 07:00:00,30.17,30.17,30.17,28.11,5.0
CMN,2019-05-06 07:00:00,30.95,30.95,30.95,27.32,17.0
CMN,2020-02-18 07:00:00,39.87,39.87,39.87,29.73,1.0
CMN,2021-10-15 07:00:00,42.88,42.88,42.88,42.97,56.0
CMN,2021-12-16 07:00:00,59.21,59.21,59.21,52.22,36.0
CMN,2023-02-16 07:00:00,62.61,62.61,62.61,64.15,1.0
CMN,2023-08-10 07:00:00,53.35,53.35,53.35,57.03,10.0
CMN,2023-08-11 07:00:00,53.35,53.35,53.35,57.03,7.0
CMN,2023-08-28 07:00:00,68.45,68.45,68.45,70.81,21.0
CMN,2023-08-29 07:00:00,68.45,68.45,68.45,70.81,10.0
CMN,2024-01-29 07:00:00,73.08,73.08,73.08,75.53,1.0
CMN,2024-01-31 07:00:00,73.08,73.08,73.08,75.53,5.0
CMN,2024-02-19 07:00:00,73.08,73.08,73.08,75.53,1.0
CMN,2024-05-29 07:00:00,73.08,73.08,73.08,75.62,2.0
CMN,2024-06-06 07:00:00,73.08,73.08,73.08,75.62,3.0
CMN,2024-06-11 07:00:00,73.08,73.08,73.08,75.62,1.0
CQN,2021-02-01 07:00:00,13.43,13.43,13.43,14.6,1.0
CQN,2021-03-30 07:00:00,15.35,15.35,15.35,15.02,30.0
CQN,2021-11-25 07:00:00,18.91,18.91,18.91,19.09,1.0
CQN,2022-01-17 07:00:00,20.3,20.3,20.3,19.95,58.0
CQN,2022-01-18 07:00:00,20.3,20.3,20.3,19.95,38.0
CQN,2022-01-26 07:00:00,23.34,23.34,23.34,23.08,1.0
CQN,2022-03-24 07:00:00,23.77,23.77,23.77,24.9,44.0
CQN,2022-05-25 07:00:00,21.34,21.34,21.34,25.16,2.0
CQN,2022-09-22 07:00:00,18.45,18.45,18.45,18.18,1.0
CQN,2022-10-06 07:00:00,16.55,16.55,16.55,17.18,1.0
CQN,2022-10-12 07:00:00,16.01,16.01,16.01,15.65,7.0
CQN,2023-03-07 07:00:00,16.37,16.37,16.37,16.28,10.0
CQN,2023-10-12 07:00:00,28.19,28.19,28.19,28.01,50.0
CQN,2024-02-22 07:00:00,26.97,26.97,26.97,27.44,36.0
CQT,2019-12-30 07:00:00,2.4,2.4,2.4,2.92,400.0
CQT,2019-12-31 07:00:00,2.49,2.49,2.49,2.92,600.0
CQT,2024-07-15 07:00:00,9.24,9.24,9.24,9.33,1.0
CQT,2025-02-11 07:00:00,8.12,8.12,8.12,8.21,10.0
CSC,2016-01-15 07:00:00,3.85,3.84,3.3,3.3,500.0
CT3,2019-06-06 07:00:00,7.24,7.24,7.24,8.15,2.0
CT3,2019-06-07 07:00:00,7.24,7.24,7.24,8.15,6.0
CT3,2020-01-09 07:00:00,8.07,8.07,8.07,7.01,100.0
CT3,2022-07-20 07:00:00,8.59,8.59,8.59,8.33,70.0
CT3,2022-08-15 07:00:00,8.59,8.59,8.59,8.33,7.0
CT3,2022-11-04 07:00:00,6.4,6.4,6.4,7.3,30.0
CTB,2023-08-28 07:00:00,11.09,11.09,11.09,11.94,1.0
CTR,2019-10-14 07:00:00,24.37,24.85,24.37,24.23,178811.0
CTR,2019-12-05 07:00:00,19.93,20.02,19.5,19.4,304874.0
CTR,2019-12-30 07:00:00,19.4,19.5,19.11,18.68,310108.0
CTR,2020-06-12 07:00:00,20.69,20.69,19.35,20.93,551062.0
CTW,2024-06-25 07:00:00,25.98,25.98,25.98,26.64,5.0
CTW,2024-07-12 07:00:00,27.22,27.22,27.22,28.08,20.0
CTW,2024-08-23 07:00:00,28.17,28.17,28.17,28.55,20.0
CTW,2024-09-04 07:00:00,31.99,31.99,31.99,32.37,2.0
CTW,2024-09-30 07:00:00,29.8,29.8,29.8,29.99,1.0
CTW,2024-10-01 07:00:00,29.8,29.8,29.8,29.99,50.0
CTW,2024-10-02 07:00:00,29.8,29.8,29.8,29.99,50.0
CTW,2024-10-03 07:00:00,29.8,29.8,29.8,29.99,1.0
CTW,2025-02-10 07:00:00,30.37,30.37,30.37,30.08,3.0
CTW,2025-03-25 07:00:00,31.32,31.32,31.32,31.04,3.0
CTW,2025-04-02 07:00:00,30.75,30.75,30.75,30.85,2.0
CVT,2015-09-28 07:00:00,8.27,8.5,8.27,7.76,175030.0
CVT,2015-09-29 07:00:00,8.38,8.65,8.31,8.01,285929.0
CVT,2015-09-30 07:00:00,8.69,8.84,8.61,7.97,213485.0
CVT,2015-10-01 07:00:00,8.61,8.69,8.5,8.01,117620.0
CVT,2015-10-02 07:00:00,8.69,8.69,8.57,7.94,112200.0
CVT,2015-10-05 07:00:00,8.57,9.07,8.57,8.29,574670.0
CVT,2015-10-06 07:00:00,9.03,9.41,8.99,8.5,512330.0
CVT,2015-10-07 07:00:00,9.18,9.18,9.07,8.43,250230.0
CVT,2015-10-08 07:00:00,9.11,9.3,9.11,8.61,276640.0
CVT,2015-10-09 07:00:00,9.3,9.34,9.18,8.57,257440.0
CVT,2015-10-12 07:00:00,9.26,9.37,9.18,8.61,147640.0
CVT,2015-10-13 07:00:00,9.18,9.68,9.18,8.82,578590.0
CVT,2015-10-14 07:00:00,9.6,9.6,9.41,8.82,207280.0
CVT,2015-10-15 07:00:00,9.53,9.64,9.53,8.86,167767.0
CVT,2015-10-16 07:00:00,9.56,9.68,9.45,8.75,477413.0
CVT,2015-10-19 07:00:00,9.45,9.6,9.22,8.65,534101.0
CVT,2015-10-20 07:00:00,9.34,9.34,9.03,8.54,602171.0
CVT,2015-10-21 07:00:00,9.22,9.22,8.84,8.26,626460.0
CVT,2015-10-22 07:00:00,8.84,8.99,8.76,8.33,233520.0
CVT,2015-10-23 07:00:00,9.11,9.11,8.99,8.36,259540.0
CVT,2015-10-26 07:00:00,9.03,9.03,8.76,8.15,359178.0
CVT,2015-10-27 07:00:00,8.76,8.76,8.57,7.94,368890.0
CVT,2015-10-28 07:00:00,8.57,9.18,8.57,8.43,538180.0
CVT,2015-10-29 07:00:00,9.11,9.15,8.92,8.33,169940.0
CVT,2015-10-30 07:00:00,8.99,9.07,8.95,8.33,126800.0
CVT,2015-11-02 07:00:00,8.99,8.99,8.73,8.08,283163.0
CVT,2015-11-03 07:00:00,8.95,9.03,8.69,8.36,281800.0
CVT,2015-11-04 07:00:00,9.03,9.07,8.95,8.29,182200.0
CVT,2015-11-05 07:00:00,9.07,9.07,8.84,8.29,141610.0
CVT,2015-11-06 07:00:00,8.95,8.95,8.73,8.19,201713.0
CVT,2015-11-09 07:00:00,8.84,8.84,8.76,8.19,154920.0
CVT,2015-11-10 07:00:00,8.84,8.92,8.73,8.08,113350.0
CVT,2015-11-11 07:00:00,8.8,8.95,8.73,8.08,105642.0
CVT,2015-11-12 07:00:00,8.84,8.92,8.76,8.26,147200.0
CVT,2015-11-13 07:00:00,8.95,9.07,8.92,8.36,255440.0
CVT,2015-11-16 07:00:00,9.07,9.07,8.88,8.26,112840.0
CVT,2015-11-17 07:00:00,8.99,8.99,8.92,8.26,63220.0
CVT,2015-11-18 07:00:00,8.88,8.88,8.8,8.19,104433.0
CVT,2015-11-19 07:00:00,8.8,8.99,8.8,8.15,157284.0
CVT,2015-11-20 07:00:00,8.8,8.92,8.8,8.19,92410.0
CVT,2015-11-23 07:00:00,8.95,9.45,8.95,8.68,1322825.0
CVT,2015-11-24 07:00:00,9.49,9.68,9.37,8.82,676447.0
CVT,2015-11-25 07:00:00,9.53,9.91,9.37,9.17,1078548.0
CVT,2015-11-26 07:00:00,9.98,10.14,9.72,9.0,458190.0
CVT,2015-11-27 07:00:00,9.72,9.98,9.53,9.03,806780.0
CVT,2015-11-30 07:00:00,9.72,9.95,9.64,9.1,571540.0
CVT,2015-12-01 07:00:00,9.83,9.95,9.72,9.1,208520.0
CVT,2015-12-02 07:00:00,9.79,9.91,9.72,9.07,226580.0
CVT,2015-12-03 07:00:00,9.75,9.79,9.49,8.79,701430.0
CVT,2015-12-04 07:00:00,9.37,9.49,9.18,8.79,590190.0
CVT,2015-12-07 07:00:00,9.34,9.53,9.3,8.61,130300.0
CVT,2015-12-08 07:00:00,9.37,9.91,9.3,9.17,483620.0
CVT,2015-12-09 07:00:00,9.95,9.95,9.6,8.93,286500.0
CVT,2015-12-10 07:00:00,9.68,9.68,9.45,8.75,136400.0
CVT,2015-12-11 07:00:00,9.41,9.64,9.41,8.79,212100.0
CVT,2015-12-14 07:00:00,9.37,9.64,9.37,8.82,171870.0
CVT,2015-12-15 07:00:00,9.53,9.56,9.45,8.86,170910.0
CVT,2015-12-16 07:00:00,9.53,9.6,9.45,8.79,209100.0
CVT,2015-12-17 07:00:00,9.53,9.75,9.49,8.93,435277.0
CVT,2015-12-18 07:00:00,9.6,9.83,9.6,8.96,221040.0
CVT,2015-12-21 07:00:00,9.68,9.75,9.53,8.86,176610.0
CVT,2015-12-22 07:00:00,9.56,9.56,9.18,8.65,659110.0
CVT,2015-12-23 07:00:00,9.34,9.34,9.15,8.47,713308.0
CVT,2015-12-24 07:00:00,9.15,9.22,9.15,8.47,201100.0
CVT,2015-12-25 07:00:00,9.11,9.18,9.03,8.36,290325.0
CVT,2015-12-28 07:00:00,9.03,9.03,8.69,8.05,828680.0
CVT,2015-12-29 07:00:00,8.76,8.92,8.65,8.26,217103.0
CVT,2015-12-30 07:00:00,8.95,9.11,8.95,8.36,221900.0
CVT,2015-12-31 07:00:00,8.99,9.03,8.76,8.12,246700.0
CVT,2016-01-04 07:00:00,8.76,8.88,8.73,8.08,221400.0
CVT,2016-01-05 07:00:00,8.76,8.76,8.61,8.05,188020.0
CVT,2016-01-06 07:00:00,8.73,8.92,8.73,8.22,174133.0
CVT,2016-01-08 07:00:00,8.69,8.69,8.46,7.83,241800.0
CVT,2016-01-11 07:00:00,8.46,8.57,8.34,7.73,255470.0
CVT,2016-01-12 07:00:00,8.23,8.54,8.23,7.87,254130.0
CVT,2016-01-13 07:00:00,8.54,8.57,8.38,7.83,141833.0
CVT,2016-01-14 07:00:00,8.46,8.46,8.27,7.73,267000.0
CVT,2016-01-15 07:00:00,8.34,8.34,8.19,7.59,126300.0
CVT,2016-01-18 07:00:00,8.08,8.08,7.39,7.13,352300.0
CVT,2016-01-19 07:00:00,7.74,7.85,7.66,7.23,182620.0
CVT,2016-01-20 07:00:00,7.81,8.12,7.74,7.34,200130.0
CVT,2016-01-21 07:00:00,7.93,8.15,7.93,7.41,280650.0
CVT,2016-01-22 07:00:00,8.0,8.23,7.93,7.55,138070.0
CVT,2016-01-25 07:00:00,8.19,8.65,8.19,7.87,223588.0
CVT,2016-01-26 07:00:00,8.38,8.38,8.0,7.59,160200.0
CVT,2016-01-27 07:00:00,8.23,8.38,8.23,7.66,114440.0
CVT,2016-01-28 07:00:00,8.27,8.38,8.15,7.55,78060.0
CVT,2016-01-29 07:00:00,8.23,8.23,7.96,7.45,119310.0
CVT,2016-02-01 07:00:00,8.04,8.23,8.04,7.55,77800.0
CVT,2016-02-02 07:00:00,8.08,8.27,8.04,7.59,148820.0
CVT,2016-02-03 07:00:00,8.12,8.19,8.08,7.52,47380.0
CVT,2016-02-04 07:00:00,8.15,8.27,8.15,7.59,109400.0
CVT,2016-02-05 07:00:00,8.19,8.27,8.15,7.62,37450.0
CVT,2016-02-15 07:00:00,8.12,8.27,8.08,7.62,29762.0
CVT,2016-02-16 07:00:00,8.23,8.34,8.19,7.69,119818.0
CVT,2016-02-17 07:00:00,8.34,8.5,8.34,7.83,188452.0
CVT,2016-02-18 07:00:00,8.54,8.65,8.5,7.97,159238.0
CVT,2016-02-19 07:00:00,8.57,8.61,8.5,7.87,97600.0
CVT,2016-02-22 07:00:00,8.5,8.69,8.5,7.97,194940.0
CVT,2016-02-23 07:00:00,8.57,8.61,8.46,7.9,102012.0
CVT,2016-02-24 07:00:00,8.46,8.54,8.38,7.83,102700.0
CVT,2016-02-25 07:00:00,8.46,8.61,8.38,7.76,200800.0
CVT,2016-02-29 07:00:00,8.46,8.54,8.46,7.83,84400.0
CVT,2016-03-01 07:00:00,8.42,8.5,8.34,7.87,108810.0
CVT,2016-03-02 07:00:00,8.5,8.57,8.5,7.87,140650.0
CVT,2016-03-03 07:00:00,8.5,8.76,8.46,8.05,426506.0
CVT,2016-03-04 07:00:00,8.69,8.69,8.61,8.01,134010.0
CVT,2016-03-07 07:00:00,8.61,8.8,8.57,8.05,202220.0
CVT,2016-03-08 07:00:00,8.69,8.69,8.57,7.94,141710.0
CVT,2016-03-09 07:00:00,8.54,8.61,8.54,7.94,62100.0
CVT,2016-03-10 07:00:00,8.61,8.69,8.61,8.05,198910.0
CVT,2016-03-11 07:00:00,8.69,8.92,8.69,8.15,376926.0
CVT,2016-03-14 07:00:00,8.84,8.88,8.73,8.08,85400.0
CVT,2016-03-15 07:00:00,8.73,8.73,8.57,7.94,77200.0
CVT,2016-03-16 07:00:00,8.57,8.73,8.54,8.01,129620.0
CVT,2016-03-17 07:00:00,8.69,8.8,8.69,8.05,153800.0
CVT,2016-03-18 07:00:00,8.73,8.73,8.61,7.97,180406.0
CVT,2016-03-21 07:00:00,8.61,8.69,8.61,7.97,134560.0
CVT,2016-03-22 07:00:00,8.61,8.61,8.38,7.83,450420.0
CVT,2016-03-23 07:00:00,8.46,9.07,8.46,8.4,680863.0
CVT,2016-03-24 07:00:00,9.15,9.15,8.88,8.22,254500.0
CVT,2016-03-25 07:00:00,8.57,8.95,8.57,8.15,267397.0
CVT,2016-03-28 07:00:00,8.76,9.07,8.76,8.4,443234.0
CVT,2016-03-29 07:00:00,9.07,9.18,8.92,8.29,268410.0
CVT,2016-03-30 07:00:00,9.07,9.07,8.76,8.29,201310.0
CVT,2016-03-31 07:00:00,8.95,8.95,8.69,8.12,355170.0
CVT,2016-04-01 07:00:00,8.69,8.76,8.57,8.05,134530.0
CVT,2016-04-04 07:00:00,8.57,8.69,8.54,7.94,135300.0
CVT,2016-04-05 07:00:00,8.61,8.76,8.57,8.08,83806.0
CVT,2016-04-06 07:00:00,8.73,8.76,8.65,8.05,69000.0
CVT,2016-04-07 07:00:00,8.76,8.76,8.69,8.05,70200.0
CVT,2016-04-08 07:00:00,8.69,8.69,8.61,8.05,146700.0
CVT,2016-04-11 07:00:00,8.69,9.07,8.69,8.29,467600.0
CVT,2016-04-12 07:00:00,8.99,9.03,8.92,8.29,186111.0
CVT,2016-04-13 07:00:00,8.99,8.99,8.76,8.26,152100.0
CVT,2016-04-15 07:00:00,9.26,9.3,9.15,8.47,278106.0
CVT,2016-04-19 07:00:00,9.15,9.15,8.88,8.29,240500.0
CVT,2016-04-20 07:00:00,8.95,9.03,8.84,8.26,367504.0
CVT,2016-04-21 07:00:00,8.95,9.34,8.95,8.5,593702.0
CVT,2016-04-22 07:00:00,9.22,9.3,9.18,8.61,510410.0
CVT,2016-04-25 07:00:00,9.3,9.68,9.3,8.82,863886.0
CVT,2016-04-26 07:00:00,9.53,9.6,9.49,8.79,371696.0
CVT,2016-04-27 07:00:00,9.49,9.49,9.3,8.65,456520.0
CVT,2016-04-28 07:00:00,9.34,9.49,9.3,8.65,252716.0
CVT,2016-04-29 07:00:00,9.34,9.98,9.34,9.17,850479.0
CVT,2016-05-04 07:00:00,9.87,10.29,9.72,9.53,1232811.0
CVT,2016-05-05 07:00:00,10.48,10.67,9.98,9.25,877600.0
CVT,2016-05-06 07:00:00,9.98,10.29,9.98,9.39,728420.0
CVT,2016-05-09 07:00:00,10.17,10.48,10.17,9.49,658115.0
CVT,2016-05-10 07:00:00,10.21,10.21,10.02,9.35,360150.0
CVT,2016-05-11 07:00:00,9.98,10.25,9.98,9.46,268260.0
CVT,2016-05-12 07:00:00,10.21,10.33,10.06,9.39,266610.0
CVT,2016-05-13 07:00:00,10.14,10.14,9.79,9.1,357820.0
CVT,2016-05-16 07:00:00,9.83,10.06,9.75,9.03,271040.0
CVT,2016-05-17 07:00:00,9.79,9.95,9.75,9.07,415360.0
CVT,2016-05-18 07:00:00,9.79,9.87,9.56,8.86,310710.0
CVT,2016-05-19 07:00:00,9.56,9.72,9.56,8.96,195165.0
CVT,2016-05-20 07:00:00,9.64,9.79,9.64,9.07,115900.0
CVT,2016-05-23 07:00:00,9.83,9.87,9.72,9.03,67010.0
CVT,2016-05-24 07:00:00,9.75,9.79,9.68,9.07,129631.0
CVT,2016-05-25 07:00:00,9.83,9.83,9.75,9.07,93700.0
CVT,2016-05-26 07:00:00,9.68,9.79,9.53,8.89,188920.0
CVT,2016-05-27 07:00:00,9.56,9.64,9.45,8.82,313141.0
CVT,2016-05-30 07:00:00,9.53,9.6,9.53,8.82,126400.0
CVT,2016-05-31 07:00:00,9.56,9.95,9.56,9.17,299355.0
CVT,2016-06-01 07:00:00,9.91,10.1,9.83,9.17,210760.0
CVT,2016-06-02 07:00:00,9.87,10.1,9.83,9.32,311330.0
CVT,2016-06-03 07:00:00,10.14,10.36,10.14,9.46,314990.0
CVT,2016-06-06 07:00:00,10.29,10.44,10.1,9.42,311850.0
CVT,2016-06-07 07:00:00,10.17,10.25,10.06,9.35,241010.0
CVT,2016-06-08 07:00:00,10.02,10.29,10.02,9.35,252640.0
CVT,2016-06-09 07:00:00,10.1,10.36,10.1,9.56,401030.0
CVT,2016-06-10 07:00:00,10.44,10.55,10.33,9.7,562980.0
CVT,2016-06-13 07:00:00,10.67,10.67,10.44,9.7,542355.0
CVT,2016-06-15 07:00:00,11.2,11.36,11.16,10.41,551071.0
CVT,2016-06-16 07:00:00,11.24,11.58,11.2,10.66,685995.0
CVT,2016-06-17 07:00:00,11.51,11.58,11.05,10.37,575900.0
CVT,2016-06-20 07:00:00,11.2,11.43,11.2,10.52,507634.0
CVT,2016-06-21 07:00:00,11.36,12.0,11.36,10.94,846190.0
CVT,2016-06-22 07:00:00,11.89,12.04,11.81,11.04,559600.0
CVT,2016-06-23 07:00:00,11.93,12.31,11.81,11.33,667527.0
CVT,2016-06-24 07:00:00,12.12,12.35,11.01,10.94,1703258.0
CVT,2016-06-27 07:00:00,11.81,11.81,11.16,10.73,362540.0
CVT,2016-06-28 07:00:00,11.58,11.89,11.51,10.83,456500.0
CVT,2016-06-29 07:00:00,11.7,12.19,11.7,11.29,647196.0
CVT,2016-06-30 07:00:00,12.19,12.73,12.19,11.43,401800.0
CX8,2016-01-11 07:00:00,5.07,5.08,5.08,5.08,2000.0
CX8,2016-01-13 07:00:00,4.56,4.57,4.57,4.57,100.0
CX8,2016-01-21 07:00:00,4.45,4.52,4.46,4.52,543.0
CX8,2016-01-22 07:00:00,4.62,4.63,4.63,4.63,100.0
CX8,2016-01-25 07:00:00,4.79,4.8,4.8,4.8,200.0
CX8,2016-01-26 07:00:00,4.9,5.08,4.91,5.08,400.0
CX8,2016-01-27 07:00:00,5.35,5.36,5.36,5.36,5000.0
CX8,2016-01-28 07:00:00,5.01,5.25,5.02,5.25,2100.0
CX8,2016-01-29 07:00:00,5.01,5.25,5.02,5.25,600.0
CX8,2016-02-01 07:00:00,5.07,5.25,5.08,5.25,2500.0
CX8,2016-02-02 07:00:00,5.07,5.19,5.08,5.19,400.0
CX8,2016-02-03 07:00:00,5.41,5.59,5.42,5.59,400.0
CX8,2016-02-16 07:00:00,5.41,5.64,5.42,5.64,1700.0
CX8,2023-10-11 07:00:00,5.86,5.86,5.86,7.03,1.0
CYC,2023-05-05 07:00:00,2.4,2.4,2.4,2.6,11.0
CYC,2023-09-08 07:00:00,2.4,2.4,2.4,2.5,10.0
CYC,2023-10-06 07:00:00,2.4,2.4,2.4,2.7,5.0
CYC,2023-10-27 07:00:00,2.1,2.1,2.1,2.2,10.0
CYC,2024-08-16 07:00:00,4.1,4.1,4.1,4.2,60.0
D2D,2019-09-04 07:00:00,27.44,25.48,23.73,25.38,297290.0
DAG,2019-08-07 07:00:00,5.87,5.99,5.94,5.94,121360.0
DAG,2019-09-04 07:00:00,6.06,6.05,5.91,6.02,101380.0
DAS,2019-12-17 07:00:00,7.43,7.43,7.43,6.55,300.0
DAS,2020-01-08 07:00:00,9.42,9.42,9.42,10.78,100.0
DAS,2020-01-10 07:00:00,10.14,10.14,10.14,10.38,3100.0
DAS,2020-02-18 07:00:00,7.75,7.75,7.75,6.87,100.0
DAS,2023-11-29 07:00:00,8.26,8.26,8.26,8.35,82.0
DAS,2024-05-07 07:00:00,11.27,11.27,11.27,10.35,1.0
DAT,2018-07-25 07:00:00,11.36,10.57,10.57,10.57,10.0
DAT,2020-05-11 07:00:00,4.87,4.54,4.54,4.54,10.0
DBC,2016-02-29 07:00:00,4.23,5.13,5.03,5.03,192517.0
DBC,2019-08-07 07:00:00,5.9,5.85,5.77,5.85,26850.0
DBD,2019-07-15 07:00:00,21.52,21.42,21.18,21.33,3510.0
DBD,2019-08-07 07:00:00,20.32,20.82,20.56,20.82,630.0
DBD,2019-09-04 07:00:00,23.59,23.32,22.72,22.82,202350.0
DC1,2019-07-22 07:00:00,5.76,5.76,5.76,5.65,20.0
DC1,2019-12-17 07:00:00,4.24,4.24,4.24,4.18,1400.0
DC1,2019-12-30 07:00:00,4.35,4.35,4.35,4.86,100.0
DC1,2020-01-03 07:00:00,4.18,4.18,4.18,4.58,100.0
DC1,2020-11-13 07:00:00,6.18,6.18,6.18,6.12,96.0
DC1,2020-12-14 07:00:00,6.45,6.45,6.45,6.51,90.0
DC1,2020-12-23 07:00:00,6.25,6.25,6.25,6.18,75.0
DC1,2022-02-08 07:00:00,13.29,13.29,13.29,13.02,32.0
DC1,2023-06-08 07:00:00,6.75,6.75,6.75,6.58,55.0
DC1,2023-11-23 07:00:00,7.1,7.1,7.1,7.0,2.0
DC1,2024-02-23 07:00:00,6.8,6.8,6.8,6.5,2.0
DC1,2024-08-05 07:00:00,7.1,7.1,7.1,7.3,2.0
DC1,2024-08-26 07:00:00,7.8,7.8,7.8,7.9,2.0
DC1,2024-12-13 07:00:00,11.3,11.3,11.3,10.7,5.0
DC1,2024-12-16 07:00:00,11.3,11.3,11.3,10.7,5.0
DC1,2024-12-19 07:00:00,11.3,11.3,11.3,10.7,18.0
DC1,2025-03-14 07:00:00,8.5,8.5,8.5,8.9,5.0
DCL,2019-09-04 07:00:00,16.6,17.0,16.7,16.7,78910.0
DGC,2015-12-29 07:00:00,8.79,9.24,8.8,9.23,133610.0
DGC,2016-01-04 07:00:00,8.91,9.23,8.92,9.21,36510.0
DGC,2016-01-27 07:00:00,8.63,8.76,8.64,8.76,21350.0
DGC,2016-02-19 07:00:00,8.93,9.3,8.94,9.15,205131.0
DGC,2016-03-30 07:00:00,7.82,7.95,7.83,7.93,13220.0
DGC,2016-04-06 07:00:00,7.96,8.09,7.97,8.07,6800.0
DGC,2016-04-11 07:00:00,8.26,8.62,8.27,8.43,68510.0
DHA,2019-09-04 07:00:00,18.39,18.28,18.28,18.28,730.0
DHD,2019-08-09 07:00:00,4.81,4.81,4.81,4.79,50.0
DHD,2022-01-13 07:00:00,5.88,5.88,5.88,6.21,25.0
DHD,2022-05-24 07:00:00,6.42,6.42,6.42,5.86,50.0
DHD,2022-10-17 07:00:00,6.82,6.82,6.82,6.46,17.0
DHD,2023-01-27 07:00:00,6.58,6.58,6.58,6.55,32.0
DHD,2023-02-06 07:00:00,6.58,6.58,6.58,6.55,7.0
DHD,2023-06-15 07:00:00,8.73,8.73,8.73,8.69,10.0
DHD,2024-06-12 07:00:00,13.34,13.34,13.34,13.63,23.0
DHD,2024-08-20 07:00:00,14.25,14.25,14.25,14.48,7.0
DHD,2025-01-06 07:00:00,15.78,15.78,15.78,16.01,10.0
DLG,2019-08-07 07:00:00,1.46,1.53,1.48,1.48,2202130.0
DLG,2019-09-04 07:00:00,1.62,1.59,1.54,1.59,3499030.0
DLT,2021-12-15 07:00:00,18.94,18.94,18.94,20.21,2.0
DNC,2022-09-26 07:00:00,26.31,26.31,26.31,26.84,6.0
DNC,2024-10-01 07:00:00,44.13,44.13,44.13,44.88,93.0
DNC,2024-10-07 07:00:00,44.13,44.13,44.13,44.88,2.0
DNH,2019-12-30 07:00:00,18.25,18.25,18.25,15.79,400.0
DNH,2022-04-25 07:00:00,30.65,30.65,30.65,30.5,60.0
DNH,2022-08-26 07:00:00,36.2,36.2,36.2,36.04,1.0
DNH,2022-08-29 07:00:00,36.2,36.2,36.2,36.04,9.0
DNH,2022-09-12 07:00:00,36.12,36.12,36.12,36.2,1.0
DNH,2024-04-09 07:00:00,51.39,51.39,51.39,51.3,14.0
DNH,2024-04-17 07:00:00,55.14,55.14,55.14,57.71,11.0
DNH,2024-06-11 07:00:00,49.92,49.92,49.92,43.05,1.0
DNH,2024-06-14 07:00:00,49.92,49.92,49.92,43.05,10.0
DNH,2024-06-17 07:00:00,49.92,49.92,49.92,43.05,1.0
DNH,2024-09-25 07:00:00,49.19,49.19,49.19,43.46,1.0
DNH,2024-10-07 07:00:00,50.75,50.75,50.75,43.37,1.0
DNH,2024-12-19 07:00:00,33.22,33.22,33.22,34.37,1.0
DNH,2024-12-23 07:00:00,33.22,33.22,33.22,34.37,1.0
DNH,2025-02-17 07:00:00,42.0,42.0,42.0,42.2,5.0
DPC,2015-09-30 07:00:00,12.92,13.15,13.15,13.15,400.0
DPC,2015-11-16 07:00:00,11.84,12.06,12.06,12.06,200.0
DPC,2015-11-17 07:00:00,11.84,12.06,12.06,12.06,200.0
DPC,2015-11-18 07:00:00,11.48,12.57,11.69,11.84,900.0
DPC,2015-11-20 07:00:00,12.77,13.01,13.01,13.01,1300.0
DPC,2015-11-23 07:00:00,13.92,14.25,14.18,14.25,1200.0
DPC,2015-11-24 07:00:00,15.36,15.64,15.64,15.64,2100.0
DPC,2015-11-25 07:00:00,16.51,17.17,16.81,16.81,2600.0
DPC,2015-11-30 07:00:00,17.23,17.54,17.54,17.54,1100.0
DPC,2015-12-01 07:00:00,17.23,17.54,17.54,17.54,2300.0
DPC,2015-12-02 07:00:00,17.23,17.54,17.54,17.54,2200.0
DPC,2015-12-03 07:00:00,17.94,19.29,18.27,19.29,5000.0
DPC,2015-12-04 07:00:00,20.46,20.82,20.82,20.82,200.0
DPC,2015-12-07 07:00:00,22.39,22.8,22.8,22.8,110.0
DPC,2015-12-10 07:00:00,20.31,20.75,20.61,20.75,6800.0
DPC,2015-12-11 07:00:00,19.45,20.75,19.8,20.75,1000.0
DPC,2015-12-14 07:00:00,20.38,20.75,20.75,20.75,6000.0
DPC,2015-12-15 07:00:00,20.1,20.46,20.46,20.46,100.0
DPC,2015-12-17 07:00:00,19.45,19.8,19.73,19.73,6000.0
DPC,2015-12-28 07:00:00,17.44,17.76,17.76,17.76,300.0
DPC,2016-01-04 07:00:00,17.94,19.0,18.27,19.0,1100.0
DPC,2016-01-13 07:00:00,20.46,20.82,20.82,20.82,100.0
DPC,2016-01-14 07:00:00,20.46,20.82,20.82,20.82,100.0
DPC,2016-01-15 07:00:00,18.44,18.78,18.78,18.78,1000.0
DPC,2016-01-18 07:00:00,16.65,20.39,16.95,20.39,1100.0
DPC,2016-01-22 07:00:00,18.09,18.41,18.41,18.41,100.0
DPC,2016-01-25 07:00:00,16.51,18.41,16.81,18.41,5100.0
DPC,2016-01-27 07:00:00,16.51,16.81,16.81,16.81,100.0
DPC,2016-01-28 07:00:00,15.07,15.34,15.34,15.34,1000.0
DPC,2016-02-01 07:00:00,15.79,16.07,16.07,16.07,100.0
DPC,2016-02-03 07:00:00,14.35,14.61,14.61,14.61,500.0
DPC,2016-02-29 07:00:00,16.51,16.81,16.81,16.81,100.0
DPC,2016-03-03 07:00:00,18.09,18.41,18.41,18.41,100.0
DPC,2016-03-07 07:00:00,18.59,18.92,18.92,18.92,100.0
DPC,2016-03-08 07:00:00,18.52,18.85,18.85,18.85,3200.0
DPC,2016-03-15 07:00:00,18.66,20.68,19.0,20.68,600.0
DPC,2016-03-17 07:00:00,20.1,24.33,20.46,24.33,300.0
DPC,2016-03-21 07:00:00,21.53,21.92,21.92,21.92,400.0
DPC,2016-03-22 07:00:00,19.45,19.8,19.73,19.73,1000.0
DPC,2016-03-23 07:00:00,19.74,20.09,20.09,20.09,500.0
DPC,2016-03-24 07:00:00,19.81,20.82,20.17,20.82,3000.0
DPC,2016-03-25 07:00:00,21.17,21.92,21.56,21.92,2010.0
DPC,2016-03-28 07:00:00,21.53,22.21,21.92,22.21,3000.0
DPC,2016-03-31 07:00:00,21.75,22.14,22.07,22.14,1700.0
DPC,2016-04-01 07:00:00,21.89,22.36,22.29,22.36,1200.0
DPC,2016-04-06 07:00:00,24.83,25.79,25.28,25.65,6000.0
DPC,2016-04-07 07:00:00,24.4,25.57,24.84,25.57,1400.0
DPC,2016-04-08 07:00:00,24.4,25.65,24.84,25.65,700.0
DPC,2016-04-11 07:00:00,23.69,24.11,24.11,24.11,100.0
DPC,2016-04-12 07:00:00,25.12,26.45,25.57,26.45,3000.0
DPC,2016-04-13 07:00:00,26.13,27.77,26.52,26.52,10900.0
DPC,2016-04-14 07:00:00,26.2,29.15,26.67,29.15,9600.0
DPC,2016-04-15 07:00:00,28.64,29.15,29.15,29.15,800.0
DPC,2016-04-19 07:00:00,26.56,27.4,27.04,27.4,2500.0
DPC,2016-04-22 07:00:00,25.84,26.3,26.3,26.3,1000.0
DPC,2016-04-25 07:00:00,26.55,28.13,27.04,28.13,2600.0
DPC,2016-04-26 07:00:00,27.63,28.2,27.77,28.2,3400.0
DPC,2016-04-28 07:00:00,26.99,27.47,27.47,27.47,1000.0
DPC,2016-04-29 07:00:00,27.27,27.77,27.77,27.77,1500.0
DPC,2016-05-04 07:00:00,27.27,27.77,27.77,27.77,900.0
DPC,2016-05-06 07:00:00,27.99,28.5,28.5,28.5,1200.0
DPC,2016-05-09 07:00:00,27.27,27.77,27.77,27.77,1900.0
DPC,2016-05-11 07:00:00,27.99,28.5,28.5,28.5,1050.0
DPC,2016-05-17 07:00:00,24.76,27.77,25.21,27.77,3300.0
DPC,2016-05-18 07:00:00,25.12,27.69,25.57,27.69,2200.0
DPC,2016-05-19 07:00:00,25.12,25.57,25.57,25.57,4000.0
DPC,2016-05-20 07:00:00,23.69,24.19,24.11,24.11,2500.0
DPC,2016-05-23 07:00:00,21.53,26.3,21.92,26.3,200.0
DPC,2016-05-24 07:00:00,25.84,26.3,26.3,26.3,100.0
DPC,2016-05-26 07:00:00,24.4,24.84,24.84,24.84,3000.0
DPC,2016-05-27 07:00:00,26.41,26.89,26.89,26.89,100.0
DPC,2016-05-31 07:00:00,23.97,24.4,24.4,24.4,100.0
DPC,2016-06-01 07:00:00,23.97,24.84,24.4,24.84,1100.0
DPC,2020-04-22 07:00:00,7.96,8.75,8.57,8.66,2500.0
DPC,2022-09-27 07:00:00,19.9,19.9,19.9,20.4,100.0
DPC,2022-10-03 07:00:00,19.9,19.9,19.9,20.4,1.0
DPR,2019-09-04 07:00:00,13.72,13.24,12.74,12.91,115550.0
DRH,2019-09-04 07:00:00,5.78,5.69,5.51,5.59,286560.0
DRI,2019-12-05 07:00:00,3.93,4.0,3.93,4.07,22940.0
DRI,2019-12-16 07:00:00,4.14,4.42,4.14,4.71,369540.0
DRI,2019-12-25 07:00:00,4.35,4.35,4.35,4.42,33600.0
DRI,2020-01-07 07:00:00,4.35,4.35,4.35,4.21,22936.0
DSC,2019-12-05 07:00:00,2.88,2.88,2.88,3.11,1100.0
DSC,2020-02-18 07:00:00,2.88,2.88,2.88,2.94,3300.0
DSG,2024-09-18 07:00:00,4.0,4.0,4.0,3.7,1.0
DSG,2024-12-30 07:00:00,4.6,4.6,4.6,5.2,1.0
DSG,2025-01-09 07:00:00,5.9,5.9,5.9,6.0,20.0
DSG,2025-01-17 07:00:00,5.9,5.9,5.9,6.0,20.0
DTL,2019-06-19 07:00:00,29.0,27.9,27.0,27.6,520.0
DTL,2020-05-11 07:00:00,16.75,15.6,15.6,15.6,320.0
DVN,2019-12-16 07:00:00,8.67,8.83,8.67,8.99,141000.0
DVN,2019-12-30 07:00:00,8.67,8.67,8.59,8.83,32200.0
DVN,2019-12-31 07:00:00,8.75,8.75,8.59,8.51,33900.0
DVN,2020-02-18 07:00:00,9.8,10.12,9.8,10.28,197410.0
DWC,2025-04-09 07:00:00,13.06,13.06,13.06,13.15,7.0
DWS,2023-10-16 07:00:00,9.79,9.79,9.79,9.7,20.0
DWS,2023-12-13 07:00:00,11.17,11.17,11.17,11.26,17.0
DWS,2024-02-07 07:00:00,11.36,11.36,11.36,11.54,2.0
DWS,2024-06-27 07:00:00,11.91,11.91,11.91,11.82,1.0
DXV,2018-01-16 07:00:00,4.21,4.44,4.42,4.42,50.0
DXV,2019-06-19 07:00:00,2.8,2.99,2.99,2.99,200.0
DXV,2019-09-04 07:00:00,3.17,2.68,2.68,2.68,130.0
DXV,2020-05-11 07:00:00,2.3,2.45,2.44,2.44,22630.0
EIN,2019-12-17 07:00:00,3.8,3.8,3.8,4.1,700.0
EIN,2019-12-30 07:00:00,4.1,4.1,4.1,4.2,1007.0
EIN,2020-01-03 07:00:00,4.7,4.7,4.7,4.0,2500.0
EIN,2020-01-07 07:00:00,4.1,4.7,4.1,5.1,41400.0
EVG,2019-09-04 07:00:00,1.84,1.82,1.77,1.8,674810.0
FCM,2019-07-15 07:00:00,5.0,5.01,5.01,5.01,800.0
FCM,2019-09-04 07:00:00,5.24,5.13,5.13,5.13,1290.0
FCN,2019-07-15 07:00:00,12.01,11.76,11.68,11.68,267870.0
FCN,2019-09-04 07:00:00,10.7,10.62,10.4,10.53,220980.0
FDC,2018-05-18 07:00:00,19.4,19.3,18.1,18.1,680.0
FDC,2019-06-19 07:00:00,14.1,14.0,13.5,14.0,3800.0
FDC,2019-07-15 07:00:00,13.6,13.5,13.5,13.5,1040.0
FDC,2019-08-07 07:00:00,12.95,13.0,13.0,13.0,6590.0
FRT,2019-08-07 07:00:00,22.21,22.82,22.34,22.47,17090.0
FRT,2019-09-04 07:00:00,19.35,18.56,17.59,17.59,59130.0
FTM,2019-07-15 07:00:00,24.5,24.4,23.95,24.4,994840.0
FTM,2019-09-04 07:00:00,10.0,8.75,8.75,8.75,60.0
G20,2015-10-01 07:00:00,9.16,9.43,9.2,9.2,156580.0
G20,2015-10-08 07:00:00,8.61,9.12,8.64,8.8,270500.0
G20,2015-11-02 07:00:00,7.49,7.81,7.56,7.81,146900.0
G20,2015-11-03 07:00:00,7.66,7.9,7.73,7.73,105800.0
G20,2015-11-05 07:00:00,7.57,7.81,7.65,7.73,123800.0
G20,2015-11-10 07:00:00,7.66,8.06,7.73,7.98,303600.0
G20,2015-11-12 07:00:00,7.74,7.98,7.81,7.9,106600.0
G20,2015-11-13 07:00:00,7.82,7.98,7.9,7.9,77900.0
G20,2015-11-17 07:00:00,7.9,8.06,7.98,8.06,67800.0
G20,2015-11-18 07:00:00,7.98,8.56,8.06,8.4,282700.0
G20,2015-11-20 07:00:00,8.23,8.81,8.31,8.64,132700.0
G20,2015-11-23 07:00:00,8.56,9.06,8.64,9.06,166400.0
G20,2015-11-30 07:00:00,8.64,9.14,8.73,8.98,215400.0
G20,2015-12-01 07:00:00,8.31,9.06,8.4,8.98,104800.0
G20,2015-12-08 07:00:00,8.56,8.81,8.64,8.81,6400.0
G20,2015-12-10 07:00:00,8.56,8.81,8.64,8.81,6700.0
G20,2015-12-11 07:00:00,8.64,8.98,8.73,8.98,10700.0
G20,2015-12-15 07:00:00,8.64,8.73,8.73,8.73,100.0
G20,2015-12-22 07:00:00,8.31,8.4,8.4,8.4,1000.0
G20,2015-12-25 07:00:00,8.15,8.31,8.23,8.31,30000.0
G20,2015-12-28 07:00:00,8.31,8.4,8.4,8.4,400.0
G20,2016-01-04 07:00:00,8.15,8.48,8.23,8.48,500.0
G20,2020-05-29 07:00:00,0.2,0.2,0.2,0.1,10.0
GEE,2023-03-20 07:00:00,9.69,9.69,9.69,9.73,10.0
GHC,2019-03-26 07:00:00,13.03,13.03,13.03,13.16,40.0
GHC,2019-06-17 07:00:00,14.91,14.91,14.91,14.83,1.0
GHC,2019-07-17 07:00:00,14.12,14.12,14.12,14.2,10.0
GHC,2019-08-19 07:00:00,15.04,15.04,15.04,15.92,10.0
GHC,2020-01-07 07:00:00,13.27,13.27,13.27,13.31,7100.0
GHC,2020-08-17 07:00:00,15.73,15.73,15.73,15.45,20.0
GHC,2023-03-31 07:00:00,21.23,21.23,21.23,21.31,29.0
GMC,2019-08-07 07:00:00,17.98,17.6,17.27,17.27,18760.0
GMC,2019-09-04 07:00:00,17.03,17.51,17.09,17.51,18160.0
GND,2019-03-05 07:00:00,17.8,17.8,17.8,13.89,11.0
GND,2019-09-13 07:00:00,15.31,15.31,15.06,14.87,600.0
GND,2019-12-05 07:00:00,14.81,14.87,14.81,14.56,5500.0
GND,2019-12-16 07:00:00,15.94,15.94,15.94,15.05,1100.0
GND,2019-12-17 07:00:00,15.62,15.62,15.62,15.69,200.0
GND,2019-12-30 07:00:00,13.7,14.92,13.7,15.05,1100.0
GND,2020-01-03 07:00:00,15.11,15.11,15.11,14.86,100.0
GND,2020-01-08 07:00:00,15.5,15.5,15.5,14.98,4601.0
GND,2020-02-18 07:00:00,15.3,15.3,15.3,14.86,101300.0
GND,2022-05-10 07:00:00,24.96,24.96,24.96,24.43,1.0
GND,2023-10-20 07:00:00,24.29,24.29,24.29,24.72,1.0
GND,2023-11-01 07:00:00,24.29,24.29,24.29,24.72,1.0
GSM,2023-05-10 07:00:00,13.0,13.0,13.0,12.92,1.0
GSM,2024-02-05 07:00:00,15.99,15.99,15.99,15.82,10.0
GSM,2024-05-10 07:00:00,20.37,20.37,20.37,20.89,5.0
GSM,2024-09-20 07:00:00,20.79,20.79,20.79,20.88,3.0
GSM,2024-10-18 07:00:00,20.13,20.13,20.13,20.22,1.0
GSM,2024-12-19 07:00:00,22.75,22.75,22.75,22.66,12.0
GSP,2019-07-15 07:00:00,6.75,6.73,6.4,6.6,4640.0
HAC,2019-05-08 07:00:00,3.3,3.3,3.3,3.64,63.0
HAC,2019-08-05 07:00:00,3.47,3.47,3.47,3.89,31.0
HAC,2019-12-16 07:00:00,4.14,4.14,4.14,4.06,39135.0
HAC,2019-12-17 07:00:00,4.14,4.14,4.14,4.06,265.0
HAC,2019-12-18 07:00:00,4.06,4.31,3.97,3.89,32489.0
HAC,2019-12-30 07:00:00,4.14,4.14,4.14,4.31,68000.0
HAC,2020-01-03 07:00:00,4.23,4.23,4.23,4.06,800.0
HAC,2020-01-08 07:00:00,4.14,4.14,4.14,4.23,56000.0
HAC,2020-08-26 07:00:00,4.06,4.06,4.06,4.23,20.0
HAC,2020-09-09 07:00:00,3.97,3.97,3.97,4.14,13.0
HAC,2020-11-03 07:00:00,4.31,4.31,4.31,4.4,36.0
HAC,2020-11-04 07:00:00,4.31,4.31,4.31,4.4,28.0
HAC,2020-11-26 07:00:00,4.31,4.31,4.31,4.4,24.0
HAC,2022-05-05 07:00:00,9.82,9.82,9.82,9.64,58.0
HAC,2022-11-09 07:00:00,5.5,5.5,5.5,5.6,41.0
HAC,2023-04-14 07:00:00,5.8,5.8,5.8,5.7,31.0
HAC,2023-06-29 07:00:00,8.1,8.1,8.1,8.0,27.0
HAC,2023-08-11 07:00:00,9.8,9.8,9.8,9.7,4.0
HAC,2024-07-18 07:00:00,14.1,14.1,14.1,14.6,8.0
HAC,2024-09-11 07:00:00,11.9,11.9,11.9,11.6,14.0
HAC,2024-10-24 07:00:00,11.7,11.7,11.7,12.4,1.0
HAC,2024-12-04 07:00:00,10.6,10.6,10.6,11.0,10.0
HAC,2024-12-26 07:00:00,10.3,10.3,10.3,10.0,10.0
HAC,2024-12-27 07:00:00,10.3,10.3,10.3,10.0,92.0
HAC,2025-03-18 07:00:00,11.1,11.1,11.1,11.7,2.0
HAG,2019-07-15 07:00:00,5.7,5.61,5.4,5.4,6157000.0
HAG,2019-08-07 07:00:00,4.9,5.07,4.98,5.0,1343330.0
HAG,2019-09-04 07:00:00,4.86,4.83,4.79,4.83,1401970.0
HAM,2022-02-23 07:00:00,14.54,14.54,14.54,14.6,13.0
HAM,2022-07-08 07:00:00,13.5,13.5,13.5,13.74,68.0
HAM,2022-09-29 07:00:00,13.91,13.91,13.91,14.03,10.0
HAM,2023-04-03 07:00:00,14.88,14.88,14.88,14.94,20.0
HAM,2024-03-22 07:00:00,17.51,17.51,17.51,17.88,2.0
HAM,2024-07-11 07:00:00,16.89,16.89,16.89,16.2,1.0
HAP,2019-07-15 07:00:00,2.42,2.49,2.43,2.49,38940.0
HAS,2018-07-25 07:00:00,6.68,6.67,6.67,6.67,20.0
HAS,2019-06-19 07:00:00,6.44,6.68,6.68,6.68,20.0
HAS,2019-07-15 07:00:00,7.02,6.85,6.85,6.85,50.0
HAS,2019-08-07 07:00:00,6.43,6.6,6.6,6.6,90.0
HAS,2019-09-04 07:00:00,6.33,7.03,6.73,7.03,170.0
HAS,2020-04-29 07:00:00,5.32,5.69,5.69,5.69,20.0
HAS,2021-08-10 07:00:00,11.46,11.75,11.75,11.75,100.0
HAS,2026-01-13 07:00:00,8.2,8.2,8.2,8.0,300.0
HAV,2023-12-04 07:00:00,3.1,3.1,3.1,3.0,1.0
HBH,2020-01-07 07:00:00,3.92,3.92,3.92,3.63,500.0
HBH,2022-02-16 07:00:00,8.43,8.43,8.43,8.63,20.0
HBH,2022-02-17 07:00:00,8.43,8.43,8.43,8.63,25.0
HBH,2023-11-06 07:00:00,5.49,5.49,5.49,5.39,4.0
HC3,2019-03-07 07:00:00,13.87,13.87,13.87,13.62,40.0
HC3,2019-06-14 07:00:00,13.17,13.17,13.17,14.33,80.0
HC3,2023-01-06 07:00:00,27.41,27.41,27.41,28.22,36.0
HC3,2023-05-04 07:00:00,28.86,28.86,28.86,29.67,9.0
HC3,2023-09-28 07:00:00,24.21,24.21,24.21,24.13,1.0
HC3,2024-05-28 07:00:00,21.54,21.54,21.54,23.18,10.0
HC3,2024-12-19 07:00:00,24.89,24.89,24.89,25.81,25.0
HCD,2019-07-15 07:00:00,2.58,2.68,2.63,2.67,29850.0
HCD,2019-09-04 07:00:00,2.5,2.43,2.36,2.39,139120.0
HDB,2019-08-07 07:00:00,5.07,4.95,4.85,4.95,1645830.0
HDB,2019-09-04 07:00:00,5.13,5.12,5.04,5.06,976200.0
HDG,2019-07-15 07:00:00,10.86,11.02,10.9,10.94,316470.0
HDG,2019-09-04 07:00:00,11.18,11.09,10.86,10.99,433550.0
HEJ,2019-12-16 07:00:00,18.06,18.06,18.06,18.91,500.0
HEJ,2019-12-30 07:00:00,20.8,20.8,20.8,20.61,1000.0
HEJ,2020-01-03 07:00:00,18.63,18.63,18.63,18.44,2500.0
HEJ,2020-01-09 07:00:00,17.96,20.33,17.96,20.71,34035.0
HEJ,2024-03-08 07:00:00,11.1,11.1,11.1,11.0,12.0
HEJ,2024-05-06 07:00:00,11.1,11.1,11.1,11.5,1.0
HEP,2024-04-16 07:00:00,10.88,10.88,10.88,10.96,4.0
HEP,2024-04-26 07:00:00,11.22,11.22,11.22,11.31,5.0
HEV,2015-10-19 07:00:00,6.8,6.96,6.81,6.96,200.0
HEV,2023-04-06 07:00:00,34.0,34.0,34.0,35.4,1.0
HEV,2023-04-07 07:00:00,34.0,34.0,34.0,35.4,8.0
HEV,2023-04-12 07:00:00,34.0,34.0,34.0,35.4,1.0
HLS,2019-09-13 07:00:00,4.49,4.49,4.49,4.13,100.0
HLS,2020-02-18 07:00:00,9.8,9.8,9.8,10.89,100.0
HLS,2020-04-22 07:00:00,11.25,9.59,9.59,9.59,100.0
HLS,2021-12-30 07:00:00,10.95,10.95,10.95,12.08,71.0
HLT,2024-02-15 07:00:00,8.8,8.8,8.8,8.5,6.0
HLT,2024-03-04 07:00:00,8.8,8.8,8.8,8.5,1.0
HLT,2024-03-05 07:00:00,8.8,8.8,8.8,8.5,36.0
HLT,2024-07-03 07:00:00,12.3,12.3,12.3,12.5,6.0
HLT,2024-07-04 07:00:00,12.3,12.3,12.3,12.5,2.0
HLT,2024-07-15 07:00:00,12.3,12.3,12.3,12.5,100.0
HLT,2024-07-16 07:00:00,12.3,12.3,12.3,12.5,4.0
HMS,2019-07-18 07:00:00,16.9,16.9,16.9,16.5,80.0
HMS,2019-12-05 07:00:00,16.07,16.07,16.07,16.49,200.0
HMS,2019-12-30 07:00:00,16.76,16.76,16.76,16.83,200.0
HMS,2020-01-07 07:00:00,17.45,17.45,17.45,14.84,100.0
HMS,2020-02-18 07:00:00,17.65,17.65,17.65,20.26,100.0
HMS,2020-04-22 07:00:00,15.81,16.17,16.17,16.17,100.0
HMS,2020-11-19 07:00:00,14.38,14.38,14.38,13.27,60.0
HMS,2021-10-07 07:00:00,22.45,22.45,22.45,22.29,9.0
HMS,2021-10-12 07:00:00,22.45,22.45,22.45,22.29,1.0
HMS,2021-10-13 07:00:00,22.45,22.45,22.45,22.29,8.0
HMS,2022-09-19 07:00:00,22.69,22.69,22.69,22.37,30.0
HMS,2022-10-12 07:00:00,22.51,22.51,22.51,22.86,30.0
HMS,2023-05-11 07:00:00,20.37,20.37,20.37,21.31,25.0
HMS,2024-09-20 07:00:00,30.79,30.79,30.79,30.6,88.0
HMS,2024-10-18 07:00:00,28.71,28.71,28.71,28.81,9.0
HOT,2019-05-22 07:00:00,27.72,29.66,29.66,29.66,10.0
HOT,2023-07-14 07:00:00,18.3,18.3,18.3,19.3,27.0
HOT,2024-02-19 07:00:00,16.4,16.4,16.4,16.3,5.0
HOT,2024-02-20 07:00:00,16.4,16.4,16.4,16.3,5.0
HOT,2024-10-01 07:00:00,10.5,10.5,10.5,9.6,10.0
HOT,2024-10-14 07:00:00,10.5,10.5,10.5,9.6,25.0
HOT,2024-11-18 07:00:00,12.9,12.9,12.9,14.7,46.0
HPD,2022-01-12 07:00:00,15.55,15.55,15.55,15.48,10.0
HPD,2022-03-04 07:00:00,15.62,15.62,15.62,15.76,72.0
HPD,2024-12-25 07:00:00,20.76,20.76,20.76,20.66,2.0
HPD,2025-01-13 07:00:00,21.23,21.23,21.23,22.36,1.0
HPH,2021-12-20 07:00:00,10.2,10.2,10.2,10.58,80.0
HPH,2023-07-14 07:00:00,15.3,15.3,15.3,15.2,5.0
HPH,2023-07-27 07:00:00,15.2,15.2,15.2,15.8,1.0
HPH,2024-10-18 07:00:00,16.8,16.8,16.8,18.4,1.0
HPH,2024-10-21 07:00:00,16.8,16.8,16.8,18.4,26.0
HPH,2024-12-04 07:00:00,14.4,14.4,14.4,14.5,82.0
HPH,2024-12-11 07:00:00,14.4,14.4,14.4,14.5,27.0
HPH,2024-12-12 07:00:00,14.4,14.4,14.4,14.5,57.0
HPH,2025-04-01 07:00:00,13.3,13.3,13.3,12.0,7.0
HPH,2025-04-10 07:00:00,12.0,12.0,12.0,12.1,49.0
HPX,2019-07-15 07:00:00,17.45,17.42,17.18,17.18,219840.0
HPX,2020-04-29 07:00:00,20.51,20.44,20.06,20.4,269960.0
HSP,2023-05-08 07:00:00,9.32,9.32,9.32,9.39,1.0
HTC,2023-09-28 07:00:00,19.89,19.89,19.89,20.15,1.0
HTC,2023-10-05 07:00:00,19.89,19.89,19.89,20.15,1.0
HTC,2023-10-13 07:00:00,19.89,19.89,19.89,20.15,20.0
HTC,2023-12-19 07:00:00,19.54,19.54,19.54,19.8,10.0
HTC,2024-06-03 07:00:00,20.08,20.08,20.08,20.54,23.0
HTC,2025-02-28 07:00:00,23.29,23.29,23.29,23.57,1.0
HTC,2025-03-05 07:00:00,23.29,23.29,23.29,23.57,1.0
HTT,2019-08-07 07:00:00,1.49,1.54,1.5,1.53,5940.0
HU3,2020-05-11 07:00:00,6.16,6.12,6.12,6.12,10.0
HU3,2024-08-16 07:00:00,3.7,3.7,3.7,3.5,1.0
HU3,2024-08-29 07:00:00,3.7,3.7,3.7,3.6,2.0
HU3,2024-11-15 07:00:00,4.0,4.0,4.0,3.9,18.0
ICG,2015-10-01 07:00:00,3.42,3.41,3.35,3.35,23500.0
ICG,2015-10-02 07:00:00,3.31,3.3,3.24,3.3,12040.0
ICG,2015-10-07 07:00:00,3.36,3.35,3.24,3.35,5300.0
ICG,2015-10-09 07:00:00,3.42,3.41,3.35,3.35,20480.0
ICG,2015-10-13 07:00:00,3.31,3.3,3.13,3.3,29000.0
ICG,2015-10-15 07:00:00,3.31,3.3,3.18,3.24,11100.0
ICG,2015-10-21 07:00:00,3.14,3.13,3.01,3.07,28500.0
ICG,2015-10-27 07:00:00,3.08,3.07,2.96,3.01,89046.0
ICG,2015-10-29 07:00:00,3.08,3.07,3.01,3.01,36200.0
ICG,2015-10-30 07:00:00,3.08,3.07,3.07,3.07,56700.0
ICG,2015-11-02 07:00:00,3.08,3.07,3.01,3.01,25200.0
ICG,2015-11-03 07:00:00,3.08,3.07,3.01,3.07,41700.0
ICG,2015-11-04 07:00:00,3.14,3.13,3.13,3.13,15000.0
ICG,2015-11-06 07:00:00,3.08,3.07,3.01,3.07,14150.0
ICG,2015-11-10 07:00:00,3.08,3.07,3.01,3.01,33020.0
ICG,2015-11-16 07:00:00,3.19,3.18,3.18,3.18,16500.0
ICG,2015-11-17 07:00:00,3.19,3.18,3.13,3.18,25400.0
ICG,2015-11-18 07:00:00,3.19,3.18,3.13,3.13,28756.0
ICG,2015-11-19 07:00:00,3.08,3.07,3.01,3.01,46300.0
ICG,2015-11-24 07:00:00,3.14,3.13,3.01,3.01,44580.0
ICG,2015-11-26 07:00:00,3.25,3.24,3.13,3.24,15200.0
ICG,2015-11-30 07:00:00,3.08,3.07,3.01,3.07,34374.0
ICG,2015-12-01 07:00:00,3.08,3.07,3.07,3.07,11000.0
ICG,2015-12-08 07:00:00,3.08,3.07,3.01,3.07,17900.0
IDV,2016-03-28 07:00:00,4.18,4.17,4.17,4.17,100.0
IDV,2016-03-31 07:00:00,4.02,4.01,4.01,4.01,3600.0
IDV,2016-04-04 07:00:00,4.07,4.06,4.05,4.05,700.0
IDV,2016-04-05 07:00:00,4.16,4.15,4.15,4.15,100.0
IDV,2016-04-06 07:00:00,4.14,4.13,4.13,4.13,500.0
IDV,2016-04-08 07:00:00,4.16,4.15,4.05,4.05,2400.0
IDV,2016-04-19 07:00:00,4.04,4.03,4.03,4.03,200.0
IDV,2016-05-25 07:00:00,4.65,4.64,4.64,4.64,2510.0
IDV,2016-05-30 07:00:00,4.73,4.72,4.72,4.72,2200.0
IDV,2016-06-07 07:00:00,4.75,4.74,4.7,4.7,2500.0
IDV,2016-06-09 07:00:00,4.85,4.84,4.79,4.79,1300.0
IDV,2016-06-20 07:00:00,6.43,6.42,5.98,6.03,14860.0
IDV,2016-06-21 07:00:00,6.04,6.03,5.93,5.97,20100.0
IDV,2016-06-24 07:00:00,6.14,6.13,5.5,5.93,16300.0
IDV,2016-06-27 07:00:00,5.99,5.98,5.79,5.85,12520.0
IDV,2020-01-13 07:00:00,12.16,11.62,11.62,12.16,40.0
IHK,2019-08-05 07:00:00,6.22,6.22,6.22,7.14,10.0
IHK,2019-12-30 07:00:00,6.22,6.22,6.22,8.65,100.0
IHK,2020-01-07 07:00:00,8.65,8.65,8.65,7.56,100.0
IHK,2021-03-22 07:00:00,12.67,12.67,12.67,12.94,50.0
IHK,2022-01-12 07:00:00,22.38,22.38,22.38,22.2,5.0
IJC,2019-08-07 07:00:00,5.69,6.28,5.99,6.1,1655530.0
IJC,2019-09-04 07:00:00,6.56,6.41,6.19,6.39,649590.0
ILA,2019-11-12 07:00:00,1.3,1.3,1.3,1.21,20.0
ILA,2020-01-02 07:00:00,2.34,2.34,2.34,2.26,6040.0
ILA,2020-01-09 07:00:00,2.69,2.69,2.52,2.95,16280.0
ILA,2020-02-21 07:00:00,2.78,2.78,2.6,2.86,11800.0
ILC,2019-12-05 07:00:00,2.6,2.6,2.6,2.3,300.0
ILC,2019-12-16 07:00:00,2.3,2.3,2.3,2.6,100.0
ILC,2019-12-30 07:00:00,2.5,2.5,2.5,2.4,500.0
ILC,2020-01-02 07:00:00,2.5,2.5,2.5,2.7,800.0
ILC,2020-01-03 07:00:00,2.6,2.6,2.6,2.4,100.0
ILC,2020-01-06 07:00:00,2.6,2.6,2.6,2.7,600.0
ILC,2020-02-18 07:00:00,2.3,2.3,2.3,2.6,200.0
ILC,2022-01-13 07:00:00,9.0,9.0,9.0,9.2,50.0
ILC,2022-11-30 07:00:00,9.7,9.7,9.7,8.6,100.0
ILC,2023-05-19 07:00:00,7.1,7.1,7.1,7.4,1.0
ILC,2024-07-10 07:00:00,6.5,6.5,6.5,6.3,27.0
IMP,2019-09-04 07:00:00,14.3,14.54,14.45,14.53,18340.0
ITD,2019-08-07 07:00:00,6.42,6.83,6.48,6.83,58030.0
JVC,2019-08-07 07:00:00,2.69,2.67,2.6,2.65,75740.0
KDC,2019-08-07 07:00:00,14.36,14.93,14.61,14.93,43150.0
KDC,2019-09-04 07:00:00,17.95,17.42,16.48,17.38,200870.0
KGM,2020-01-06 07:00:00,10.5,10.5,10.5,6.31,100.0
KGM,2024-12-16 07:00:00,7.15,7.15,7.15,7.05,1.0
KMR,2019-07-15 07:00:00,2.99,2.95,2.9,2.9,83430.0
KMR,2019-08-07 07:00:00,2.72,2.86,2.77,2.86,107010.0
KMR,2019-09-04 07:00:00,2.66,2.63,2.55,2.6,68590.0
KST,2023-09-21 07:00:00,11.21,11.21,11.21,12.17,1.0
L61,2019-09-24 07:00:00,9.4,8.5,8.5,9.4,50.0
L62,2025-02-28 07:00:00,3.3,3.3,3.3,3.4,9.0
L63,2019-01-03 07:00:00,9.2,9.2,9.2,9.0,10.0
L63,2019-01-08 07:00:00,9.2,9.2,9.2,9.0,45.0
L63,2021-04-01 07:00:00,8.3,8.3,8.3,8.2,84.0
L63,2021-04-06 07:00:00,8.3,8.3,8.3,8.2,31.0
L63,2023-07-17 07:00:00,4.9,4.9,4.9,5.1,30.0
L63,2023-08-02 07:00:00,5.6,5.6,5.6,5.7,1.0
L63,2023-08-09 07:00:00,5.6,5.6,5.6,5.7,1.0
LBM,2018-08-30 07:00:00,4.56,4.41,4.25,4.41,1050.0
LBM,2019-08-07 07:00:00,4.67,4.84,4.84,4.84,30.0
LBM,2020-04-29 07:00:00,4.42,4.4,4.37,4.4,700.0
LG9,2020-01-08 07:00:00,6.69,6.69,6.69,6.25,100.0
LG9,2022-05-26 07:00:00,9.1,9.1,9.1,9.37,21.0
LG9,2023-07-10 07:00:00,6.07,6.07,6.07,6.16,1.0
LG9,2024-10-16 07:00:00,7.7,7.7,7.7,7.8,130.0
LG9,2024-10-17 07:00:00,7.7,7.7,7.7,7.8,55.0
LG9,2024-11-20 07:00:00,7.6,7.6,7.6,6.8,209.0
LG9,2024-11-29 07:00:00,7.4,7.4,7.4,7.5,75.0
LG9,2024-12-31 07:00:00,7.7,7.7,7.7,7.4,99.0
LG9,2025-02-06 07:00:00,7.1,7.1,7.1,7.4,71.0
LG9,2025-02-07 07:00:00,7.1,7.1,7.1,7.4,2.0
LG9,2025-02-10 07:00:00,7.1,7.1,7.1,7.4,41.0
LG9,2025-02-11 07:00:00,7.1,7.1,7.1,7.4,21.0
LG9,2025-02-12 07:00:00,7.1,7.1,7.1,7.4,55.0
LG9,2025-02-14 07:00:00,7.0,7.0,7.0,7.3,19.0
LHC,2015-12-14 07:00:00,7.81,8.3,7.82,8.14,24900.0
LHC,2015-12-29 07:00:00,7.81,7.95,7.82,7.95,8600.0
LHC,2016-01-13 07:00:00,7.81,7.83,7.82,7.82,4200.0
LHC,2016-02-19 07:00:00,7.81,7.82,7.82,7.82,500.0
LM3,2022-11-25 07:00:00,3.8,3.8,3.8,3.4,2.0
LM3,2024-06-07 07:00:00,3.5,3.5,3.5,3.7,10.0
LM3,2024-11-29 07:00:00,3.5,3.5,3.5,3.7,1.0
LMH,2019-07-15 07:00:00,14.74,14.65,14.51,14.56,89500.0
LSG,2022-10-24 07:00:00,7.8,7.8,7.8,7.6,61.0
LSG,2022-12-26 07:00:00,7.0,7.0,7.0,6.8,11.0
LSG,2023-01-16 07:00:00,6.2,6.2,6.2,6.1,83.0
LSG,2023-02-20 07:00:00,6.4,6.4,6.4,6.0,40.0
LSG,2023-02-22 07:00:00,6.4,6.4,6.4,6.3,72.0
LSG,2023-03-13 07:00:00,7.1,7.1,7.1,7.2,145.0
LSG,2023-03-14 07:00:00,7.1,7.1,7.1,7.2,63.0
LSG,2023-04-21 07:00:00,7.2,7.2,7.2,6.6,78.0
LSG,2023-05-11 07:00:00,7.2,7.2,7.2,7.0,12.0
LSG,2023-05-25 07:00:00,6.8,6.8,6.8,6.7,139.0
LSG,2023-05-29 07:00:00,6.8,6.8,6.8,6.7,17.0
LSG,2023-06-15 07:00:00,7.0,7.0,7.0,6.9,44.0
LTC,2016-12-27 07:00:00,4.6,5.0,5.0,5.0,220.0
MA1,2024-09-26 07:00:00,30.61,30.61,30.61,30.1,2.0
MA1,2024-12-27 07:00:00,36.03,36.03,36.03,34.31,40.0
MA1,2025-01-22 07:00:00,30.69,30.69,30.69,30.5,5.0
MA1,2025-03-05 07:00:00,29.07,29.07,29.07,28.88,3.0
MA1,2025-03-19 07:00:00,29.93,29.93,29.93,30.02,7.0
MAC,2015-09-30 07:00:00,4.52,4.62,4.54,4.62,14300.0
MAC,2015-10-02 07:00:00,4.9,4.89,4.62,4.71,83100.0
MAC,2015-10-05 07:00:00,4.72,4.71,4.31,4.71,14768.0
MAC,2015-10-16 07:00:00,4.77,4.76,4.67,4.76,18800.0
MAC,2015-10-26 07:00:00,5.08,5.07,4.71,4.76,141131.0
MAC,2015-11-02 07:00:00,4.9,4.89,4.76,4.85,144000.0
MAC,2015-11-09 07:00:00,4.72,4.71,4.67,4.67,43376.0
MAC,2015-11-16 07:00:00,4.81,4.8,4.67,4.67,37500.0
MAC,2015-11-19 07:00:00,4.77,4.76,4.71,4.76,61900.0
MAC,2015-12-09 07:00:00,4.77,4.76,4.67,4.76,32700.0
MAC,2015-12-16 07:00:00,4.95,4.94,4.85,4.89,46900.0
MAC,2015-12-21 07:00:00,4.81,4.8,4.71,4.76,35700.0
MAC,2015-12-28 07:00:00,4.77,4.76,4.71,4.76,35439.0
MAC,2015-12-30 07:00:00,4.77,4.76,4.76,4.76,14200.0
MAC,2016-01-04 07:00:00,4.77,4.76,4.71,4.76,70456.0
MAC,2016-01-05 07:00:00,4.77,4.76,4.62,4.71,56200.0
MAC,2016-01-06 07:00:00,4.72,4.71,4.67,4.71,30400.0
MAC,2016-01-07 07:00:00,4.72,4.71,4.62,4.62,51400.0
MAC,2016-01-08 07:00:00,4.63,4.62,4.49,4.62,107600.0
MAC,2016-01-15 07:00:00,4.54,4.53,4.49,4.49,124600.0
MAC,2016-01-20 07:00:00,4.27,4.26,4.17,4.22,33710.0
MAC,2016-01-22 07:00:00,4.36,4.35,4.22,4.35,20900.0
MAC,2016-01-26 07:00:00,4.59,4.58,4.44,4.49,78800.0
MAC,2016-02-03 07:00:00,4.45,4.44,4.35,4.44,94900.0
MAC,2016-03-15 07:00:00,5.66,5.65,5.52,5.52,395290.0
MAC,2016-03-18 07:00:00,5.44,5.43,5.29,5.34,399037.0
MAC,2016-03-21 07:00:00,5.35,5.34,5.2,5.25,369400.0
MAC,2016-03-22 07:00:00,5.3,5.29,5.2,5.29,241607.0
MAC,2016-03-25 07:00:00,5.35,5.34,5.2,5.29,200330.0
MAC,2016-04-11 07:00:00,5.44,5.43,5.29,5.38,298901.0
MAC,2016-04-12 07:00:00,5.39,5.38,5.34,5.38,120500.0
MAC,2016-04-15 07:00:00,5.35,5.34,5.11,5.2,298430.0
MAC,2016-04-27 07:00:00,5.12,5.11,5.02,5.11,158700.0
MAC,2016-05-05 07:00:00,5.08,5.07,4.93,4.93,251459.0
MAC,2016-05-09 07:00:00,4.99,4.98,4.84,4.89,201200.0
MAC,2016-05-10 07:00:00,4.94,4.93,4.8,4.89,165283.0
MAC,2016-05-19 07:00:00,4.85,4.84,4.75,4.75,176040.0
MAC,2016-05-27 07:00:00,5.17,5.16,4.98,5.11,263346.0
MAC,2016-05-30 07:00:00,5.21,5.2,5.07,5.11,208600.0
MAC,2016-06-03 07:00:00,5.44,5.43,5.2,5.2,133178.0
MAC,2016-06-06 07:00:00,5.21,5.2,5.07,5.07,263450.0
MAC,2019-09-25 07:00:00,3.37,3.08,3.08,3.37,21.0
MBB,2019-09-04 07:00:00,6.24,6.2,6.11,6.2,3301830.0
MBT,2025-03-31 07:00:00,38.2,38.2,38.2,37.5,1.0
MCC,2015-09-29 07:00:00,9.43,9.44,9.44,9.44,100.0
MCC,2015-09-30 07:00:00,9.43,9.44,9.44,9.44,20.0
MCC,2015-10-20 07:00:00,9.43,9.44,9.44,9.44,2000.0
MCC,2015-10-21 07:00:00,9.43,9.44,9.44,9.44,100.0
MCC,2015-10-22 07:00:00,9.43,9.44,9.44,9.44,500.0
MCC,2015-10-23 07:00:00,8.53,10.08,8.55,10.08,200.0
MCC,2015-10-27 07:00:00,9.49,9.5,9.5,9.5,100.0
MCC,2015-10-30 07:00:00,9.05,9.06,9.06,9.06,100.0
MCC,2015-11-05 07:00:00,9.81,9.82,9.82,9.82,100.0
MCC,2015-11-09 07:00:00,10.57,10.59,10.59,10.59,100.0
MCC,2015-11-16 07:00:00,11.59,11.61,11.61,11.61,100.0
MCC,2015-11-17 07:00:00,12.42,12.44,12.44,12.44,100.0
MCC,2015-11-18 07:00:00,13.57,13.58,13.58,13.58,100.0
MCC,2015-11-23 07:00:00,12.23,12.24,12.24,12.24,100.0
MCC,2015-11-24 07:00:00,11.02,11.03,11.03,11.03,1100.0
MCC,2015-11-25 07:00:00,9.94,11.41,9.95,11.41,200.0
MCC,2015-11-30 07:00:00,9.3,9.31,9.31,9.31,100.0
MCC,2015-12-04 07:00:00,8.28,8.29,8.29,8.29,100.0
MCC,2015-12-11 07:00:00,7.71,7.72,7.72,7.72,100.0
MCC,2015-12-14 07:00:00,8.47,8.48,8.48,8.48,100.0
MCC,2015-12-15 07:00:00,7.9,8.29,7.91,8.29,700.0
MCC,2015-12-16 07:00:00,7.71,8.29,7.72,8.03,1500.0
MCC,2015-12-23 07:00:00,7.64,7.65,7.65,7.65,100.0
MCC,2015-12-25 07:00:00,8.28,8.29,8.29,8.29,100.0
MCC,2015-12-28 07:00:00,9.05,9.06,9.06,9.06,100.0
MCC,2015-12-30 07:00:00,8.92,8.93,8.93,8.93,100.0
MCC,2016-01-06 07:00:00,7.77,7.78,7.78,7.78,100.0
MCC,2016-01-13 07:00:00,7.83,7.84,7.84,7.84,300.0
MCC,2016-01-14 07:00:00,8.6,8.61,8.61,8.61,100.0
MCC,2016-01-18 07:00:00,7.77,7.78,7.78,7.78,100.0
MCC,2016-02-01 07:00:00,8.53,8.55,8.55,8.55,400.0
MCC,2016-02-05 07:00:00,9.36,9.37,9.37,9.37,100.0
MCC,2016-02-16 07:00:00,8.72,8.74,8.74,8.74,100.0
MCC,2016-02-18 07:00:00,7.9,7.91,7.91,7.91,100.0
MCC,2016-02-19 07:00:00,7.96,8.67,7.97,8.67,200.0
MCC,2016-02-22 07:00:00,9.49,9.5,9.5,9.5,500.0
MCC,2016-02-24 07:00:00,9.87,9.88,9.88,9.88,100.0
MCC,2016-03-08 07:00:00,9.81,9.82,9.82,9.82,600.0
MCC,2016-03-09 07:00:00,10.71,10.69,10.69,10.69,100.0
MCC,2016-03-10 07:00:00,11.72,11.69,11.69,11.69,100.0
MCC,2016-03-16 07:00:00,12.72,12.69,12.69,12.69,100.0
MCC,2016-03-17 07:00:00,13.32,13.29,13.29,13.29,100.0
MCC,2016-03-21 07:00:00,12.05,12.03,12.03,12.03,200.0
MCC,2016-03-22 07:00:00,10.85,10.82,10.82,10.82,200.0
MCC,2016-03-23 07:00:00,9.77,9.75,9.75,9.75,5000.0
MCC,2016-03-29 07:00:00,8.84,8.82,8.82,8.82,100.0
MCC,2016-04-04 07:00:00,8.24,8.22,8.22,8.22,1000.0
MCC,2016-04-06 07:00:00,9.31,9.29,8.89,8.89,2600.0
MCC,2016-04-07 07:00:00,8.5,8.48,8.35,8.35,2500.0
MCC,2016-04-11 07:00:00,9.17,9.15,9.15,9.15,1300.0
MCC,2016-04-12 07:00:00,9.37,9.35,9.35,9.35,11100.0
MCC,2016-04-14 07:00:00,10.04,10.02,9.49,9.49,7100.0
MCC,2016-04-15 07:00:00,9.51,9.49,9.49,9.49,300.0
MCC,2016-04-20 07:00:00,10.31,10.29,9.35,9.49,4800.0
MCC,2016-04-21 07:00:00,10.38,10.35,9.49,9.55,7600.0
MCC,2016-04-25 07:00:00,9.57,9.55,9.55,9.55,1050.0
MCC,2016-04-26 07:00:00,9.57,9.55,9.55,9.55,500.0
MCC,2016-04-28 07:00:00,9.98,9.95,9.62,9.62,32500.0
MCC,2016-05-10 07:00:00,12.45,12.43,11.96,12.03,40700.0
MCC,2016-05-11 07:00:00,12.18,12.16,12.09,12.09,14600.0
MCC,2016-05-12 07:00:00,12.12,12.09,10.96,10.96,7940.0
MCC,2016-05-18 07:00:00,11.85,11.82,11.16,11.76,6510.0
MCC,2016-05-20 07:00:00,11.25,11.22,10.82,10.82,29300.0
MCC,2016-05-23 07:00:00,11.78,11.76,10.82,10.82,5510.0
MCC,2016-05-25 07:00:00,11.05,11.02,10.96,10.96,35400.0
MCC,2016-05-30 07:00:00,11.38,11.36,11.29,11.36,1600.0
MCC,2016-05-31 07:00:00,11.31,11.29,11.22,11.22,3100.0
MCC,2016-06-01 07:00:00,11.25,11.22,11.16,11.16,4300.0
MCC,2016-06-02 07:00:00,11.31,11.29,10.96,10.96,2500.0
MCC,2022-06-27 07:00:00,9.49,9.49,9.49,9.77,1.0
MCC,2022-09-14 07:00:00,9.49,9.49,9.49,9.77,45.0
MCC,2022-09-15 07:00:00,9.49,9.49,9.49,9.77,19.0
MCC,2022-09-16 07:00:00,9.49,9.49,9.49,9.77,81.0
MCF,2015-09-29 07:00:00,3.93,4.5,4.14,4.5,4326.0
MCF,2015-09-30 07:00:00,4.12,4.6,4.47,4.6,200.0
MCF,2015-10-02 07:00:00,4.15,4.5,4.5,4.5,200.0
MCF,2015-10-06 07:00:00,3.75,4.53,4.07,4.53,200.0
MCF,2015-10-07 07:00:00,4.21,4.57,4.57,4.57,100.0
MCF,2015-10-12 07:00:00,4.18,4.96,4.43,4.96,1900.0
MCF,2015-10-21 07:00:00,4.12,4.57,4.47,4.47,2100.0
MCF,2015-10-22 07:00:00,4.12,4.86,4.47,4.86,1100.0
MCF,2015-10-23 07:00:00,4.12,4.66,4.4,4.66,1400.0
MCF,2015-10-30 07:00:00,4.24,4.6,4.6,4.6,100.0
MCF,2015-11-06 07:00:00,3.87,4.6,4.14,4.5,2300.0
MCF,2015-11-09 07:00:00,4.15,4.5,4.5,4.5,27.0
MCF,2015-11-11 07:00:00,3.93,4.37,4.07,4.37,2600.0
MCF,2015-11-12 07:00:00,4.12,4.47,4.47,4.47,100.0
MCF,2015-11-19 07:00:00,3.81,4.27,4.14,4.27,200.0
MCF,2015-11-20 07:00:00,3.63,4.37,3.91,4.37,2100.0
MCF,2015-11-24 07:00:00,4.0,4.53,4.34,4.53,200.0
MCF,2015-11-25 07:00:00,4.18,4.53,4.53,4.53,10000.0
MCF,2015-11-26 07:00:00,4.15,4.6,4.43,4.6,22700.0
MCF,2015-11-27 07:00:00,4.09,4.6,4.43,4.6,5100.0
MCF,2015-12-02 07:00:00,4.18,5.06,4.53,5.06,1100.0
MCF,2015-12-29 07:00:00,4.21,5.52,4.57,5.52,3900.0
MCF,2016-02-01 07:00:00,4.6,4.99,4.99,4.99,100.0
MCF,2016-02-02 07:00:00,4.15,4.5,4.5,4.5,1000.0
MCF,2016-02-05 07:00:00,3.75,4.5,4.07,4.5,200.0
MCF,2016-02-19 07:00:00,3.75,4.43,4.07,4.43,600.0
MCF,2016-02-22 07:00:00,3.69,4.43,4.01,4.43,200.0
MCF,2016-02-23 07:00:00,4.06,4.4,4.4,4.4,100.0
MCF,2016-02-24 07:00:00,4.03,4.37,4.37,4.37,500.0
MCF,2016-02-26 07:00:00,4.06,4.4,4.4,4.4,1200.0
MCF,2016-02-29 07:00:00,4.0,4.4,4.34,4.4,200.0
MCF,2016-03-01 07:00:00,3.66,4.43,3.97,4.43,707.0
MCF,2016-03-02 07:00:00,4.09,4.43,4.3,4.43,6700.0
MCF,2016-03-03 07:00:00,4.09,4.43,4.43,4.43,100.0
MCF,2016-03-04 07:00:00,4.09,4.43,4.43,4.43,30.0
MCG,2019-07-15 07:00:00,2.01,1.97,1.85,1.96,1600.0
MCG,2019-08-07 07:00:00,1.8,1.96,1.84,1.94,1440.0
MCG,2019-09-04 07:00:00,1.85,1.73,1.71,1.71,5580.0
MCG,2020-04-29 07:00:00,1.5,1.6,1.58,1.6,37210.0
MCG,2020-05-11 07:00:00,1.56,1.66,1.57,1.63,180.0
MH3,2019-10-14 07:00:00,18.46,18.51,18.27,17.79,1600.0
MH3,2019-12-17 07:00:00,20.92,20.97,20.92,20.72,9433.0
MH3,2020-01-03 07:00:00,18.98,18.98,18.6,19.15,500.0
MH3,2020-01-07 07:00:00,18.87,18.87,18.87,19.15,200.0
MH3,2020-02-18 07:00:00,18.43,18.43,18.43,18.38,1100.0
MH3,2020-04-22 07:00:00,18.0,18.49,18.49,18.49,100.0
MH3,2022-02-10 07:00:00,34.03,34.03,34.03,35.43,26.0
MH3,2023-07-20 07:00:00,26.22,26.22,26.22,29.39,40.0
MH3,2024-01-03 07:00:00,30.84,30.84,30.84,30.39,5.0
MH3,2024-03-06 07:00:00,30.8,30.8,30.8,30.62,1.0
MH3,2024-08-16 07:00:00,35.52,35.52,35.52,37.14,7.0
MH3,2024-08-21 07:00:00,42.17,42.17,42.17,42.55,2.0
MIC,2019-03-18 07:00:00,4.32,4.32,4.32,4.26,100.0
MIC,2021-02-17 07:00:00,3.55,3.55,3.55,4.19,20.0
MIC,2022-05-19 07:00:00,7.87,7.87,7.87,8.32,23.0
MIC,2022-07-15 07:00:00,7.87,7.87,7.87,7.61,101.0
MIC,2022-08-04 07:00:00,8.19,8.19,8.19,8.06,5.0
MIC,2022-09-14 07:00:00,7.55,7.55,7.55,7.42,53.0
MIC,2022-09-23 07:00:00,8.13,8.13,8.13,8.45,11.0
MIC,2023-05-17 07:00:00,7.35,7.35,7.35,7.42,14.0
MIC,2023-05-18 07:00:00,7.35,7.35,7.35,7.42,17.0
MIC,2024-04-23 07:00:00,9.48,9.48,9.48,9.68,5.0
MIC,2024-06-03 07:00:00,8.26,8.26,8.26,8.71,10.0
MIC,2024-06-05 07:00:00,8.45,8.45,8.45,8.39,1.0
MIC,2024-11-20 07:00:00,9.42,9.42,9.42,9.48,5.0
MIG,2019-12-16 07:00:00,6.3,6.3,6.3,6.25,9300.0
MIG,2020-01-03 07:00:00,5.98,6.03,5.98,6.25,17000.0
MIG,2020-01-07 07:00:00,6.25,6.25,6.25,6.19,9210.0
MIG,2020-02-07 07:00:00,6.09,6.09,6.09,6.03,60.0
MIG,2020-02-18 07:00:00,5.98,5.98,5.98,6.14,5100.0
MIG,2020-04-01 07:00:00,4.94,4.94,4.94,4.89,10.0
MML,2022-01-24 07:00:00,77.0,77.0,77.0,76.9,9.0
MML,2022-05-25 07:00:00,66.3,66.3,66.3,71.8,12.0
MML,2022-06-10 07:00:00,68.3,68.3,68.3,69.0,1.0
MML,2022-06-28 07:00:00,64.1,64.1,64.1,64.5,17.0
MML,2023-03-21 07:00:00,28.9,28.9,28.9,28.8,5.0
MML,2023-12-25 07:00:00,31.3,31.3,31.3,31.4,35.0
MML,2024-03-19 07:00:00,27.5,27.5,27.5,27.4,2.0
MPC,2019-10-09 07:00:00,9.03,9.03,8.92,8.89,87045.0
MPC,2020-02-18 07:00:00,8.31,8.31,8.31,8.63,163480.0
MSN,2019-07-15 07:00:00,66.84,66.03,64.33,64.73,679300.0
MSN,2019-08-07 07:00:00,61.98,61.9,59.63,60.6,890330.0
MTP,2019-05-27 07:00:00,7.12,7.12,7.12,7.67,6.0
MTP,2022-09-13 07:00:00,8.14,8.14,8.14,7.99,43.0
MTP,2022-10-21 07:00:00,7.53,7.53,7.53,7.23,1.0
MTP,2022-12-21 07:00:00,6.31,6.31,6.31,6.08,2.0
MTP,2023-01-03 07:00:00,7.53,7.53,7.53,7.45,1.0
MTP,2023-01-06 07:00:00,7.53,7.53,7.53,7.45,44.0
MTP,2023-02-16 07:00:00,8.29,8.29,8.29,8.37,39.0
MTP,2023-07-06 07:00:00,8.93,8.93,8.93,8.69,10.0
MTP,2023-07-10 07:00:00,8.93,8.93,8.93,8.69,5.0
MTP,2023-08-03 07:00:00,7.81,7.81,7.81,7.65,13.0
MTP,2023-08-28 07:00:00,7.81,7.81,7.81,7.89,1.0
MTP,2023-09-28 07:00:00,7.89,7.89,7.89,7.73,28.0
MTP,2024-08-12 07:00:00,10.61,10.61,10.61,10.52,1.0
NAF,2019-07-15 07:00:00,15.27,15.6,15.31,15.6,158350.0
NAF,2019-08-07 07:00:00,15.85,16.43,15.93,16.34,74210.0
NAF,2019-09-04 07:00:00,16.76,16.51,16.22,16.51,57150.0
NAS,2019-08-22 07:00:00,25.91,25.91,25.91,25.07,168.0
NAS,2020-01-16 07:00:00,31.57,31.57,31.57,31.11,6.0
NAS,2020-02-18 07:00:00,32.32,32.32,32.32,32.78,100.0
NAS,2020-11-11 07:00:00,29.99,29.99,29.99,30.92,10.0
NAS,2020-11-13 07:00:00,29.99,29.99,29.99,30.92,27.0
NAS,2021-11-11 07:00:00,32.2,32.2,32.2,32.5,9.0
NAS,2023-10-23 07:00:00,25.5,25.5,25.5,25.4,1.0
NAS,2024-04-04 07:00:00,23.9,23.9,23.9,24.1,86.0
NAS,2024-04-05 07:00:00,23.9,23.9,23.9,24.1,2.0
NAS,2024-04-09 07:00:00,23.9,23.9,23.9,24.1,22.0
NAS,2024-04-12 07:00:00,23.9,23.9,23.9,24.0,4.0
NAS,2024-04-15 07:00:00,23.9,23.9,23.9,24.0,4.0
NAS,2024-08-26 07:00:00,26.9,26.9,26.9,27.1,24.0
NAS,2024-09-12 07:00:00,40.6,40.6,40.6,40.0,70.0
NAS,2024-10-16 07:00:00,27.0,27.0,27.0,26.8,11.0
NAS,2024-10-18 07:00:00,27.0,27.0,27.0,26.8,10.0
NAS,2024-10-30 07:00:00,25.6,25.6,25.6,25.4,21.0
NAS,2024-11-06 07:00:00,26.6,26.6,26.6,26.5,1.0
NAS,2025-01-07 07:00:00,30.3,30.3,30.3,30.0,9.0
NAS,2025-01-09 07:00:00,30.3,30.3,30.3,30.0,1.0
NAS,2025-01-14 07:00:00,30.3,30.3,30.3,30.0,24.0
NAS,2025-04-17 07:00:00,32.0,32.0,32.0,31.6,20.0
ND2,2019-01-10 07:00:00,13.48,13.48,13.48,13.42,6.0
ND2,2019-01-14 07:00:00,13.42,13.42,13.42,13.48,20.0
ND2,2020-01-07 07:00:00,14.33,14.33,14.33,15.22,100.0
ND2,2020-01-20 07:00:00,14.01,14.01,14.01,14.68,15.0
ND2,2020-07-02 07:00:00,16.55,16.55,16.55,16.62,70.0
ND2,2020-08-04 07:00:00,18.05,18.05,18.05,18.75,40.0
ND2,2021-02-18 07:00:00,19.72,19.72,19.72,19.99,38.0
ND2,2021-12-10 07:00:00,20.88,20.88,20.88,21.03,10.0
ND2,2022-01-10 07:00:00,21.7,21.7,21.7,21.77,79.0
ND2,2022-04-29 07:00:00,24.13,24.13,24.13,24.06,30.0
ND2,2022-08-05 07:00:00,28.24,28.24,28.24,28.64,100.0
ND2,2022-08-18 07:00:00,28.89,28.89,28.89,29.05,57.0
ND2,2022-12-20 07:00:00,27.03,27.03,27.03,27.43,9.0
ND2,2023-06-09 07:00:00,26.44,26.44,26.44,26.6,1.0
ND2,2023-06-15 07:00:00,26.52,26.52,26.52,27.18,1.0
ND2,2024-07-24 07:00:00,31.51,31.51,31.51,31.59,1.0
ND2,2024-09-11 07:00:00,31.59,31.59,31.59,31.95,1.0
ND2,2024-09-12 07:00:00,31.59,31.59,31.59,31.95,54.0
ND2,2024-11-01 07:00:00,33.19,33.19,33.19,33.0,5.0
ND2,2024-11-06 07:00:00,34.22,34.22,34.22,34.5,16.0
ND2,2025-03-20 07:00:00,37.22,37.22,37.22,37.03,5.0
NDC,2019-12-30 07:00:00,37.81,37.81,37.81,43.44,500.0
NDC,2019-12-31 07:00:00,37.89,37.89,37.04,42.67,500.0
NDC,2020-01-02 07:00:00,39.51,39.51,39.51,42.93,100.0
NDC,2020-01-07 07:00:00,42.93,42.93,42.93,43.52,200.0
NDC,2024-10-11 07:00:00,175.99,175.99,175.99,151.04,15.0
NDC,2024-10-25 07:00:00,128.53,128.53,128.53,127.66,15.0
NDP,2019-02-27 07:00:00,22.22,22.22,22.22,25.52,5.0
NDP,2019-05-17 07:00:00,11.4,11.4,11.4,12.76,64.0
NDP,2019-06-05 07:00:00,11.4,11.4,11.4,12.76,3.0
NDP,2021-10-15 07:00:00,21.21,21.21,21.21,20.59,50.0
NDP,2021-11-01 07:00:00,21.83,21.83,21.83,21.21,1.0
NDP,2021-12-16 07:00:00,20.59,20.59,20.59,20.68,1.0
NDP,2022-03-03 07:00:00,25.96,25.96,25.96,24.68,30.0
NDT,2020-01-22 07:00:00,4.84,4.84,4.84,5.52,100.0
NDT,2020-02-18 07:00:00,4.5,4.5,4.5,4.59,700.0
NDT,2020-04-22 07:00:00,3.31,3.23,3.23,3.23,2700.0
NDT,2024-10-04 07:00:00,6.1,6.1,6.1,6.2,50.0
NDT,2024-12-24 07:00:00,5.3,5.3,5.3,5.2,17.0
NDT,2025-01-09 07:00:00,5.3,5.3,5.3,5.1,67.0
NDX,2015-09-28 07:00:00,4.35,4.14,3.96,4.03,86600.0
NDX,2015-09-29 07:00:00,4.23,4.14,3.92,3.96,211900.0
NDX,2015-09-30 07:00:00,4.19,4.07,3.85,3.96,184400.0
NDX,2015-10-01 07:00:00,4.31,4.18,3.99,4.03,399500.0
NDX,2015-10-02 07:00:00,4.43,4.18,3.96,3.96,252300.0
NDX,2015-10-05 07:00:00,4.27,4.07,3.85,3.92,139200.0
NDX,2015-10-06 07:00:00,4.19,3.99,3.85,3.96,213600.0
NDX,2015-10-07 07:00:00,4.19,4.03,3.81,3.96,201800.0
NDX,2015-10-08 07:00:00,4.19,4.03,3.85,3.99,167300.0
NDX,2015-10-09 07:00:00,4.23,4.03,3.81,3.99,321400.0
NDX,2015-10-12 07:00:00,4.23,3.99,3.81,3.96,263600.0
NDX,2015-10-13 07:00:00,4.19,3.99,3.81,3.92,190600.0
NDX,2015-10-14 07:00:00,4.15,3.99,3.81,3.92,366200.0
NDX,2015-10-16 07:00:00,4.31,4.1,3.88,4.03,179900.0
NDX,2015-10-19 07:00:00,4.23,4.03,3.92,3.99,193693.0
NDX,2015-10-20 07:00:00,4.19,3.99,3.85,3.88,115700.0
NDX,2015-10-21 07:00:00,4.11,3.92,3.85,3.88,77800.0
NDX,2015-10-22 07:00:00,4.11,3.92,3.88,3.88,40073.0
NDX,2015-10-26 07:00:00,4.23,4.03,3.96,3.99,131800.0
NDX,2015-10-27 07:00:00,4.23,4.1,3.96,4.07,115700.0
NDX,2015-10-28 07:00:00,4.31,4.18,4.07,4.1,235630.0
NDX,2015-10-29 07:00:00,4.43,4.18,3.99,4.07,104720.0
NDX,2015-10-30 07:00:00,4.35,4.1,3.99,3.99,31600.0
NDX,2015-11-02 07:00:00,4.27,4.03,3.96,3.96,66600.0
NDX,2015-11-03 07:00:00,4.19,3.99,3.92,3.99,121600.0
NDX,2015-11-04 07:00:00,4.27,4.07,3.92,3.92,115100.0
NDX,2015-11-05 07:00:00,4.19,4.03,3.92,3.96,91900.0
NDX,2015-11-06 07:00:00,4.27,4.07,3.99,4.03,177200.0
NDX,2015-11-09 07:00:00,4.19,4.1,3.88,4.03,68123.0
NDX,2015-11-10 07:00:00,4.31,4.1,3.99,4.03,114600.0
NDX,2015-11-11 07:00:00,4.23,4.03,3.96,3.99,84900.0
NDX,2015-11-12 07:00:00,4.23,4.03,3.88,3.99,120500.0
NDX,2015-11-13 07:00:00,4.27,4.03,3.92,3.92,104900.0
NDX,2015-11-16 07:00:00,4.15,3.92,3.88,3.88,75100.0
NDX,2015-11-17 07:00:00,4.11,3.99,3.88,3.96,84100.0
NDX,2015-11-18 07:00:00,4.19,4.03,3.96,3.99,130400.0
NDX,2015-11-19 07:00:00,4.27,4.07,4.03,4.03,177200.0
NDX,2015-11-20 07:00:00,4.31,4.1,3.99,4.03,87800.0
NDX,2015-11-23 07:00:00,4.31,4.25,4.03,4.07,216700.0
NDX,2015-11-24 07:00:00,4.43,4.25,4.03,4.03,191000.0
NDX,2015-11-25 07:00:00,4.44,4.27,4.03,4.11,148800.0
NDX,2015-11-26 07:00:00,4.27,4.11,3.99,4.03,73700.0
NDX,2015-11-27 07:00:00,4.35,4.11,3.95,3.95,78300.0
NDX,2015-11-30 07:00:00,4.23,3.99,3.79,3.79,101100.0
NDX,2015-12-01 07:00:00,3.97,3.91,3.75,3.75,85700.0
NDX,2015-12-02 07:00:00,4.27,4.03,3.79,3.83,100800.0
NDX,2015-12-03 07:00:00,4.18,3.95,3.79,3.83,76300.0
NDX,2015-12-04 07:00:00,4.06,3.87,3.75,3.83,79900.0
NDX,2015-12-07 07:00:00,4.01,3.87,3.75,3.79,64500.0
NDX,2015-12-08 07:00:00,4.06,3.83,3.75,3.79,72000.0
NDX,2015-12-09 07:00:00,4.06,3.83,3.75,3.75,78700.0
NDX,2015-12-10 07:00:00,4.01,3.79,3.71,3.75,51500.0
NDX,2015-12-11 07:00:00,4.01,3.79,3.71,3.75,57500.0
NDX,2015-12-14 07:00:00,3.97,3.83,3.75,3.79,104100.0
NDX,2015-12-15 07:00:00,4.01,3.87,3.71,3.79,200800.0
NDX,2015-12-16 07:00:00,4.06,3.95,3.75,3.83,350700.0
NDX,2015-12-17 07:00:00,4.06,3.95,3.75,3.83,168900.0
NDX,2015-12-21 07:00:00,4.06,3.87,3.75,3.79,114800.0
NDX,2015-12-22 07:00:00,4.01,3.83,3.71,3.75,124000.0
NDX,2015-12-23 07:00:00,3.97,3.79,3.67,3.71,123900.0
NDX,2015-12-24 07:00:00,3.93,3.79,3.67,3.75,185800.0
NDX,2015-12-25 07:00:00,3.97,3.83,3.67,3.75,202300.0
NDX,2015-12-28 07:00:00,3.97,3.79,3.71,3.75,182000.0
NDX,2015-12-29 07:00:00,4.01,3.79,3.71,3.71,28500.0
NDX,2015-12-30 07:00:00,3.97,3.79,3.71,3.75,70300.0
NDX,2015-12-31 07:00:00,4.01,3.79,3.71,3.75,76100.0
NDX,2016-01-04 07:00:00,4.01,3.83,3.75,3.75,246600.0
NDX,2016-01-05 07:00:00,3.97,3.83,3.75,3.75,219800.0
NDX,2016-01-07 07:00:00,4.23,4.03,3.79,3.83,187300.0
NDX,2016-01-08 07:00:00,4.06,3.83,3.75,3.75,155100.0
NDX,2016-01-11 07:00:00,4.01,3.87,3.75,3.75,109400.0
NDX,2016-01-12 07:00:00,4.06,3.87,3.71,3.79,107400.0
NDX,2016-01-13 07:00:00,4.06,3.83,3.75,3.75,86400.0
NDX,2016-01-14 07:00:00,3.97,3.79,3.67,3.71,87800.0
NDX,2016-01-15 07:00:00,3.97,3.75,3.63,3.63,123600.0
NDX,2016-01-18 07:00:00,3.84,3.67,3.43,3.47,111500.0
NDX,2016-01-19 07:00:00,3.76,3.59,3.47,3.47,9900.0
NDX,2016-01-20 07:00:00,3.8,3.63,3.55,3.59,46100.0
NDX,2016-01-21 07:00:00,3.76,3.67,3.51,3.55,43100.0
NDX,2016-01-22 07:00:00,3.84,3.63,3.51,3.55,54300.0
NDX,2016-01-25 07:00:00,3.84,3.67,3.55,3.63,134900.0
NDX,2016-01-26 07:00:00,3.89,3.67,3.55,3.55,114600.0
NDX,2016-01-27 07:00:00,3.89,3.67,3.59,3.59,92000.0
NDX,2016-01-28 07:00:00,3.84,3.63,3.55,3.59,64400.0
NDX,2016-01-29 07:00:00,3.8,3.59,3.51,3.51,61900.0
NDX,2016-02-01 07:00:00,3.84,3.63,3.51,3.51,123200.0
NDX,2016-02-02 07:00:00,3.76,3.63,3.51,3.51,95800.0
NDX,2016-02-03 07:00:00,3.76,3.59,3.51,3.51,79900.0
NDX,2016-02-04 07:00:00,3.76,3.59,3.51,3.59,118800.0
NDX,2016-02-05 07:00:00,3.84,3.67,3.59,3.59,51000.0
NDX,2016-02-15 07:00:00,3.93,3.71,3.63,3.63,19400.0
NDX,2016-02-16 07:00:00,3.84,3.63,3.55,3.59,40100.0
NDX,2016-02-17 07:00:00,3.84,3.63,3.59,3.59,101400.0
NDX,2016-02-18 07:00:00,3.84,3.63,3.55,3.59,62300.0
NDX,2016-02-19 07:00:00,3.84,3.63,3.55,3.63,112800.0
NDX,2016-02-22 07:00:00,3.84,3.63,3.55,3.63,111400.0
NDX,2016-02-23 07:00:00,3.84,3.63,3.51,3.55,115000.0
NDX,2016-02-24 07:00:00,3.8,3.59,3.51,3.55,66200.0
NDX,2016-02-25 07:00:00,3.76,3.59,3.51,3.55,105500.0
NDX,2016-02-26 07:00:00,3.76,3.55,3.51,3.55,68100.0
NDX,2016-02-29 07:00:00,3.76,3.59,3.51,3.51,72700.0
NDX,2016-03-01 07:00:00,3.76,3.55,3.51,3.51,75100.0
NDX,2016-03-02 07:00:00,3.71,3.55,3.51,3.55,92800.0
NDX,2016-03-03 07:00:00,3.8,3.63,3.51,3.55,118300.0
NDX,2016-03-04 07:00:00,3.76,3.59,3.51,3.55,68700.0
NDX,2016-03-07 07:00:00,3.76,3.59,3.51,3.51,69900.0
NDX,2016-03-08 07:00:00,3.71,3.51,3.47,3.51,50600.0
NDX,2016-03-09 07:00:00,3.71,3.59,3.47,3.51,73100.0
NDX,2016-03-10 07:00:00,3.76,3.55,3.47,3.47,73700.0
NDX,2016-03-11 07:00:00,3.71,3.55,3.47,3.51,138050.0
NDX,2016-03-14 07:00:00,3.71,3.55,3.47,3.51,62900.0
NDX,2016-03-15 07:00:00,3.71,3.51,3.43,3.51,98800.0
NDX,2016-03-16 07:00:00,3.71,3.55,3.47,3.51,77900.0
NDX,2016-03-17 07:00:00,3.71,3.63,3.47,3.55,164800.0
NDX,2016-03-18 07:00:00,3.84,3.63,3.55,3.59,93300.0
NDX,2016-03-21 07:00:00,3.8,3.63,3.59,3.59,80900.0
NDX,2016-03-22 07:00:00,3.84,3.63,3.55,3.55,64100.0
NDX,2016-03-23 07:00:00,3.8,3.59,3.51,3.51,104800.0
NDX,2016-03-24 07:00:00,3.71,3.51,3.47,3.47,74300.0
NDX,2016-03-25 07:00:00,3.67,3.47,3.43,3.43,95200.0
NDX,2016-03-28 07:00:00,3.63,3.47,3.43,3.43,29700.0
NDX,2016-03-29 07:00:00,3.63,3.47,3.43,3.47,58300.0
NDX,2016-03-30 07:00:00,3.67,3.47,3.43,3.47,84300.0
NDX,2016-03-31 07:00:00,3.63,3.51,3.43,3.43,78700.0
NDX,2016-04-01 07:00:00,3.63,3.47,3.43,3.47,24500.0
NDX,2016-04-04 07:00:00,3.63,3.47,3.39,3.47,60100.0
NDX,2016-04-05 07:00:00,3.63,3.43,3.35,3.35,6500.0
NDX,2016-04-06 07:00:00,3.63,3.47,3.43,3.47,1100.0
NDX,2016-04-07 07:00:00,3.63,3.51,3.39,3.51,88200.0
NDX,2016-04-08 07:00:00,3.54,3.51,3.35,3.43,16600.0
NDX,2016-04-11 07:00:00,3.67,3.51,3.47,3.51,8100.0
NDX,2016-04-12 07:00:00,3.59,3.47,3.39,3.47,35800.0
NDX,2016-04-13 07:00:00,3.63,3.43,3.43,3.43,10000.0
NDX,2016-04-14 07:00:00,3.63,3.47,3.43,3.47,7100.0
NDX,2016-04-15 07:00:00,3.67,3.47,3.47,3.47,20500.0
NDX,2016-04-19 07:00:00,3.67,3.47,3.43,3.43,72400.0
NDX,2016-04-20 07:00:00,3.63,3.47,3.43,3.43,46900.0
NDX,2016-04-22 07:00:00,3.76,3.75,3.55,3.75,134500.0
NDX,2016-04-25 07:00:00,4.01,3.79,3.63,3.71,47900.0
NDX,2016-04-26 07:00:00,3.89,3.71,3.63,3.71,51200.0
NDX,2016-04-27 07:00:00,3.93,3.71,3.43,3.55,75400.0
NDX,2016-04-28 07:00:00,3.84,3.63,3.22,3.47,40900.0
NDX,2016-05-04 07:00:00,3.8,3.63,3.43,3.63,44100.0
NDX,2016-05-05 07:00:00,3.8,3.59,3.47,3.59,31700.0
NDX,2016-05-06 07:00:00,3.8,3.59,3.51,3.59,29200.0
NDX,2016-05-09 07:00:00,3.76,3.55,3.51,3.51,43900.0
NDX,2016-05-10 07:00:00,3.67,3.55,3.47,3.55,44400.0
NDX,2016-05-11 07:00:00,3.76,3.67,3.55,3.59,74400.0
NDX,2016-05-12 07:00:00,3.84,3.63,3.26,3.59,56500.0
NDX,2016-05-13 07:00:00,3.8,3.59,3.47,3.47,34100.0
NDX,2016-05-16 07:00:00,3.76,3.59,3.51,3.59,35500.0
NDX,2016-05-17 07:00:00,3.89,3.71,3.59,3.59,36500.0
NDX,2016-05-18 07:00:00,3.84,3.63,3.55,3.55,63500.0
NDX,2016-05-19 07:00:00,3.8,3.59,3.55,3.59,56400.0
NDX,2016-05-20 07:00:00,3.8,3.59,3.55,3.59,47100.0
NDX,2016-05-23 07:00:00,3.84,3.63,3.35,3.55,31000.0
NDX,2016-05-24 07:00:00,3.8,3.67,3.59,3.67,63200.0
NDX,2016-05-25 07:00:00,3.89,3.67,3.63,3.63,32100.0
NDX,2016-05-26 07:00:00,3.89,3.67,3.59,3.59,74100.0
NDX,2016-05-27 07:00:00,3.8,3.63,3.47,3.63,40700.0
NDX,2016-05-30 07:00:00,3.84,3.63,3.47,3.59,37600.0
NDX,2016-05-31 07:00:00,3.8,3.63,3.55,3.63,47200.0
NDX,2016-06-01 07:00:00,3.84,3.63,3.59,3.59,48400.0
NDX,2016-06-02 07:00:00,3.8,3.59,3.55,3.59,36000.0
NDX,2016-06-03 07:00:00,3.8,3.67,3.59,3.67,73000.0
NDX,2016-06-06 07:00:00,3.93,3.71,3.71,3.71,43300.0
NDX,2016-06-08 07:00:00,4.06,3.99,3.83,3.91,120800.0
NDX,2016-06-09 07:00:00,4.18,3.99,3.91,3.99,65400.0
NDX,2016-06-10 07:00:00,4.23,3.99,3.95,3.99,97200.0
NDX,2016-06-14 07:00:00,4.57,4.55,4.27,4.55,74800.0
NDX,2016-06-15 07:00:00,4.74,4.59,4.43,4.55,50900.0
NDX,2016-06-16 07:00:00,4.78,4.55,4.23,4.51,40800.0
NDX,2016-06-17 07:00:00,4.7,4.47,4.19,4.39,61400.0
NDX,2016-06-20 07:00:00,4.61,4.39,4.11,4.39,77400.0
NDX,2016-06-21 07:00:00,4.61,4.43,4.23,4.43,53200.0
NDX,2016-06-22 07:00:00,4.61,4.47,4.23,4.43,59200.0
NDX,2016-06-23 07:00:00,4.65,4.47,4.35,4.35,50800.0
NDX,2016-06-24 07:00:00,4.65,4.39,4.07,4.31,79810.0
NDX,2016-06-27 07:00:00,5.0,4.72,4.59,4.59,25300.0
NDX,2016-06-28 07:00:00,4.74,4.47,4.35,4.39,27600.0
NDX,2016-06-29 07:00:00,4.65,4.39,4.15,4.31,21600.0
NDX,2016-06-30 07:00:00,4.53,4.27,4.19,4.19,40100.0
NDX,2016-07-01 07:00:00,4.61,4.39,4.23,4.31,40000.0
NDX,2020-01-09 07:00:00,8.11,8.18,8.18,8.18,3000.0
NFC,2024-06-03 07:00:00,13.11,13.11,13.11,14.53,1.0
NFC,2024-06-04 07:00:00,13.11,13.11,13.11,14.53,19.0
NHT,2019-01-07 07:00:00,9.75,9.75,9.75,9.77,28.0
NHT,2019-02-18 07:00:00,10.16,10.16,10.16,10.13,1.0
NHT,2019-02-22 07:00:00,10.16,10.16,10.16,10.13,25.0
NHT,2019-03-05 07:00:00,10.16,10.16,10.16,10.13,25.0
NHT,2019-03-11 07:00:00,12.42,12.42,12.42,12.18,10.0
NHT,2019-06-27 07:00:00,16.02,16.02,16.02,15.89,5.0
NHT,2019-07-31 07:00:00,20.8,20.8,20.8,20.61,112.0
NHT,2019-09-03 07:00:00,23.07,23.07,23.07,22.29,70.0
NHT,2019-11-14 07:00:00,19.87,19.87,19.87,18.74,20.0
NHT,2019-11-15 07:00:00,19.87,19.87,19.87,18.74,100.0
NHT,2019-12-05 07:00:00,21.09,21.09,21.09,18.74,2100.0
NHT,2019-12-16 07:00:00,18.17,18.17,18.17,18.04,2800.0
NHT,2020-01-22 07:00:00,16.56,16.56,16.56,19.25,400.0
NHT,2020-09-28 07:00:00,13.75,13.75,13.75,13.5,22.0
NJC,2023-04-20 07:00:00,13.52,13.52,13.52,13.32,2.0
NJC,2023-06-30 07:00:00,12.87,12.87,12.87,12.8,2.0
NLG,2019-08-07 07:00:00,18.53,18.87,18.59,18.83,914340.0
NLG,2019-09-04 07:00:00,20.19,18.99,18.63,18.89,503410.0
NNT,2024-10-02 07:00:00,49.35,49.35,49.35,49.99,3.0
NNT,2025-03-26 07:00:00,59.16,59.16,59.16,60.53,10.0
NNT,2025-04-18 07:00:00,57.53,57.53,57.53,57.44,1.0
NSC,2019-08-07 07:00:00,61.76,61.69,60.72,61.69,60.0
NSC,2019-09-04 07:00:00,62.81,60.99,59.32,60.99,100.0
NSG,2019-01-03 07:00:00,12.3,12.3,12.3,12.8,90.0
NSG,2019-12-30 07:00:00,9.5,9.5,9.5,13.0,300.0
NSG,2020-01-09 07:00:00,14.5,14.5,14.5,16.0,100.0
NSG,2020-02-18 07:00:00,15.1,15.1,15.1,12.9,100.0
NSG,2021-04-14 07:00:00,8.9,8.9,8.9,9.0,10.0
NSG,2024-09-06 07:00:00,10.3,10.3,10.3,10.0,4.0
NTF,2019-12-17 07:00:00,16.16,16.16,16.16,18.18,2800.0
NTF,2024-12-04 07:00:00,12.37,12.37,12.37,13.54,2.0
NTF,2024-12-05 07:00:00,12.37,12.37,12.37,13.54,53.0
NTH,2020-01-09 07:00:00,16.74,16.63,16.63,16.63,1200.0
NTH,2025-01-10 07:00:00,47.56,47.56,47.56,48.46,10.0
NTH,2025-01-13 07:00:00,47.56,47.56,47.56,48.46,69.0
NUE,2024-02-26 07:00:00,7.09,7.09,7.09,7.01,63.0
NUE,2024-06-14 07:00:00,9.4,9.4,9.4,9.92,22.0
NUE,2024-08-15 07:00:00,8.32,8.32,8.32,8.04,5.0
NUE,2024-09-20 07:00:00,8.32,8.32,8.32,8.04,2.0
NUE,2024-10-11 07:00:00,8.51,8.51,8.51,8.69,10.0
NUE,2024-11-06 07:00:00,8.78,8.78,8.78,8.69,1.0
NUE,2025-01-14 07:00:00,9.98,9.98,9.98,9.8,3.0
NVL,2019-07-15 07:00:00,34.24,34.13,33.41,33.52,421920.0
OIL,2019-12-05 07:00:00,9.01,9.19,8.91,8.82,129600.0
OIL,2019-12-30 07:00:00,7.61,7.61,7.52,7.43,95900.0
OIL,2020-02-18 07:00:00,6.59,6.59,6.59,6.5,198400.0
OIL,2020-06-12 07:00:00,7.89,7.98,7.52,8.08,1786784.0
ONE,2015-09-28 07:00:00,5.8,4.69,4.69,4.69,7000.0
ONE,2015-09-29 07:00:00,5.69,4.69,4.6,4.69,7213.0
ONE,2015-10-01 07:00:00,5.8,5.16,4.69,4.88,8100.0
ONE,2015-10-02 07:00:00,5.74,5.02,4.65,5.02,10105.0
ONE,2015-10-05 07:00:00,5.86,4.79,4.74,4.79,5400.0
ONE,2015-10-06 07:00:00,6.09,4.93,4.79,4.83,7900.0
ONE,2015-10-08 07:00:00,5.86,4.79,4.74,4.79,4400.0
ONE,2015-10-12 07:00:00,5.8,4.83,4.69,4.83,4700.0
ONE,2015-10-13 07:00:00,5.98,4.83,4.83,4.83,200.0
ONE,2015-10-14 07:00:00,5.92,4.79,4.79,4.79,4000.0
ONE,2015-10-15 07:00:00,5.86,5.07,4.74,5.07,6300.0
ONE,2015-10-16 07:00:00,6.09,4.93,4.74,4.74,3900.0
ONE,2015-10-21 07:00:00,5.51,4.46,4.46,4.46,2010.0
ONE,2015-10-22 07:00:00,5.51,4.69,4.46,4.69,4600.0
ONE,2015-10-26 07:00:00,5.8,4.83,4.69,4.83,2100.0
ONE,2015-10-27 07:00:00,5.8,4.69,4.69,4.69,5900.0
ONE,2015-10-28 07:00:00,5.8,4.69,4.69,4.69,4000.0
ONE,2015-10-29 07:00:00,5.8,4.69,4.65,4.69,13000.0
ONE,2015-10-30 07:00:00,5.69,4.6,4.6,4.6,3200.0
ONE,2015-11-04 07:00:00,5.69,4.69,4.41,4.69,1500.0
ONE,2015-11-05 07:00:00,5.63,4.69,4.41,4.69,9100.0
ONE,2015-11-06 07:00:00,5.69,4.6,4.6,4.6,100.0
ONE,2015-11-09 07:00:00,5.51,4.46,4.46,4.46,800.0
ONE,2015-11-10 07:00:00,5.45,4.65,4.41,4.65,1133.0
ONE,2015-11-11 07:00:00,5.74,4.65,4.65,4.65,4800.0
ONE,2015-11-12 07:00:00,5.74,4.69,4.65,4.69,6400.0
ONE,2015-11-13 07:00:00,5.8,4.69,4.69,4.69,100.0
ONE,2015-11-18 07:00:00,5.8,4.69,4.22,4.46,4100.0
ONE,2015-11-19 07:00:00,5.92,4.79,4.79,4.79,110.0
ONE,2015-11-20 07:00:00,5.92,4.79,4.79,4.79,600.0
ONE,2015-11-24 07:00:00,4.8,4.79,4.79,4.79,20.0
ONE,2015-11-25 07:00:00,5.57,4.51,4.51,4.51,200.0
ONE,2015-11-26 07:00:00,5.57,4.51,4.51,4.51,2000.0
ONE,2015-11-27 07:00:00,5.57,4.51,4.51,4.51,500.0
ONE,2015-11-30 07:00:00,5.51,4.69,4.46,4.69,1100.0
ONE,2015-12-01 07:00:00,5.51,4.46,4.46,4.46,1000.0
ONE,2015-12-03 07:00:00,5.45,4.46,4.32,4.32,2100.0
ONE,2015-12-08 07:00:00,5.34,4.32,4.32,4.32,1400.0
ONE,2015-12-15 07:00:00,5.8,4.69,4.69,4.69,110.0
ONE,2015-12-16 07:00:00,5.34,4.69,4.32,4.69,12109.0
ONE,2015-12-18 07:00:00,5.22,4.22,4.22,4.22,10700.0
ONE,2015-12-22 07:00:00,5.74,4.65,4.65,4.65,2367.0
ONE,2015-12-23 07:00:00,5.74,4.65,4.46,4.46,2500.0
ONE,2015-12-24 07:00:00,5.4,4.36,4.32,4.32,9100.0
ONE,2015-12-25 07:00:00,5.69,4.6,4.6,4.6,100.0
ONE,2015-12-28 07:00:00,5.22,4.46,4.22,4.46,3600.0
ONE,2015-12-29 07:00:00,5.22,4.51,4.22,4.51,700.0
ONE,2015-12-31 07:00:00,5.57,4.83,4.51,4.83,1071.0
ONE,2016-01-04 07:00:00,5.86,4.74,4.46,4.46,1000.0
ONE,2016-01-05 07:00:00,5.22,4.36,4.22,4.22,3000.0
ONE,2016-01-07 07:00:00,5.22,4.64,3.86,4.64,15100.0
ONE,2016-01-08 07:00:00,4.7,4.22,4.17,4.22,5000.0
ONE,2016-01-11 07:00:00,4.93,4.38,4.38,4.38,100.0
ONE,2016-01-12 07:00:00,4.64,4.38,4.12,4.38,2100.0
ONE,2016-01-13 07:00:00,5.05,4.58,4.43,4.43,13600.0
ONE,2016-01-14 07:00:00,5.11,4.53,4.53,4.53,200.0
ONE,2016-01-15 07:00:00,4.93,4.53,4.38,4.53,3200.0
ONE,2016-01-18 07:00:00,4.64,4.58,4.12,4.58,2100.0
ONE,2016-01-19 07:00:00,5.22,4.64,4.64,4.64,2500.0
ONE,2016-01-20 07:00:00,4.87,4.58,4.22,4.58,19000.0
ONE,2016-01-21 07:00:00,4.76,4.53,4.22,4.38,6800.0
ONE,2016-01-22 07:00:00,4.93,4.38,4.12,4.17,6800.0
ONE,2016-01-25 07:00:00,4.87,4.33,4.33,4.33,1100.0
ONE,2016-01-27 07:00:00,4.93,4.38,4.38,4.38,1300.0
ONE,2016-01-28 07:00:00,4.7,4.38,4.17,4.38,4750.0
ONE,2016-01-29 07:00:00,5.4,4.79,4.12,4.58,4200.0
ONE,2016-02-01 07:00:00,5.28,4.69,4.58,4.58,16900.0
ONE,2016-02-02 07:00:00,5.22,4.64,4.58,4.64,2000.0
ONE,2016-02-03 07:00:00,5.22,4.64,4.28,4.48,24294.0
ONE,2016-02-04 07:00:00,5.11,4.53,4.53,4.53,1740.0
ONE,2016-02-05 07:00:00,5.11,4.53,4.53,4.53,1000.0
ONE,2016-02-15 07:00:00,5.11,4.53,4.53,4.53,1000.0
ONE,2016-02-16 07:00:00,5.51,4.89,4.79,4.89,1000.0
ONE,2016-02-19 07:00:00,5.22,4.64,4.53,4.53,2000.0
ONE,2016-02-22 07:00:00,5.28,4.69,4.64,4.64,300.0
ONE,2016-02-23 07:00:00,5.34,4.89,4.64,4.64,2200.0
ONE,2016-02-24 07:00:00,5.4,4.79,4.64,4.64,220.0
ONE,2016-02-25 07:00:00,5.4,4.79,4.69,4.69,505.0
ONE,2016-02-26 07:00:00,5.4,4.79,4.38,4.69,300.0
ONE,2016-02-29 07:00:00,5.22,4.64,4.64,4.64,10600.0
ONE,2016-03-01 07:00:00,4.66,4.64,4.64,4.64,18.0
ONE,2016-03-02 07:00:00,5.11,4.64,4.53,4.64,1300.0
ONE,2016-03-04 07:00:00,5.16,4.58,4.58,4.58,5000.0
ONE,2016-03-07 07:00:00,5.63,5.0,4.64,5.0,1200.0
ONE,2016-03-09 07:00:00,5.63,5.0,4.89,5.0,1800.0
ONE,2016-03-10 07:00:00,5.22,4.69,4.64,4.69,2100.0
ONE,2016-03-18 07:00:00,4.71,4.69,4.69,4.69,7.0
ONE,2016-03-21 07:00:00,4.87,4.84,4.84,4.84,548.0
ONE,2016-03-24 07:00:00,5.13,5.1,5.1,5.1,50.0
ONE,2016-03-25 07:00:00,4.66,4.64,4.64,4.64,2000.0
ONE,2016-03-28 07:00:00,4.66,4.64,4.64,4.64,1900.0
ONE,2016-03-29 07:00:00,4.92,4.89,4.89,4.89,100.0
ONE,2016-03-30 07:00:00,4.92,4.89,4.89,4.89,20.0
ONE,2016-03-31 07:00:00,4.56,4.53,4.53,4.53,6500.0
ONE,2016-04-08 07:00:00,4.66,4.64,4.64,4.64,1450.0
ONE,2016-04-12 07:00:00,4.61,4.58,4.53,4.53,3050.0
ONE,2016-04-13 07:00:00,4.56,4.53,4.33,4.53,9154.0
ONE,2016-04-15 07:00:00,4.66,4.64,4.64,4.64,900.0
ONE,2016-04-20 07:00:00,4.56,4.53,4.53,4.53,1700.0
ONE,2016-04-21 07:00:00,4.61,4.58,4.58,4.58,144.0
ONE,2016-04-26 07:00:00,4.61,4.58,4.58,4.58,17.0
ONE,2016-05-05 07:00:00,4.4,4.38,4.38,4.38,2573.0
ONE,2016-05-06 07:00:00,4.51,4.48,4.48,4.48,104.0
ONE,2016-05-09 07:00:00,4.46,4.43,4.38,4.38,700.0
ONE,2016-05-12 07:00:00,4.46,4.43,4.43,4.43,900.0
ONE,2016-05-13 07:00:00,4.46,4.43,4.43,4.43,5100.0
ONE,2016-05-16 07:00:00,4.46,4.43,4.43,4.43,1522.0
ONE,2016-05-17 07:00:00,4.61,4.58,4.58,4.58,122.0
ONE,2016-05-20 07:00:00,4.46,4.43,4.43,4.43,1500.0
ONE,2016-05-23 07:00:00,4.4,4.38,4.38,4.38,526.0
ONE,2016-05-24 07:00:00,4.61,4.58,4.58,4.58,537.0
ONE,2016-05-26 07:00:00,4.61,4.58,4.43,4.58,4600.0
ONE,2016-05-30 07:00:00,4.61,4.58,4.58,4.58,80.0
ONE,2016-06-03 07:00:00,4.56,4.53,4.43,4.48,15700.0
ONE,2016-06-06 07:00:00,4.61,4.58,4.58,4.58,292.0
ONE,2016-06-09 07:00:00,4.56,4.53,4.53,4.53,100.0
ONE,2016-06-13 07:00:00,4.71,4.69,4.58,4.58,14228.0
PAP,2022-04-04 07:00:00,15.9,15.9,15.9,15.8,3.0
PAP,2023-10-25 07:00:00,13.6,13.6,13.6,13.7,4.0
PAP,2023-10-30 07:00:00,13.6,13.6,13.6,13.7,4.0
PAP,2023-11-08 07:00:00,14.4,14.4,14.4,14.3,4.0
PAP,2023-11-10 07:00:00,14.4,14.4,14.4,14.3,10.0
PAP,2023-11-13 07:00:00,14.4,14.4,14.4,14.3,1.0
PAP,2024-04-09 07:00:00,23.1,23.1,23.1,23.0,1.0
PAP,2024-05-29 07:00:00,15.8,15.8,15.8,20.2,21.0
PAP,2024-12-03 07:00:00,24.3,24.3,24.3,24.2,6.0
PBC,2019-12-05 07:00:00,15.7,15.7,15.7,14.8,1600.0
PBC,2019-12-17 07:00:00,15.88,15.88,15.88,13.72,1000.0
PBC,2019-12-19 07:00:00,15.34,15.34,15.34,13.1,100.0
PBC,2019-12-30 07:00:00,17.49,17.49,17.49,18.3,200.0
PBC,2020-01-07 07:00:00,18.21,18.21,18.21,20.9,1000.0
PBC,2023-01-27 07:00:00,13.6,13.6,13.6,13.78,24.0
PC1,2019-08-07 07:00:00,6.64,6.44,6.24,6.24,314990.0
PC1,2026-01-16 07:00:00,25.8,25.85,24.7,24.6,5156800.0
PCC,2019-05-15 07:00:00,8.86,8.86,8.86,8.74,30.0
PCC,2019-12-31 07:00:00,7.16,7.16,7.16,7.29,2000.0
PCC,2020-01-07 07:00:00,7.49,7.49,7.49,7.42,100.0
PCC,2020-07-13 07:00:00,13.75,13.75,13.75,12.09,10.0
PCC,2020-12-15 07:00:00,11.18,11.18,11.18,11.46,29.0
PCC,2023-05-04 07:00:00,10.37,10.37,10.37,10.21,2.0
PCC,2023-12-08 07:00:00,16.41,16.41,16.41,16.5,50.0
PCC,2024-04-16 07:00:00,19.08,19.08,19.08,17.57,10.0
PCC,2024-07-03 07:00:00,20.24,20.24,20.24,20.78,10.0
PCC,2024-07-05 07:00:00,20.24,20.24,20.24,20.78,16.0
PCC,2024-07-08 07:00:00,20.24,20.24,20.24,20.78,4.0
PCC,2024-07-17 07:00:00,22.38,22.38,22.38,22.74,10.0
PCC,2024-07-24 07:00:00,21.67,21.67,21.67,21.93,6.0
PCC,2024-11-01 07:00:00,25.41,25.41,25.41,26.82,7.0
PCC,2024-11-05 07:00:00,25.41,25.41,25.41,26.82,3.0
PCC,2024-11-07 07:00:00,25.41,25.41,25.41,26.82,2.0
PCC,2024-11-28 07:00:00,24.75,24.75,24.75,24.47,1.0
PCC,2024-12-05 07:00:00,24.38,24.38,24.38,29.18,1.0
PCM,2019-12-05 07:00:00,10.74,10.74,10.74,11.23,1500.0
PCM,2022-03-28 07:00:00,13.5,13.5,13.5,13.6,20.0
PCM,2023-08-08 07:00:00,12.4,12.4,12.4,12.2,7.0
PCM,2024-04-01 07:00:00,12.9,12.9,12.9,13.0,96.0
PCM,2025-01-07 07:00:00,13.3,13.3,13.3,13.2,3.0
PCT,2015-12-10 07:00:00,7.86,8.65,8.65,8.65,10.0
PCT,2015-12-11 07:00:00,7.86,8.65,8.65,8.65,4.0
PCT,2016-03-10 07:00:00,6.9,7.59,7.59,7.59,100.0
PCT,2016-03-11 07:00:00,6.35,7.21,6.98,7.21,2000.0
PCT,2016-03-15 07:00:00,6.9,7.59,7.59,7.59,100.0
PCT,2016-03-16 07:00:00,6.21,7.21,6.83,7.21,6500.0
PCT,2016-03-17 07:00:00,6.28,7.14,6.91,7.14,18500.0
PCT,2016-03-18 07:00:00,6.9,7.59,7.59,7.59,100.0
PCT,2016-03-21 07:00:00,6.21,7.21,6.83,7.21,20600.0
PCT,2016-03-22 07:00:00,6.21,6.83,6.53,6.6,3900.0
PCT,2016-03-23 07:00:00,6.41,7.06,7.06,7.06,19300.0
PCT,2016-03-25 07:00:00,6.0,6.83,6.6,6.83,400.0
PCT,2016-03-29 07:00:00,6.21,6.83,6.83,6.83,2700.0
PCT,2016-03-30 07:00:00,5.86,6.45,6.45,6.45,22000.0
PCT,2016-03-31 07:00:00,6.21,6.83,6.45,6.76,20200.0
PCT,2016-04-01 07:00:00,5.72,6.76,6.3,6.76,4100.0
PCT,2016-04-04 07:00:00,6.48,7.14,7.14,7.14,100.0
PCT,2016-04-05 07:00:00,6.41,7.06,6.76,7.06,6100.0
PCT,2016-04-07 07:00:00,6.21,6.83,6.83,6.83,1000.0
PCT,2016-04-11 07:00:00,6.62,7.29,7.29,7.29,200.0
PCT,2016-04-12 07:00:00,6.0,7.29,6.6,7.29,31700.0
PCT,2016-04-13 07:00:00,6.41,7.06,7.06,7.06,100.0
PCT,2016-04-14 07:00:00,6.34,6.98,6.98,6.98,100.0
PCT,2016-04-19 07:00:00,6.35,6.98,6.45,6.53,55000.0
PCT,2016-04-20 07:00:00,5.79,6.53,6.38,6.53,16000.0
PCT,2016-04-21 07:00:00,5.79,7.14,6.38,7.14,300.0
PCT,2016-04-22 07:00:00,5.86,6.53,6.45,6.53,5900.0
PCT,2016-04-25 07:00:00,6.14,6.83,6.76,6.83,10000.0
PCT,2016-04-26 07:00:00,6.28,6.91,6.68,6.91,1400.0
PCT,2016-04-27 07:00:00,6.28,6.91,6.6,6.6,9600.0
PCT,2016-04-28 07:00:00,6.0,7.14,6.6,7.14,32700.0
PCT,2016-04-29 07:00:00,6.83,7.74,7.06,7.59,6500.0
PCT,2016-05-04 07:00:00,6.62,8.12,7.29,8.12,23819.0
PCT,2016-05-05 07:00:00,7.31,8.05,7.51,7.59,31540.0
PCT,2016-05-06 07:00:00,7.1,8.35,7.82,7.97,140400.0
PCT,2016-05-09 07:00:00,7.93,8.73,7.97,7.97,9370.0
PCT,2016-05-10 07:00:00,7.24,8.65,7.97,8.12,5830.0
PCT,2016-05-11 07:00:00,7.31,8.35,8.05,8.12,7918.0
PCT,2016-05-12 07:00:00,7.38,8.12,8.12,8.12,20000.0
PCT,2016-05-13 07:00:00,7.31,8.05,7.97,7.97,17200.0
PCT,2016-05-16 07:00:00,6.9,8.35,7.36,8.35,23800.0
PCT,2016-05-17 07:00:00,6.9,8.27,7.59,8.27,1100.0
PCT,2016-05-18 07:00:00,6.97,7.74,7.51,7.59,48100.0
PCT,2016-05-19 07:00:00,6.76,7.97,6.83,7.97,86300.0
PCT,2016-05-20 07:00:00,6.55,8.27,7.21,7.36,9700.0
PCT,2016-05-23 07:00:00,6.21,7.97,6.83,7.97,5100.0
PCT,2016-05-24 07:00:00,6.69,8.35,7.29,8.35,9600.0
PCT,2016-05-25 07:00:00,7.17,8.2,7.89,8.2,5100.0
PCT,2016-05-26 07:00:00,7.24,8.2,7.44,7.97,17700.0
PCT,2016-05-27 07:00:00,6.97,8.12,7.67,7.97,16400.0
PCT,2016-05-30 07:00:00,6.83,7.51,7.51,7.51,300.0
PCT,2016-05-31 07:00:00,7.03,7.74,7.67,7.74,22100.0
PCT,2016-06-01 07:00:00,7.04,7.97,7.59,7.97,42000.0
PCT,2016-06-07 07:00:00,7.17,8.2,7.89,8.2,1100.0
PCT,2016-06-08 07:00:00,7.04,7.74,7.67,7.67,7100.0
PCT,2016-06-09 07:00:00,6.97,7.74,7.59,7.74,5100.0
PCT,2016-06-10 07:00:00,6.83,7.89,7.51,7.89,9600.0
PCT,2016-06-15 07:00:00,7.24,7.97,7.97,7.97,1000.0
PCT,2016-06-16 07:00:00,7.1,8.27,7.82,7.82,10100.0
PCT,2016-06-17 07:00:00,6.55,7.97,7.21,7.97,2000.0
PCT,2016-06-20 07:00:00,6.97,7.97,7.67,7.97,2100.0
PCT,2016-06-22 07:00:00,7.24,7.97,7.97,7.97,500.0
PCT,2016-06-23 07:00:00,7.24,7.97,7.97,7.97,10.0
PCT,2016-06-24 07:00:00,6.76,7.89,7.44,7.89,5000.0
PEG,2022-06-17 07:00:00,7.1,7.1,7.1,7.4,5.0
PEG,2023-05-22 07:00:00,8.5,8.5,8.5,8.4,11.0
PEG,2023-05-23 07:00:00,8.5,8.5,8.5,8.4,1.0
PEG,2023-07-25 07:00:00,6.5,6.5,6.5,6.0,2.0
PEG,2023-08-16 07:00:00,6.2,6.2,6.2,6.8,32.0
PEG,2024-06-10 07:00:00,6.9,6.9,6.9,8.0,12.0
PEG,2024-08-14 07:00:00,7.3,7.3,7.3,7.0,11.0
PEG,2024-08-20 07:00:00,7.3,7.3,7.3,7.0,21.0
PEG,2025-01-21 07:00:00,6.2,6.2,6.2,6.9,1.0
PGB,2024-09-23 07:00:00,12.56,12.56,12.56,12.48,181.0
PGB,2024-12-20 07:00:00,11.62,11.62,11.62,11.4,20.0
PGD,2018-01-16 07:00:00,22.16,21.9,20.86,21.9,2210.0
PGD,2019-08-07 07:00:00,18.0,19.25,18.89,19.25,1750.0
PGD,2019-09-04 07:00:00,19.47,19.68,19.5,19.68,1700.0
PGV,2019-02-18 07:00:00,9.12,9.12,9.12,9.35,1.0
PGV,2019-12-30 07:00:00,7.79,7.79,7.72,7.4,4200.0
PGV,2020-06-02 07:00:00,8.49,8.49,8.49,9.82,18.0
PHC,2016-03-10 07:00:00,2.18,2.18,2.18,2.21,5800.0
PHC,2019-08-07 07:00:00,6.57,6.73,6.65,6.7,91250.0
PIC,2020-01-09 07:00:00,7.2,7.13,7.13,7.13,100.0
PIC,2024-08-28 07:00:00,25.86,25.86,25.86,26.34,158.0
PLP,2019-07-15 07:00:00,6.02,6.07,6.07,6.07,1000.0
PLP,2019-09-04 07:00:00,5.96,5.93,5.69,5.91,99970.0
PNC,2020-05-11 07:00:00,8.48,8.02,8.02,8.02,30.0
PND,2021-03-31 07:00:00,8.05,8.05,8.05,8.13,9.0
PND,2022-05-11 07:00:00,31.95,31.95,31.95,30.24,3.0
PND,2022-06-20 07:00:00,25.47,25.47,25.47,26.14,6.0
PND,2022-10-04 07:00:00,10.78,10.78,10.78,10.49,1.0
PND,2023-09-20 07:00:00,8.0,8.0,8.0,7.9,10.0
PND,2024-09-20 07:00:00,7.3,7.3,7.3,7.0,7.0
PND,2025-03-25 07:00:00,7.0,7.0,7.0,6.5,2.0
PNP,2020-02-18 07:00:00,10.31,10.31,10.31,11.69,100.0
PNP,2023-09-15 07:00:00,14.89,14.89,14.89,14.8,1.0
PNP,2023-10-17 07:00:00,15.24,15.24,15.24,14.45,1137.0
PNP,2023-11-15 07:00:00,14.54,14.54,14.54,14.8,1.0
PNP,2023-11-17 07:00:00,14.54,14.54,14.54,14.8,1.0
PNP,2024-01-18 07:00:00,15.76,15.76,15.76,16.11,1.0
PNP,2024-02-28 07:00:00,19.85,19.85,19.85,19.15,1.0
PNP,2024-05-07 07:00:00,17.94,17.94,17.94,17.85,3.0
PNP,2024-05-08 07:00:00,17.94,17.94,17.94,17.85,3.0
PNP,2024-05-30 07:00:00,18.54,18.54,18.54,18.63,2.0
PNP,2025-02-26 07:00:00,21.91,21.91,21.91,22.0,3.0
POS,2020-02-18 07:00:00,4.77,4.77,4.77,4.96,500.0
POS,2023-04-27 07:00:00,8.1,8.1,8.1,7.94,20.0
POS,2024-03-29 07:00:00,10.58,10.58,10.58,10.33,30.0
POS,2025-03-28 07:00:00,20.29,20.29,20.29,20.9,4.0
POV,2019-02-13 07:00:00,4.56,4.56,4.56,4.61,13.0
POV,2019-04-16 07:00:00,5.29,5.29,5.29,5.34,64.0
POV,2019-05-10 07:00:00,5.29,5.29,5.29,5.34,93.0
POV,2019-12-05 07:00:00,5.03,5.03,5.03,5.75,25900.0
POV,2020-12-14 07:00:00,4.28,4.28,4.28,4.2,1.0
POV,2022-01-26 07:00:00,9.42,9.42,9.42,9.34,78.0
POV,2022-11-24 07:00:00,7.01,7.01,7.01,7.36,11.0
POV,2023-01-16 07:00:00,8.24,8.24,8.24,7.1,11.0
POV,2023-09-12 07:00:00,8.28,8.28,8.28,8.19,14.0
POV,2023-09-18 07:00:00,8.19,8.19,8.19,8.28,7.0
POV,2023-10-02 07:00:00,7.73,7.73,7.73,8.1,5.0
POV,2024-01-22 07:00:00,8.28,8.28,8.28,8.19,3.0
POV,2024-05-23 07:00:00,7.91,7.91,7.91,7.82,10.0
POV,2024-10-09 07:00:00,8.09,8.09,8.09,8.18,2.0
POW,2019-09-04 07:00:00,10.26,10.22,10.1,10.18,278680.0
PPH,2019-06-25 07:00:00,8.54,8.54,8.54,8.59,3.0
PPH,2020-01-07 07:00:00,8.33,8.33,8.33,7.62,1600.0
PPH,2020-02-18 07:00:00,7.88,7.88,7.88,7.98,2400.0
PPH,2020-04-22 07:00:00,8.54,7.27,7.27,7.27,1500.0
PPH,2020-09-08 07:00:00,8.19,8.19,8.19,8.25,80.0
PPP,2020-01-09 07:00:00,10.23,9.32,9.32,9.32,100.0
PRO,2019-12-25 07:00:00,6.3,6.3,6.3,6.9,100.0
PRO,2019-12-30 07:00:00,6.0,6.0,6.0,6.8,2800.0
PRO,2020-01-07 07:00:00,5.3,5.3,5.3,4.8,1000.0
PRO,2025-02-17 07:00:00,5.5,5.5,5.5,5.4,100.0
PRO,2025-04-09 07:00:00,6.4,6.4,6.4,6.9,98.0
PSB,2019-04-05 07:00:00,3.2,3.2,3.2,3.1,75.0
PSB,2019-05-08 07:00:00,3.2,3.2,3.2,3.3,50.0
PSB,2019-06-18 07:00:00,3.0,3.0,3.0,2.9,75.0
PSB,2019-12-17 07:00:00,3.1,3.1,3.1,3.0,2219.0
PSB,2020-10-13 07:00:00,6.7,6.7,6.7,6.6,40.0
PSB,2020-11-11 07:00:00,6.0,6.0,6.0,6.1,60.0
PSB,2021-12-21 07:00:00,10.2,10.2,10.2,10.1,20.0
PSB,2022-02-11 07:00:00,10.1,10.1,10.1,10.0,30.0
PSB,2022-06-28 07:00:00,7.8,7.8,7.8,7.9,75.0
PSB,2022-06-29 07:00:00,7.8,7.8,7.8,7.9,2.0
PSB,2022-06-30 07:00:00,7.8,7.8,7.8,7.9,7.0
PSB,2022-08-09 07:00:00,7.8,7.8,7.8,7.9,30.0
PSB,2022-09-26 07:00:00,7.7,7.7,7.7,7.4,30.0
PSB,2022-10-10 07:00:00,8.1,8.1,8.1,8.2,19.0
PSB,2022-11-18 07:00:00,5.0,5.0,5.0,5.3,30.0
PSB,2023-01-30 07:00:00,6.1,6.1,6.1,6.2,1.0
PSB,2023-02-16 07:00:00,6.0,6.0,6.0,6.2,3.0
PSB,2023-06-20 07:00:00,7.0,7.0,7.0,7.4,75.0
PSB,2023-07-03 07:00:00,6.8,6.8,6.8,6.9,75.0
PSB,2023-11-02 07:00:00,5.7,5.7,5.7,6.1,25.0
PSB,2023-12-15 07:00:00,6.1,6.1,6.1,5.9,30.0
PSB,2024-01-30 07:00:00,6.1,6.1,6.1,6.2,5.0
PTI,2015-09-28 07:00:00,10.26,10.12,9.72,10.12,27200.0
PTI,2015-09-29 07:00:00,10.57,10.02,9.87,9.87,10650.0
PTI,2015-09-30 07:00:00,10.52,10.07,9.87,9.92,18800.0
PTI,2015-10-01 07:00:00,10.57,10.12,9.92,10.02,17960.0
PTI,2015-10-02 07:00:00,10.52,10.02,9.82,9.82,35600.0
PTI,2015-10-05 07:00:00,10.47,9.92,9.82,9.82,8400.0
PTI,2015-10-06 07:00:00,10.73,10.37,9.87,10.17,124247.0
PTI,2015-10-07 07:00:00,10.73,10.57,10.17,10.47,70200.0
PTI,2015-10-08 07:00:00,11.04,10.91,10.47,10.57,117657.0
PTI,2015-10-09 07:00:00,11.15,10.61,10.32,10.47,73910.0
PTI,2015-10-12 07:00:00,10.94,10.66,10.32,10.37,27700.0
PTI,2015-10-13 07:00:00,10.94,10.71,9.97,10.22,71208.0
PTI,2015-10-14 07:00:00,10.78,10.27,10.07,10.07,46500.0
PTI,2015-10-15 07:00:00,11.04,10.81,10.47,10.81,95800.0
PTI,2015-10-21 07:00:00,13.52,12.96,12.36,12.61,179109.0
PTI,2015-10-22 07:00:00,13.31,13.11,12.31,12.96,414072.0
PTI,2015-10-23 07:00:00,13.62,12.96,12.56,12.66,181789.0
PTI,2015-10-26 07:00:00,13.36,12.81,12.51,12.81,144248.0
PTI,2015-10-27 07:00:00,13.52,12.96,12.26,12.86,281200.0
PTI,2015-10-28 07:00:00,13.57,12.96,12.46,12.76,107972.0
PTI,2015-10-29 07:00:00,13.36,13.21,12.46,13.16,244290.0
PTI,2015-10-30 07:00:00,13.83,13.8,12.86,13.65,532267.0
PTI,2015-11-02 07:00:00,14.2,13.65,12.96,13.06,165628.0
PTI,2015-11-03 07:00:00,13.67,13.21,12.66,12.86,186519.0
PTI,2015-11-04 07:00:00,13.67,13.01,12.71,12.71,78490.0
PTI,2015-11-05 07:00:00,13.57,13.21,12.51,13.21,221516.0
PTI,2015-11-06 07:00:00,13.88,13.31,12.46,12.71,141924.0
PTI,2015-11-09 07:00:00,13.36,12.66,11.96,12.56,68055.0
PTI,2015-11-10 07:00:00,13.2,12.51,12.26,12.41,89721.0
PTI,2015-11-11 07:00:00,13.04,12.36,12.11,12.11,46560.0
PTI,2015-11-12 07:00:00,12.88,12.41,11.86,12.26,160000.0
PTI,2015-11-13 07:00:00,12.94,12.26,11.46,11.96,222440.0
PTI,2015-11-16 07:00:00,12.62,12.26,11.76,11.76,81932.0
PTI,2015-11-17 07:00:00,12.57,12.21,11.66,12.06,79400.0
PTI,2015-11-18 07:00:00,12.62,12.06,11.91,12.06,37790.0
PTI,2015-11-19 07:00:00,12.73,12.46,12.06,12.31,220478.0
PTI,2015-11-20 07:00:00,12.99,12.46,11.96,11.96,76100.0
PTI,2015-11-23 07:00:00,12.62,12.21,11.91,12.21,52407.0
PTI,2015-11-24 07:00:00,12.88,12.26,11.96,12.21,111940.0
PTI,2015-11-25 07:00:00,12.78,12.31,11.96,12.31,130300.0
PTI,2015-11-26 07:00:00,12.99,12.56,12.21,12.26,159800.0
PTI,2015-11-27 07:00:00,12.94,12.41,12.06,12.06,71224.0
PTI,2015-11-30 07:00:00,12.73,12.11,11.81,11.81,26800.0
PTI,2015-12-01 07:00:00,12.57,12.01,11.76,11.86,29935.0
PTI,2015-12-02 07:00:00,12.52,11.96,11.86,11.91,13400.0
PTI,2015-12-03 07:00:00,12.52,12.01,11.81,11.96,29189.0
PTI,2015-12-04 07:00:00,12.46,12.11,11.81,12.11,42600.0
PTI,2015-12-07 07:00:00,12.78,12.26,11.96,12.16,29400.0
PTI,2015-12-08 07:00:00,12.83,12.31,12.01,12.21,44090.0
PTI,2015-12-09 07:00:00,12.88,12.56,12.01,12.41,132730.0
PTI,2015-12-10 07:00:00,12.99,12.41,12.16,12.41,18800.0
PTI,2015-12-11 07:00:00,12.99,12.36,12.11,12.11,28100.0
PTI,2015-12-14 07:00:00,12.83,12.26,12.06,12.06,23550.0
PTI,2015-12-15 07:00:00,12.73,12.16,11.96,11.96,13385.0
PTI,2015-12-16 07:00:00,12.73,12.21,11.86,11.86,42100.0
PTI,2015-12-17 07:00:00,12.67,12.06,11.86,11.86,19900.0
PTI,2015-12-18 07:00:00,12.52,11.91,11.71,11.71,33500.0
PTI,2015-12-21 07:00:00,12.41,11.81,11.61,11.81,16220.0
PTI,2015-12-22 07:00:00,12.46,11.81,11.66,11.81,36600.0
PTI,2015-12-23 07:00:00,12.36,11.71,11.56,11.71,16300.0
PTI,2015-12-24 07:00:00,12.15,11.71,11.46,11.56,43962.0
PTI,2015-12-25 07:00:00,12.1,11.46,11.21,11.31,69300.0
PTI,2015-12-28 07:00:00,11.94,11.31,10.96,11.16,39272.0
PTI,2015-12-29 07:00:00,11.73,11.66,11.11,11.66,43800.0
PTI,2015-12-31 07:00:00,12.67,12.01,11.81,11.91,10028.0
PTI,2016-01-04 07:00:00,12.36,11.71,11.21,11.71,16300.0
PTI,2016-01-05 07:00:00,12.15,11.66,11.41,11.61,13900.0
PTI,2016-01-06 07:00:00,12.2,11.66,11.41,11.66,14535.0
PTI,2016-01-07 07:00:00,12.15,11.56,11.26,11.46,17400.0
PTI,2016-01-08 07:00:00,11.99,11.36,10.96,11.01,35200.0
PTI,2016-01-11 07:00:00,11.62,11.01,10.81,11.01,13100.0
PTI,2016-01-12 07:00:00,11.52,11.46,10.91,11.46,49500.0
PTI,2016-01-13 07:00:00,11.83,11.56,11.11,11.51,29800.0
PTI,2016-01-14 07:00:00,11.99,11.46,11.21,11.36,8200.0
PTI,2016-01-18 07:00:00,11.73,11.11,10.32,10.61,31260.0
PTI,2016-01-19 07:00:00,11.1,10.96,10.42,10.96,48010.0
PTI,2016-01-20 07:00:00,11.41,10.81,10.47,10.47,9900.0
PTI,2016-01-21 07:00:00,10.83,10.47,10.17,10.47,10704.0
PTI,2016-01-22 07:00:00,10.83,10.42,9.92,10.42,22900.0
PTI,2016-01-26 07:00:00,11.31,10.86,10.57,10.86,58900.0
PTI,2016-01-27 07:00:00,11.36,10.96,10.71,10.86,32600.0
PTI,2016-01-29 07:00:00,11.99,11.71,11.36,11.56,54800.0
PTI,2016-02-01 07:00:00,12.15,11.51,11.01,11.01,21233.0
PTI,2016-02-02 07:00:00,11.73,11.16,9.97,10.27,34300.0
PTI,2016-02-05 07:00:00,11.62,11.21,11.01,11.21,5000.0
PTI,2016-02-15 07:00:00,11.57,10.96,10.71,10.71,15500.0
PTI,2016-02-16 07:00:00,11.41,11.11,10.81,11.11,3300.0
PTI,2016-02-17 07:00:00,11.73,11.11,10.81,11.11,18700.0
PTI,2016-02-18 07:00:00,11.68,11.21,10.96,11.16,34400.0
PTI,2016-02-19 07:00:00,11.73,11.21,11.11,11.16,7553.0
PTI,2016-02-22 07:00:00,11.73,11.41,11.06,11.36,30700.0
PTI,2016-02-23 07:00:00,11.78,11.26,11.16,11.21,2600.0
PTI,2016-02-24 07:00:00,11.57,11.16,10.91,11.16,21100.0
PTI,2016-02-25 07:00:00,11.94,11.41,11.21,11.36,18900.0
PTI,2016-02-26 07:00:00,11.94,11.31,11.11,11.31,13347.0
PTI,2016-02-29 07:00:00,11.73,11.21,10.96,11.11,8600.0
PTI,2016-03-01 07:00:00,11.78,11.26,11.16,11.21,16900.0
PTI,2016-03-02 07:00:00,11.68,11.51,11.06,11.41,25800.0
PTI,2016-03-03 07:00:00,11.89,11.31,11.26,11.26,6300.0
PTI,2016-03-04 07:00:00,11.89,11.41,11.21,11.41,9200.0
PTI,2016-03-07 07:00:00,12.31,11.71,11.21,11.21,164500.0
PTI,2016-03-08 07:00:00,11.78,11.41,11.16,11.16,8300.0
PTI,2016-03-09 07:00:00,11.89,11.26,11.16,11.16,3900.0
PTI,2016-03-10 07:00:00,11.94,11.51,11.16,11.16,38723.0
PTI,2016-03-14 07:00:00,11.05,11.26,11.06,11.26,6981.0
PTI,2016-03-15 07:00:00,11.15,11.36,11.16,11.36,47700.0
PTI,2016-03-16 07:00:00,11.44,11.46,11.46,11.46,100.0
PTI,2016-03-17 07:00:00,11.2,11.46,11.21,11.46,2497.0
PTI,2016-03-18 07:00:00,11.25,11.31,11.26,11.26,7100.0
PTI,2016-03-22 07:00:00,11.24,11.71,11.26,11.56,23691.0
PTI,2016-03-23 07:00:00,11.34,11.36,11.36,11.36,565.0
PTI,2016-03-24 07:00:00,11.2,11.31,11.21,11.31,7900.0
PTI,2016-03-25 07:00:00,11.25,11.36,11.26,11.26,10600.0
PTI,2016-03-28 07:00:00,11.25,11.31,11.26,11.31,4000.0
PTI,2016-03-30 07:00:00,11.25,11.26,11.26,11.26,6460.0
PTI,2016-04-01 07:00:00,11.25,11.26,11.26,11.26,8300.0
PTI,2016-04-04 07:00:00,11.25,11.46,11.26,11.26,7400.0
PTI,2016-04-05 07:00:00,11.25,11.41,11.26,11.26,13400.0
PTI,2016-04-07 07:00:00,10.9,11.16,10.91,11.16,2300.0
PTI,2016-04-08 07:00:00,11.3,11.41,11.31,11.41,5500.0
PTI,2016-04-15 07:00:00,11.05,11.71,11.06,11.31,2500.0
PTI,2016-04-19 07:00:00,11.04,11.06,11.06,11.06,220.0
PTI,2016-04-22 07:00:00,11.2,11.21,11.21,11.21,1100.0
PTI,2016-04-26 07:00:00,11.25,11.26,11.26,11.26,21100.0
PTI,2016-04-29 07:00:00,10.6,11.51,10.61,11.51,14100.0
PTI,2016-05-04 07:00:00,11.2,11.21,11.21,11.21,3300.0
PTI,2016-05-05 07:00:00,10.95,11.71,10.96,11.66,44700.0
PTI,2016-05-09 07:00:00,11.49,11.51,11.51,11.51,1340.0
PTI,2016-05-12 07:00:00,11.49,11.71,11.51,11.56,600.0
PTI,2016-05-16 07:00:00,11.49,11.71,11.51,11.71,17880.0
PTI,2016-05-18 07:00:00,11.59,11.76,11.61,11.71,3615.0
PTI,2016-05-19 07:00:00,11.49,11.71,11.51,11.71,33634.0
PTI,2016-05-24 07:00:00,11.59,11.66,11.61,11.66,800.0
PTI,2016-05-25 07:00:00,11.59,11.71,11.61,11.61,30634.0
PTI,2016-05-26 07:00:00,11.59,11.61,11.61,11.61,1000.0
PTI,2016-05-27 07:00:00,11.59,11.61,11.61,11.61,1000.0
PTI,2016-05-30 07:00:00,11.59,11.61,11.61,11.61,644.0
PTI,2016-05-31 07:00:00,11.59,11.61,11.61,11.61,6700.0
PTI,2016-06-02 07:00:00,11.54,11.71,11.56,11.61,5200.0
PTI,2016-06-06 07:00:00,11.74,12.86,11.76,12.86,63654.0
PTI,2016-06-07 07:00:00,12.84,12.96,12.86,12.96,14310.0
PTI,2016-06-14 07:00:00,11.94,11.96,11.96,11.96,3389.0
PTI,2016-06-16 07:00:00,11.99,12.41,12.01,12.36,853974.0
PTL,2018-07-25 07:00:00,3.2,3.24,3.24,3.24,750.0
PTL,2019-07-15 07:00:00,3.65,3.64,3.64,3.64,10.0
PTL,2019-08-07 07:00:00,3.45,3.53,3.5,3.53,25200.0
PTL,2020-05-11 07:00:00,3.6,3.65,3.65,3.65,50.0
PTO,2022-03-11 07:00:00,19.69,19.69,19.69,19.42,3.0
PTO,2024-07-09 07:00:00,15.49,15.49,15.49,16.37,40.0
PTS,2015-09-28 07:00:00,1.93,1.8,1.73,1.73,6800.0
PTS,2015-09-29 07:00:00,1.93,1.8,1.7,1.77,5400.0
PTS,2015-09-30 07:00:00,1.93,1.8,1.8,1.8,160.0
PTS,2015-10-01 07:00:00,1.93,1.8,1.7,1.7,200.0
PTS,2015-10-02 07:00:00,1.93,1.8,1.66,1.66,200.0
PTS,2015-10-05 07:00:00,1.89,1.77,1.63,1.63,200.0
PTS,2015-10-06 07:00:00,1.86,1.77,1.73,1.77,5900.0
PTS,2015-10-07 07:00:00,2.04,1.9,1.77,1.83,2200.0
PTS,2015-10-08 07:00:00,1.97,1.83,1.8,1.83,1220.0
PTS,2015-10-09 07:00:00,2.08,1.94,1.83,1.83,5600.0
PTS,2015-10-12 07:00:00,2.0,1.9,1.87,1.87,7300.0
PTS,2015-10-13 07:00:00,2.04,1.9,1.8,1.83,5400.0
PTS,2015-10-14 07:00:00,2.04,1.9,1.83,1.83,300.0
PTS,2015-10-15 07:00:00,2.11,1.97,1.8,1.8,400.0
PTS,2015-10-16 07:00:00,2.04,1.9,1.9,1.9,100.0
PTS,2015-10-19 07:00:00,2.15,2.0,1.73,1.73,200.0
PTS,2015-10-20 07:00:00,1.97,1.83,1.73,1.73,7300.0
PTS,2015-10-21 07:00:00,2.0,1.87,1.83,1.83,3400.0
PTS,2015-10-22 07:00:00,2.04,1.9,1.77,1.77,220.0
PTS,2015-10-23 07:00:00,2.04,1.9,1.77,1.8,400.0
PTS,2015-10-26 07:00:00,2.0,1.9,1.87,1.9,6200.0
PTS,2015-10-27 07:00:00,2.19,2.04,1.9,1.94,1200.0
PTS,2015-10-28 07:00:00,2.22,2.07,1.87,2.04,41100.0
PTS,2015-10-29 07:00:00,2.37,2.21,1.87,2.07,2800.0
PTS,2015-10-30 07:00:00,2.26,2.11,1.87,1.87,700.0
PTS,2015-11-02 07:00:00,2.11,1.97,1.97,1.97,300.0
PTS,2015-11-03 07:00:00,2.19,2.04,1.8,1.8,530.0
PTS,2015-11-04 07:00:00,2.04,1.9,1.87,1.9,10600.0
PTS,2015-11-05 07:00:00,2.19,2.04,2.04,2.04,600.0
PTS,2015-11-06 07:00:00,2.37,2.21,1.97,2.04,21060.0
PTS,2015-11-09 07:00:00,2.29,2.14,1.87,1.87,12400.0
PTS,2015-11-10 07:00:00,2.0,1.87,1.77,1.77,15600.0
PTS,2015-11-11 07:00:00,2.04,1.9,1.7,1.7,13900.0
PTS,2015-11-12 07:00:00,1.97,1.83,1.83,1.83,2300.0
PTS,2015-11-13 07:00:00,2.11,1.97,1.7,1.7,200.0
PTS,2015-11-16 07:00:00,1.97,1.83,1.63,1.73,7400.0
PTS,2015-11-17 07:00:00,2.0,1.87,1.7,1.73,8300.0
PTS,2015-11-18 07:00:00,1.97,1.83,1.83,1.83,100.0
PTS,2015-11-19 07:00:00,1.97,1.83,1.8,1.8,300.0
PTS,2015-11-20 07:00:00,1.97,1.83,1.66,1.66,200.0
PTS,2015-11-23 07:00:00,1.86,1.73,1.73,1.73,3100.0
PTS,2015-11-24 07:00:00,2.0,1.87,1.7,1.73,14100.0
PTS,2015-11-25 07:00:00,1.89,1.77,1.7,1.73,600.0
PTS,2015-11-26 07:00:00,2.0,1.87,1.73,1.73,1900.0
PTS,2015-11-27 07:00:00,1.93,1.8,1.73,1.73,4500.0
PTS,2015-11-30 07:00:00,1.89,1.77,1.7,1.73,1100.0
PTS,2015-12-01 07:00:00,1.97,1.83,1.56,1.56,600.0
PTS,2015-12-02 07:00:00,1.82,1.7,1.56,1.66,4200.0
PTS,2015-12-03 07:00:00,1.86,1.73,1.73,1.73,100.0
PTS,2015-12-04 07:00:00,1.97,1.83,1.83,1.83,100.0
PTS,2015-12-07 07:00:00,2.11,1.97,1.77,1.77,600.0
PTS,2015-12-08 07:00:00,1.89,1.77,1.73,1.73,500.0
PTS,2015-12-09 07:00:00,1.89,1.77,1.77,1.77,100.0
PTS,2015-12-10 07:00:00,1.89,1.77,1.77,1.77,100.0
PTS,2015-12-11 07:00:00,1.86,1.8,1.73,1.8,200.0
PTS,2015-12-14 07:00:00,2.04,1.9,1.8,1.8,4500.0
PTS,2015-12-15 07:00:00,2.0,1.87,1.8,1.8,6300.0
PTS,2015-12-16 07:00:00,1.97,1.87,1.83,1.87,18000.0
PTS,2015-12-17 07:00:00,2.15,2.0,1.87,2.0,600.0
PTS,2015-12-18 07:00:00,2.29,2.14,2.0,2.0,300.0
PVO,2019-12-05 07:00:00,3.24,3.24,3.24,3.34,100.0
PVO,2019-12-30 07:00:00,3.05,3.05,3.05,3.15,3700.0
PVO,2020-02-18 07:00:00,3.43,3.43,3.43,3.24,16000.0
PVR,2019-08-02 07:00:00,1.3,1.3,1.3,1.4,80.0
PVT,2019-07-15 07:00:00,8.89,9.25,9.04,9.17,789250.0
PVV,2019-12-05 07:00:00,0.4,0.4,0.4,0.5,102800.0
PVV,2020-02-18 07:00:00,0.4,0.4,0.4,0.5,30600.0
PVY,2020-10-30 07:00:00,1.75,1.75,1.75,1.85,7.0
PVY,2025-04-04 07:00:00,2.4,2.4,2.4,2.5,5.0
PXI,2018-01-16 07:00:00,2.4,2.35,2.31,2.31,30770.0
PXI,2018-07-25 07:00:00,2.56,2.64,2.63,2.63,70.0
PXI,2019-07-15 07:00:00,2.15,2.25,2.24,2.24,9940.0
PXI,2019-08-07 07:00:00,2.21,2.2,2.2,2.2,150.0
PXI,2020-04-29 07:00:00,2.8,2.79,2.62,2.77,590.0
PXI,2020-05-11 07:00:00,2.89,2.86,2.69,2.86,690.0
PXM,2020-01-03 07:00:00,0.2,0.2,0.2,0.3,100.0
PXS,2019-07-15 07:00:00,5.08,5.6,5.34,5.4,433550.0
QHD,2022-12-30 07:00:00,26.12,26.12,26.12,27.55,2.0
QHD,2024-12-13 07:00:00,25.9,25.9,25.9,27.51,5.0
QHD,2024-12-16 07:00:00,25.9,25.9,25.9,27.51,24.0
QHD,2024-12-26 07:00:00,25.9,25.9,25.9,27.51,24.0
QNC,2020-04-22 07:00:00,2.76,2.66,2.66,2.66,500.0
QNC,2023-03-06 07:00:00,6.4,6.4,6.4,6.1,100.0
QNC,2024-02-01 07:00:00,7.4,7.4,7.4,7.3,10.0
QNC,2024-06-27 07:00:00,6.8,6.8,6.8,7.1,1.0
QNC,2024-08-08 07:00:00,6.8,6.8,6.8,6.9,10.0
QNC,2024-08-13 07:00:00,7.1,7.1,7.1,7.2,88.0
QNC,2024-11-15 07:00:00,6.3,6.3,6.3,6.0,71.0
QNC,2025-02-28 07:00:00,6.8,6.8,6.8,6.9,18.0
QNW,2025-04-01 07:00:00,19.23,19.23,19.23,19.8,25.0
QPH,2019-12-16 07:00:00,10.84,10.84,10.84,10.74,500.0
QPH,2020-01-06 07:00:00,9.76,9.76,9.76,9.81,100.0
QPH,2022-11-04 07:00:00,15.96,15.96,15.96,16.03,3.0
QPH,2024-07-25 07:00:00,19.81,19.81,19.81,20.7,12.0
QPH,2024-08-07 07:00:00,20.91,20.91,20.91,22.37,33.0
QPH,2025-02-25 07:00:00,20.98,20.98,20.98,20.83,45.0
QST,2015-10-21 07:00:00,3.13,2.67,2.67,2.67,100.0
QST,2015-11-09 07:00:00,2.88,2.47,2.47,2.47,3960.0
QST,2024-06-03 07:00:00,18.16,18.16,18.16,19.96,40.0
QTC,2020-01-09 07:00:00,10.06,9.8,9.8,9.8,1200.0
RAT,2019-12-05 07:00:00,3.18,3.18,3.18,3.26,105900.0
RAT,2021-11-02 07:00:00,15.82,15.82,15.82,16.17,1.0
RIC,2018-05-18 07:00:00,6.3,6.68,6.68,6.68,10.0
RIC,2019-06-19 07:00:00,7.48,7.8,7.5,7.8,400.0
RIC,2022-08-19 07:00:00,13.4,13.4,13.4,13.3,9.0
RIC,2022-10-03 07:00:00,11.5,11.5,11.5,12.8,20.0
RIC,2023-01-11 07:00:00,8.8,8.8,8.8,8.9,9.0
RIC,2023-04-24 07:00:00,6.4,6.4,6.4,6.5,2.0
RIC,2023-07-03 07:00:00,6.9,6.9,6.9,6.8,8.0
RIC,2023-12-21 07:00:00,4.3,4.3,4.3,4.2,11.0
RIC,2024-04-19 07:00:00,4.0,4.0,4.0,3.9,6.0
S12,2020-08-28 07:00:00,0.3,0.3,0.3,0.2,1.0
S72,2022-02-17 07:00:00,7.1,7.1,7.1,7.2,24.0
S72,2023-02-01 07:00:00,5.9,5.9,5.9,5.8,85.0
S72,2023-02-09 07:00:00,5.9,5.9,5.9,5.8,15.0
SAC,2020-04-22 07:00:00,5.12,4.76,4.76,4.76,800.0
SAC,2023-06-12 07:00:00,6.39,6.39,6.39,6.54,31.0
SAC,2023-08-21 07:00:00,6.39,6.39,6.39,6.32,6.0
SAC,2024-01-04 07:00:00,6.61,6.61,6.61,6.68,1.0
SAC,2024-01-05 07:00:00,6.61,6.61,6.61,6.68,12.0
SAC,2024-01-10 07:00:00,6.54,6.54,6.54,6.61,10.0
SAC,2024-12-17 07:00:00,12.01,12.01,12.01,11.92,3.0
SAL,2022-06-22 07:00:00,7.65,7.65,7.65,8.03,2.0
SAL,2022-06-24 07:00:00,7.65,7.65,7.65,8.03,10.0
SAL,2022-11-28 07:00:00,3.83,3.83,3.83,3.7,5.0
SAL,2024-05-31 07:00:00,1.21,1.21,1.21,1.28,40.0
SAM,2019-07-15 07:00:00,7.15,7.11,6.99,7.05,73680.0
SAM,2019-08-07 07:00:00,6.97,6.93,6.67,6.88,98440.0
SAS,2019-01-29 07:00:00,18.07,18.07,18.07,18.01,24.0
SAS,2019-07-16 07:00:00,19.87,19.87,19.87,20.16,10.0
SAS,2019-10-14 07:00:00,28.53,31.97,28.53,28.38,1000.0
SAS,2019-10-21 07:00:00,27.71,27.71,27.63,27.48,400.0
SAS,2019-12-30 07:00:00,24.65,24.65,24.65,23.75,3200.0
SAS,2020-01-06 07:00:00,22.26,22.26,22.26,22.33,1065.0
SAS,2020-02-18 07:00:00,19.49,19.49,19.49,19.64,41900.0
SAV,2018-01-17 07:00:00,3.68,3.75,3.75,3.75,10.0
SAV,2019-06-21 07:00:00,4.1,4.24,4.24,4.24,10.0
SAV,2019-08-07 07:00:00,3.9,3.99,3.99,3.99,10.0
SAV,2020-05-11 07:00:00,3.57,3.34,3.34,3.34,10000.0
SBA,2019-07-15 07:00:00,8.93,9.07,9.07,9.07,10250.0
SBA,2020-04-29 07:00:00,9.07,9.46,9.2,9.2,1100.0
SBB,2024-05-27 07:00:00,14.27,14.27,14.27,14.47,16.0
SBB,2024-06-06 07:00:00,14.27,14.27,14.27,14.37,26.0
SBV,2018-01-16 07:00:00,20.85,20.73,20.61,20.73,61150.0
SBV,2018-07-25 07:00:00,16.74,16.49,16.3,16.3,500.0
SBV,2019-06-21 07:00:00,8.1,8.13,8.13,8.13,220.0
SBV,2019-08-07 07:00:00,6.33,6.12,5.85,5.85,40.0
SBV,2019-08-30 07:00:00,5.69,5.67,5.67,5.67,1170.0
SC5,2018-01-12 07:00:00,15.41,15.01,15.01,15.01,10.0
SC5,2018-05-18 07:00:00,18.49,18.3,17.25,18.3,5660.0
SC5,2019-05-22 07:00:00,21.11,20.19,19.72,19.72,1990.0
SC5,2019-06-19 07:00:00,19.86,19.92,19.92,19.92,10.0
SC5,2019-06-21 07:00:00,19.79,19.86,19.86,19.86,10.0
SCL,2024-11-21 07:00:00,18.44,18.44,18.44,18.17,55.0
SD2,2023-09-14 07:00:00,5.4,5.4,5.4,5.5,3.0
SD2,2024-05-14 07:00:00,4.7,4.7,4.7,4.8,1.0
SD2,2024-05-15 07:00:00,4.7,4.7,4.7,4.8,10.0
SD2,2024-06-06 07:00:00,4.9,4.9,4.9,4.8,1.0
SD2,2024-06-11 07:00:00,5.5,5.5,5.5,5.8,16.0
SD2,2024-10-29 07:00:00,4.7,4.7,4.7,5.3,33.0
SD2,2024-11-01 07:00:00,4.7,4.7,4.7,5.3,33.0
SD2,2024-11-07 07:00:00,4.8,4.8,4.8,4.9,1.0
SD2,2024-11-22 07:00:00,4.7,4.7,4.7,4.8,8.0
SD3,2019-07-02 07:00:00,2.9,2.9,2.9,2.8,10.0
SD3,2019-12-17 07:00:00,1.8,1.8,1.8,1.6,500.0
SD3,2022-09-14 07:00:00,4.7,4.7,4.7,4.5,10.0
SD3,2024-05-10 07:00:00,6.9,6.9,6.9,6.8,1.0
SD3,2024-11-15 07:00:00,5.0,5.0,5.0,5.3,1.0
SD3,2024-11-28 07:00:00,5.2,5.2,5.2,5.0,1.0
SD4,2015-10-16 07:00:00,7.8,7.81,7.81,7.81,100.0
SD4,2015-11-17 07:00:00,7.8,8.46,7.81,8.46,600.0
SD4,2015-11-26 07:00:00,7.8,8.39,7.81,8.39,1100.0
SD4,2016-01-08 07:00:00,7.74,7.73,7.73,7.73,2400.0
SD4,2020-04-22 07:00:00,3.8,3.7,3.7,3.7,1000.0
SD4,2024-08-06 07:00:00,3.1,3.1,3.1,3.0,28.0
SD4,2024-11-08 07:00:00,3.1,3.1,3.1,2.9,42.0
SD6,2025-04-08 07:00:00,3.3,3.3,3.3,3.5,2.0
SDU,2020-04-22 07:00:00,6.0,6.6,6.6,6.6,200.0
SFI,2019-07-15 07:00:00,9.68,9.46,9.27,9.46,2220.0
SFN,2015-10-01 07:00:00,13.27,12.65,12.65,12.65,10.0
SFN,2015-10-07 07:00:00,11.94,11.38,11.38,11.38,100.0
SFN,2015-10-09 07:00:00,10.56,10.06,10.06,10.06,100.0
SFN,2015-10-12 07:00:00,10.56,10.06,9.08,9.77,3400.0
SFN,2015-10-13 07:00:00,11.1,10.58,10.58,10.58,100.0
SFN,2015-10-14 07:00:00,10.01,9.54,9.54,9.54,200.0
SFN,2015-10-15 07:00:00,9.77,9.31,8.68,8.68,200.0
SFN,2015-10-20 07:00:00,10.8,10.29,10.29,10.29,100.0
SFN,2015-10-27 07:00:00,9.89,9.43,9.43,9.43,100.0
SFN,2015-10-28 07:00:00,10.38,9.89,9.54,9.54,2100.0
SFN,2015-10-30 07:00:00,9.11,8.68,8.68,8.68,100.0
SFN,2015-11-03 07:00:00,9.95,9.49,9.49,9.49,200.0
SFN,2015-11-04 07:00:00,9.95,9.49,9.49,9.49,400.0
SFN,2015-11-06 07:00:00,9.95,9.49,9.49,9.49,600.0
SFN,2015-11-09 07:00:00,9.11,8.68,8.68,8.68,100.0
SFN,2015-11-10 07:00:00,10.01,9.54,9.54,9.54,7100.0
SFN,2015-11-11 07:00:00,9.11,8.68,8.68,8.68,100.0
SFN,2015-11-17 07:00:00,9.71,9.26,9.26,9.26,400.0
SFN,2015-11-25 07:00:00,9.71,9.26,9.26,9.26,100.0
SFN,2015-11-30 07:00:00,10.19,9.72,9.72,9.72,1900.0
SFN,2015-12-01 07:00:00,10.56,10.06,10.0,10.0,200.0
SFN,2015-12-08 07:00:00,9.65,9.2,9.2,9.2,2700.0
SFN,2015-12-11 07:00:00,9.89,9.43,9.43,9.43,500.0
SFN,2015-12-17 07:00:00,10.31,9.83,9.83,9.83,500.0
SFN,2015-12-23 07:00:00,9.77,9.31,9.31,9.31,3800.0
SFN,2015-12-31 07:00:00,10.25,9.77,9.54,9.54,2700.0
SFN,2016-01-18 07:00:00,10.01,9.54,9.2,9.54,5700.0
SFN,2016-01-21 07:00:00,10.01,9.54,9.54,9.54,260.0
SFN,2016-01-25 07:00:00,10.01,9.54,9.54,9.54,1020.0
SFN,2016-01-26 07:00:00,10.01,9.54,9.54,9.54,260.0
SFN,2016-01-29 07:00:00,10.01,9.54,9.54,9.54,200.0
SFN,2016-02-02 07:00:00,10.19,9.72,9.72,9.72,100.0
SFN,2016-02-18 07:00:00,10.44,9.95,9.72,9.77,3500.0
SFN,2016-02-22 07:00:00,10.56,10.06,10.06,10.06,2000.0
SFN,2016-02-23 07:00:00,10.31,10.12,9.83,9.95,2500.0
SFN,2022-04-14 07:00:00,24.55,24.55,24.55,25.31,11.0
SGD,2015-10-06 07:00:00,5.5,4.98,4.98,4.98,2900.0
SGD,2015-10-08 07:00:00,5.33,4.83,4.83,4.83,11500.0
SGD,2015-10-14 07:00:00,5.61,5.09,4.98,4.98,2000.0
SGD,2015-10-19 07:00:00,5.61,5.09,5.09,5.09,1900.0
SGD,2015-10-20 07:00:00,5.61,5.09,5.03,5.03,300.0
SGD,2015-10-21 07:00:00,5.61,5.09,5.09,5.09,100.0
SGD,2015-10-22 07:00:00,5.61,5.09,5.09,5.09,500.0
SGD,2015-10-23 07:00:00,5.61,5.09,5.09,5.09,1900.0
SGD,2015-10-27 07:00:00,5.61,5.09,5.09,5.09,500.0
SGD,2015-10-29 07:00:00,5.5,4.98,4.98,4.98,1500.0
SGD,2015-11-09 07:00:00,5.5,4.98,4.98,4.98,5500.0
SGD,2015-11-11 07:00:00,5.56,5.03,5.03,5.03,1200.0
SGD,2015-11-13 07:00:00,5.73,5.19,5.19,5.19,100.0
SGD,2015-11-20 07:00:00,5.67,5.14,5.14,5.14,300.0
SGD,2015-11-24 07:00:00,5.61,5.09,5.09,5.09,800.0
SGD,2015-12-04 07:00:00,5.73,5.19,4.98,4.98,200.0
SGD,2015-12-11 07:00:00,5.73,5.19,5.19,5.19,800.0
SGD,2015-12-17 07:00:00,5.67,5.14,5.14,5.14,100.0
SGD,2015-12-29 07:00:00,5.9,5.34,5.34,5.34,2800.0
SGD,2015-12-30 07:00:00,5.84,5.29,5.29,5.29,1800.0
SGD,2016-01-05 07:00:00,5.84,5.29,5.29,5.29,700.0
SGD,2016-01-13 07:00:00,5.78,5.24,5.19,5.19,400.0
SGD,2016-01-14 07:00:00,5.73,5.19,5.09,5.09,22400.0
SGD,2016-01-15 07:00:00,5.67,5.14,5.14,5.14,700.0
SGD,2016-01-18 07:00:00,5.61,5.09,4.78,4.78,20800.0
SGD,2016-01-19 07:00:00,5.5,4.98,4.98,4.98,1700.0
SGD,2016-01-20 07:00:00,5.61,5.09,5.09,5.09,26000.0
SGD,2016-01-21 07:00:00,5.67,5.14,5.14,5.14,100.0
SGD,2016-01-22 07:00:00,5.61,5.14,5.09,5.14,6700.0
SGD,2016-01-26 07:00:00,5.61,5.29,5.09,5.29,23400.0
SGD,2016-01-27 07:00:00,5.67,5.24,5.09,5.24,22500.0
SGD,2016-01-28 07:00:00,5.61,5.09,5.09,5.09,21000.0
SGD,2016-01-29 07:00:00,5.73,5.34,5.09,5.09,24000.0
SGD,2016-02-01 07:00:00,5.78,5.34,5.24,5.34,1600.0
SGD,2016-02-02 07:00:00,5.9,5.34,5.34,5.34,1000.0
SGD,2016-02-03 07:00:00,5.61,5.24,5.09,5.24,22700.0
SGD,2016-02-04 07:00:00,5.9,5.34,5.29,5.29,1090.0
SGD,2016-02-05 07:00:00,5.9,5.34,5.34,5.34,211.0
SGD,2016-02-15 07:00:00,5.9,5.39,5.34,5.39,1600.0
SGH,2015-09-28 07:00:00,9.81,9.57,9.57,9.57,100.0
SGH,2015-09-29 07:00:00,10.52,10.27,10.27,10.27,200.0
SGH,2015-09-30 07:00:00,11.57,11.3,11.3,11.3,100.0
SGH,2015-10-05 07:00:00,11.46,11.19,11.19,11.19,300.0
SGH,2015-10-06 07:00:00,10.33,10.09,10.09,10.09,900.0
SGH,2015-10-07 07:00:00,11.27,11.0,11.0,11.0,100.0
SGH,2015-10-08 07:00:00,11.27,11.0,11.0,11.0,300.0
SGH,2015-10-09 07:00:00,10.18,9.94,9.94,9.94,100.0
SGH,2015-10-12 07:00:00,9.81,9.57,9.57,9.57,100.0
SGH,2015-10-13 07:00:00,10.63,10.38,10.38,10.38,100.0
SGH,2015-10-14 07:00:00,11.61,11.33,11.33,11.33,100.0
SGH,2015-10-19 07:00:00,11.27,11.0,11.0,11.0,600.0
SGH,2015-11-10 07:00:00,10.18,9.94,9.94,9.94,200.0
SGH,2015-11-11 07:00:00,11.2,10.93,10.93,10.93,200.0
SGH,2015-11-12 07:00:00,12.29,11.99,11.99,11.99,400.0
SGH,2015-11-16 07:00:00,13.49,13.17,13.17,13.17,500.0
SGH,2015-11-17 07:00:00,14.8,14.45,14.45,14.45,800.0
SGH,2015-11-18 07:00:00,15.78,15.77,15.41,15.77,1100.0
SGH,2015-11-19 07:00:00,14.54,14.2,14.2,14.2,300.0
SGH,2015-11-23 07:00:00,14.96,14.6,14.6,14.6,300.0
SGH,2015-11-26 07:00:00,14.96,14.67,14.6,14.67,1300.0
SGH,2015-11-30 07:00:00,17.28,16.87,16.87,16.87,200.0
SGH,2015-12-02 07:00:00,17.1,16.69,16.69,16.69,100.0
SGH,2015-12-07 07:00:00,14.02,13.68,13.68,13.68,100.0
SGH,2015-12-08 07:00:00,12.63,12.32,12.32,12.32,100.0
SGH,2015-12-09 07:00:00,13.87,13.54,13.54,13.54,100.0
SGH,2015-12-10 07:00:00,15.22,14.86,14.86,14.86,100.0
SGH,2015-12-11 07:00:00,16.72,16.32,16.03,16.29,1000.0
SGH,2015-12-14 07:00:00,18.34,17.9,17.9,17.9,100.0
SGH,2015-12-16 07:00:00,15.07,14.71,14.71,14.71,100.0
SGH,2015-12-17 07:00:00,13.56,13.24,13.24,13.24,100.0
SGH,2015-12-18 07:00:00,12.25,11.96,11.96,11.96,100.0
SGH,2015-12-24 07:00:00,11.12,10.86,10.86,10.86,100.0
SGH,2015-12-25 07:00:00,10.56,10.31,10.31,10.31,101.0
SGH,2015-12-30 07:00:00,9.62,9.39,9.39,9.39,100.0
SGH,2016-01-06 07:00:00,8.68,8.47,8.47,8.47,100.0
SGH,2016-01-08 07:00:00,7.89,7.7,7.7,7.7,100.0
SGH,2016-01-15 07:00:00,7.14,6.97,6.97,6.97,100.0
SGH,2016-01-18 07:00:00,6.5,6.35,6.35,6.35,100.0
SGH,2016-01-19 07:00:00,6.05,5.91,5.91,5.91,100.0
SGH,2016-01-20 07:00:00,5.86,5.72,5.72,5.72,100.0
SGH,2016-01-22 07:00:00,5.86,5.72,5.72,5.72,300.0
SGH,2016-02-02 07:00:00,6.43,6.27,6.27,6.27,1020.0
SGH,2016-02-03 07:00:00,7.06,6.9,6.9,6.9,100.0
SGH,2016-02-05 07:00:00,7.74,7.56,7.56,7.56,100.0
SGH,2016-02-15 07:00:00,8.49,8.29,8.29,8.29,100.0
SGH,2016-02-16 07:00:00,9.32,9.1,7.48,9.1,900.0
SGH,2016-02-17 07:00:00,10.22,9.98,9.98,9.98,100.0
SGH,2016-02-24 07:00:00,10.33,10.09,8.47,8.47,200.0
SGH,2016-02-25 07:00:00,7.97,7.78,7.78,7.78,100.0
SGH,2016-02-29 07:00:00,9.09,8.88,8.11,8.11,200.0
SGH,2016-03-01 07:00:00,8.34,8.14,7.3,7.3,200.0
SGH,2016-03-10 07:00:00,7.18,7.01,7.01,7.01,100.0
SGH,2020-08-31 07:00:00,31.91,31.91,31.91,32.42,1.0
SGH,2023-07-18 07:00:00,21.84,21.84,21.84,22.19,22.0
SGI,2023-06-15 07:00:00,15.4,15.4,15.4,14.71,3.0
SGI,2024-09-30 07:00:00,12.47,12.47,12.47,12.29,33.0
SGI,2025-02-27 07:00:00,14.28,14.28,14.28,14.38,1.0
SGI,2025-03-10 07:00:00,14.28,14.28,14.28,14.38,2.0
SGI,2025-04-08 07:00:00,12.17,12.17,12.17,12.27,1.0
SGS,2020-07-20 07:00:00,8.75,8.75,8.75,8.99,2.0
SGS,2022-01-05 07:00:00,11.38,11.38,11.38,11.44,24.0
SGS,2022-06-17 07:00:00,10.29,10.29,10.29,10.87,3.0
SGS,2022-07-01 07:00:00,10.68,10.68,10.68,10.55,40.0
SGS,2022-10-05 07:00:00,8.37,8.37,8.37,8.31,1.0
SGS,2022-11-18 07:00:00,8.18,8.18,8.18,7.99,1.0
SGS,2023-06-30 07:00:00,11.38,11.38,11.38,11.44,8.0
SGS,2023-09-12 07:00:00,11.51,11.51,11.51,11.57,9.0
SGS,2024-05-03 07:00:00,11.76,11.76,11.76,11.89,3.0
SGS,2024-05-10 07:00:00,11.76,11.76,11.76,11.89,7.0
SGS,2024-10-02 07:00:00,10.68,10.68,10.68,10.8,47.0
SGS,2024-11-15 07:00:00,11.57,11.57,11.57,11.51,1.0
SHN,2020-01-09 07:00:00,8.7,9.5,8.9,9.5,35175.0
SHN,2020-12-07 07:00:00,7.5,7.5,7.4,7.6,6428.0
SID,2019-03-19 07:00:00,15.38,15.38,15.38,16.53,6.0
SID,2019-03-20 07:00:00,15.38,15.38,15.38,16.53,7.0
SID,2019-12-16 07:00:00,10.96,10.96,10.96,11.42,200.0
SID,2019-12-31 07:00:00,10.32,10.32,10.32,10.69,100.0
SID,2020-01-02 07:00:00,10.59,10.59,10.59,10.32,2400.0
SID,2020-01-07 07:00:00,10.32,10.32,10.32,9.5,100.0
SID,2020-01-22 07:00:00,9.96,9.96,9.96,10.69,100.0
SID,2020-02-18 07:00:00,9.22,9.22,9.22,9.13,1300.0
SID,2020-06-12 07:00:00,9.13,9.13,9.13,9.59,100.0
SID,2022-05-04 07:00:00,17.11,17.11,17.11,17.21,16.0
SID,2022-06-30 07:00:00,11.41,11.41,11.41,10.92,10.0
SID,2022-10-06 07:00:00,11.9,11.9,11.9,11.8,2.0
SID,2023-08-16 07:00:00,12.39,12.39,12.39,12.3,2.0
SID,2023-10-23 07:00:00,13.97,13.97,13.97,13.08,1.0
SID,2023-10-27 07:00:00,12.79,12.79,12.79,13.67,2.0
SID,2023-11-27 07:00:00,13.08,13.08,13.08,12.39,5.0
SID,2023-12-15 07:00:00,13.48,13.48,13.48,13.67,1.0
SID,2024-01-09 07:00:00,12.98,12.98,12.98,13.08,1.0
SID,2024-04-09 07:00:00,12.2,12.2,12.2,12.1,4.0
SID,2024-05-14 07:00:00,12.1,12.1,12.1,11.8,10.0
SID,2024-05-27 07:00:00,11.51,11.51,11.51,12.0,8.0
SID,2024-08-15 07:00:00,12.59,12.59,12.59,12.3,10.0
SID,2025-03-26 07:00:00,17.41,17.41,17.41,15.05,60.0
SJM,2019-12-17 07:00:00,1.3,1.3,1.3,1.4,15100.0
SJM,2019-12-25 07:00:00,1.5,1.5,1.5,1.4,12112.0
SJM,2020-01-08 07:00:00,1.4,1.4,1.4,1.5,100.0
SJM,2022-09-13 07:00:00,7.9,7.9,7.9,7.4,10.0
SJM,2023-04-19 07:00:00,3.1,3.1,3.1,3.5,10.0
SJM,2024-04-19 07:00:00,5.6,5.6,5.6,5.0,30.0
SJM,2024-08-01 07:00:00,9.0,9.0,9.0,8.7,2.0
SMA,2018-07-25 07:00:00,8.12,7.58,7.58,7.58,200.0
SMA,2018-08-30 07:00:00,10.3,10.82,10.82,10.82,10.0
SMA,2019-04-04 07:00:00,12.85,12.25,12.25,12.25,10.0
SMA,2019-06-19 07:00:00,12.85,13.75,13.71,13.75,33620.0
SMA,2019-06-21 07:00:00,14.69,14.78,14.78,14.78,100.0
SMT,2020-01-09 07:00:00,15.36,13.87,13.87,13.87,1000.0
SRF,2019-07-15 07:00:00,11.24,12.46,11.81,11.81,8500.0
SRF,2019-09-04 07:00:00,10.51,10.47,10.18,10.3,3130.0
SRF,2020-05-11 07:00:00,12.0,11.96,11.74,11.91,5670.0
SSN,2019-01-16 07:00:00,13.3,13.3,13.3,13.5,8.0
SSN,2019-12-17 07:00:00,3.8,3.8,3.7,3.6,24400.0
SSN,2020-01-07 07:00:00,3.4,3.4,3.4,3.5,17100.0
STB,2019-08-07 07:00:00,10.35,10.6,10.4,10.4,1977070.0
STC,2025-03-14 07:00:00,16.01,16.01,16.01,17.3,4.0
STG,2019-06-19 07:00:00,13.6,13.5,12.65,13.5,7660.0
STG,2019-07-15 07:00:00,13.3,13.5,13.5,13.5,10.0
STG,2019-08-07 07:00:00,12.95,13.7,13.0,13.6,4640.0
STG,2019-08-30 07:00:00,12.4,13.3,12.5,13.3,5100.0
STL,2022-11-25 07:00:00,1.9,1.9,1.9,2.0,50.0
SVC,2018-07-25 07:00:00,10.39,10.27,10.16,10.27,610.0
SVC,2019-06-19 07:00:00,10.25,10.56,10.27,10.27,350.0
SVC,2019-08-07 07:00:00,10.01,10.17,10.05,10.05,9430.0
SVC,2019-08-30 07:00:00,10.2,10.08,10.08,10.08,210.0
SVG,2020-09-04 07:00:00,5.7,5.7,5.7,5.3,40.0
SVG,2022-05-12 07:00:00,7.7,7.7,7.7,8.0,1.0
SVG,2022-12-12 07:00:00,3.9,3.9,3.9,3.8,13.0
SVG,2023-12-11 07:00:00,4.5,4.5,4.5,4.7,11.0
SVG,2024-02-21 07:00:00,5.8,5.8,5.8,6.0,39.0
SVG,2024-02-26 07:00:00,5.8,5.8,5.8,6.0,10.0
SWC,2019-09-13 07:00:00,11.24,11.24,11.24,11.33,37100.0
SWC,2019-10-09 07:00:00,11.51,11.51,11.51,11.78,1000.0
SWC,2019-12-05 07:00:00,11.33,11.33,11.33,11.6,18270.0
SWC,2019-12-16 07:00:00,11.78,11.78,11.69,11.87,29740.0
SWC,2019-12-31 07:00:00,11.96,12.69,11.96,13.14,107110.0
SWC,2020-01-02 07:00:00,12.14,12.14,12.05,11.96,410.0
SWC,2020-02-18 07:00:00,12.23,12.23,12.23,12.6,1000.0
SWC,2020-04-01 07:00:00,11.33,11.33,11.33,11.78,27.0
SWC,2023-08-21 07:00:00,21.48,21.48,21.48,21.75,19.0
SWC,2024-03-11 07:00:00,24.38,24.38,24.38,24.65,1.0
SWC,2024-03-14 07:00:00,23.65,23.65,23.65,23.74,1.0
SWC,2024-10-28 07:00:00,25.92,25.92,25.92,26.73,3.0
TBC,2018-01-16 07:00:00,13.63,13.58,13.42,13.52,1020.0
TBC,2018-08-30 07:00:00,13.8,14.45,14.45,14.45,10.0
TBC,2019-04-04 07:00:00,15.62,15.58,14.84,15.56,960.0
TBC,2019-06-21 07:00:00,15.37,15.44,15.44,15.44,430.0
TBC,2019-07-15 07:00:00,15.25,15.19,15.19,15.19,90.0
TBC,2019-08-07 07:00:00,15.86,15.31,15.31,15.31,500.0
TBC,2019-09-04 07:00:00,15.25,16.17,16.17,16.17,40.0
TBC,2020-04-29 07:00:00,13.54,13.73,13.73,13.73,340.0
TBR,2023-05-26 07:00:00,7.43,7.43,7.43,6.32,1.0
TBR,2023-07-17 07:00:00,6.32,6.32,6.32,7.0,51.0
TBR,2023-07-20 07:00:00,6.24,6.24,6.24,7.0,2.0
TBR,2024-03-29 07:00:00,7.64,7.64,7.64,7.08,16.0
TBR,2024-05-17 07:00:00,8.0,8.0,8.0,7.82,1.0
TBR,2024-05-20 07:00:00,8.0,8.0,8.0,7.82,1.0
TBR,2024-08-27 07:00:00,6.99,6.99,6.99,6.62,5.0
TBR,2024-08-30 07:00:00,6.99,6.99,6.99,6.62,5.0
TBR,2024-09-05 07:00:00,6.99,6.99,6.99,6.62,4.0
TBR,2025-02-26 07:00:00,6.04,6.04,6.04,5.95,2.0
TBR,2025-03-04 07:00:00,6.04,6.04,6.04,5.95,2.0
TCI,2020-12-03 07:00:00,4.56,4.56,4.56,4.43,8.0
TCI,2020-12-04 07:00:00,4.56,4.56,4.56,4.43,4.0
TCW,2019-02-13 07:00:00,8.52,8.52,8.52,8.44,66.0
TCW,2019-08-02 07:00:00,9.33,9.33,9.33,9.42,43.0
TCW,2019-10-14 07:00:00,11.32,11.37,11.32,11.28,4620.0
TCW,2019-10-21 07:00:00,11.14,11.14,11.14,11.23,2200.0
TCW,2019-12-17 07:00:00,11.14,11.14,11.14,10.9,5900.0
TCW,2019-12-18 07:00:00,10.9,10.9,10.9,11.28,100.0
TCW,2019-12-30 07:00:00,10.67,11.37,10.67,10.53,3200.0
TCW,2020-01-03 07:00:00,10.39,10.39,10.39,11.04,150.0
TCW,2020-01-06 07:00:00,10.77,10.77,10.67,10.44,2970.0
TCW,2020-01-08 07:00:00,9.33,9.33,9.28,9.74,410.0
TCW,2020-02-18 07:00:00,10.9,10.9,10.9,11.0,24091.0
TCW,2022-03-31 07:00:00,23.89,23.89,23.89,23.97,69.0
TCW,2023-04-19 07:00:00,21.89,21.89,21.89,21.97,114.0
TCW,2023-05-29 07:00:00,22.0,22.0,22.0,22.08,40.0
TCW,2023-11-21 07:00:00,23.04,23.04,23.04,23.3,5.0
TCW,2023-12-19 07:00:00,23.38,23.38,23.38,23.21,10.0
TCW,2024-08-21 07:00:00,28.61,28.61,28.61,28.33,34.0
TCW,2025-01-03 07:00:00,29.36,29.36,29.36,29.26,31.0
TDC,2019-08-07 07:00:00,6.39,7.17,6.79,6.79,260700.0
TDC,2019-09-04 07:00:00,7.8,7.66,7.48,7.55,238870.0
TDF,2022-10-26 07:00:00,19.47,19.47,19.47,19.21,1.0
TDS,2019-12-17 07:00:00,6.7,6.7,6.7,6.58,300.0
TDS,2022-05-10 07:00:00,15.73,15.73,15.73,17.0,4.0
TDS,2022-10-04 07:00:00,11.16,11.16,11.16,11.31,1.0
TDS,2022-12-06 07:00:00,10.11,10.11,10.11,10.26,36.0
TDS,2023-07-06 07:00:00,7.94,7.94,7.94,8.09,3.0
TDS,2023-09-25 07:00:00,7.79,7.79,7.79,7.86,1.0
TDS,2023-10-03 07:00:00,7.49,7.49,7.49,7.64,1.0
TDS,2024-01-12 07:00:00,7.19,7.19,7.19,8.24,3.0
TDS,2024-02-26 07:00:00,7.94,7.94,7.94,7.86,80.0
TDW,2018-01-16 07:00:00,15.63,16.64,16.3,16.64,500.0
TDW,2019-04-04 07:00:00,22.02,20.5,20.5,20.5,10.0
TDW,2019-06-19 07:00:00,18.71,17.42,17.42,17.42,10.0
TDW,2019-09-04 07:00:00,16.2,16.57,16.57,16.57,10.0
TDW,2020-05-11 07:00:00,16.68,17.79,17.22,17.79,40.0
TDW,2026-01-13 07:00:00,49.0,49.0,49.0,49.9,200.0
TET,2015-10-22 07:00:00,13.66,13.32,13.32,13.32,15.0
TET,2015-10-29 07:00:00,12.36,12.06,12.06,12.06,19759.0
TET,2015-11-02 07:00:00,12.36,12.06,12.06,12.06,15.0
TET,2015-11-17 07:00:00,13.59,13.25,13.25,13.25,100.0
TET,2015-11-24 07:00:00,12.29,11.98,11.98,11.98,1200.0
TET,2015-11-26 07:00:00,13.51,13.17,13.17,13.17,100.0
TET,2015-12-16 07:00:00,14.81,14.44,14.44,14.44,3100.0
TET,2016-01-26 07:00:00,16.26,15.85,15.85,15.85,100.0
TET,2021-10-27 07:00:00,23.29,23.29,23.29,23.83,20.0
TET,2022-06-02 07:00:00,28.33,28.33,28.33,28.6,4.0
TET,2022-06-13 07:00:00,28.33,28.33,28.33,28.6,1.0
TET,2023-06-09 07:00:00,27.78,27.78,27.78,28.35,1.0
TET,2023-06-12 07:00:00,27.78,27.78,27.78,28.35,3.0
TET,2023-08-30 07:00:00,27.78,27.78,27.78,28.35,1.0
TET,2023-08-31 07:00:00,27.78,27.78,27.78,28.35,1.0
TET,2023-10-10 07:00:00,27.78,27.78,27.78,28.35,1.0
TET,2023-10-12 07:00:00,27.78,27.78,27.78,28.35,1.0
TET,2023-10-19 07:00:00,27.78,27.78,27.78,28.35,1.0
TET,2023-10-20 07:00:00,27.78,27.78,27.78,28.35,1.0
TET,2023-10-25 07:00:00,27.78,27.78,27.78,28.35,1.0
TET,2023-11-15 07:00:00,27.78,27.78,27.78,28.35,1.0
TET,2023-11-30 07:00:00,27.78,27.78,27.78,28.35,1.0
TET,2023-12-01 07:00:00,27.78,27.78,27.78,28.35,1.0
TET,2023-12-04 07:00:00,27.78,27.78,27.78,28.35,1.0
TET,2023-12-06 07:00:00,27.78,27.78,27.78,28.35,1.0
TGG,2019-07-18 07:00:00,3.35,3.3,3.18,3.23,617180.0
TH1,2015-09-29 07:00:00,23.0,21.43,21.43,21.43,500.0
TH1,2015-09-30 07:00:00,22.0,21.43,20.12,21.43,3400.0
TH1,2015-10-02 07:00:00,22.9,21.34,21.34,21.34,1000.0
TH1,2015-10-05 07:00:00,21.0,20.5,19.57,20.5,24500.0
TH1,2015-10-06 07:00:00,21.2,19.75,19.75,19.75,500.0
TH1,2015-10-07 07:00:00,22.0,20.5,20.5,20.5,100.0
TH1,2015-10-08 07:00:00,22.0,21.99,20.5,21.99,300.0
TH1,2015-10-13 07:00:00,22.7,21.43,20.96,21.43,7800.0
TH1,2015-10-14 07:00:00,23.5,21.9,21.9,21.9,1900.0
TH1,2015-10-15 07:00:00,23.5,22.55,21.9,22.55,2300.0
TH1,2015-10-16 07:00:00,24.1,22.83,22.45,22.83,25300.0
TH1,2015-10-19 07:00:00,24.5,24.32,22.83,24.32,2100.0
TH1,2015-10-20 07:00:00,25.5,25.16,23.76,25.06,8400.0
TH1,2015-10-21 07:00:00,26.8,25.44,24.97,25.25,28000.0
TH1,2015-10-22 07:00:00,24.4,22.73,22.73,22.73,25500.0
TH1,2015-10-23 07:00:00,24.4,22.73,22.73,22.73,200.0
TH1,2015-10-26 07:00:00,22.4,20.87,20.87,20.87,100.0
TH1,2015-10-28 07:00:00,22.7,21.15,21.15,21.15,100.0
TH1,2015-10-30 07:00:00,24.0,22.83,20.96,20.96,300.0
TH1,2015-11-02 07:00:00,22.7,21.15,21.15,21.15,500.0
TH1,2015-11-03 07:00:00,22.7,21.24,21.15,21.24,600.0
TH1,2015-11-05 07:00:00,20.7,19.29,19.29,19.29,200.0
TH1,2015-11-06 07:00:00,22.7,21.15,19.57,19.57,200.0
TH1,2015-11-09 07:00:00,20.7,19.29,19.29,19.29,200.0
TH1,2015-11-10 07:00:00,20.9,19.47,19.47,19.47,100.0
TH1,2015-11-12 07:00:00,18.9,18.08,17.61,17.98,3200.0
TH1,2015-11-13 07:00:00,21.2,19.75,18.26,18.26,5700.0
TH1,2015-11-16 07:00:00,18.8,17.52,17.52,17.52,100.0
TH1,2015-11-17 07:00:00,20.6,19.19,17.89,17.89,800.0
TH1,2015-11-18 07:00:00,21.1,19.66,18.26,18.26,600.0
TH1,2015-11-19 07:00:00,21.5,20.03,18.63,18.63,4000.0
TH1,2015-11-20 07:00:00,22.0,20.5,19.66,19.66,900.0
TH1,2015-11-23 07:00:00,19.7,18.35,18.35,18.35,300.0
TH1,2015-11-24 07:00:00,21.6,20.12,20.12,20.12,5605.0
TH1,2015-11-26 07:00:00,21.6,20.12,20.12,20.12,1200.0
TH1,2015-11-27 07:00:00,21.6,20.12,20.12,20.12,3800.0
TH1,2015-12-01 07:00:00,20.5,19.1,19.1,19.1,100.0
TH1,2020-06-12 07:00:00,5.0,5.0,5.0,5.7,10.0
TH1,2020-07-03 07:00:00,5.4,5.4,5.4,5.7,98.0
TH1,2022-04-08 07:00:00,8.6,8.6,8.6,8.0,33.0
TH1,2024-06-07 07:00:00,4.0,4.0,4.0,4.2,2.0
TH1,2024-09-20 07:00:00,3.4,3.4,3.4,3.6,5.0
TH1,2025-01-24 07:00:00,3.2,3.2,3.2,3.3,7.0
TH1,2025-03-07 07:00:00,3.2,3.2,3.2,3.3,21.0
THP,2022-10-04 07:00:00,10.1,10.1,10.1,9.93,1.0
THP,2023-06-20 07:00:00,8.28,8.28,8.28,8.37,1.0
THP,2023-09-13 07:00:00,8.19,8.19,8.19,8.46,40.0
THP,2023-11-27 07:00:00,8.1,8.1,8.1,8.01,2.0
THP,2023-11-28 07:00:00,8.1,8.1,8.1,8.01,10.0
THP,2023-11-29 07:00:00,8.1,8.1,8.1,8.01,10.0
THP,2024-12-23 07:00:00,7.83,7.83,7.83,8.02,1.0
THP,2025-02-06 07:00:00,8.21,8.21,8.21,8.4,24.0
THW,2021-10-05 07:00:00,12.58,12.58,12.58,13.05,2.0
THW,2024-08-12 07:00:00,11.0,11.0,11.0,10.53,18.0
THW,2024-08-13 07:00:00,11.0,11.0,11.0,10.53,11.0
THW,2024-08-28 07:00:00,11.29,11.29,11.29,11.48,1.0
THW,2024-08-30 07:00:00,11.29,11.29,11.29,11.48,1.0
THW,2025-03-13 07:00:00,12.53,12.53,12.53,12.25,3.0
THW,2025-03-17 07:00:00,12.53,12.53,12.53,12.25,1.0
TJC,2020-12-28 07:00:00,6.94,6.94,6.94,7.16,600.0
TL4,2019-12-05 07:00:00,6.6,6.6,6.6,6.42,6400.0
TL4,2019-12-16 07:00:00,6.68,6.68,6.68,6.86,100.0
TL4,2019-12-17 07:00:00,6.86,6.86,6.86,6.68,3900.0
TL4,2019-12-30 07:00:00,6.6,6.6,6.6,6.86,100.0
TL4,2020-07-27 07:00:00,6.51,6.51,6.51,6.6,50.0
TL4,2022-12-29 07:00:00,5.5,5.5,5.5,5.4,100.0
TL4,2025-02-21 07:00:00,7.5,7.5,7.5,8.0,30.0
TLP,2019-03-29 07:00:00,10.53,10.53,10.53,10.61,103.0
TLP,2019-04-16 07:00:00,9.95,9.95,9.95,9.54,20.0
TLP,2019-12-30 07:00:00,6.58,6.58,6.58,8.65,2300.0
TMT,2019-05-22 07:00:00,8.36,8.27,7.99,8.27,110.0
TMT,2019-07-15 07:00:00,6.04,5.88,5.51,5.51,12950.0
TMT,2019-09-04 07:00:00,5.56,5.42,5.42,5.42,1310.0
TMT,2020-04-29 07:00:00,4.87,5.05,4.92,5.05,3100.0
TNB,2020-01-02 07:00:00,6.75,6.75,6.75,7.09,1200.0
TNB,2020-01-22 07:00:00,7.42,7.83,7.42,7.9,4000.0
TNB,2020-04-22 07:00:00,7.56,8.64,7.69,7.69,100.0
TNB,2020-06-12 07:00:00,7.49,9.6,7.49,9.75,2400.0
TNB,2021-01-22 07:00:00,10.84,10.84,10.84,11.13,20.0
TNB,2021-02-17 07:00:00,11.13,11.13,11.13,10.91,1.0
TNB,2021-02-18 07:00:00,11.13,11.13,11.13,10.91,1.0
TNB,2021-12-21 07:00:00,21.18,21.18,21.18,22.5,44.0
TNB,2021-12-24 07:00:00,21.18,21.18,21.18,22.5,202.0
TNB,2022-02-07 07:00:00,17.92,17.92,17.92,17.61,100.0
TNB,2022-02-08 07:00:00,17.92,17.92,17.92,17.61,60.0
TNB,2022-02-09 07:00:00,17.92,17.92,17.92,17.61,80.0
TNB,2022-06-20 07:00:00,23.27,23.27,23.27,22.5,1.0
TNB,2022-06-23 07:00:00,23.27,23.27,23.27,22.5,1.0
TNB,2022-08-08 07:00:00,14.82,14.82,14.82,13.96,5.0
TNB,2022-08-19 07:00:00,14.04,14.04,14.04,14.12,20.0
TNB,2022-10-05 07:00:00,17.1,17.1,17.1,17.0,5.0
TNB,2022-12-13 07:00:00,10.2,10.2,10.2,13.1,20.0
TNB,2023-01-10 07:00:00,12.0,12.0,12.0,10.2,5.0
TNB,2023-01-17 07:00:00,14.4,14.4,14.4,14.7,47.0
TNB,2023-01-18 07:00:00,14.4,14.4,14.4,14.7,30.0
TNB,2023-10-05 07:00:00,10.0,10.0,10.0,10.2,1.0
TNB,2023-10-06 07:00:00,10.0,10.0,10.0,10.2,1.0
TNB,2024-05-22 07:00:00,8.3,8.3,8.3,9.0,8.0
TNB,2024-07-08 07:00:00,13.8,13.8,13.8,14.0,2.0
TNB,2024-07-12 07:00:00,13.8,13.8,13.8,14.0,20.0
TNB,2025-02-17 07:00:00,9.9,9.9,9.9,9.5,2.0
TNB,2025-04-11 07:00:00,11.4,11.4,11.4,11.2,10.0
TNC,2019-04-04 07:00:00,10.44,10.4,10.4,10.4,10000.0
TNC,2019-06-19 07:00:00,10.46,11.15,10.77,11.15,6000.0
TNC,2019-07-15 07:00:00,10.81,10.77,10.54,10.77,2020.0
TNC,2019-08-07 07:00:00,12.31,11.92,11.27,11.27,1010.0
TNC,2020-04-29 07:00:00,11.96,11.65,11.42,11.65,1500.0
TNS,2019-05-23 07:00:00,2.0,2.0,2.0,1.9,10.0
TNS,2019-12-05 07:00:00,2.4,2.4,2.4,2.2,1000.0
TNS,2019-12-19 07:00:00,3.0,3.0,3.0,2.8,100.0
TNS,2020-01-22 07:00:00,3.5,3.5,3.5,3.6,3000.0
TNS,2020-06-12 07:00:00,1.7,1.7,1.7,1.9,10.0
TNT,2019-07-15 07:00:00,2.02,2.09,2.05,2.07,31970.0
TNT,2019-09-04 07:00:00,2.03,1.93,1.8,1.92,39810.0
TNW,2019-03-04 07:00:00,5.79,5.79,5.79,6.37,200.0
TNW,2019-04-09 07:00:00,6.0,6.0,6.0,5.93,32.0
TNW,2019-04-26 07:00:00,6.0,6.0,6.0,5.93,1.0
TNW,2019-11-07 07:00:00,6.29,6.29,6.29,6.76,54.0
TNW,2020-02-18 07:00:00,9.95,9.95,9.95,8.47,500.0
TNW,2024-01-08 07:00:00,8.2,8.2,8.2,8.11,1.0
TNW,2024-03-15 07:00:00,9.51,9.51,9.51,9.42,41.0
TNW,2024-06-06 07:00:00,10.54,10.54,10.54,10.26,134.0
TNW,2024-11-08 07:00:00,10.02,10.02,10.02,10.42,1.0
TNW,2024-11-11 07:00:00,10.02,10.02,10.02,10.42,1.0
TOP,2019-10-14 07:00:00,0.7,0.7,0.7,0.8,17000.0
TOP,2019-12-05 07:00:00,0.7,0.7,0.7,0.8,104000.0
TPB,2019-07-18 07:00:00,6.67,6.64,6.55,6.58,98620.0
TPB,2019-07-19 07:00:00,6.67,6.61,6.47,6.47,544670.0
TPB,2019-09-04 07:00:00,6.59,6.44,6.03,6.44,235740.0
TPP,2015-12-01 07:00:00,7.79,6.85,6.71,6.85,5800.0
TPP,2015-12-02 07:00:00,7.68,7.17,6.76,6.94,22900.0
TPP,2015-12-03 07:00:00,8.15,7.17,7.07,7.17,2700.0
TPP,2015-12-04 07:00:00,8.15,7.85,7.17,7.85,21900.0
TPP,2015-12-07 07:00:00,8.77,7.76,7.3,7.76,7904.0
TPP,2015-12-08 07:00:00,8.72,7.67,7.3,7.58,39874.0
TPP,2015-12-09 07:00:00,8.46,7.85,7.44,7.62,85698.0
TPP,2015-12-10 07:00:00,8.67,8.31,7.62,8.22,85924.0
TPP,2015-12-11 07:00:00,9.45,8.44,8.22,8.26,8900.0
TPP,2015-12-14 07:00:00,9.45,8.31,7.99,7.99,3600.0
TPP,2015-12-15 07:00:00,9.03,7.99,7.94,7.99,1000.0
TPP,2015-12-16 07:00:00,9.35,8.76,8.12,8.44,55318.0
TPP,2015-12-17 07:00:00,10.12,9.27,8.44,9.13,45000.0
TPP,2015-12-18 07:00:00,10.38,9.13,8.9,8.9,12300.0
TPP,2015-12-21 07:00:00,10.28,9.13,9.04,9.13,38211.0
TPP,2015-12-22 07:00:00,10.64,9.59,8.22,8.31,33400.0
TPP,2015-12-23 07:00:00,9.86,9.13,8.67,9.13,3989.0
TPP,2015-12-24 07:00:00,10.38,9.13,8.9,8.9,1400.0
TPP,2015-12-29 07:00:00,10.9,9.59,8.67,9.13,33740.0
TPP,2015-12-30 07:00:00,10.38,9.13,8.95,8.95,2800.0
TPP,2015-12-31 07:00:00,10.38,9.31,8.9,8.95,41300.0
TPP,2016-01-04 07:00:00,11.16,9.81,9.45,9.45,99800.0
TPP,2016-01-05 07:00:00,11.16,10.04,9.81,10.0,2800.0
TPP,2016-01-06 07:00:00,12.41,10.91,9.63,10.27,43800.0
TPP,2016-01-07 07:00:00,11.68,10.27,10.27,10.27,42.0
TPP,2016-01-08 07:00:00,10.69,10.0,9.4,10.0,4834.0
TPP,2016-01-11 07:00:00,10.9,10.0,9.59,10.0,200.0
TPP,2016-01-12 07:00:00,11.21,9.86,9.86,9.86,5000.0
TPP,2016-01-13 07:00:00,10.38,9.54,8.99,9.45,4100.0
TPP,2016-01-14 07:00:00,10.64,9.95,9.36,9.95,1230.0
TPP,2016-01-15 07:00:00,10.33,9.77,9.08,9.77,300.0
TPP,2016-01-19 07:00:00,12.2,10.73,9.13,9.59,11100.0
TPP,2016-01-20 07:00:00,11.16,9.81,8.67,9.59,600.0
TPP,2016-01-21 07:00:00,10.9,9.59,8.67,9.49,1083.0
TPP,2016-01-22 07:00:00,10.38,9.81,9.13,9.81,21200.0
TPP,2016-01-25 07:00:00,10.38,9.81,9.13,9.77,900.0
TPP,2016-01-26 07:00:00,10.38,9.81,9.13,9.81,2700.0
TPP,2016-01-27 07:00:00,11.06,9.72,9.72,9.72,300.0
TPP,2016-01-28 07:00:00,11.06,9.72,9.72,9.72,20.0
TPP,2016-01-29 07:00:00,11.06,9.72,9.72,9.72,15.0
TPP,2016-02-02 07:00:00,11.27,10.04,9.86,9.86,1700.0
TPP,2016-02-04 07:00:00,12.3,10.82,10.82,10.82,102.0
TPP,2016-02-05 07:00:00,12.98,11.41,9.77,9.77,249.0
TPP,2016-02-16 07:00:00,10.38,9.27,9.13,9.27,5200.0
TPP,2016-02-19 07:00:00,10.02,8.81,8.81,8.81,100.0
TPP,2016-02-22 07:00:00,10.07,8.85,8.85,8.85,100.0
TPP,2016-02-24 07:00:00,10.18,8.95,8.95,8.95,600.0
TPP,2016-02-25 07:00:00,10.23,8.99,8.99,8.99,2000.0
TPP,2016-02-26 07:00:00,10.23,8.99,8.99,8.99,2000.0
TPP,2016-02-29 07:00:00,9.86,8.76,8.67,8.76,4600.0
TPP,2016-03-01 07:00:00,10.07,8.85,8.85,8.85,2000.0
TPP,2016-03-02 07:00:00,10.23,8.99,8.95,8.95,2649.0
TPP,2016-03-03 07:00:00,10.64,9.81,9.27,9.81,15000.0
TPP,2016-03-04 07:00:00,11.21,9.86,9.86,9.86,3352.0
TPP,2016-03-07 07:00:00,11.42,10.04,10.04,10.04,5844.0
TPP,2016-03-08 07:00:00,11.21,9.86,9.72,9.86,9000.0
TPP,2016-03-09 07:00:00,11.11,9.86,9.77,9.86,5690.0
TPP,2016-03-10 07:00:00,11.21,9.86,9.86,9.86,8905.0
TPP,2016-03-11 07:00:00,11.21,10.82,9.86,9.86,28436.0
TPP,2016-03-14 07:00:00,11.42,10.5,10.04,10.5,7250.0
TPP,2016-03-15 07:00:00,12.2,11.37,9.95,10.27,19500.0
TPP,2016-03-16 07:00:00,12.2,11.18,10.73,11.09,24900.0
TPP,2016-03-17 07:00:00,12.62,11.18,10.86,11.05,34100.0
TPP,2016-03-18 07:00:00,11.68,11.05,10.09,11.05,20100.0
TPP,2016-03-22 07:00:00,11.94,10.77,10.5,10.77,25266.0
TPP,2016-03-23 07:00:00,12.2,11.78,10.5,11.78,20336.0
TPP,2016-03-24 07:00:00,12.72,11.18,11.18,11.18,5600.0
TPP,2016-03-25 07:00:00,12.72,11.41,11.18,11.41,27000.0
TPP,2016-03-29 07:00:00,14.17,12.78,12.32,12.51,53900.0
TPP,2016-03-30 07:00:00,14.8,13.46,12.69,13.46,21579.0
TPP,2016-03-31 07:00:00,15.06,13.46,13.01,13.24,28991.0
TPP,2016-04-01 07:00:00,14.64,12.87,11.91,11.91,7496.0
TPP,2016-04-04 07:00:00,13.45,11.87,10.82,10.95,10100.0
TPP,2016-04-05 07:00:00,12.46,10.95,10.09,10.95,7010.0
TPP,2016-04-06 07:00:00,12.46,11.87,10.95,11.87,9600.0
TPP,2016-04-07 07:00:00,12.46,11.18,10.95,11.0,17400.0
TPP,2016-04-08 07:00:00,12.72,11.59,11.18,11.41,4905.0
TPP,2016-04-11 07:00:00,13.5,12.46,10.59,11.41,13344.0
TPP,2016-04-12 07:00:00,12.93,11.82,11.37,11.46,9800.0
TPP,2016-04-13 07:00:00,12.88,12.1,11.32,12.1,320.0
TPP,2016-04-14 07:00:00,12.98,12.1,11.32,12.1,15100.0
TPP,2016-04-19 07:00:00,12.98,11.5,11.37,11.5,13300.0
TPP,2016-04-20 07:00:00,12.98,11.55,10.5,10.5,2300.0
TPP,2016-04-21 07:00:00,12.98,11.41,10.77,10.77,1600.0
TPP,2016-04-22 07:00:00,13.39,11.82,11.78,11.82,10300.0
TPP,2016-04-25 07:00:00,13.76,12.73,12.1,12.73,12300.0
TPP,2016-04-27 07:00:00,14.43,12.69,12.32,12.32,2211.0
TPP,2016-04-28 07:00:00,14.48,12.73,12.73,12.73,100.0
TPP,2016-05-04 07:00:00,14.02,12.32,12.32,12.32,100.0
TPP,2016-05-05 07:00:00,15.0,13.19,11.41,12.0,4064.0
TPP,2016-05-06 07:00:00,14.12,12.42,12.42,12.42,100.0
TPP,2016-05-09 07:00:00,13.03,11.46,11.46,11.46,2100.0
TPP,2016-05-10 07:00:00,12.46,12.32,10.86,12.32,2000.0
TPP,2016-05-11 07:00:00,12.72,12.05,11.18,12.05,200.0
TPP,2016-05-12 07:00:00,13.71,12.05,12.05,12.05,58.0
TPP,2016-05-17 07:00:00,12.46,11.59,10.95,11.59,200.0
TPP,2016-05-18 07:00:00,12.98,11.41,11.41,11.41,5000.0
TPP,2016-05-23 07:00:00,13.45,11.82,11.73,11.73,7610.0
TPP,2016-05-24 07:00:00,12.15,11.68,10.63,11.41,16000.0
TPP,2016-05-25 07:00:00,12.98,11.41,11.41,11.41,10.0
TPP,2016-05-27 07:00:00,12.98,11.41,11.41,11.41,96.0
TPP,2016-05-30 07:00:00,14.23,12.51,10.77,11.41,9900.0
TPP,2016-06-07 07:00:00,11.89,10.95,10.45,10.73,27900.0
TPP,2016-06-08 07:00:00,13.13,11.55,10.73,11.41,11300.0
TPP,2016-06-10 07:00:00,12.98,11.41,10.54,11.05,16116.0
TPP,2016-06-13 07:00:00,12.56,11.64,11.05,11.18,7058.0
TPP,2016-06-14 07:00:00,13.76,12.1,10.91,11.96,500.0
TPP,2016-06-15 07:00:00,12.46,11.5,10.95,11.18,22500.0
TPP,2016-06-16 07:00:00,12.98,11.41,11.32,11.32,13530.0
TPP,2016-06-17 07:00:00,12.46,10.95,10.86,10.86,13720.0
TPP,2016-06-20 07:00:00,13.45,11.82,10.95,10.95,42740.0
TPP,2020-01-09 07:00:00,8.37,8.28,8.28,8.28,100.0
TQN,2019-12-30 07:00:00,19.79,19.79,19.79,17.26,100.0
TRC,2019-07-19 07:00:00,24.84,25.63,25.16,25.2,36840.0
TRC,2019-09-04 07:00:00,29.68,29.36,27.1,28.57,223440.0
TRS,2020-09-04 07:00:00,17.71,17.71,17.71,17.81,2.0
TRS,2021-01-13 07:00:00,22.65,22.65,22.65,21.41,75.0
TRS,2023-06-13 07:00:00,18.71,18.71,18.71,18.98,3.0
TRS,2023-08-10 07:00:00,21.27,21.27,21.27,25.49,64.0
TST,2020-01-09 07:00:00,6.88,6.98,6.98,6.98,8100.0
TTF,2019-07-15 07:00:00,3.3,3.27,3.22,3.22,490970.0
TTF,2019-09-04 07:00:00,3.06,3.04,2.97,3.0,530830.0
TTN,2019-12-17 07:00:00,4.02,4.02,4.02,4.18,24400.0
TTN,2019-12-19 07:00:00,4.02,4.02,4.02,4.12,3800.0
TTN,2020-01-02 07:00:00,4.12,4.12,4.12,4.07,11400.0
TTN,2020-01-06 07:00:00,4.02,4.02,3.97,3.92,15000.0
TTN,2020-02-18 07:00:00,4.23,4.23,4.23,4.02,35401.0
TV1,2018-01-12 07:00:00,16.69,17.64,17.64,17.64,10.0
TV1,2020-01-03 07:00:00,9.92,9.92,9.92,9.63,1700.0
TVG,2022-01-14 07:00:00,13.5,13.5,13.5,14.44,1.0
TVN,2019-12-17 07:00:00,6.19,6.19,6.19,6.1,800.0
TVN,2020-02-18 07:00:00,5.81,5.81,5.81,6.19,3300.0
TXM,2015-11-19 07:00:00,7.03,7.31,7.31,7.31,25.0
TXM,2015-12-15 07:00:00,7.19,7.48,7.48,7.48,25.0
TXM,2016-03-03 07:00:00,8.58,8.93,8.93,8.93,25.0
TXM,2020-04-22 07:00:00,2.74,2.64,2.64,2.64,300.0
UDC,2019-04-04 07:00:00,4.65,4.5,4.5,4.5,1000.0
UDC,2019-08-07 07:00:00,4.89,4.84,4.6,4.84,3210.0
UDC,2019-09-04 07:00:00,4.39,4.9,4.64,4.64,6190.0
UDC,2019-11-22 07:00:00,4.64,4.63,4.32,4.63,40.0
UDC,2020-05-11 07:00:00,2.9,2.94,2.94,2.94,10.0
UEM,2023-10-12 07:00:00,8.73,8.73,8.73,8.91,2.0
UEM,2024-01-30 07:00:00,11.43,11.43,11.43,12.6,20.0
UEM,2024-01-31 07:00:00,11.43,11.43,11.43,12.6,6.0
UEM,2024-02-01 07:00:00,11.43,11.43,11.43,12.6,6.0
UEM,2024-07-15 07:00:00,14.15,14.15,14.15,14.44,1.0
UEM,2024-07-29 07:00:00,14.06,14.06,14.06,13.57,1.0
UIC,2019-07-15 07:00:00,27.18,26.81,25.37,26.09,480.0
UIC,2019-09-04 07:00:00,27.34,31.23,28.02,31.05,20640.0
UNI,2015-09-28 07:00:00,11.5,10.76,10.67,10.67,29200.0
UNI,2015-09-29 07:00:00,11.5,10.67,10.58,10.67,152400.0
UNI,2015-09-30 07:00:00,11.4,10.76,10.58,10.67,175649.0
UNI,2015-10-01 07:00:00,11.6,10.76,10.76,10.76,800.0
UNI,2015-10-02 07:00:00,11.3,10.67,10.48,10.67,21131.0
UNI,2015-10-05 07:00:00,11.5,10.67,10.67,10.67,13000.0
UNI,2015-10-06 07:00:00,11.7,10.85,10.67,10.76,11200.0
UNI,2015-10-07 07:00:00,11.5,10.76,10.58,10.67,39500.0
UNI,2015-10-08 07:00:00,11.5,10.95,10.67,10.95,32700.0
UNI,2015-10-09 07:00:00,11.8,11.04,10.76,10.76,33100.0
UNI,2015-10-12 07:00:00,12.0,11.13,10.67,10.67,8500.0
UNI,2015-10-13 07:00:00,11.4,10.85,10.58,10.85,4100.0
UNI,2015-10-14 07:00:00,11.6,10.76,10.76,10.76,10766.0
UNI,2015-10-15 07:00:00,11.6,10.95,10.76,10.95,15100.0
UNI,2015-10-16 07:00:00,11.8,10.95,10.76,10.76,8800.0
UNI,2015-10-19 07:00:00,11.6,10.95,10.76,10.95,13000.0
UNI,2015-10-20 07:00:00,11.8,10.95,10.85,10.95,30140.0
UNI,2015-10-21 07:00:00,11.8,10.95,10.85,10.85,34700.0
UNI,2015-10-22 07:00:00,11.5,10.76,10.67,10.67,6109.0
UNI,2015-10-23 07:00:00,11.4,10.85,10.58,10.85,10300.0
UNI,2015-10-26 07:00:00,11.0,10.58,10.2,10.58,2700.0
UNI,2015-10-27 07:00:00,11.4,10.67,10.39,10.39,7800.0
UNI,2015-10-28 07:00:00,11.4,10.58,10.48,10.48,1100.0
UNI,2015-10-29 07:00:00,11.1,10.3,10.02,10.02,34400.0
UNI,2015-10-30 07:00:00,10.8,10.3,10.02,10.2,4800.0
UNI,2015-11-02 07:00:00,11.0,10.2,10.02,10.02,18600.0
UNI,2015-11-03 07:00:00,10.7,10.02,9.83,9.83,23459.0
UNI,2015-11-04 07:00:00,10.8,10.02,10.02,10.02,2700.0
UNI,2015-11-05 07:00:00,10.8,10.11,9.93,10.11,23700.0
UNI,2015-11-06 07:00:00,10.6,10.02,9.83,10.02,11770.0
UNI,2015-11-09 07:00:00,10.6,9.83,9.83,9.83,10403.0
UNI,2015-11-10 07:00:00,10.5,9.74,9.65,9.74,27500.0
UNI,2015-11-11 07:00:00,10.5,9.83,9.74,9.83,1100.0
UNI,2015-11-12 07:00:00,10.3,9.56,9.37,9.37,45100.0
UNI,2015-11-13 07:00:00,10.5,9.83,9.46,9.65,7600.0
UNI,2015-11-16 07:00:00,10.4,9.65,9.37,9.37,11000.0
UNI,2015-11-17 07:00:00,10.5,9.74,9.46,9.65,2400.0
UNI,2015-11-18 07:00:00,10.1,9.56,9.28,9.56,14100.0
UNI,2015-11-19 07:00:00,10.1,9.37,9.0,9.37,18437.0
UNI,2015-11-20 07:00:00,10.1,9.65,9.37,9.65,52500.0
UNI,2015-11-23 07:00:00,10.2,9.74,9.37,9.74,7700.0
UNI,2015-11-24 07:00:00,10.1,9.46,9.28,9.28,13247.0
UNI,2015-11-25 07:00:00,10.0,9.28,9.28,9.28,5300.0
UNI,2015-11-26 07:00:00,10.0,9.28,9.28,9.28,17710.0
UNI,2015-11-27 07:00:00,10.5,9.74,9.74,9.74,100.0
UNI,2015-11-30 07:00:00,10.0,9.37,9.09,9.37,12500.0
UNI,2015-12-01 07:00:00,9.9,9.18,9.09,9.09,1700.0
UNI,2015-12-02 07:00:00,9.8,9.09,9.09,9.09,5000.0
UNI,2015-12-03 07:00:00,9.8,9.18,9.09,9.18,82300.0
UNI,2015-12-04 07:00:00,9.7,9.09,9.0,9.09,2600.0
UNI,2015-12-07 07:00:00,9.8,9.09,9.0,9.0,6600.0
UNI,2015-12-08 07:00:00,10.0,9.28,9.09,9.28,1900.0
UNI,2015-12-09 07:00:00,9.26,9.28,9.28,9.28,15.0
UNI,2015-12-10 07:00:00,9.9,9.18,9.0,9.18,1400.0
UNI,2015-12-11 07:00:00,9.9,9.18,9.18,9.18,2800.0
UNI,2015-12-14 07:00:00,9.9,9.18,8.91,9.18,6200.0
UNI,2015-12-16 07:00:00,9.6,9.18,8.91,9.18,7300.0
UNI,2015-12-17 07:00:00,10.8,10.02,9.0,9.0,4100.0
UNI,2015-12-18 07:00:00,9.7,9.18,9.0,9.18,20500.0
UNI,2015-12-21 07:00:00,9.9,9.18,9.0,9.0,11003.0
UNI,2015-12-22 07:00:00,9.7,9.0,8.81,8.81,4100.0
UNI,2015-12-23 07:00:00,9.6,8.91,8.91,8.91,6700.0
UNI,2015-12-24 07:00:00,9.5,9.09,8.81,9.09,68529.0
UNI,2015-12-30 07:00:00,11.5,10.67,9.83,9.93,363710.0
UNI,2015-12-31 07:00:00,11.3,10.48,9.37,9.37,52355.0
UNI,2016-01-04 07:00:00,10.1,9.37,9.28,9.37,3000.0
UNI,2016-01-05 07:00:00,10.1,9.37,9.18,9.28,1700.0
UNI,2016-01-06 07:00:00,10.0,9.28,9.28,9.28,1300.0
UNI,2016-01-07 07:00:00,9.7,9.28,9.0,9.28,1600.0
UNI,2016-01-08 07:00:00,10.0,9.28,9.28,9.28,1027.0
UNI,2016-01-11 07:00:00,9.9,9.18,9.18,9.18,100.0
UNI,2016-01-12 07:00:00,10.1,9.37,9.28,9.28,2900.0
UNI,2016-01-13 07:00:00,9.5,9.18,8.81,9.09,2500.0
UNI,2016-01-20 07:00:00,9.3,8.63,8.63,8.63,1100.0
UNI,2016-01-21 07:00:00,9.8,9.09,9.09,9.09,300.0
UNI,2016-01-22 07:00:00,9.6,8.91,8.35,8.53,19300.0
UNI,2016-01-25 07:00:00,9.4,8.72,8.35,8.53,57000.0
UNI,2016-01-26 07:00:00,9.1,8.44,7.89,8.26,15400.0
UNI,2016-01-27 07:00:00,8.9,8.35,7.98,8.35,26800.0
UNI,2016-01-28 07:00:00,9.0,8.35,8.35,8.35,2000.0
UNI,2016-01-29 07:00:00,9.2,8.53,8.53,8.53,100.0
UNI,2016-02-01 07:00:00,9.1,9.09,8.35,9.09,5600.0
UNI,2016-02-02 07:00:00,9.8,9.09,9.09,9.09,100.0
UNI,2016-02-03 07:00:00,9.6,8.91,8.35,8.35,9000.0
UNI,2016-02-04 07:00:00,9.4,8.72,8.72,8.72,100.0
UNI,2016-02-15 07:00:00,9.4,8.72,8.35,8.35,3000.0
UNI,2016-02-16 07:00:00,9.4,9.18,8.72,9.18,300.0
UNI,2016-02-17 07:00:00,9.2,8.53,8.44,8.53,1540.0
UNI,2016-02-18 07:00:00,9.2,8.53,8.53,8.53,1800.0
UNI,2016-02-19 07:00:00,9.0,8.63,8.35,8.63,1100.0
UNI,2016-02-22 07:00:00,9.5,8.81,8.35,8.72,2865.0
UNI,2016-02-23 07:00:00,9.4,8.72,8.63,8.63,610.0
UNI,2016-02-24 07:00:00,9.4,8.72,8.72,8.72,1610.0
UNI,2016-02-25 07:00:00,9.2,8.72,8.44,8.72,1980.0
UNI,2016-02-26 07:00:00,9.4,8.72,8.72,8.72,5320.0
UNI,2016-02-29 07:00:00,9.1,8.72,8.35,8.35,38520.0
UNI,2016-03-01 07:00:00,9.0,8.72,8.35,8.72,7719.0
UNI,2016-03-02 07:00:00,9.4,8.72,8.72,8.72,530.0
UNI,2016-03-03 07:00:00,9.1,8.53,8.44,8.53,310.0
UNI,2016-03-04 07:00:00,9.0,8.53,8.35,8.53,3341.0
UNI,2016-03-07 07:00:00,9.0,8.53,8.35,8.35,3500.0
UNI,2016-03-08 07:00:00,9.1,8.53,7.98,8.53,2600.0
UNI,2016-03-10 07:00:00,9.0,8.63,8.35,8.63,2300.0
UNI,2016-03-14 07:00:00,8.43,8.53,8.44,8.53,400.0
UNI,2016-03-16 07:00:00,8.33,8.35,8.35,8.35,1600.0
UNI,2016-03-17 07:00:00,8.33,8.44,8.35,8.44,8300.0
UNI,2016-03-22 07:00:00,7.96,7.98,7.98,7.98,3000.0
UNI,2016-03-23 07:00:00,8.15,8.44,8.16,8.44,5300.0
UNI,2016-03-25 07:00:00,8.24,8.26,8.26,8.26,100.0
UNI,2016-03-28 07:00:00,8.15,8.26,8.16,8.16,16700.0
UNI,2016-03-30 07:00:00,7.5,8.44,7.51,8.26,14600.0
UNI,2016-04-04 07:00:00,8.52,9.0,8.53,8.63,67300.0
UNI,2016-04-07 07:00:00,8.24,8.44,8.26,8.44,14619.0
UNI,2016-04-08 07:00:00,8.33,8.44,8.35,8.44,6800.0
UNI,2016-04-11 07:00:00,8.33,8.44,8.35,8.44,38900.0
UNI,2016-04-14 07:00:00,8.43,8.81,8.44,8.63,20000.0
UNI,2016-04-15 07:00:00,8.52,8.53,8.53,8.53,20000.0
UNI,2016-04-19 07:00:00,8.52,8.53,8.53,8.53,2710.0
UNI,2016-04-25 07:00:00,8.33,8.35,8.35,8.35,52300.0
UNI,2016-04-26 07:00:00,8.33,8.35,8.35,8.35,40000.0
UNI,2016-04-29 07:00:00,7.87,8.35,7.89,8.16,3700.0
UNI,2016-05-04 07:00:00,8.06,8.07,8.07,8.07,2100.0
UNI,2016-05-06 07:00:00,8.24,8.35,8.26,8.35,200.0
UNI,2016-05-10 07:00:00,8.33,8.35,8.35,8.35,100.0
UNI,2016-05-11 07:00:00,8.33,8.35,8.35,8.35,600.0
UNI,2016-05-12 07:00:00,8.24,8.26,8.26,8.26,3200.0
UNI,2016-05-16 07:00:00,7.87,8.35,7.89,8.35,7800.0
UNI,2016-05-17 07:00:00,8.24,8.26,8.26,8.26,200.0
UNI,2016-05-18 07:00:00,7.59,8.07,7.61,8.07,7300.0
UNI,2016-05-19 07:00:00,7.59,8.16,7.61,8.16,6900.0
UNI,2016-05-20 07:00:00,8.24,8.26,8.26,8.26,100.0
UNI,2016-05-24 07:00:00,7.87,7.98,7.89,7.98,1150.0
UNI,2016-05-25 07:00:00,8.15,8.16,8.16,8.16,100.0
UNI,2016-05-26 07:00:00,7.87,8.16,7.89,8.16,1215.0
UNI,2016-05-27 07:00:00,7.69,7.7,7.7,7.7,700.0
UPH,2019-12-30 07:00:00,19.5,19.5,19.5,23.0,435000.0
UPH,2023-07-17 07:00:00,7.7,7.7,7.7,7.6,7.0
UPH,2024-09-25 07:00:00,8.4,8.4,8.4,9.1,2.0
UPH,2024-10-22 07:00:00,8.4,8.4,8.4,9.1,1.0
VBB,2019-12-17 07:00:00,8.9,8.9,8.9,8.78,21710.0
VBB,2020-01-07 07:00:00,9.59,9.59,9.59,9.07,20100.0
VBB,2020-08-03 07:00:00,7.79,7.79,7.79,7.85,1.0
VBB,2023-11-01 07:00:00,5.83,5.83,5.83,5.76,34.0
VBB,2023-11-29 07:00:00,6.36,6.36,6.36,6.42,69.0
VBB,2024-05-08 07:00:00,8.46,8.46,8.46,8.13,50.0
VC6,2015-09-29 07:00:00,3.15,3.09,3.09,3.09,200.0
VC6,2015-10-01 07:00:00,3.15,3.09,3.09,3.09,1200.0
VC6,2015-10-02 07:00:00,3.12,3.05,3.05,3.05,2600.0
VC6,2015-10-07 07:00:00,3.12,3.05,3.05,3.05,75.0
VC6,2015-10-08 07:00:00,3.12,3.05,3.05,3.05,900.0
VC6,2015-10-09 07:00:00,3.12,3.05,3.05,3.05,1400.0
VC6,2015-10-13 07:00:00,3.04,2.98,2.98,2.98,5300.0
VC6,2015-10-23 07:00:00,3.08,3.02,3.02,3.02,1000.0
VC6,2015-10-29 07:00:00,3.12,3.05,3.05,3.05,700.0
VC6,2015-11-02 07:00:00,3.04,2.98,2.98,2.98,1000.0
VC6,2015-11-06 07:00:00,3.12,3.05,3.05,3.05,1000.0
VC6,2015-11-09 07:00:00,3.08,3.02,3.02,3.02,300.0
VC6,2015-11-11 07:00:00,3.08,3.02,3.02,3.02,900.0
VC6,2015-11-25 07:00:00,3.0,3.02,3.02,3.02,10.0
VC6,2015-12-01 07:00:00,3.0,3.02,3.02,3.02,15.0
VC6,2015-12-03 07:00:00,3.0,3.02,3.02,3.02,6.0
VC6,2015-12-08 07:00:00,3.15,3.09,3.09,3.09,2200.0
VC6,2015-12-21 07:00:00,3.15,3.09,3.09,3.09,1100.0
VC6,2015-12-30 07:00:00,3.07,3.09,3.09,3.09,10.0
VC6,2016-01-07 07:00:00,3.19,3.13,2.87,2.87,1600.0
VC6,2016-01-08 07:00:00,2.74,2.69,2.69,2.69,100.0
VC6,2016-01-11 07:00:00,2.85,2.8,2.8,2.8,100.0
VC6,2016-01-21 07:00:00,2.52,2.47,2.47,2.47,100.0
VC6,2016-01-22 07:00:00,2.48,2.43,2.43,2.43,2200.0
VC6,2016-01-27 07:00:00,2.7,2.65,2.65,2.65,149.0
VC6,2016-01-28 07:00:00,2.97,2.91,2.91,2.91,100.0
VC6,2016-02-19 07:00:00,3.19,3.13,3.09,3.13,300.0
VC6,2016-02-22 07:00:00,3.3,3.24,3.16,3.24,300.0
VC6,2016-02-23 07:00:00,3.3,3.27,3.24,3.24,1200.0
VC6,2016-02-25 07:00:00,3.49,3.42,3.42,3.42,120.0
VC6,2016-02-26 07:00:00,3.34,3.31,3.27,3.31,3900.0
VC6,2016-03-02 07:00:00,3.38,3.31,3.31,3.31,2900.0
VC6,2016-03-03 07:00:00,3.38,3.31,3.27,3.31,1700.0
VC6,2016-03-09 07:00:00,3.72,3.64,3.2,3.57,10500.0
VC6,2016-03-14 07:00:00,3.47,3.5,3.5,3.5,500.0
VC6,2016-03-15 07:00:00,3.29,3.5,3.31,3.5,600.0
VC6,2016-03-18 07:00:00,3.8,3.83,3.83,3.83,100.0
VC6,2016-03-21 07:00:00,3.44,3.46,3.46,3.46,100.0
VC6,2016-03-22 07:00:00,3.11,3.13,3.13,3.13,300.0
VC6,2016-03-23 07:00:00,3.4,3.42,3.42,3.42,100.0
VC6,2016-03-24 07:00:00,3.29,3.31,3.31,3.31,1000.0
VC6,2016-04-05 07:00:00,3.4,3.42,3.42,3.42,100.0
VC6,2016-04-11 07:00:00,3.0,3.35,3.02,3.31,4400.0
VC6,2016-04-13 07:00:00,3.33,3.38,3.35,3.38,2200.0
VC6,2016-04-14 07:00:00,3.36,3.38,3.38,3.38,200.0
VC6,2016-04-15 07:00:00,3.47,3.5,3.5,3.5,200.0
VC6,2016-04-19 07:00:00,3.14,3.16,3.16,3.16,6300.0
VC6,2016-04-20 07:00:00,3.4,3.46,3.42,3.46,400.0
VC6,2016-04-21 07:00:00,3.14,3.16,3.16,3.16,100.0
VC6,2016-04-28 07:00:00,3.22,3.24,3.24,3.24,100.0
VC6,2016-04-29 07:00:00,3.51,3.53,3.53,3.53,100.0
VC6,2016-05-04 07:00:00,3.66,3.68,3.68,3.68,200.0
VC6,2016-05-06 07:00:00,3.36,3.46,3.38,3.38,10200.0
VC6,2016-05-10 07:00:00,3.44,3.86,3.46,3.46,6700.0
VC6,2016-05-11 07:00:00,3.44,3.5,3.46,3.5,3600.0
VC6,2016-05-12 07:00:00,3.47,3.57,3.5,3.5,18500.0
VC6,2016-05-13 07:00:00,3.47,3.5,3.5,3.5,17500.0
VC6,2016-05-20 07:00:00,3.36,3.5,3.38,3.42,4900.0
VC6,2016-05-24 07:00:00,3.44,3.46,3.46,3.46,5600.0
VC6,2016-05-25 07:00:00,3.76,3.79,3.79,3.79,300.0
VC6,2016-05-26 07:00:00,3.4,3.42,3.42,3.42,100.0
VC6,2016-05-27 07:00:00,3.4,3.68,3.42,3.68,600.0
VC6,2022-07-11 07:00:00,7.1,7.1,7.1,7.84,20.0
VCA,2019-03-20 07:00:00,7.09,7.09,7.09,7.03,4.0
VCA,2019-12-30 07:00:00,7.65,7.65,7.65,7.79,1050.0
VCA,2020-04-22 07:00:00,7.23,7.3,7.3,7.3,100.0
VCC,2015-09-28 07:00:00,6.27,5.82,5.63,5.82,400.0
VCC,2015-09-29 07:00:00,6.44,5.82,5.79,5.82,4100.0
VCC,2015-09-30 07:00:00,6.48,5.82,5.82,5.82,600.0
VCC,2015-10-01 07:00:00,6.48,5.82,5.82,5.82,100.0
VCC,2015-10-02 07:00:00,6.48,5.82,5.79,5.79,5100.0
VCC,2015-10-06 07:00:00,6.44,5.86,5.79,5.86,11200.0
VCC,2015-10-07 07:00:00,6.52,5.86,5.86,5.86,1000.0
VCC,2015-10-08 07:00:00,6.52,6.02,5.79,6.02,4500.0
VCC,2015-10-09 07:00:00,6.82,6.13,6.13,6.13,100.0
VCC,2015-10-12 07:00:00,6.52,6.13,5.86,6.13,1100.0
VCC,2015-10-14 07:00:00,6.65,5.98,5.98,5.98,5500.0
VCC,2015-10-19 07:00:00,6.65,6.06,5.98,6.06,8100.0
VCC,2015-10-21 07:00:00,6.44,6.06,5.79,6.06,7300.0
VCC,2015-10-22 07:00:00,6.65,6.06,5.98,6.06,8600.0
VCC,2015-10-23 07:00:00,6.65,6.02,5.98,6.02,9100.0
VCC,2015-10-26 07:00:00,6.61,5.94,5.9,5.9,2000.0
VCC,2015-10-27 07:00:00,6.52,5.98,5.86,5.98,1400.0
VCC,2015-10-28 07:00:00,6.52,5.98,5.86,5.98,1500.0
VCC,2015-10-29 07:00:00,6.52,5.98,5.86,5.98,7700.0
VCC,2015-10-30 07:00:00,6.48,5.98,5.82,5.94,3900.0
VCC,2015-11-02 07:00:00,6.61,5.94,5.94,5.94,200.0
VCC,2015-11-03 07:00:00,6.61,5.98,5.94,5.98,1600.0
VCC,2015-11-04 07:00:00,6.65,6.36,5.98,5.98,500.0
VCC,2015-11-09 07:00:00,6.65,5.98,5.98,5.98,400.0
VCC,2015-11-12 07:00:00,6.61,5.94,5.86,5.94,2600.0
VCC,2015-11-16 07:00:00,6.48,5.94,5.82,5.94,200.0
VCC,2015-11-17 07:00:00,6.48,5.94,5.82,5.94,800.0
VCC,2015-11-18 07:00:00,6.52,5.94,5.86,5.94,1100.0
VCC,2015-11-19 07:00:00,6.57,5.94,5.9,5.94,2600.0
VCC,2015-11-20 07:00:00,6.61,5.98,5.9,5.98,35900.0
VCC,2015-11-23 07:00:00,6.61,5.94,5.94,5.94,5000.0
VCC,2015-11-24 07:00:00,6.65,5.98,5.98,5.98,100.0
VCC,2015-11-25 07:00:00,6.65,6.52,5.98,6.36,6100.0
VCC,2015-11-26 07:00:00,6.65,6.17,5.94,6.17,1300.0
VCC,2015-12-02 07:00:00,6.65,6.17,5.98,6.17,500.0
VCC,2015-12-03 07:00:00,6.65,6.09,5.98,6.09,1600.0
VCC,2015-12-07 07:00:00,6.65,5.98,5.94,5.98,2300.0
VCC,2015-12-08 07:00:00,6.61,5.94,5.94,5.94,11200.0
VCC,2015-12-09 07:00:00,6.61,6.06,5.9,6.06,1600.0
VCC,2015-12-10 07:00:00,6.57,5.94,5.9,5.94,1100.0
VCC,2015-12-15 07:00:00,6.87,6.17,6.17,6.17,100.0
VCC,2015-12-16 07:00:00,6.87,6.17,6.17,6.17,1000.0
VCC,2015-12-17 07:00:00,6.87,6.17,6.17,6.17,800.0
VCC,2015-12-18 07:00:00,6.87,6.17,6.17,6.17,200.0
VCC,2015-12-21 07:00:00,6.65,6.29,5.94,6.29,2700.0
VCC,2015-12-22 07:00:00,6.7,6.29,5.98,6.29,4200.0
VCC,2015-12-29 07:00:00,6.65,6.29,5.94,6.29,4100.0
VCC,2015-12-31 07:00:00,7.38,6.63,6.63,6.63,10100.0
VCC,2016-01-04 07:00:00,6.87,6.17,6.17,6.17,550.0
VCC,2016-01-05 07:00:00,6.65,5.98,5.94,5.94,1000.0
VCC,2016-01-06 07:00:00,7.12,6.4,6.4,6.4,100.0
VCC,2016-01-13 07:00:00,7.08,6.36,6.36,6.36,200.0
VCC,2016-01-21 07:00:00,7.38,6.63,6.63,6.63,100.0
VCC,2016-01-22 07:00:00,7.38,6.63,6.02,6.02,19200.0
VCC,2016-01-25 07:00:00,6.78,6.21,6.09,6.21,5200.0
VCC,2016-01-26 07:00:00,6.87,6.25,6.17,6.25,15700.0
VCC,2016-01-27 07:00:00,6.95,6.67,6.25,6.67,4100.0
VCC,2016-01-28 07:00:00,7.08,6.36,6.36,6.36,100.0
VCC,2016-01-29 07:00:00,7.08,6.36,6.36,6.36,100.0
VCC,2016-02-01 07:00:00,7.08,6.36,6.36,6.36,2000.0
VCC,2016-02-02 07:00:00,7.08,6.36,6.36,6.36,300.0
VCC,2016-02-03 07:00:00,7.08,6.56,6.36,6.56,5100.0
VCC,2016-02-05 07:00:00,7.3,6.56,6.56,6.56,500.0
VCC,2016-02-15 07:00:00,7.3,6.56,6.56,6.56,1000.0
VCC,2016-02-16 07:00:00,7.08,6.36,6.36,6.36,2500.0
VCC,2016-02-18 07:00:00,7.08,6.36,6.36,6.36,6800.0
VCC,2016-02-19 07:00:00,7.3,6.56,6.56,6.56,900.0
VCC,2016-02-23 07:00:00,7.3,6.56,6.52,6.52,1050.0
VCC,2016-02-24 07:00:00,7.3,6.56,6.06,6.4,1700.0
VCC,2016-02-25 07:00:00,7.3,6.87,6.56,6.87,700.0
VCC,2016-02-26 07:00:00,7.3,6.6,6.56,6.56,8000.0
VCC,2016-02-29 07:00:00,7.21,6.56,6.4,6.56,1400.0
VCC,2016-03-01 07:00:00,7.3,6.56,6.44,6.44,16900.0
VCC,2016-03-02 07:00:00,7.21,6.56,6.44,6.56,14300.0
VCC,2016-03-03 07:00:00,7.3,6.56,6.56,6.56,3400.0
VCC,2016-03-04 07:00:00,7.3,7.13,6.56,7.13,35675.0
VCC,2016-03-07 07:00:00,7.51,6.98,6.75,6.9,66900.0
VCC,2016-03-08 07:00:00,7.73,7.29,6.94,7.02,84500.0
VCC,2016-03-09 07:00:00,7.9,7.44,7.1,7.33,29500.0
VCC,2016-03-10 07:00:00,8.15,7.33,7.33,7.33,6000.0
VCC,2016-03-16 07:00:00,7.49,7.48,7.4,7.4,52000.0
VCC,2016-03-24 07:00:00,7.42,7.4,7.37,7.37,16000.0
VCC,2016-03-29 07:00:00,7.73,7.71,7.48,7.48,15100.0
VCC,2016-03-31 07:00:00,7.42,7.4,7.33,7.33,59900.0
VCC,2016-04-05 07:00:00,7.53,7.52,7.33,7.48,106400.0
VCC,2016-04-07 07:00:00,7.61,7.6,7.48,7.56,87400.0
VCC,2016-04-12 07:00:00,8.61,8.6,8.37,8.56,92100.0
VCC,2016-04-15 07:00:00,8.65,8.64,8.29,8.37,101550.0
VCG,2015-09-28 07:00:00,6.01,5.69,5.5,5.5,853910.0
VCG,2015-09-29 07:00:00,5.81,5.5,5.35,5.45,1559000.0
VCG,2015-09-30 07:00:00,5.86,5.64,5.45,5.5,879706.0
VCG,2015-10-01 07:00:00,5.86,5.55,5.5,5.55,347822.0
VCG,2015-10-02 07:00:00,5.76,5.55,5.4,5.45,337100.0
VCG,2015-10-05 07:00:00,5.76,5.64,5.45,5.55,628945.0
VCG,2015-10-06 07:00:00,5.96,5.74,5.6,5.69,2088217.0
VCG,2015-10-07 07:00:00,6.01,5.74,5.55,5.55,835537.0
VCG,2015-10-08 07:00:00,5.91,5.79,5.55,5.74,1622111.0
VCG,2015-10-09 07:00:00,6.11,5.84,5.64,5.64,811555.0
VCG,2015-10-12 07:00:00,5.96,5.74,5.6,5.64,1045508.0
VCG,2015-10-13 07:00:00,5.96,5.69,5.6,5.64,309112.0
VCG,2015-10-14 07:00:00,5.96,5.69,5.6,5.64,680011.0
VCG,2015-10-15 07:00:00,5.96,5.69,5.6,5.69,962859.0
VCG,2015-10-16 07:00:00,6.06,5.74,5.64,5.64,936836.0
VCG,2015-10-19 07:00:00,5.96,5.64,5.55,5.55,564094.0
VCG,2015-10-20 07:00:00,5.96,5.69,5.5,5.5,621458.0
VCG,2015-10-21 07:00:00,5.76,5.55,5.45,5.5,678922.0
VCG,2015-10-22 07:00:00,5.81,5.6,5.45,5.55,428830.0
VCG,2015-10-23 07:00:00,5.91,5.69,5.6,5.64,674162.0
VCG,2015-10-26 07:00:00,6.01,5.69,5.55,5.55,499424.0
VCG,2015-10-27 07:00:00,5.86,5.55,5.45,5.5,544600.0
VCG,2015-10-28 07:00:00,5.81,5.6,5.5,5.55,464517.0
VCG,2015-10-29 07:00:00,5.81,5.6,5.5,5.6,522930.0
VCG,2015-10-30 07:00:00,5.91,5.6,5.55,5.55,257130.0
VCG,2015-11-02 07:00:00,5.86,5.69,5.55,5.55,621790.0
VCG,2015-11-05 07:00:00,6.42,6.18,6.03,6.13,1043642.0
VCG,2015-11-06 07:00:00,6.42,6.13,5.94,5.94,1906220.0
VCG,2015-11-10 07:00:00,6.53,6.23,6.03,6.03,1623680.0
VCG,2015-11-11 07:00:00,6.37,6.08,5.89,5.94,930533.0
VCG,2015-11-12 07:00:00,6.22,6.08,5.84,6.08,1527937.0
VCG,2015-11-13 07:00:00,6.42,6.13,5.99,5.99,1354205.0
VCG,2015-11-16 07:00:00,6.32,6.08,5.84,5.99,1559280.0
VCG,2015-11-17 07:00:00,6.37,6.08,5.89,5.94,1343600.0
VCG,2015-11-18 07:00:00,6.27,5.99,5.89,5.99,830329.0
VCG,2015-11-19 07:00:00,6.32,5.99,5.89,5.89,538305.0
VCG,2015-11-20 07:00:00,6.06,5.99,5.74,5.89,949705.0
VCG,2015-11-23 07:00:00,6.22,6.13,5.89,6.03,1371637.0
VCG,2015-11-24 07:00:00,6.47,6.28,6.03,6.08,1710997.0
VCG,2015-11-25 07:00:00,6.42,6.18,5.99,6.13,802120.0
VCG,2015-11-26 07:00:00,6.47,6.13,5.94,5.94,983347.0
VCG,2015-11-27 07:00:00,6.27,5.94,5.69,5.69,1760615.0
VCG,2015-11-30 07:00:00,6.01,5.74,5.55,5.6,934534.0
VCG,2015-12-01 07:00:00,5.91,5.69,5.6,5.6,633300.0
VCG,2015-12-03 07:00:00,5.91,5.64,5.5,5.6,541821.0
VCG,2015-12-04 07:00:00,5.86,5.6,5.5,5.6,354700.0
VCG,2015-12-07 07:00:00,5.91,5.6,5.5,5.55,637431.0
VCG,2015-12-08 07:00:00,5.81,5.6,5.4,5.55,1228155.0
VCG,2015-12-09 07:00:00,5.86,5.55,5.4,5.4,894200.0
VCG,2015-12-10 07:00:00,5.7,5.45,5.35,5.35,551251.0
VCG,2015-12-11 07:00:00,5.7,5.45,5.35,5.45,442332.0
VCG,2015-12-15 07:00:00,5.81,5.5,5.45,5.5,258900.0
VCG,2015-12-16 07:00:00,5.81,5.55,5.5,5.5,366300.0
VCG,2015-12-17 07:00:00,6.32,5.99,5.45,5.45,341216.0
VCG,2015-12-18 07:00:00,5.76,5.5,5.45,5.45,1562600.0
VCG,2015-12-21 07:00:00,5.76,5.5,5.4,5.45,349791.0
VCG,2015-12-22 07:00:00,5.76,5.5,5.4,5.45,236822.0
VCG,2015-12-23 07:00:00,5.76,5.45,5.4,5.4,304800.0
VCG,2015-12-24 07:00:00,5.5,5.45,5.21,5.45,101165.0
VCG,2015-12-25 07:00:00,5.76,5.45,5.35,5.4,292400.0
VCG,2015-12-28 07:00:00,5.7,5.4,5.3,5.3,309300.0
VCG,2015-12-29 07:00:00,5.65,5.45,5.3,5.45,334091.0
VCG,2015-12-30 07:00:00,5.81,5.55,5.45,5.5,415851.0
VCG,2015-12-31 07:00:00,5.81,5.5,5.45,5.5,127460.0
VCG,2016-01-04 07:00:00,5.81,5.55,5.4,5.4,378512.0
VCG,2016-01-05 07:00:00,5.65,5.45,5.3,5.3,410205.0
VCG,2016-01-06 07:00:00,5.65,5.35,5.35,5.35,169800.0
VCG,2016-01-07 07:00:00,5.6,5.35,5.21,5.26,449815.0
VCG,2016-01-08 07:00:00,5.5,5.26,5.06,5.06,599300.0
VCG,2016-01-11 07:00:00,5.34,5.11,4.96,4.96,304900.0
VCG,2016-01-12 07:00:00,5.19,5.16,4.91,5.11,485410.0
VCG,2016-01-13 07:00:00,5.4,5.16,5.06,5.06,155960.0
VCG,2016-01-14 07:00:00,5.34,5.06,4.91,4.96,631400.0
VCG,2016-01-15 07:00:00,5.29,5.06,4.87,4.91,514200.0
VCG,2016-01-18 07:00:00,5.14,4.87,4.48,4.57,1135600.0
VCG,2016-01-19 07:00:00,4.83,4.72,4.57,4.72,376729.0
VCG,2016-01-20 07:00:00,4.93,4.87,4.62,4.67,295400.0
VCG,2016-01-26 07:00:00,5.29,5.06,4.87,4.91,574290.0
VCG,2016-01-27 07:00:00,5.24,5.06,4.96,4.96,309522.0
VCG,2016-01-28 07:00:00,5.24,5.11,4.96,5.06,538270.0
VCG,2016-01-29 07:00:00,5.24,5.11,4.96,5.01,246600.0
VCG,2016-02-01 07:00:00,5.45,5.16,4.96,5.01,311300.0
VCG,2016-02-02 07:00:00,5.24,4.96,4.87,4.87,235992.0
VCG,2016-02-03 07:00:00,5.09,5.01,4.77,5.01,231600.0
VCG,2016-02-04 07:00:00,5.29,5.01,4.91,4.91,361900.0
VCG,2016-02-05 07:00:00,5.19,4.96,4.87,4.91,165100.0
VCG,2016-02-15 07:00:00,5.7,5.4,4.82,4.91,133112.0
VCG,2016-02-16 07:00:00,5.19,5.06,4.91,5.01,362900.0
VCG,2016-02-18 07:00:00,5.29,5.01,4.91,4.96,159816.0
VCG,2016-02-19 07:00:00,5.29,5.26,4.96,5.16,1499500.0
VCG,2016-02-22 07:00:00,5.5,5.21,5.11,5.16,869989.0
VCG,2016-02-23 07:00:00,5.4,5.21,5.11,5.16,422100.0
VCG,2016-02-24 07:00:00,5.4,5.16,5.06,5.11,777750.0
VCG,2016-02-25 07:00:00,5.4,5.11,5.01,5.01,539335.0
VCG,2016-02-26 07:00:00,5.34,5.06,5.01,5.01,203110.0
VCG,2016-02-29 07:00:00,5.29,5.01,4.91,4.96,378300.0
VCG,2016-03-01 07:00:00,5.29,5.01,4.91,4.91,378601.0
VCG,2016-03-02 07:00:00,5.14,5.01,4.87,5.01,385540.0
VCG,2016-03-03 07:00:00,5.29,5.01,4.96,4.96,442500.0
VCG,2016-03-04 07:00:00,5.24,5.01,4.91,4.96,476361.0
VCG,2016-03-07 07:00:00,5.24,5.01,4.96,4.96,544010.0
VCG,2016-03-08 07:00:00,5.24,5.11,4.96,5.01,1017230.0
VCG,2016-03-09 07:00:00,5.4,5.21,5.06,5.11,933660.0
VCG,2016-03-10 07:00:00,5.45,5.16,5.06,5.06,332810.0
VCI,2018-01-16 07:00:00,10.26,10.2,9.96,10.2,7170.0
VCI,2019-07-15 07:00:00,5.75,5.96,5.84,5.88,42750.0
VCM,2015-12-04 07:00:00,3.6,2.95,2.95,2.95,1300.0
VCM,2015-12-14 07:00:00,3.95,3.23,2.97,2.97,600.0
VCM,2015-12-15 07:00:00,3.98,3.26,3.26,3.26,100.0
VCM,2015-12-16 07:00:00,4.36,3.57,3.09,3.09,200.0
VCM,2015-12-18 07:00:00,3.49,2.85,2.85,2.85,100.0
VCM,2015-12-21 07:00:00,3.2,2.61,2.61,2.61,200.0
VCM,2016-01-06 07:00:00,3.02,2.86,2.86,2.86,520.0
VCM,2016-01-07 07:00:00,3.31,3.14,3.14,3.14,400.0
VCM,2016-01-08 07:00:00,3.63,3.44,3.44,3.44,300.0
VCM,2016-01-11 07:00:00,3.98,3.77,3.77,3.77,560.0
VCM,2016-01-12 07:00:00,4.36,4.13,4.13,4.13,200.0
VCM,2016-01-13 07:00:00,4.79,4.54,4.54,4.54,6304.0
VCM,2016-01-18 07:00:00,4.79,4.54,4.1,4.13,1200.0
VCM,2016-01-19 07:00:00,4.5,4.27,4.27,4.27,400.0
VCM,2016-01-20 07:00:00,4.91,4.65,3.99,3.99,1500.0
VCM,2016-01-21 07:00:00,4.62,4.38,4.38,4.38,664.0
VCM,2016-01-22 07:00:00,4.94,4.68,4.18,4.18,17100.0
VCM,2016-01-26 07:00:00,4.24,4.02,4.02,4.02,400.0
VCM,2016-01-28 07:00:00,4.36,4.13,4.13,4.13,200.0
VCM,2016-01-29 07:00:00,4.79,4.54,4.54,4.54,200.0
VCM,2016-02-01 07:00:00,5.23,4.95,4.95,4.95,100.0
VCM,2016-02-02 07:00:00,5.75,5.45,5.23,5.45,900.0
VCM,2016-02-15 07:00:00,6.31,5.97,5.97,5.97,300.0
VCM,2016-02-17 07:00:00,6.33,6.0,6.0,6.0,100.0
VCM,2016-02-22 07:00:00,6.39,6.05,6.05,6.05,100.0
VCM,2016-02-29 07:00:00,5.17,4.9,4.9,4.9,100.0
VCM,2016-03-01 07:00:00,5.67,5.37,5.37,5.37,100.0
VCM,2016-03-02 07:00:00,6.1,5.89,5.78,5.89,300.0
VCM,2016-03-09 07:00:00,6.16,5.83,5.83,5.83,400.0
VCM,2016-03-10 07:00:00,6.25,5.92,5.92,5.92,100.0
VCP,2019-02-20 07:00:00,23.16,23.16,23.16,23.29,63.0
VCP,2019-02-25 07:00:00,23.29,23.29,23.29,23.6,30.0
VCP,2019-07-11 07:00:00,24.55,24.55,24.55,25.87,50.0
VCP,2019-07-12 07:00:00,24.55,24.55,24.55,25.87,23.0
VCP,2019-12-16 07:00:00,31.84,31.84,31.84,31.98,1100.0
VCP,2019-12-30 07:00:00,36.49,37.42,36.49,33.17,10200.0
VCP,2020-02-18 07:00:00,36.82,36.82,36.82,34.5,9520.0
VCP,2020-04-22 07:00:00,36.62,32.77,31.18,32.77,1000.0
VCP,2021-11-04 07:00:00,27.7,27.7,27.7,28.14,2.0
VCP,2021-11-05 07:00:00,27.7,27.7,27.7,28.14,86.0
VCP,2022-07-26 07:00:00,22.78,22.78,22.78,22.68,10.0
VCP,2022-08-31 07:00:00,24.24,24.24,24.24,24.44,67.0
VCP,2022-09-14 07:00:00,23.66,23.66,23.66,23.56,19.0
VCP,2022-10-05 07:00:00,20.73,20.73,20.73,20.82,50.0
VCP,2023-04-04 07:00:00,24.83,24.83,24.83,24.93,10.0
VCP,2023-04-21 07:00:00,26.3,26.3,26.3,26.4,4.0
VCP,2023-04-26 07:00:00,26.2,26.2,26.2,25.52,6.0
VCP,2024-01-10 07:00:00,22.09,22.09,22.09,22.0,1.0
VCP,2024-01-18 07:00:00,22.0,22.0,22.0,21.51,42.0
VDS,2016-03-10 07:00:00,2.98,2.98,2.98,3.02,5500.0
VE8,2015-09-28 07:00:00,7.56,6.66,6.66,6.66,2000.0
VE8,2015-09-29 07:00:00,7.56,6.66,6.66,6.66,2000.0
VE8,2015-09-30 07:00:00,7.56,6.66,6.66,6.66,100.0
VE8,2015-10-01 07:00:00,7.56,6.66,6.66,6.66,1000.0
VE8,2015-10-02 07:00:00,7.56,6.98,6.66,6.98,3900.0
VE8,2015-10-08 07:00:00,7.56,6.9,6.43,6.9,1600.0
VE8,2015-10-12 07:00:00,7.64,6.74,6.74,6.74,300.0
VE8,2015-10-13 07:00:00,7.56,6.74,6.66,6.74,2900.0
VE8,2015-10-14 07:00:00,7.56,6.74,6.66,6.74,1400.0
VE8,2015-10-15 07:00:00,7.64,6.74,6.74,6.74,1900.0
VE8,2015-10-16 07:00:00,7.73,7.37,6.82,7.37,1100.0
VE8,2015-10-19 07:00:00,8.0,7.84,7.06,7.84,2100.0
VE8,2015-10-21 07:00:00,8.44,7.45,7.06,7.37,6800.0
VE8,2015-10-22 07:00:00,8.44,7.84,7.37,7.84,3700.0
VE8,2015-10-23 07:00:00,8.44,7.68,7.45,7.68,3000.0
VE8,2015-10-26 07:00:00,8.0,7.6,7.06,7.6,1300.0
VE8,2015-10-27 07:00:00,8.09,7.6,7.13,7.6,4100.0
VE8,2015-10-29 07:00:00,8.18,7.45,7.21,7.45,500.0
VE8,2015-10-30 07:00:00,8.18,7.21,7.21,7.21,1600.0
VE8,2015-11-02 07:00:00,8.44,7.45,7.45,7.45,100.0
VE8,2015-11-03 07:00:00,8.44,7.45,7.45,7.45,800.0
VE8,2015-11-04 07:00:00,8.44,7.45,7.45,7.45,10400.0
VE8,2015-11-05 07:00:00,8.62,7.6,7.6,7.6,100.0
VE8,2015-11-09 07:00:00,8.53,7.53,7.37,7.37,1300.0
VE8,2015-11-10 07:00:00,8.44,7.45,7.45,7.45,1100.0
VE8,2015-11-11 07:00:00,8.53,7.53,7.53,7.53,600.0
VE8,2015-11-12 07:00:00,8.62,7.6,7.21,7.53,600.0
VE8,2015-11-13 07:00:00,8.27,7.6,7.29,7.6,1500.0
VE8,2015-11-16 07:00:00,8.62,7.6,7.6,7.6,200.0
VE8,2015-11-18 07:00:00,8.36,7.45,7.37,7.45,200.0
VE8,2015-11-19 07:00:00,8.44,7.45,7.45,7.45,100.0
VE8,2015-11-23 07:00:00,8.36,7.53,7.21,7.45,3500.0
VE8,2015-11-24 07:00:00,8.27,7.45,7.29,7.45,300.0
VE8,2015-11-25 07:00:00,8.27,7.29,7.29,7.29,100.0
VE8,2015-11-26 07:00:00,8.62,7.6,7.21,7.21,600.0
VE8,2015-11-27 07:00:00,8.53,7.53,7.29,7.29,2100.0
VE8,2015-11-30 07:00:00,8.18,7.37,7.21,7.37,3400.0
VE8,2015-12-01 07:00:00,8.09,7.37,7.13,7.37,2900.0
VE8,2015-12-02 07:00:00,8.09,7.92,7.13,7.92,1300.0
VE8,2015-12-03 07:00:00,8.27,7.53,7.29,7.53,200.0
VE8,2015-12-08 07:00:00,8.27,7.37,7.21,7.37,5900.0
VE8,2015-12-09 07:00:00,8.09,7.29,7.13,7.29,10100.0
VE8,2015-12-11 07:00:00,8.18,7.21,7.21,7.21,100.0
VE8,2015-12-14 07:00:00,8.09,7.21,7.13,7.21,4800.0
VE8,2015-12-15 07:00:00,8.09,7.13,7.13,7.13,700.0
VE8,2015-12-16 07:00:00,8.18,7.21,7.06,7.13,5800.0
VE8,2015-12-17 07:00:00,8.27,7.29,7.29,7.29,100.0
VE8,2015-12-21 07:00:00,8.27,7.29,7.29,7.29,1000.0
VE8,2015-12-25 07:00:00,8.09,7.29,7.13,7.29,4100.0
VE8,2015-12-28 07:00:00,8.27,7.29,7.21,7.29,4500.0
VE8,2015-12-30 07:00:00,8.44,7.45,7.21,7.37,2100.0
VE8,2016-01-04 07:00:00,8.36,7.37,7.29,7.29,2500.0
VE8,2016-01-05 07:00:00,8.27,7.29,7.29,7.29,2000.0
VE8,2016-01-08 07:00:00,8.44,7.45,7.45,7.45,100.0
VE8,2016-01-12 07:00:00,8.36,7.37,7.37,7.37,1000.0
VE8,2016-01-14 07:00:00,8.09,7.37,7.13,7.37,1500.0
VE8,2016-01-15 07:00:00,8.09,7.29,7.13,7.29,400.0
VE8,2016-01-18 07:00:00,8.09,7.13,6.98,7.06,10600.0
VE8,2016-01-19 07:00:00,8.09,7.13,7.13,7.13,5800.0
VE8,2016-01-20 07:00:00,8.18,7.21,7.21,7.21,700.0
VE8,2016-01-22 07:00:00,8.44,7.45,7.21,7.45,13908.0
VE8,2016-01-25 07:00:00,8.8,7.76,7.76,7.76,100.0
VE8,2016-01-26 07:00:00,8.18,7.53,7.21,7.45,3100.0
VE8,2016-01-27 07:00:00,8.62,7.6,7.6,7.6,100.0
VE8,2016-01-28 07:00:00,8.44,7.45,7.45,7.45,5800.0
VE8,2016-01-29 07:00:00,8.53,7.6,7.53,7.6,1800.0
VE8,2016-02-01 07:00:00,8.89,7.84,7.84,7.84,100.0
VE8,2016-02-02 07:00:00,8.62,7.6,7.6,7.6,200.0
VE8,2016-02-03 07:00:00,8.53,7.76,7.53,7.76,300.0
VE8,2016-02-15 07:00:00,8.8,7.84,7.76,7.84,7200.0
VE8,2016-02-16 07:00:00,8.89,8.47,7.84,8.23,49100.0
VE8,2016-02-17 07:00:00,9.42,8.31,8.31,8.31,1600.0
VE8,2016-02-18 07:00:00,9.42,8.39,8.31,8.39,5800.0
VE8,2016-02-19 07:00:00,9.51,8.39,8.31,8.31,74900.0
VE8,2016-02-22 07:00:00,9.42,8.39,8.31,8.39,5300.0
VE8,2016-02-23 07:00:00,9.51,8.62,8.39,8.62,16000.0
VE8,2016-02-24 07:00:00,9.78,8.62,8.54,8.54,6300.0
VE8,2016-02-25 07:00:00,9.69,8.54,8.54,8.54,2300.0
VE8,2016-02-29 07:00:00,9.6,8.54,8.47,8.54,1100.0
VE8,2016-03-03 07:00:00,9.69,8.54,8.54,8.54,100.0
VE8,2016-03-04 07:00:00,9.6,8.47,8.47,8.47,200.0
VE8,2016-03-07 07:00:00,9.51,8.47,8.39,8.47,5600.0
VE8,2016-03-08 07:00:00,8.45,8.47,8.47,8.47,100.0
VE8,2016-03-09 07:00:00,9.51,8.54,8.39,8.54,400.0
VE8,2016-03-11 07:00:00,8.37,8.39,8.39,8.39,100.0
VE8,2016-03-14 07:00:00,8.53,8.54,8.54,8.54,100.0
VE8,2016-03-22 07:00:00,8.3,8.54,8.31,8.54,200.0
VE8,2016-03-24 07:00:00,8.61,8.62,8.62,8.62,100.0
VE8,2016-03-28 07:00:00,8.37,8.54,8.39,8.54,7300.0
VE8,2016-03-30 07:00:00,8.37,8.39,8.39,8.39,400.0
VE8,2016-03-31 07:00:00,8.3,8.31,8.31,8.31,4000.0
VE8,2016-04-01 07:00:00,8.3,8.31,8.31,8.31,5000.0
VE8,2016-04-04 07:00:00,8.38,9.01,8.39,9.01,700.0
VE8,2016-04-06 07:00:00,8.38,8.62,8.39,8.62,300.0
VE8,2016-04-07 07:00:00,8.61,8.62,8.62,8.62,300.0
VE8,2016-04-12 07:00:00,8.38,8.62,8.39,8.62,300.0
VE8,2016-04-14 07:00:00,8.45,8.47,8.47,8.47,200.0
VE8,2016-04-15 07:00:00,8.61,9.25,8.62,9.01,800.0
VE8,2016-04-19 07:00:00,8.37,8.39,8.39,8.39,100.0
VE8,2016-04-20 07:00:00,8.61,8.62,8.62,8.62,100.0
VE8,2016-04-21 07:00:00,7.83,8.62,7.84,8.62,1800.0
VE8,2016-04-25 07:00:00,8.37,8.39,8.39,8.39,300.0
VE8,2016-04-26 07:00:00,8.37,8.39,8.39,8.39,7000.0
VE8,2016-04-29 07:00:00,8.14,8.31,8.15,8.31,6000.0
VE8,2016-05-05 07:00:00,8.22,8.23,8.23,8.23,200.0
VE8,2016-05-06 07:00:00,8.22,8.23,8.23,8.23,200.0
VE8,2016-05-16 07:00:00,8.3,8.31,8.31,8.31,4900.0
VE8,2016-05-18 07:00:00,8.38,8.62,8.39,8.62,2600.0
VE8,2016-05-19 07:00:00,8.77,8.86,8.78,8.86,3718.0
VE8,2016-05-20 07:00:00,8.85,8.86,8.86,8.86,1200.0
VE8,2016-05-23 07:00:00,8.92,9.17,8.94,9.17,5000.0
VE8,2016-05-24 07:00:00,9.24,10.03,9.25,9.72,4700.0
VE8,2016-05-27 07:00:00,8.92,9.09,8.94,9.09,8000.0
VE8,2016-05-30 07:00:00,9.39,9.41,9.41,9.41,100.0
VE8,2016-06-01 07:00:00,9.31,9.33,9.33,9.33,500.0
VE8,2016-06-10 07:00:00,9.63,9.72,9.64,9.72,16900.0
VE8,2016-06-13 07:00:00,9.78,9.96,9.8,9.96,17500.0
VE9,2015-09-29 07:00:00,5.76,5.62,5.31,5.62,5100.0
VE9,2015-09-30 07:00:00,5.76,5.57,5.26,5.57,12700.0
VE9,2015-10-01 07:00:00,5.66,5.39,5.17,5.17,7300.0
VE9,2015-10-02 07:00:00,5.81,5.35,4.95,5.26,5154.0
VE9,2015-10-05 07:00:00,5.76,5.31,4.77,4.77,68880.0
VE9,2015-10-09 07:00:00,5.66,5.22,4.68,4.68,11500.0
VE9,2015-10-12 07:00:00,5.47,5.04,4.55,4.55,2700.0
VE9,2015-10-13 07:00:00,5.42,4.99,4.5,4.64,11000.0
VE9,2015-10-14 07:00:00,5.23,4.99,4.77,4.81,20200.0
VE9,2015-10-15 07:00:00,5.37,4.95,4.55,4.55,3100.0
VE9,2015-10-16 07:00:00,5.08,4.73,4.32,4.68,3900.0
VE9,2015-10-19 07:00:00,5.37,4.95,4.28,4.46,11800.0
VE9,2015-10-20 07:00:00,4.69,4.32,4.15,4.15,68900.0
VE9,2015-10-21 07:00:00,4.79,4.46,4.06,4.06,5700.0
VE9,2015-10-22 07:00:00,4.74,4.37,4.28,4.28,800.0
VE9,2015-10-23 07:00:00,4.65,4.37,4.06,4.37,40790.0
VE9,2015-10-26 07:00:00,4.74,4.37,4.32,4.32,500.0
VE9,2015-10-27 07:00:00,4.69,4.32,4.32,4.32,100.0
VE9,2015-10-28 07:00:00,4.65,4.28,3.97,4.06,13600.0
VE9,2015-10-29 07:00:00,4.6,4.24,4.06,4.06,3300.0
VE9,2015-10-30 07:00:00,4.55,4.19,4.19,4.19,900.0
VE9,2015-11-03 07:00:00,4.21,3.88,3.83,3.83,9500.0
VE9,2015-11-04 07:00:00,4.11,3.83,3.48,3.83,22200.0
VE9,2015-11-05 07:00:00,4.11,3.83,3.7,3.83,1100.0
VE9,2015-11-06 07:00:00,4.16,3.83,3.74,3.74,8800.0
VE9,2015-11-09 07:00:00,4.02,3.83,3.52,3.52,19000.0
VE9,2015-11-10 07:00:00,4.07,3.74,3.52,3.7,800.0
VE9,2015-11-11 07:00:00,4.11,3.79,3.57,3.7,12900.0
VE9,2015-11-12 07:00:00,3.73,3.52,3.39,3.39,15900.0
VE9,2015-11-13 07:00:00,3.73,3.61,3.39,3.61,106000.0
VE9,2015-11-16 07:00:00,4.07,3.74,3.48,3.48,700.0
VE9,2015-11-17 07:00:00,3.87,3.57,3.48,3.48,9305.0
VE9,2015-11-18 07:00:00,3.82,3.74,3.48,3.74,27600.0
VE9,2015-11-19 07:00:00,4.26,3.92,3.57,3.57,800.0
VE9,2015-11-20 07:00:00,3.92,3.61,3.43,3.43,25306.0
VE9,2015-11-23 07:00:00,3.73,3.57,3.43,3.57,43500.0
VE9,2015-11-24 07:00:00,3.78,3.48,3.48,3.48,2100.0
VE9,2015-11-25 07:00:00,3.73,3.57,3.39,3.57,35600.0
VE9,2015-11-26 07:00:00,3.87,3.57,3.48,3.48,3300.0
VE9,2015-11-27 07:00:00,3.82,3.52,3.52,3.52,8200.0
VE9,2015-11-30 07:00:00,3.73,3.43,3.39,3.39,718.0
VE9,2015-12-01 07:00:00,3.68,3.48,3.39,3.48,7236.0
VE9,2015-12-02 07:00:00,3.78,3.48,3.48,3.48,100.0
VE9,2015-12-03 07:00:00,3.78,3.48,3.34,3.48,15000.0
VE9,2015-12-04 07:00:00,3.68,3.43,3.39,3.39,1400.0
VE9,2015-12-07 07:00:00,4.02,3.7,3.34,3.61,9900.0
VE9,2015-12-08 07:00:00,4.31,3.97,3.66,3.66,420.0
VE9,2015-12-09 07:00:00,4.16,3.83,3.7,3.7,9900.0
VE9,2015-12-10 07:00:00,4.4,4.06,3.48,3.7,37300.0
VE9,2015-12-11 07:00:00,3.82,3.66,3.34,3.61,15200.0
VE9,2015-12-14 07:00:00,4.02,3.7,3.39,3.39,45300.0
VE9,2015-12-15 07:00:00,4.02,3.7,3.08,3.52,35000.0
VE9,2015-12-16 07:00:00,3.87,3.57,3.3,3.3,10200.0
VE9,2015-12-18 07:00:00,3.87,3.57,3.34,3.52,30000.0
VE9,2015-12-21 07:00:00,4.02,3.7,3.3,3.39,12000.0
VE9,2015-12-22 07:00:00,3.68,3.39,3.39,3.39,20400.0
VE9,2015-12-23 07:00:00,3.87,3.61,3.17,3.17,5700.0
VE9,2015-12-24 07:00:00,3.78,3.48,3.48,3.48,100.0
VE9,2015-12-25 07:00:00,3.82,3.52,3.34,3.48,13610.0
VE9,2015-12-28 07:00:00,3.63,3.43,3.3,3.3,7200.0
VE9,2015-12-29 07:00:00,3.87,3.57,3.34,3.39,18500.0
VE9,2015-12-30 07:00:00,3.92,3.61,3.34,3.34,20800.0
VE9,2015-12-31 07:00:00,3.82,3.52,3.21,3.21,13100.0
VE9,2016-01-04 07:00:00,3.63,3.43,3.34,3.34,19354.0
VE9,2016-01-05 07:00:00,3.82,3.52,3.3,3.39,26300.0
VE9,2016-01-06 07:00:00,4.02,3.7,3.39,3.39,31700.0
VE9,2016-01-07 07:00:00,3.63,3.39,3.34,3.39,15400.0
VE9,2016-01-08 07:00:00,3.68,3.39,3.34,3.39,19800.0
VE9,2016-01-11 07:00:00,3.73,3.43,3.39,3.43,26200.0
VE9,2016-01-12 07:00:00,3.82,3.52,3.43,3.43,24300.0
VE9,2016-01-13 07:00:00,3.73,3.43,3.43,3.43,16100.0
VE9,2016-01-14 07:00:00,3.82,3.52,3.34,3.39,52400.0
VE9,2016-01-15 07:00:00,3.68,3.43,3.39,3.43,30600.0
VE9,2016-01-18 07:00:00,3.68,3.48,3.12,3.48,36100.0
VE9,2016-01-19 07:00:00,3.87,3.57,3.34,3.43,48900.0
VE9,2016-01-20 07:00:00,3.68,3.43,3.39,3.43,45900.0
VE9,2016-01-21 07:00:00,3.73,3.43,3.34,3.34,29800.0
VE9,2016-01-22 07:00:00,3.73,3.43,3.3,3.34,83200.0
VE9,2016-01-25 07:00:00,3.82,3.52,3.34,3.43,20100.0
VE9,2016-01-26 07:00:00,3.73,3.43,3.34,3.34,62500.0
VE9,2016-01-27 07:00:00,3.82,3.52,3.39,3.48,51400.0
VE9,2016-01-28 07:00:00,3.78,3.52,3.48,3.52,21000.0
VE9,2016-01-29 07:00:00,3.78,3.52,3.39,3.39,28900.0
VE9,2016-02-01 07:00:00,3.73,3.43,3.34,3.43,25900.0
VE9,2016-02-02 07:00:00,3.87,3.57,3.52,3.52,3300.0
VE9,2016-02-03 07:00:00,3.87,3.57,3.43,3.43,15600.0
VE9,2016-02-04 07:00:00,3.87,3.57,3.57,3.57,100.0
VE9,2016-02-05 07:00:00,3.68,3.57,3.39,3.57,4600.0
VE9,2016-02-15 07:00:00,4.07,3.74,3.74,3.74,1700.0
VE9,2016-02-16 07:00:00,4.26,3.92,3.7,3.7,2300.0
VE9,2016-02-17 07:00:00,4.36,4.01,3.39,3.39,2300.0
VE9,2016-02-18 07:00:00,3.92,3.61,3.61,3.61,900.0
VE9,2016-02-19 07:00:00,3.68,3.39,3.39,3.39,900.0
VE9,2016-02-22 07:00:00,3.68,3.66,3.39,3.66,750.0
VE9,2016-02-23 07:00:00,3.97,3.7,3.66,3.7,700.0
VE9,2016-02-24 07:00:00,3.68,3.39,3.39,3.39,10100.0
VE9,2016-02-25 07:00:00,3.82,3.52,3.52,3.52,2909.0
VE9,2016-02-26 07:00:00,3.92,3.61,3.61,3.61,100.0
VE9,2016-02-29 07:00:00,3.87,3.57,3.3,3.48,17300.0
VE9,2016-03-01 07:00:00,3.82,3.57,3.3,3.57,3600.0
VE9,2016-03-02 07:00:00,3.78,3.52,3.21,3.21,26400.0
VE9,2016-03-03 07:00:00,3.78,3.48,3.48,3.48,1500.0
VE9,2016-03-04 07:00:00,3.78,3.48,3.3,3.34,2100.0
VE9,2016-03-07 07:00:00,3.78,3.48,3.21,3.21,4600.0
VE9,2016-03-08 07:00:00,3.78,3.48,3.21,3.21,400.0
VE9,2016-03-09 07:00:00,3.73,3.43,3.21,3.25,1700.0
VE9,2016-03-10 07:00:00,3.73,3.43,3.3,3.3,5600.0
VE9,2016-03-11 07:00:00,3.73,3.43,3.21,3.25,6600.0
VE9,2016-03-14 07:00:00,3.73,3.43,3.21,3.43,2200.0
VE9,2016-03-15 07:00:00,3.73,3.43,3.43,3.43,202.0
VE9,2016-03-17 07:00:00,3.73,3.43,3.43,3.43,1700.0
VE9,2016-03-18 07:00:00,3.73,3.48,3.43,3.48,300.0
VE9,2016-03-21 07:00:00,3.58,3.48,3.17,3.48,2000.0
VE9,2016-03-22 07:00:00,3.44,3.43,3.17,3.34,5550.0
VE9,2016-03-23 07:00:00,3.63,3.34,3.3,3.34,13100.0
VE9,2016-03-24 07:00:00,3.53,3.3,3.25,3.3,3600.0
VE9,2016-03-25 07:00:00,3.53,3.25,3.21,3.21,6550.0
VE9,2016-03-28 07:00:00,3.39,3.21,3.12,3.21,5000.0
VE9,2016-03-29 07:00:00,3.58,3.3,3.25,3.3,13400.0
VE9,2016-03-30 07:00:00,3.92,3.61,3.43,3.43,900.0
VE9,2016-03-31 07:00:00,3.68,3.39,3.12,3.12,14000.0
VE9,2016-04-04 07:00:00,3.68,3.66,3.39,3.43,1600.0
VE9,2016-04-05 07:00:00,3.63,3.43,3.17,3.43,10800.0
VE9,2016-04-06 07:00:00,3.63,3.39,3.34,3.39,13500.0
VE9,2016-04-07 07:00:00,3.63,3.34,3.34,3.34,18300.0
VE9,2016-04-08 07:00:00,3.78,3.52,3.48,3.52,12000.0
VE9,2016-04-11 07:00:00,3.68,3.43,3.39,3.39,13482.0
VE9,2016-04-12 07:00:00,3.78,3.48,3.43,3.43,12554.0
VE9,2016-04-13 07:00:00,3.73,3.43,3.21,3.21,9100.0
VE9,2016-04-14 07:00:00,3.78,3.48,3.39,3.39,12700.0
VE9,2016-04-15 07:00:00,3.83,3.52,3.25,3.25,20200.0
VE9,2016-04-19 07:00:00,3.73,3.43,3.3,3.39,14500.0
VE9,2016-04-20 07:00:00,3.78,3.52,3.25,3.52,27736.0
VE9,2016-04-21 07:00:00,3.97,3.66,3.66,3.66,100.0
VE9,2016-04-22 07:00:00,4.36,4.02,3.39,3.84,22150.0
VE9,2016-04-25 07:00:00,4.07,3.75,3.61,3.75,3800.0
VE9,2016-04-26 07:00:00,4.07,3.75,3.75,3.75,104.0
VE9,2016-04-27 07:00:00,4.07,3.75,3.75,3.75,10.0
VE9,2016-05-05 07:00:00,3.68,3.43,3.39,3.43,1110.0
VE9,2016-05-06 07:00:00,4.07,3.75,3.48,3.48,600.0
VE9,2016-05-09 07:00:00,3.58,3.39,3.3,3.39,300.0
VE9,2016-05-10 07:00:00,3.97,3.7,3.07,3.07,10100.0
VE9,2016-05-11 07:00:00,3.63,3.34,3.07,3.3,1880.0
VE9,2016-05-12 07:00:00,3.43,3.16,3.16,3.16,1400.0
VE9,2016-05-13 07:00:00,3.73,3.43,3.43,3.43,100.0
VE9,2016-05-16 07:00:00,3.68,3.66,3.16,3.16,400.0
VE9,2016-05-18 07:00:00,3.78,3.48,3.48,3.48,100.0
VE9,2016-05-19 07:00:00,4.12,3.79,3.16,3.43,2200.0
VE9,2016-05-20 07:00:00,4.07,3.75,3.16,3.16,4900.0
VE9,2016-05-23 07:00:00,3.73,3.48,3.16,3.48,1500.0
VE9,2016-05-24 07:00:00,4.02,3.7,3.16,3.48,4480.0
VE9,2016-05-25 07:00:00,4.02,3.7,3.7,3.7,100.0
VE9,2016-05-26 07:00:00,4.12,3.79,3.34,3.34,5210.0
VE9,2016-05-27 07:00:00,3.63,3.34,3.34,3.34,5000.0
VE9,2016-05-30 07:00:00,3.83,3.52,3.16,3.16,300.0
VE9,2016-05-31 07:00:00,3.68,3.39,3.16,3.3,2200.0
VE9,2016-06-01 07:00:00,3.78,3.48,3.48,3.48,100.0
VE9,2016-06-02 07:00:00,3.48,3.43,3.21,3.25,5300.0
VE9,2016-06-03 07:00:00,3.53,3.3,3.25,3.3,3300.0
VE9,2016-06-06 07:00:00,3.87,3.57,3.21,3.43,7000.0
VE9,2016-06-07 07:00:00,3.48,3.21,3.21,3.21,5600.0
VE9,2016-06-08 07:00:00,3.73,3.43,3.43,3.43,116.0
VE9,2016-06-09 07:00:00,3.73,3.61,3.25,3.61,1300.0
VE9,2016-06-10 07:00:00,3.58,3.57,3.3,3.57,3102.0
VE9,2016-06-13 07:00:00,3.58,3.3,3.25,3.25,2000.0
VE9,2016-06-14 07:00:00,3.73,3.43,3.25,3.25,200.0
VE9,2016-06-15 07:00:00,3.78,3.48,3.34,3.34,600.0
VE9,2016-06-16 07:00:00,3.73,3.57,3.43,3.57,300.0
VE9,2016-06-17 07:00:00,3.63,3.57,3.3,3.3,4202.0
VE9,2016-06-20 07:00:00,3.83,3.52,3.52,3.52,200.0
VE9,2016-06-21 07:00:00,4.07,3.75,3.75,3.75,150.0
VE9,2016-06-22 07:00:00,3.68,3.66,3.39,3.43,2039.0
VE9,2016-06-23 07:00:00,3.97,3.66,3.3,3.43,1200.0
VE9,2016-06-27 07:00:00,4.17,3.84,3.21,3.21,5121.0
VE9,2016-06-28 07:00:00,3.78,3.48,3.25,3.25,200.0
VE9,2016-06-30 07:00:00,3.68,3.48,3.39,3.48,200.0
VE9,2016-07-01 07:00:00,3.48,3.43,3.21,3.43,6400.0
VE9,2020-01-09 07:00:00,1.29,1.38,1.38,1.38,100.0
VEF,2019-10-14 07:00:00,77.65,77.65,77.31,76.31,400.0
VEF,2019-10-21 07:00:00,82.33,83.67,75.17,75.04,6400.0
VEF,2019-12-05 07:00:00,76.85,76.85,76.85,76.98,4200.0
VEF,2019-12-16 07:00:00,75.31,75.51,74.97,73.7,4400.0
VEF,2019-12-17 07:00:00,74.3,74.3,74.3,74.64,1000.0
VEF,2019-12-30 07:00:00,73.3,73.3,73.3,74.3,920.0
VEF,2020-01-06 07:00:00,74.97,74.97,74.3,70.95,2000.0
VEF,2020-01-08 07:00:00,72.23,72.23,72.23,71.62,300.0
VEF,2020-01-09 07:00:00,73.5,73.63,71.62,70.35,800.0
VEF,2020-01-22 07:00:00,68.95,68.95,68.95,69.01,1000.0
VEF,2020-02-18 07:00:00,61.78,61.78,61.78,61.92,2700.0
VES,2025-04-03 07:00:00,5.8,5.8,5.8,5.9,5.0
VET,2019-02-25 07:00:00,76.03,76.03,76.03,74.77,50.0
VET,2019-02-28 07:00:00,63.27,63.27,63.27,72.49,5.0
VET,2019-04-02 07:00:00,71.62,71.62,71.62,70.83,10.0
VET,2019-04-03 07:00:00,71.62,71.62,71.62,70.83,2.0
VET,2024-12-04 07:00:00,18.7,18.7,18.7,18.8,1.0
VFC,2020-01-20 07:00:00,10.47,10.47,10.47,10.57,3.0
VFC,2020-07-02 07:00:00,9.8,9.8,9.8,9.71,20.0
VFC,2020-07-03 07:00:00,9.8,9.8,9.8,9.71,68.0
VFC,2020-09-21 07:00:00,11.82,11.82,11.82,10.57,10.0
VFC,2021-04-01 07:00:00,14.41,14.41,14.41,14.03,1.0
VFC,2023-03-24 07:00:00,73.9,73.9,73.9,64.48,7.0
VFC,2023-09-13 07:00:00,64.36,64.36,64.36,63.87,130.0
VFC,2023-09-15 07:00:00,64.36,64.36,64.36,63.87,4.0
VFC,2023-09-18 07:00:00,64.36,64.36,64.36,63.87,31.0
VFC,2023-10-18 07:00:00,73.6,73.6,73.6,72.72,5.0
VFC,2024-01-17 07:00:00,57.98,57.98,57.98,57.88,42.0
VFC,2024-01-23 07:00:00,83.52,83.52,83.52,68.88,81.0
VFC,2024-04-08 07:00:00,91.09,91.09,91.09,79.69,2.0
VFC,2024-06-06 07:00:00,78.41,78.41,78.41,79.21,2.0
VFC,2024-06-11 07:00:00,78.41,78.41,78.41,79.21,1.0
VFC,2024-06-17 07:00:00,78.41,78.41,78.41,79.21,10.0
VFC,2024-06-24 07:00:00,78.41,78.41,78.41,79.21,2.0
VFC,2024-08-28 07:00:00,104.02,104.02,104.02,81.09,1.0
VFC,2024-09-12 07:00:00,117.72,117.72,117.72,90.92,23.0
VFC,2024-09-18 07:00:00,106.41,106.41,106.41,86.16,34.0
VFC,2024-09-19 07:00:00,106.41,106.41,106.41,86.16,10.0
VFC,2024-09-23 07:00:00,120.2,120.2,120.2,109.19,23.0
VFC,2024-11-18 07:00:00,103.83,103.83,103.83,88.94,15.0
VFC,2024-11-22 07:00:00,103.83,103.83,103.83,88.94,2.0
VFC,2024-11-25 07:00:00,103.83,103.83,103.83,88.94,89.0
VFC,2024-11-28 07:00:00,103.83,103.83,103.83,88.94,1.0
VFC,2025-02-27 07:00:00,89.73,89.73,89.73,102.83,7.0
VFC,2025-03-04 07:00:00,89.33,89.33,89.33,89.73,20.0
VFC,2025-03-13 07:00:00,89.33,89.33,89.33,89.73,1.0
VFG,2019-05-22 07:00:00,18.34,19.33,18.57,19.33,1510.0
VFG,2019-11-22 07:00:00,21.96,21.88,20.87,21.88,5170.0
VFG,2026-01-13 07:00:00,50.38,50.38,49.99,50.48,14300.0
VGV,2019-12-30 07:00:00,7.85,7.85,7.85,7.52,1800.0
VGV,2024-11-28 07:00:00,28.82,28.82,28.82,29.01,14.0
VGV,2025-04-11 07:00:00,28.13,28.13,28.13,27.35,7.0
VHC,2019-07-15 07:00:00,30.14,30.93,30.52,30.8,117120.0
VHC,2019-08-07 07:00:00,29.84,29.53,28.19,28.36,304710.0
VHL,2015-09-28 07:00:00,15.2,14.76,14.45,14.57,5610.0
VHL,2015-09-29 07:00:00,15.2,14.57,14.57,14.57,4500.0
VHL,2015-09-30 07:00:00,15.41,14.8,14.69,14.69,2110.0
VHL,2015-10-02 07:00:00,16.57,15.88,15.88,15.88,2040.0
VHL,2015-10-05 07:00:00,16.24,15.76,15.56,15.76,8300.0
VHL,2015-10-07 07:00:00,17.49,16.76,15.56,16.32,54900.0
VHL,2015-10-08 07:00:00,16.99,16.28,16.28,16.28,400.0
VHL,2015-10-09 07:00:00,16.86,16.16,15.88,15.88,1200.0
VHL,2015-10-12 07:00:00,16.57,15.88,15.64,15.64,1600.0
VHL,2015-10-13 07:00:00,16.24,15.56,15.56,15.56,100.0
VHL,2015-10-14 07:00:00,16.24,15.56,15.56,15.56,20.0
VHL,2015-10-15 07:00:00,16.24,15.56,14.96,15.52,16610.0
VHL,2015-10-16 07:00:00,15.82,15.48,14.92,15.48,2500.0
VHL,2015-10-20 07:00:00,16.24,15.56,15.16,15.36,9200.0
VHL,2015-10-21 07:00:00,15.95,15.64,15.24,15.64,6200.0
VHL,2015-10-22 07:00:00,16.24,15.96,15.56,15.96,13000.0
VHL,2015-10-23 07:00:00,16.66,15.96,15.28,15.56,7018.0
VHL,2015-10-26 07:00:00,16.24,15.56,15.48,15.48,1900.0
VHL,2015-10-27 07:00:00,15.82,15.36,14.61,15.16,22500.0
VHL,2015-10-28 07:00:00,16.2,15.96,15.52,15.96,12800.0
VHL,2015-10-29 07:00:00,16.66,15.96,15.56,15.96,14500.0
VHL,2015-10-30 07:00:00,16.61,15.96,15.76,15.76,26800.0
VHL,2015-11-02 07:00:00,16.36,15.68,15.56,15.56,4100.0
VHL,2015-11-03 07:00:00,16.24,15.56,15.16,15.16,400.0
VHL,2015-11-05 07:00:00,15.82,15.56,15.16,15.36,13800.0
VHL,2015-11-06 07:00:00,15.99,15.32,15.16,15.16,5700.0
VHL,2015-11-09 07:00:00,15.95,15.36,15.28,15.36,700.0
VHL,2015-11-10 07:00:00,15.91,15.24,15.24,15.24,1100.0
VHL,2015-11-12 07:00:00,16.03,15.36,15.32,15.36,1300.0
VHL,2015-11-13 07:00:00,15.31,15.36,15.36,15.36,7.0
VHL,2015-11-16 07:00:00,15.82,15.16,15.16,15.16,1000.0
VHL,2015-11-18 07:00:00,15.91,15.24,15.24,15.24,1512.0
VHL,2015-11-19 07:00:00,15.95,15.28,15.28,15.28,100.0
VHL,2015-11-23 07:00:00,15.91,15.24,15.24,15.24,5400.0
VHL,2015-11-25 07:00:00,15.82,15.28,15.16,15.28,2700.0
VHL,2015-11-26 07:00:00,16.03,15.92,15.36,15.92,2500.0
VHL,2015-11-27 07:00:00,16.82,16.12,15.92,15.92,4500.0
VHL,2015-11-30 07:00:00,16.24,15.56,15.56,15.56,4700.0
VHL,2015-12-03 07:00:00,16.2,15.52,15.44,15.52,2100.0
VHL,2015-12-04 07:00:00,16.11,15.44,15.44,15.44,400.0
VHL,2015-12-08 07:00:00,15.39,15.44,15.44,15.44,40.0
VHL,2015-12-09 07:00:00,16.24,15.56,15.56,15.56,300.0
VHL,2015-12-11 07:00:00,16.24,15.56,15.56,15.56,140.0
VHL,2015-12-16 07:00:00,17.03,16.32,16.32,16.32,100.0
VHL,2015-12-18 07:00:00,16.86,16.16,15.24,15.24,1000.0
VHL,2015-12-22 07:00:00,16.03,15.36,15.16,15.24,23900.0
VHL,2015-12-23 07:00:00,16.66,15.96,15.2,15.24,2300.0
VHL,2015-12-24 07:00:00,15.87,15.2,15.16,15.16,1900.0
VHL,2015-12-25 07:00:00,15.87,15.2,15.16,15.16,23100.0
VHL,2015-12-28 07:00:00,15.87,15.2,15.2,15.2,2600.0
VHL,2015-12-29 07:00:00,15.82,15.2,15.16,15.16,4500.0
VHL,2015-12-30 07:00:00,15.87,15.2,15.2,15.2,2000.0
VHL,2015-12-31 07:00:00,15.82,15.36,15.16,15.32,24128.0
VHL,2016-01-04 07:00:00,15.87,15.2,15.2,15.2,500.0
VHL,2016-01-05 07:00:00,15.87,15.24,15.16,15.2,5100.0
VHL,2016-01-06 07:00:00,15.82,15.16,15.16,15.16,2008.0
VHL,2016-01-07 07:00:00,15.82,15.24,15.16,15.24,13710.0
VHL,2016-01-08 07:00:00,15.82,15.52,15.16,15.32,15100.0
VHL,2016-01-11 07:00:00,15.99,15.36,15.32,15.32,1500.0
VHL,2016-01-12 07:00:00,15.99,15.56,15.32,15.56,11900.0
VHL,2016-01-13 07:00:00,15.99,15.32,15.24,15.24,3500.0
VHL,2016-01-14 07:00:00,16.03,15.36,15.36,15.36,24310.0
VHL,2016-01-15 07:00:00,16.66,15.96,15.48,15.48,703.0
VHL,2016-01-18 07:00:00,15.95,15.44,15.28,15.4,3700.0
VHL,2016-01-19 07:00:00,16.07,15.4,15.4,15.4,181.0
VHL,2016-01-20 07:00:00,15.87,15.28,15.2,15.28,3200.0
VHL,2016-01-21 07:00:00,15.95,15.28,15.16,15.28,26000.0
VHL,2016-01-22 07:00:00,15.82,15.44,15.16,15.44,7100.0
VHL,2016-01-25 07:00:00,15.39,15.44,15.44,15.44,5.0
VHL,2016-01-26 07:00:00,16.2,15.52,15.48,15.52,1900.0
VHL,2016-01-28 07:00:00,15.82,15.16,15.16,15.16,100.0
VHL,2016-01-29 07:00:00,15.82,15.16,15.16,15.16,1200.0
VHL,2016-02-01 07:00:00,15.82,15.16,15.16,15.16,100.0
VHL,2016-02-03 07:00:00,15.82,15.16,15.16,15.16,300.0
VHL,2016-02-04 07:00:00,15.11,15.16,15.16,15.16,60.0
VHL,2016-02-05 07:00:00,16.24,15.56,15.56,15.56,5000.0
VHL,2016-02-15 07:00:00,16.24,15.56,15.52,15.56,5700.0
VHL,2016-02-16 07:00:00,16.24,15.56,15.56,15.56,1900.0
VHL,2016-02-17 07:00:00,16.24,15.56,15.56,15.56,3345.0
VHL,2016-02-18 07:00:00,16.24,15.56,15.56,15.56,510.0
VHL,2016-02-19 07:00:00,16.45,15.76,15.76,15.76,1300.0
VHL,2016-02-22 07:00:00,16.45,15.76,15.76,15.76,1600.0
VHL,2016-02-23 07:00:00,16.24,15.56,15.56,15.56,1000.0
VHL,2016-02-25 07:00:00,15.49,15.24,14.84,15.24,1416.0
VHL,2016-02-26 07:00:00,16.45,15.76,15.76,15.76,100.0
VHL,2016-03-01 07:00:00,16.45,15.96,15.76,15.96,2800.0
VHL,2016-03-02 07:00:00,16.24,15.56,15.56,15.56,2400.0
VHL,2016-03-03 07:00:00,16.78,16.16,16.04,16.16,3500.0
VHL,2016-03-07 07:00:00,17.86,17.16,17.12,17.12,2710.0
VHL,2016-03-08 07:00:00,17.74,17.04,16.96,16.96,50800.0
VHL,2016-03-09 07:00:00,17.7,17.48,16.96,17.48,13700.0
VHL,2016-03-10 07:00:00,17.91,17.48,16.96,17.36,11600.0
VHL,2016-03-11 07:00:00,17.18,18.76,17.24,18.56,12510.0
VHL,2016-03-15 07:00:00,17.22,17.56,17.28,17.44,6146.0
VHL,2016-03-17 07:00:00,17.14,17.2,17.2,17.2,10.0
VHL,2016-03-18 07:00:00,17.1,17.2,17.16,17.2,1000.0
VHL,2016-03-21 07:00:00,17.29,17.96,17.36,17.96,7000.0
VHL,2016-03-22 07:00:00,17.57,18.32,17.64,18.32,1546.0
VHL,2016-03-23 07:00:00,18.29,18.76,18.36,18.76,6900.0
VHL,2016-03-28 07:00:00,17.49,18.76,17.56,18.76,2100.0
VHL,2016-03-29 07:00:00,17.89,18.68,17.92,18.68,2100.0
VHL,2016-03-30 07:00:00,18.49,18.68,18.56,18.68,3500.0
VHL,2016-04-01 07:00:00,17.14,17.24,17.16,17.16,9100.0
VHL,2016-04-05 07:00:00,17.1,17.16,17.16,17.16,1000.0
VHL,2016-04-07 07:00:00,16.7,16.76,16.76,16.76,800.0
VHL,2016-04-08 07:00:00,16.7,17.12,16.76,17.12,200.0
VHL,2016-04-11 07:00:00,17.1,17.96,17.16,17.96,3600.0
VHL,2016-04-12 07:00:00,17.85,18.32,17.92,18.32,2600.0
VHL,2016-04-15 07:00:00,18.33,18.44,18.4,18.44,4000.0
VHL,2016-04-19 07:00:00,18.49,18.56,18.56,18.56,1200.0
VHL,2016-04-20 07:00:00,17.22,18.56,17.28,18.56,200.0
VHL,2016-04-21 07:00:00,18.69,18.76,18.76,18.76,4900.0
VHL,2016-04-22 07:00:00,18.69,18.76,18.76,18.76,3700.0
VHL,2016-04-26 07:00:00,19.04,19.11,19.11,19.11,100.0
VHL,2016-04-27 07:00:00,19.0,19.07,19.07,19.07,800.0
VHL,2016-04-29 07:00:00,19.28,19.35,19.35,19.35,200.0
VHL,2016-05-04 07:00:00,19.28,19.35,19.35,19.35,1500.0
VHL,2016-05-05 07:00:00,17.57,17.64,17.64,17.64,400.0
VHL,2016-05-06 07:00:00,17.57,19.15,17.64,19.15,1000.0
VHM,2019-07-15 07:00:00,60.54,60.47,59.23,59.74,713050.0
VHM,2019-07-19 07:00:00,60.47,62.15,60.76,61.56,1028110.0
VIE,2024-07-01 07:00:00,7.0,7.0,7.0,6.9,56.0
VIF,2019-11-21 07:00:00,15.64,15.64,15.64,15.5,10.0
VIF,2019-12-17 07:00:00,14.79,14.79,14.79,14.22,1000.0
VIF,2020-01-08 07:00:00,16.35,16.35,16.35,14.22,3000.0
VIN,2019-02-26 07:00:00,8.36,8.36,8.36,7.96,80.0
VIN,2019-02-27 07:00:00,8.36,8.36,8.36,7.96,6.0
VIN,2019-12-16 07:00:00,7.58,7.65,7.58,7.51,3800.0
VIN,2019-12-17 07:00:00,7.58,7.58,7.58,7.65,700.0
VIN,2020-01-02 07:00:00,7.58,7.58,7.58,7.65,900.0
VIN,2020-01-07 07:00:00,7.72,7.72,7.72,7.8,200.0
VIN,2020-01-22 07:00:00,7.58,7.58,7.58,7.8,500.0
VIN,2020-08-17 07:00:00,9.83,9.83,9.83,9.91,50.0
VIN,2020-08-27 07:00:00,9.83,9.83,9.83,9.38,7.0
VIN,2022-06-28 07:00:00,21.77,21.77,21.77,23.18,1.0
VIN,2023-05-08 07:00:00,13.54,13.54,13.54,14.13,1.0
VIN,2023-05-09 07:00:00,13.54,13.54,13.54,14.13,10.0
VIN,2023-05-15 07:00:00,13.54,13.54,13.54,14.13,10.0
VIN,2023-05-24 07:00:00,15.29,15.29,15.29,15.46,2.0
VIN,2023-05-25 07:00:00,15.29,15.29,15.29,15.46,27.0
VIN,2023-05-31 07:00:00,15.29,15.29,15.29,15.46,10.0
VIN,2023-06-08 07:00:00,16.12,16.12,16.12,15.79,1.0
VIN,2023-06-09 07:00:00,16.12,16.12,16.12,15.79,10.0
VIN,2023-06-13 07:00:00,16.12,16.12,16.12,15.79,36.0
VIN,2023-06-15 07:00:00,16.12,16.12,16.12,17.5,2.0
VIN,2023-06-16 07:00:00,16.12,16.12,16.12,17.5,1.0
VIN,2023-07-04 07:00:00,16.12,16.12,16.12,17.5,45.0
VIN,2023-07-10 07:00:00,16.12,16.12,16.12,17.5,45.0
VIN,2024-01-18 07:00:00,17.69,17.69,17.69,19.07,20.0
VIN,2024-01-25 07:00:00,18.61,18.61,18.61,18.79,24.0
VIN,2024-01-30 07:00:00,18.88,18.88,18.88,20.73,4.0
VIN,2024-02-16 07:00:00,17.69,17.69,17.69,19.53,15.0
VIN,2024-08-26 07:00:00,16.91,16.91,16.91,16.82,2.0
VIN,2024-08-28 07:00:00,16.91,16.91,16.91,16.82,2.0
VIN,2024-08-30 07:00:00,16.91,16.91,16.91,16.82,1.0
VIN,2025-04-16 07:00:00,15.0,15.0,15.0,15.19,30.0
VIN,2025-04-17 07:00:00,15.0,15.0,15.0,15.19,34.0
VJC,2019-07-15 07:00:00,131.4,130.4,129.1,129.5,592580.0
VJC,2019-08-30 07:00:00,132.4,132.0,131.4,132.0,386150.0
VLB,2019-12-16 07:00:00,22.24,22.24,21.16,20.82,2600.0
VLB,2020-01-02 07:00:00,20.89,20.89,20.89,21.57,400.0
VLB,2020-01-06 07:00:00,20.82,20.82,20.76,21.3,4700.0
VLB,2020-01-08 07:00:00,21.43,21.43,21.43,20.82,500.0
VLB,2020-02-18 07:00:00,22.58,22.58,22.58,22.31,100.0
VLB,2020-08-04 07:00:00,23.78,23.78,23.78,23.7,900.0
VLC,2019-12-05 07:00:00,13.78,13.78,13.78,13.37,2600.0
VLC,2019-12-30 07:00:00,14.77,14.77,14.77,14.03,300.0
VLC,2020-02-18 07:00:00,15.1,15.27,15.1,14.03,1000.0
VMD,2019-04-04 07:00:00,11.97,11.94,11.94,11.94,10.0
VMD,2019-05-22 07:00:00,12.31,11.82,11.51,11.69,410.0
VMD,2019-08-30 07:00:00,11.88,12.31,12.31,12.31,100.0
VMD,2020-02-06 07:00:00,15.82,15.85,15.85,15.85,250.0
VMD,2025-12-22 07:00:00,16.4,16.5,16.4,16.95,6200.0
VMG,2019-12-30 07:00:00,2.9,2.9,2.9,2.7,500.0
VMG,2020-06-30 07:00:00,3.1,3.1,3.1,3.0,10.0
VMG,2020-10-02 07:00:00,2.6,2.6,2.6,3.4,4.0
VMG,2022-08-19 07:00:00,5.0,5.0,5.0,4.9,75.0
VMG,2023-05-08 07:00:00,4.1,4.1,4.1,4.2,1.0
VMG,2024-06-25 07:00:00,4.7,4.7,4.7,4.5,6.0
VMG,2024-12-05 07:00:00,4.4,4.4,4.4,4.6,1.0
VMG,2024-12-06 07:00:00,4.4,4.4,4.4,4.6,1.0
VMG,2025-02-27 07:00:00,3.7,3.7,3.7,4.2,3.0
VNG,2019-08-30 07:00:00,20.15,20.6,20.25,20.6,325140.0
VNG,2026-01-13 07:00:00,7.13,7.14,7.13,7.15,1800.0
VNH,2019-09-13 07:00:00,0.3,0.4,0.3,0.5,11000.0
VNI,2019-12-16 07:00:00,11.5,11.5,11.5,10.0,900.0
VNI,2021-03-26 07:00:00,12.0,12.5,12.5,12.5,8.0
VNI,2023-07-07 07:00:00,8.1,8.1,8.1,8.2,20.0
VNI,2023-11-24 07:00:00,8.6,8.6,8.6,8.5,2.0
VNI,2025-01-06 07:00:00,11.6,11.6,11.6,11.5,4.0
VNI,2025-01-13 07:00:00,14.2,14.2,14.2,13.3,3.0
VNI,2025-02-06 07:00:00,17.9,17.9,17.9,17.8,3.0
VNI,2025-02-07 07:00:00,17.9,17.9,17.9,17.8,55.0
VNI,2025-03-26 07:00:00,13.4,13.4,13.4,13.5,2.0
VNI,2025-04-02 07:00:00,15.0,15.0,15.0,15.5,3.0
VNL,2018-01-17 07:00:00,6.26,6.23,6.23,6.23,870.0
VNL,2018-05-18 07:00:00,6.89,6.41,6.41,6.41,10.0
VNL,2019-07-19 07:00:00,5.1,5.91,5.47,5.84,30.0
VNP,2019-12-17 07:00:00,4.53,4.53,4.53,4.35,7000.0
VNP,2020-01-02 07:00:00,4.26,4.26,4.26,4.44,1000.0
VNP,2020-01-22 07:00:00,3.91,3.91,3.91,4.26,5000.0
VNP,2020-02-18 07:00:00,4.26,4.26,4.26,4.08,5000.0
VNP,2020-06-12 07:00:00,3.64,3.64,3.55,3.82,11000.0
VNR,2015-09-28 07:00:00,8.96,8.73,8.73,8.73,100.0
VNR,2015-09-30 07:00:00,9.2,8.96,8.03,8.77,1189.0
VNR,2015-10-01 07:00:00,8.4,8.18,8.18,8.18,1100.0
VNR,2015-10-02 07:00:00,9.0,8.77,8.73,8.73,400.0
VNR,2015-10-05 07:00:00,8.8,8.69,8.57,8.69,300.0
VNR,2015-10-06 07:00:00,8.88,8.65,8.57,8.57,600.0
VNR,2015-10-08 07:00:00,8.8,8.61,8.57,8.61,1900.0
VNR,2015-10-12 07:00:00,8.6,8.38,8.22,8.22,1700.0
VNR,2015-10-13 07:00:00,8.64,8.42,8.42,8.42,300.0
VNR,2015-10-15 07:00:00,9.4,9.16,9.16,9.16,100.0
VNR,2015-10-16 07:00:00,9.4,9.35,9.16,9.35,5000.0
VNR,2015-10-20 07:00:00,9.2,9.04,8.96,9.04,1000.0
VNR,2015-10-22 07:00:00,9.12,8.96,8.88,8.96,2000.0
VNR,2015-10-23 07:00:00,9.16,9.04,8.92,8.96,12900.0
VNR,2015-10-26 07:00:00,9.12,8.88,8.88,8.88,1900.0
VNR,2015-10-27 07:00:00,9.12,8.96,8.84,8.96,11200.0
VNR,2015-10-28 07:00:00,9.04,8.96,8.8,8.96,900.0
VNR,2015-10-29 07:00:00,9.2,8.96,8.96,8.96,600.0
VNR,2015-10-30 07:00:00,9.04,8.96,8.69,8.96,8200.0
VNR,2015-11-02 07:00:00,9.2,8.96,8.96,8.96,100.0
VNR,2015-11-04 07:00:00,10.0,9.74,8.77,9.16,700.0
VNR,2015-11-09 07:00:00,10.6,10.32,10.32,10.32,300.0
VNR,2015-11-11 07:00:00,9.8,9.54,8.96,8.96,62600.0
VNR,2015-11-13 07:00:00,9.96,9.7,8.77,8.96,6800.0
VNR,2015-11-20 07:00:00,9.12,8.88,8.88,8.88,300.0
VNR,2015-11-24 07:00:00,9.32,9.27,8.96,9.23,6000.0
VNR,2015-11-26 07:00:00,9.16,8.92,8.92,8.92,2300.0
VNR,2015-11-27 07:00:00,9.36,9.12,9.12,9.12,200.0
VNR,2015-11-30 07:00:00,9.6,9.35,9.35,9.35,100.0
VNR,2015-12-01 07:00:00,9.0,8.77,8.77,8.77,910.0
VNR,2015-12-02 07:00:00,9.12,8.88,8.88,8.88,110.0
VNR,2015-12-04 07:00:00,9.08,9.04,8.84,9.04,3900.0
VNR,2015-12-09 07:00:00,8.92,8.73,8.57,8.73,2100.0
VNR,2015-12-10 07:00:00,8.8,8.57,8.42,8.53,1200.0
VNR,2015-12-11 07:00:00,9.0,8.8,8.69,8.77,9200.0
VNR,2015-12-24 07:00:00,8.6,8.38,8.1,8.34,8400.0
VNR,2015-12-25 07:00:00,8.68,8.45,7.52,8.18,9200.0
VNR,2015-12-28 07:00:00,8.68,8.45,8.18,8.38,7400.0
VNR,2016-01-07 07:00:00,8.2,8.14,7.91,8.14,27600.0
VNR,2016-01-08 07:00:00,8.16,7.99,7.83,7.83,20900.0
VNR,2016-01-14 07:00:00,8.08,7.87,7.79,7.79,352203.0
VNR,2016-01-19 07:00:00,7.96,7.79,7.71,7.71,51000.0
VNR,2016-01-20 07:00:00,7.92,7.79,7.67,7.79,17800.0
VNR,2016-01-21 07:00:00,8.0,7.79,7.75,7.75,27000.0
VNR,2016-01-22 07:00:00,7.96,7.75,7.75,7.75,26200.0
VNR,2016-01-25 07:00:00,8.0,7.79,7.75,7.75,52000.0
VNR,2016-01-26 07:00:00,7.92,7.75,7.71,7.75,16200.0
VNR,2016-01-27 07:00:00,7.96,7.79,7.75,7.79,1300.0
VNR,2016-01-28 07:00:00,7.96,7.79,7.75,7.75,9600.0
VNR,2016-01-29 07:00:00,8.0,7.79,7.79,7.79,3100.0
VNR,2016-02-01 07:00:00,7.96,7.75,7.75,7.75,1113.0
VNR,2016-02-04 07:00:00,8.32,8.18,7.79,8.18,60600.0
VNR,2016-02-05 07:00:00,8.4,8.18,8.18,8.18,3313.0
VNR,2016-02-15 07:00:00,8.2,7.99,7.79,7.79,3500.0
VNR,2016-02-16 07:00:00,8.0,7.79,7.67,7.79,500.0
VNR,2016-02-17 07:00:00,7.88,7.75,7.01,7.56,56010.0
VNR,2016-02-18 07:00:00,7.84,7.64,7.64,7.64,1300.0
VNR,2016-02-19 07:00:00,8.0,7.79,7.6,7.71,1400.0
VNR,2016-02-22 07:00:00,7.84,7.67,7.48,7.64,23600.0
VNR,2016-02-23 07:00:00,8.0,7.79,7.4,7.64,14600.0
VNR,2016-02-24 07:00:00,7.88,7.67,7.67,7.67,100.0
VNR,2016-02-25 07:00:00,7.88,7.71,7.67,7.71,1900.0
VNR,2016-02-26 07:00:00,7.88,7.67,7.64,7.67,1700.0
VNR,2016-03-02 07:00:00,7.76,7.56,7.52,7.56,2000.0
VNR,2016-03-03 07:00:00,7.88,7.67,7.6,7.6,3900.0
VNR,2016-03-11 07:00:00,7.0,7.44,7.4,7.4,4300.0
VNR,2016-03-14 07:00:00,7.19,7.6,7.4,7.56,1211.0
VNR,2016-03-15 07:00:00,7.0,7.52,7.36,7.36,2225.0
VNR,2016-03-16 07:00:00,7.3,7.72,7.36,7.4,8100.0
VNR,2016-03-17 07:00:00,6.92,7.64,7.28,7.4,22100.0
VNR,2016-03-18 07:00:00,7.19,7.6,7.4,7.4,900.0
VNR,2016-03-21 07:00:00,7.19,7.6,7.6,7.6,111.0
VNR,2016-03-22 07:00:00,7.0,7.4,7.2,7.36,24900.0
VNR,2016-03-23 07:00:00,6.81,7.36,7.08,7.32,21700.0
VNR,2016-03-24 07:00:00,6.77,7.28,7.04,7.28,6700.0
VNR,2016-03-25 07:00:00,6.62,7.32,6.84,6.92,55900.0
VNR,2016-03-28 07:00:00,6.89,7.28,7.2,7.28,3600.0
VNR,2016-03-29 07:00:00,6.89,7.56,7.28,7.4,7200.0
VNR,2016-03-30 07:00:00,7.0,7.52,7.36,7.4,6800.0
VNR,2016-03-31 07:00:00,7.0,7.4,7.24,7.4,5100.0
VNR,2016-04-01 07:00:00,6.85,7.24,7.24,7.24,300.0
VNR,2016-04-04 07:00:00,7.04,7.44,7.36,7.4,13500.0
VNR,2016-04-05 07:00:00,6.96,7.4,7.36,7.4,400.0
VNR,2016-04-06 07:00:00,6.89,7.28,7.16,7.28,7100.0
VNR,2016-04-07 07:00:00,6.96,7.4,7.2,7.4,11200.0
VNR,2016-04-08 07:00:00,6.96,7.36,7.36,7.36,2800.0
VNR,2016-04-11 07:00:00,6.96,7.4,7.36,7.36,7200.0
VNR,2016-04-14 07:00:00,7.19,7.6,7.52,7.52,13000.0
VNR,2016-04-15 07:00:00,7.11,7.6,7.52,7.6,600.0
VNR,2016-04-19 07:00:00,7.57,8.0,7.6,7.6,700.0
VNR,2016-04-20 07:00:00,7.11,7.56,7.2,7.56,16700.0
VNR,2016-04-21 07:00:00,7.11,7.52,7.52,7.52,40400.0
VNR,2016-04-22 07:00:00,7.04,7.52,7.44,7.52,10800.0
VNR,2016-04-25 07:00:00,7.07,7.52,7.4,7.52,3200.0
VNR,2016-04-26 07:00:00,7.07,7.48,7.48,7.48,5000.0
VNR,2016-04-27 07:00:00,7.07,7.48,7.36,7.36,95800.0
VNR,2016-04-29 07:00:00,7.0,7.4,7.4,7.4,7700.0
VNR,2016-05-04 07:00:00,7.3,7.72,7.72,7.72,100.0
VNR,2016-05-05 07:00:00,7.0,7.6,7.4,7.6,10300.0
VNR,2016-05-06 07:00:00,7.0,7.4,7.4,7.4,5500.0
VNR,2016-05-09 07:00:00,7.0,7.4,7.2,7.36,19710.0
VNR,2016-05-10 07:00:00,6.36,7.4,6.72,7.24,2200.0
VNR,2016-05-11 07:00:00,6.81,7.2,7.16,7.16,5000.0
VNR,2016-05-16 07:00:00,6.81,7.24,6.88,7.24,21500.0
VNR,2016-05-18 07:00:00,6.81,7.24,7.12,7.24,5300.0
VNR,2016-05-19 07:00:00,6.81,7.2,7.2,7.2,500.0
VNR,2016-05-20 07:00:00,6.81,7.24,7.2,7.2,65500.0
VNR,2016-05-24 07:00:00,6.81,7.2,7.2,7.2,100.0
VNR,2016-05-25 07:00:00,6.81,7.2,7.2,7.2,3400.0
VNR,2016-05-26 07:00:00,6.62,7.2,7.0,7.08,5300.0
VNR,2016-05-27 07:00:00,6.7,7.2,7.08,7.2,2800.0
VNR,2016-05-30 07:00:00,6.81,7.2,7.16,7.16,2015.0
VNR,2016-06-01 07:00:00,6.77,7.2,7.16,7.2,6200.0
VNR,2016-06-06 07:00:00,6.85,7.24,7.12,7.12,700.0
VNR,2016-06-07 07:00:00,6.73,7.2,7.08,7.2,2000.0
VNR,2016-06-08 07:00:00,6.81,7.2,7.2,7.2,16000.0
VNR,2016-06-09 07:00:00,6.73,7.2,7.12,7.2,1100.0
VNR,2016-06-10 07:00:00,6.81,7.2,7.2,7.2,1000.0
VNR,2016-06-13 07:00:00,6.81,7.2,7.16,7.16,72911.0
VNR,2016-06-14 07:00:00,6.81,7.2,7.12,7.12,11100.0
VNR,2016-06-15 07:00:00,6.81,7.2,7.16,7.16,73600.0
VNR,2016-06-16 07:00:00,6.77,7.16,7.16,7.16,10.0
VNR,2016-06-17 07:00:00,6.81,7.2,7.16,7.16,28800.0
VNR,2016-06-20 07:00:00,6.81,7.2,7.2,7.2,214500.0
VNR,2016-06-21 07:00:00,6.81,7.4,7.16,7.36,523001.0
VNR,2016-06-22 07:00:00,6.96,7.64,7.32,7.44,916700.0
VNR,2020-04-22 07:00:00,9.28,9.32,9.32,9.32,100.0
VNX,2019-04-18 07:00:00,0.01,0.01,0.01,0.02,10.0
VNX,2019-12-05 07:00:00,0.08,0.08,0.08,0.09,200.0
VNX,2020-02-18 07:00:00,0.12,0.12,0.12,0.1,100.0
VNX,2020-08-27 07:00:00,0.1,0.1,0.1,0.09,1.0
VNX,2020-08-28 07:00:00,0.1,0.1,0.1,0.09,10.0
VNX,2020-08-31 07:00:00,0.1,0.1,0.1,0.09,4.0
VNX,2021-03-19 07:00:00,0.1,0.1,0.1,0.11,3.0
VNX,2022-03-28 07:00:00,0.11,0.11,0.11,0.1,7.0
VNY,2023-08-31 07:00:00,5.4,5.4,5.4,5.0,27.0
VNY,2023-10-04 07:00:00,5.1,5.1,5.1,5.0,3.0
VNY,2024-12-11 07:00:00,5.5,5.5,5.5,5.4,3.0
VOS,2019-07-15 07:00:00,1.35,1.39,1.36,1.38,20770.0
VPA,2021-10-13 07:00:00,5.0,5.0,5.0,5.2,12.0
VPA,2023-05-23 07:00:00,3.4,3.4,3.4,3.5,21.0
VPA,2023-05-24 07:00:00,3.4,3.4,3.4,3.5,1.0
VPA,2023-08-25 07:00:00,3.4,3.4,3.4,3.3,1.0
VPA,2024-03-08 07:00:00,3.0,3.0,3.0,3.1,42.0
VPA,2024-03-11 07:00:00,3.0,3.0,3.0,3.1,13.0
VPG,2019-07-15 07:00:00,7.45,7.59,7.52,7.52,91320.0
VPG,2019-07-19 07:00:00,7.59,7.49,7.18,7.25,147920.0
VPG,2019-08-30 07:00:00,7.35,7.49,7.38,7.45,110460.0
VQC,2019-12-30 07:00:00,7.5,7.5,7.5,7.8,100.0
VQC,2022-08-12 07:00:00,14.0,14.0,14.0,14.08,40.0
VQC,2022-12-30 07:00:00,14.08,14.08,14.08,13.68,1.0
VQC,2023-06-20 07:00:00,12.63,12.63,12.63,12.72,3.0
VRE,2019-07-19 07:00:00,36.7,37.4,36.8,37.4,2259580.0
VRE,2019-08-09 07:00:00,34.7,35.9,35.45,35.5,957540.0
VRE,2019-08-30 07:00:00,34.7,34.55,34.2,34.45,2365610.0
VRG,2019-10-14 07:00:00,7.19,7.25,7.12,7.06,14600.0
VRG,2019-12-05 07:00:00,6.0,6.2,6.0,5.94,17750.0
VRG,2020-02-18 07:00:00,7.16,7.16,7.16,7.58,117109.0
VRG,2022-10-24 07:00:00,21.67,21.67,21.67,22.76,1.0
VRG,2022-10-31 07:00:00,18.85,18.85,18.85,21.46,20.0
VRG,2023-01-16 07:00:00,19.33,19.33,19.33,19.26,1.0
VRG,2023-01-18 07:00:00,19.18,19.18,19.18,18.49,3.0
VSF,2019-12-30 07:00:00,5.7,5.7,5.7,6.5,100.0
VSF,2020-01-08 07:00:00,10.4,10.4,10.4,8.9,100.0
VSF,2020-06-12 07:00:00,6.9,6.9,6.1,7.3,1127.0
VSF,2024-02-22 07:00:00,37.2,37.2,37.2,38.0,21.0
VSF,2024-03-19 07:00:00,32.1,32.1,32.1,35.0,18.0
VSH,2019-07-19 07:00:00,13.44,13.59,13.59,13.59,12900.0
VSI,2018-01-16 07:00:00,6.83,6.36,6.36,6.36,20.0
VSI,2018-01-17 07:00:00,6.36,6.8,6.8,6.8,9150.0
VSI,2019-06-19 07:00:00,15.41,16.47,16.47,16.47,10.0
VSI,2019-06-21 07:00:00,17.34,16.14,16.14,16.14,1420.0
VSI,2019-07-15 07:00:00,14.08,13.97,13.1,13.1,11830.0
VSI,2019-11-22 07:00:00,12.77,12.99,12.99,12.99,10.0
VSI,2020-12-07 07:00:00,9.86,9.8,9.74,9.8,910.0
VTA,2019-03-18 07:00:00,4.83,4.83,4.83,4.74,50.0
VTA,2020-08-11 07:00:00,4.18,4.18,4.18,4.27,75.0
VTA,2021-03-25 07:00:00,6.22,6.22,6.22,6.59,20.0
VTA,2022-09-21 07:00:00,5.66,5.66,5.66,5.76,1.0
VTA,2022-09-30 07:00:00,5.48,5.48,5.48,5.57,1.0
VTA,2024-01-29 07:00:00,3.6,3.6,3.6,3.8,2.0
VTA,2024-09-27 07:00:00,3.5,3.5,3.5,3.6,2.0
VTD,2019-12-16 07:00:00,20.4,20.79,20.4,20.95,31880.0
VTD,2019-12-30 07:00:00,22.84,23.15,22.84,23.63,52710.0
VTD,2020-01-03 07:00:00,23.31,23.31,22.68,22.6,58600.0
VTD,2020-02-18 07:00:00,24.33,24.33,24.33,24.49,46300.0
VTH,2015-09-28 07:00:00,8.38,7.44,7.34,7.34,2700.0
VTH,2015-09-29 07:00:00,8.32,7.55,7.39,7.55,9000.0
VTH,2015-09-30 07:00:00,8.38,7.44,7.44,7.44,3000.0
VTH,2015-10-01 07:00:00,8.38,7.5,7.44,7.5,3700.0
VTH,2015-10-02 07:00:00,8.38,7.44,7.44,7.44,1000.0
VTH,2015-10-05 07:00:00,8.38,7.5,7.44,7.5,1300.0
VTH,2015-10-06 07:00:00,8.44,7.5,7.44,7.5,7500.0
VTH,2015-10-07 07:00:00,8.44,7.55,7.5,7.55,8000.0
VTH,2015-10-08 07:00:00,8.44,7.55,7.5,7.55,2900.0
VTH,2015-10-09 07:00:00,8.44,7.55,7.44,7.55,5200.0
VTH,2015-10-14 07:00:00,8.32,7.55,7.39,7.55,3100.0
VTH,2015-10-15 07:00:00,8.32,7.5,7.39,7.5,7100.0
VTH,2015-10-16 07:00:00,8.38,7.55,7.44,7.55,7800.0
VTH,2015-10-19 07:00:00,8.5,7.55,7.5,7.55,8000.0
VTH,2015-10-20 07:00:00,8.5,8.28,7.55,7.81,56800.0
VTH,2015-10-21 07:00:00,8.79,8.33,7.81,8.17,27200.0
VTH,2015-10-22 07:00:00,9.14,8.12,8.02,8.12,8500.0
VTH,2015-10-23 07:00:00,9.14,8.17,8.02,8.12,8500.0
VTH,2015-10-26 07:00:00,9.02,8.07,7.86,7.96,15100.0
VTH,2015-10-27 07:00:00,8.91,7.96,7.86,7.96,3200.0
VTH,2015-10-28 07:00:00,9.02,8.33,7.96,8.22,34400.0
VTH,2015-10-29 07:00:00,9.38,8.8,8.07,8.74,43200.0
VTH,2015-10-30 07:00:00,9.61,8.54,8.28,8.28,13700.0
VTH,2015-11-02 07:00:00,9.32,8.38,8.17,8.17,30000.0
VTH,2015-11-03 07:00:00,9.08,8.38,8.02,8.17,8100.0
VTH,2015-11-04 07:00:00,9.38,8.33,8.22,8.33,3500.0
VTH,2015-11-05 07:00:00,9.26,8.22,8.22,8.22,200.0
VTH,2015-11-06 07:00:00,9.26,8.22,8.07,8.22,11300.0
VTH,2015-11-09 07:00:00,9.14,8.28,8.07,8.28,1500.0
VTH,2015-11-10 07:00:00,9.14,8.12,8.12,8.12,5200.0
VTH,2015-11-11 07:00:00,9.08,8.07,8.02,8.07,13100.0
VTH,2015-11-16 07:00:00,9.08,8.07,8.02,8.02,7000.0
VTH,2015-11-17 07:00:00,8.97,8.17,7.96,8.17,2600.0
VTH,2015-11-18 07:00:00,9.38,8.33,8.07,8.07,6100.0
VTH,2015-11-19 07:00:00,9.02,8.12,8.02,8.12,7000.0
VTH,2015-11-20 07:00:00,9.14,8.17,8.12,8.17,12400.0
VTH,2015-11-23 07:00:00,9.2,8.17,8.17,8.17,500.0
VTH,2015-11-24 07:00:00,9.08,8.17,8.07,8.17,8000.0
VTH,2015-11-25 07:00:00,9.2,8.17,8.07,8.17,8900.0
VTH,2015-11-26 07:00:00,9.2,8.22,8.17,8.22,8800.0
VTH,2015-11-27 07:00:00,9.84,8.74,8.17,8.28,5400.0
VTH,2015-12-01 07:00:00,9.2,8.17,8.12,8.12,6700.0
VTH,2015-12-02 07:00:00,9.14,8.12,8.12,8.12,100.0
VTH,2015-12-03 07:00:00,9.14,8.17,8.12,8.12,28900.0
VTH,2015-12-04 07:00:00,9.14,8.17,8.12,8.12,21100.0
VTH,2015-12-07 07:00:00,9.26,8.38,8.22,8.38,23300.0
VTH,2015-12-08 07:00:00,9.43,8.74,8.33,8.69,42000.0
VTH,2015-12-09 07:00:00,9.55,8.54,8.38,8.38,27500.0
VTH,2015-12-10 07:00:00,9.49,8.64,8.43,8.54,10000.0
VTH,2015-12-11 07:00:00,9.67,8.69,8.48,8.59,17500.0
VTH,2015-12-14 07:00:00,9.67,8.59,8.22,8.22,4900.0
VTH,2015-12-15 07:00:00,9.32,8.48,8.28,8.48,8300.0
VTH,2015-12-16 07:00:00,9.61,8.54,8.38,8.38,5500.0
VTH,2015-12-17 07:00:00,9.38,8.48,8.33,8.33,27500.0
VTH,2015-12-18 07:00:00,9.38,8.33,8.22,8.22,27000.0
VTH,2015-12-21 07:00:00,9.32,8.43,8.28,8.33,3600.0
VTH,2015-12-22 07:00:00,9.26,8.43,8.22,8.33,12100.0
VTH,2015-12-23 07:00:00,9.43,8.38,8.33,8.33,600.0
VTH,2015-12-24 07:00:00,9.49,9.16,8.43,9.06,100700.0
VTH,2015-12-25 07:00:00,10.14,9.32,9.01,9.11,24300.0
VTH,2015-12-28 07:00:00,10.37,9.32,8.85,8.85,7800.0
VTH,2015-12-29 07:00:00,9.84,8.8,8.59,8.8,16400.0
VTH,2015-12-30 07:00:00,9.9,8.8,8.74,8.8,48200.0
VTH,2015-12-31 07:00:00,9.67,8.69,8.59,8.64,16800.0
VTH,2016-01-04 07:00:00,9.61,8.64,8.48,8.59,18300.0
VTH,2016-01-05 07:00:00,9.61,8.69,8.54,8.69,4100.0
VTH,2016-01-06 07:00:00,9.67,8.64,8.59,8.64,4600.0
VTH,2016-01-07 07:00:00,9.67,8.59,8.48,8.59,4900.0
VTH,2016-01-08 07:00:00,9.49,8.59,8.33,8.48,7300.0
VTH,2016-01-11 07:00:00,9.55,8.48,8.48,8.48,9100.0
VTH,2016-01-12 07:00:00,9.55,8.48,8.43,8.48,4800.0
VTH,2016-01-13 07:00:00,9.55,8.48,8.43,8.43,1800.0
VTH,2016-01-14 07:00:00,9.43,8.43,8.28,8.43,7600.0
VTH,2016-01-15 07:00:00,9.2,8.43,8.17,8.43,1100.0
VTH,2016-01-18 07:00:00,9.26,8.22,8.02,8.17,19100.0
VTH,2016-01-19 07:00:00,9.2,8.22,8.17,8.22,21500.0
VTH,2016-01-20 07:00:00,9.02,8.22,8.02,8.17,8900.0
VTH,2016-01-21 07:00:00,9.2,8.17,8.07,8.12,7100.0
VTH,2016-01-22 07:00:00,9.08,8.17,7.96,8.17,1000.0
VTH,2016-01-25 07:00:00,9.14,8.33,8.12,8.33,14900.0
VTH,2016-01-26 07:00:00,9.38,8.33,8.07,8.28,2000.0
VTH,2016-01-28 07:00:00,9.2,8.17,8.07,8.07,7100.0
VTH,2016-01-29 07:00:00,9.02,8.22,8.02,8.22,17800.0
VTH,2016-02-01 07:00:00,9.26,8.22,8.12,8.22,3900.0
VTH,2016-02-02 07:00:00,9.26,8.22,8.17,8.22,12400.0
VTH,2016-02-03 07:00:00,9.26,8.22,8.17,8.17,1100.0
VTH,2016-02-05 07:00:00,9.26,8.33,8.22,8.33,5300.0
VTH,2016-02-15 07:00:00,9.38,8.33,8.17,8.33,1200.0
VTH,2016-02-16 07:00:00,9.26,8.22,8.17,8.22,3000.0
VTH,2016-02-17 07:00:00,9.26,8.38,8.22,8.38,8700.0
VTH,2016-02-18 07:00:00,9.38,8.33,8.33,8.33,2000.0
VTH,2016-02-19 07:00:00,9.38,8.69,8.33,8.59,73200.0
VTH,2016-02-22 07:00:00,9.55,8.74,8.48,8.59,16000.0
VTH,2016-02-23 07:00:00,9.55,8.69,8.48,8.59,16400.0
VTH,2016-02-24 07:00:00,9.61,8.59,8.54,8.54,2800.0
VTH,2016-02-25 07:00:00,9.61,8.59,8.48,8.59,8100.0
VTH,2016-02-26 07:00:00,9.61,8.59,8.54,8.54,900.0
VTH,2016-02-29 07:00:00,9.61,8.54,8.54,8.54,700.0
VTH,2016-03-01 07:00:00,9.55,8.54,8.48,8.54,300.0
VTH,2016-03-02 07:00:00,9.55,8.64,8.48,8.64,23900.0
VTH,2016-03-03 07:00:00,9.61,8.54,8.43,8.54,18200.0
VTH,2016-03-04 07:00:00,9.55,8.48,8.48,8.48,1600.0
VTH,2016-03-07 07:00:00,9.55,8.48,8.43,8.43,5300.0
VTH,2016-03-08 07:00:00,9.43,8.38,8.33,8.38,29100.0
VTH,2016-03-09 07:00:00,9.38,8.33,8.33,8.33,2500.0
VTH,2016-03-10 07:00:00,9.43,8.48,8.38,8.43,4900.0
VTH,2016-03-14 07:00:00,8.75,8.74,8.64,8.74,6900.0
VTH,2016-03-15 07:00:00,8.7,8.69,8.54,8.54,8100.0
VTH,2016-03-21 07:00:00,8.75,8.74,8.54,8.54,5700.0
VTH,2016-04-12 07:00:00,9.48,9.47,9.47,9.47,13400.0
VTH,2016-04-15 07:00:00,9.17,9.16,9.16,9.16,14800.0
VTH,2016-04-19 07:00:00,9.17,9.16,9.01,9.01,11600.0
VTH,2016-05-10 07:00:00,9.43,9.42,9.32,9.32,15500.0
VTX,2020-04-22 07:00:00,18.4,15.7,15.7,15.7,100.0
VTX,2020-12-22 07:00:00,12.7,12.7,12.7,12.6,7.0
VTX,2021-12-14 07:00:00,19.3,19.3,19.3,19.5,1.0
VTX,2022-10-04 07:00:00,13.7,13.7,13.7,13.6,1.0
VVS,2023-08-11 07:00:00,17.25,17.25,17.25,17.35,4.0
VXB,2015-10-16 07:00:00,8.99,8.01,8.01,8.01,4000.0
VXB,2015-10-29 07:00:00,8.17,7.28,7.28,7.28,1000.0
VXB,2015-11-02 07:00:00,8.17,7.28,7.28,7.28,2900.0
VXB,2015-11-03 07:00:00,8.17,7.28,7.28,7.28,100.0
VXB,2015-11-12 07:00:00,8.17,7.28,7.28,7.28,3300.0
VXB,2015-11-17 07:00:00,7.76,6.92,6.92,6.92,3000.0
VXB,2015-12-07 07:00:00,7.76,6.92,6.92,6.92,3600.0
VXB,2015-12-11 07:00:00,8.5,7.57,7.57,7.57,6000.0
VXB,2016-01-06 07:00:00,8.17,7.28,7.28,7.28,100.0
VXB,2016-02-22 07:00:00,8.99,8.01,8.01,8.01,1000.0
VXB,2016-03-02 07:00:00,8.91,7.94,7.94,7.94,1000.0
VXB,2024-03-22 07:00:00,22.4,22.4,22.4,19.1,32.0
X26,2019-04-18 07:00:00,12.78,12.78,12.78,12.64,37.0
X26,2020-02-18 07:00:00,15.72,15.72,15.72,17.51,20000.0
XMC,2019-08-22 07:00:00,8.74,8.74,8.74,8.67,41.0
XMC,2019-10-30 07:00:00,7.2,7.2,7.2,7.13,62.0
XMC,2019-12-17 07:00:00,6.83,6.83,6.83,6.76,100.0
XMC,2020-01-07 07:00:00,7.27,7.27,7.27,7.2,4900.0
XMC,2020-04-22 07:00:00,6.47,6.91,6.91,6.91,160.0
XMC,2020-08-27 07:00:00,7.13,7.13,7.13,7.2,1.0
XMC,2020-09-09 07:00:00,6.47,6.47,6.47,6.17,26.0
XMC,2020-10-08 07:00:00,6.47,6.47,6.47,7.42,46.0
XMC,2020-10-30 07:00:00,7.64,7.64,7.64,7.72,38.0
XPH,2019-12-25 07:00:00,5.4,5.4,5.4,5.1,300.0
XPH,2019-12-30 07:00:00,5.4,5.4,5.4,5.0,1300.0
XPH,2020-01-06 07:00:00,5.5,5.5,5.5,5.0,300.0
XPH,2020-01-08 07:00:00,5.3,5.3,5.3,5.0,300.0
XPH,2020-01-09 07:00:00,5.0,5.0,5.0,5.1,100.0
XPH,2020-02-18 07:00:00,5.2,5.2,5.2,5.1,2100.0
XPH,2024-09-23 07:00:00,5.1,5.1,5.1,5.0,65.0
XPH,2024-09-27 07:00:00,5.9,5.9,5.9,6.0,64.0
YTC,2019-01-18 07:00:00,22.18,22.18,22.18,22.69,1.0
YTC,2019-04-25 07:00:00,29.13,29.13,29.13,25.47,1.0
YTC,2019-05-07 07:00:00,29.5,29.5,29.5,29.18,1.0
YTC,2020-03-05 07:00:00,40.37,40.37,40.37,38.17,1.0
YTC,2020-08-04 07:00:00,39.37,39.37,39.37,41.09,1.0
YTC,2022-04-05 07:00:00,35.74,35.74,35.74,35.83,1.0
YTC,2022-04-08 07:00:00,35.74,35.74,35.74,35.83,10.0
YTC,2022-05-09 07:00:00,35.74,35.74,35.74,35.83,10.0
YTC,2022-06-24 07:00:00,31.29,31.29,31.29,31.05,10.0
YTC,2023-08-22 07:00:00,22.6,22.6,22.6,28.19,3.0
YTC,2024-05-23 07:00:00,49.97,49.97,49.97,49.28,1.0
YTC,2024-06-17 07:00:00,38.69,38.69,38.69,37.7,50.0
YTC,2024-06-18 07:00:00,38.69,38.69,38.69,37.7,41.0
YTC,2024-06-26 07:00:00,33.05,33.05,33.05,32.95,30.0
YTC,2024-07-18 07:00:00,36.91,36.91,36.91,36.42,51.0
YTC,2024-07-19 07:00:00,36.91,36.91,36.91,36.42,32.0
YTC,2024-08-06 07:00:00,23.16,23.16,23.16,22.76,50.0
YTC,2024-08-27 07:00:00,34.83,34.83,34.83,28.89,107.0
YTC,2024-09-11 07:00:00,35.62,35.62,35.62,34.83,62.0
YTC,2024-10-10 07:00:00,45.72,45.72,45.72,45.92,90.0
YTC,2024-10-11 07:00:00,45.72,45.72,45.72,45.92,14.0
YTC,2025-02-17 07:00:00,29.82,29.82,29.82,29.91,13.0
YTC,2025-02-20 07:00:00,32.1,32.1,32.1,32.4,1.0
YTC,2025-02-24 07:00:00,32.1,32.1,32.1,32.4,14.0
YTC,2025-03-04 07:00:00,37.37,37.37,37.37,37.17,2.0
