symbol,date,open,high,low,close,volume
ABR,2019-02-20 07:00:00,-3.18,3.18,3.18,3.18,-100.0
ABR,2019-08-29 07:00:00,-14.18,14.25,14.11,14.11,-300.0
ABR,2019-09-03 07:00:00,-13.83,13.83,13.83,13.83,-100.0
ABR,2020-01-15 07:00:00,-11.07,11.07,11.07,11.07,-100.0
ABR,2021-01-05 07:00:00,-17.64,17.64,17.64,17.64,-400.0
ABR,2021-07-29 07:00:00,-14.6,15.7,14.6,15.7,-11100.0
ABR,2021-08-10 07:00:00,-15.63,15.63,15.63,15.63,-100.0
ABR,2023-09-11 07:00:00,-9.93,10.03,9.75,9.75,-4100.0
ABR,2023-11-27 07:00:00,-9.61,9.61,9.61,9.61,-700.0
ABR,2024-04-08 07:00:00,-8.85,8.85,8.85,8.85,-300.0
ABR,2024-10-28 07:00:00,-12.44,12.47,11.93,12.32,-13100.0
ABR,2025-02-19 07:00:00,-10.98,10.98,10.75,10.98,-2600.0
ABR,2025-04-09 07:00:00,-9.49,9.49,9.49,9.49,-100.0
ABR,2025-11-06 07:00:00,-13.45,13.45,13.4,13.4,-3800.0
ABR,2026-02-04 07:00:00,-12.5,13.05,12.45,12.85,-2300.0
ABT,2016-04-13 07:00:00,-24.87,24.87,24.17,24.42,-640.0
ABT,2017-04-20 07:00:00,-22.3,23.05,22.3,23.05,-40.0
ABT,2017-09-05 07:00:00,-20.89,20.89,19.28,20.12,-80.0
ABT,2018-02-02 07:00:00,-18.23,19.34,18.0,19.34,-1510.0
ABT,2018-06-08 07:00:00,-21.44,21.73,21.44,21.73,-2000.0
ABT,2018-08-22 07:00:00,-21.32,21.32,21.32,21.32,-100.0
ABT,2019-08-12 07:00:00,-24.57,24.63,24.57,24.63,-200.0
ABT,2019-12-10 07:00:00,-24.06,24.06,23.51,23.58,-970.0
ABT,2020-03-02 07:00:00,-22.82,22.82,22.82,22.82,-10.0
ABT,2020-04-14 07:00:00,-22.8,22.8,22.8,22.8,-70.0
ABT,2020-05-12 07:00:00,-23.51,24.04,23.51,24.04,-130.0
ABT,2020-12-23 07:00:00,-22.09,22.16,22.09,22.16,-470.0
ABT,2021-08-11 07:00:00,-20.15,20.44,20.0,20.0,-1900.0
ABT,2021-10-22 07:00:00,-25.74,25.74,25.0,25.0,-12100.0
ABT,2022-07-01 07:00:00,-28.91,29.48,27.47,29.4,-4200.0
ABT,2022-09-14 07:00:00,-28.79,28.79,28.68,28.72,-300.0
ABT,2022-12-01 07:00:00,-25.38,25.38,25.38,25.38,-600.0
ABT,2023-03-10 07:00:00,-28.37,28.41,28.37,28.41,-1100.0
ABT,2024-02-23 07:00:00,-29.59,29.59,29.59,29.59,-400.0
ABT,2025-12-10 07:00:00,-67.76,67.76,65.95,66.14,-3600.0
ABT,2026-03-13 07:00:00,-62.04,62.7,62.04,62.7,-3400.0
ACB,2016-05-10 07:00:00,-2.87,2.87,2.81,2.84,-92709.0
ACB,2019-05-28 07:00:00,-6.44,6.48,6.41,6.41,-941132.0
ACB,2019-08-12 07:00:00,-6.35,6.35,6.29,6.35,-578401.0
ACB,2020-06-29 07:00:00,-6.81,6.81,6.55,6.61,-4353272.0
ACB,2020-08-26 07:00:00,-7.92,7.99,7.84,7.95,-6018699.0
ACB,2021-05-25 07:00:00,-14.07,14.35,13.99,14.26,-8757400.0
ACB,2021-06-29 07:00:00,-17.31,17.33,17.1,17.1,-6677700.0
ACB,2021-08-16 07:00:00,-16.58,16.89,16.33,16.75,-12056700.0
ACB,2022-03-02 07:00:00,-15.81,15.95,15.43,15.43,-13881600.0
ACB,2022-10-31 07:00:00,-13.1,13.18,12.69,13.13,-3747300.0
ACB,2022-11-08 07:00:00,-12.07,12.74,11.81,12.48,-4065900.0
ACB,2023-02-07 07:00:00,-14.65,14.71,14.3,14.41,-2469300.0
ACB,2023-03-28 07:00:00,-14.44,14.53,14.33,14.33,-8286100.0
ACB,2023-12-15 07:00:00,-15.87,16.04,15.83,15.97,-6189100.0
ACB,2024-06-20 07:00:00,-20.51,20.77,20.39,20.72,-10170900.0
ACB,2024-07-05 07:00:00,-20.18,20.31,20.05,20.31,-6335000.0
ACB,2024-07-17 07:00:00,-20.31,21.06,20.22,20.47,-28890400.0
ACB,2024-10-31 07:00:00,-20.97,21.27,20.93,21.22,-5074500.0
ACB,2025-05-21 07:00:00,-21.52,21.64,21.39,21.43,-12362200.0
ACB,2026-01-29 07:00:00,-24.0,24.15,23.75,23.8,-20344800.0
ACC,2015-10-07 07:00:00,-5.83,5.83,5.44,5.44,-680.0
ACC,2016-04-14 07:00:00,-5.64,5.64,5.54,5.54,-1990.0
ACC,2016-10-03 07:00:00,-6.88,6.88,6.88,55.30232383861704,-5760.0
ACC,2016-10-21 07:00:00,-6.74,6.88,6.72,6.88,-2680.0
ACC,2016-11-11 07:00:00,-6.16,6.23,6.12,6.19,-5810.0
ACC,2016-12-27 07:00:00,-6.81,6.81,6.5,6.5,-550.0
ACC,2017-05-11 07:00:00,-5.78,5.78,5.77,5.77,-110.0
ACC,2018-12-19 07:00:00,-5.25,5.38,5.14,5.38,-1030.0
ACC,2019-06-17 07:00:00,-5.43,5.43,5.4,5.4,-30.0
ACC,2020-07-01 07:00:00,-4.94,5.17,4.6,5.17,-129590.0
ACC,2020-07-29 07:00:00,-4.31,4.31,4.19,4.31,-10690.0
ACC,2020-09-17 07:00:00,-5.55,5.6,5.46,5.59,-9580.0
ACC,2020-10-07 07:00:00,-5.53,5.75,5.53,5.72,-26110.0
ACC,2021-03-30 07:00:00,-7.45,7.45,7.3,7.3,-52900.0
ACC,2021-11-17 07:00:00,-10.7,10.75,10.52,10.7,-224500.0
ACC,2022-01-27 07:00:00,-19.6,19.6,18.79,19.22,-54000.0
ACC,2022-03-07 07:00:00,-22.31,22.69,20.84,22.46,-435300.0
ACC,2022-03-17 07:00:00,-21.31,22.46,21.31,22.08,-69900.0
ACC,2022-11-30 07:00:00,-11.2,11.2,10.7,11.0,-60300.0
ACC,2022-12-07 07:00:00,-10.55,10.85,10.3,10.85,-59000.0
ACC,2023-03-24 07:00:00,-13.7,13.9,13.6,13.85,-54200.0
ACC,2024-01-02 07:00:00,-12.1,12.35,12.1,12.35,-14800.0
ACC,2024-10-11 07:00:00,-14.15,14.2,13.9,13.9,-81400.0
ACC,2024-10-16 07:00:00,-13.9,13.9,13.7,13.7,-22000.0
ACC,2025-03-26 07:00:00,-14.65,14.7,14.3,14.7,-15700.0
ACL,2017-09-12 07:00:00,-2.95,2.95,2.95,2.95,-11600.0
ACL,2018-02-02 07:00:00,-2.78,2.81,2.7,2.78,-14170.0
ACL,2018-07-24 07:00:00,-3.35,3.35,3.35,3.35,-70.0
ACL,2019-05-16 07:00:00,-15.05,15.16,14.94,14.94,-28570.0
ACL,2020-02-05 07:00:00,-8.36,8.36,7.96,8.36,-2100.0
ACL,2020-02-06 07:00:00,-8.36,8.52,8.32,8.44,-21910.0
ACL,2020-03-06 07:00:00,-7.68,8.12,7.68,8.02,-30060.0
ACL,2020-04-15 07:00:00,-7.36,7.52,7.16,7.44,-10050.0
ACL,2020-05-22 07:00:00,-10.47,10.47,9.87,10.15,-407260.0
ACL,2020-07-28 07:00:00,-9.59,10.92,9.59,10.92,-90630.0
ACL,2021-09-13 07:00:00,-11.47,11.64,11.21,11.34,-135500.0
ACL,2021-09-20 07:00:00,-11.38,11.38,11.25,11.34,-78200.0
ACL,2022-03-16 07:00:00,-20.78,21.59,20.42,20.78,-96500.0
ACL,2022-07-19 07:00:00,-19.11,19.33,18.79,18.97,-115100.0
ACL,2022-08-01 07:00:00,-16.94,17.07,16.12,17.07,-468000.0
ACL,2023-04-07 07:00:00,-11.45,11.45,11.26,11.45,-27400.0
ACL,2024-04-02 07:00:00,-12.84,12.84,12.45,12.45,-13000.0
ACL,2024-09-27 07:00:00,-11.45,11.5,11.3,11.35,-9900.0
ACL,2024-12-06 07:00:00,-11.11,11.21,11.06,11.16,-13100.0
ACL,2025-10-07 07:00:00,-13.03,13.03,12.5,12.84,-37000.0
ACL,2026-02-13 07:00:00,-13.5,13.5,13.5,13.5,-200.0
ACL,2026-03-03 07:00:00,-13.7,13.75,13.5,13.75,-3700.0
ACM,2015-10-15 07:00:00,-3.21,3.34,3.25,3.34,-503500.0
ACM,2015-11-13 07:00:00,-4.15,4.2,4.01,4.1,-448700.0
ACM,2015-11-27 07:00:00,-4.81,5.15,4.58,4.68,-1103615.0
ACM,2016-03-01 07:00:00,-4.81,5.06,4.87,4.87,-1758120.0
ACM,2016-04-11 07:00:00,-3.87,4.1,3.91,3.91,-774600.0
ACM,2016-05-31 07:00:00,-4.15,4.49,4.1,4.49,-1479110.0
ACM,2016-12-30 07:00:00,-1.9,2.0,1.9,1.9,-174140.0
ACM,2017-06-08 07:00:00,-2.0,2.1,1.9,2.0,-1463967.0
ACM,2017-06-16 07:00:00,-1.9,1.9,1.8,1.9,-298810.0
ACM,2017-10-11 07:00:00,-1.8,1.9,1.7,1.8,-367633.0
ACM,2018-02-22 07:00:00,-1.3,1.3,1.2,1.2,-22200.0
ACM,2018-04-05 07:00:00,-1.1,1.1,1.0,1.0,-127190.0
ACM,2018-12-14 07:00:00,-0.7,0.8,0.7,0.8,-69700.0
ACM,2019-07-05 07:00:00,-0.6,0.6,0.5,0.5,-380810.0
ACM,2019-07-16 07:00:00,-0.4,0.4,0.5,0.5,-7500.0
ACM,2020-10-20 07:00:00,-0.8,0.9,0.7,0.8,-580900.0
ACM,2021-08-16 07:00:00,-2.5,2.7,2.5,2.6,-1232915.0
ACM,2021-08-18 07:00:00,-2.6,2.7,2.5,2.6,-884897.0
ACM,2021-08-30 07:00:00,-2.6,2.8,2.6,2.8,-1383513.0
ACM,2021-08-31 07:00:00,-2.8,2.9,2.7,2.9,-2163926.0
ACM,2021-10-05 07:00:00,-3.4,3.5,3.4,3.5,1526439.874423963
ACM,2025-05-16 07:00:00,-0.6,0.7,0.6,0.6,-277600.0
ACV,2016-11-28 07:00:00,-23.7,25.83,22.83,24.5,-1303935.0
ACV,2016-12-30 07:00:00,-28.03,28.49,27.63,28.09,-382180.0
ACV,2017-02-28 07:00:00,-30.52,30.63,29.42,29.59,-121050.0
ACV,2018-03-16 07:00:00,-54.83,56.37,54.12,56.37,-81009.0
ACV,2018-07-18 07:00:00,-48.06,48.18,47.71,47.89,-133910.0
ACV,2018-07-19 07:00:00,-47.89,48.06,47.77,47.89,-32830.0
ACV,2018-09-14 07:00:00,-50.26,50.44,49.84,50.2,-17410.0
ACV,2018-09-17 07:00:00,-50.2,50.2,48.95,49.43,-6900.0
ACV,2019-01-25 07:00:00,-52.78,52.78,50.2,50.98,-35907.0
ACV,2019-01-31 07:00:00,-50.38,50.5,50.38,50.44,-31599.0
ACV,2019-02-19 07:00:00,-52.78,53.32,52.48,52.84,-90435.0
ACV,2019-03-12 07:00:00,-52.36,52.72,52.18,52.54,-59667.0
ACV,2019-08-08 07:00:00,-49.84,51.88,49.48,51.46,-346886.0
ACV,2019-09-03 07:00:00,-48.76,48.94,48.64,48.7,-85150.0
ACV,2019-11-15 07:00:00,-46.71,53.56,46.58,46.64,-53802.0
ACV,2020-01-31 07:00:00,-39.18,39.91,37.91,39.18,-113027.0
ACV,2020-03-03 07:00:00,-32.75,34.88,32.75,34.57,-135930.0
ACV,2020-05-27 07:00:00,-36.7,37.3,36.21,36.33,-360873.0
ACV,2020-07-27 07:00:00,-34.09,34.09,29.66,31.3,-564850.0
ACV,2020-08-14 07:00:00,-33.36,33.66,32.88,33.12,-184474.0
ACV,2020-11-12 07:00:00,-40.7,41.49,40.7,41.43,-303286.0
ACV,2020-11-19 07:00:00,-43.74,43.98,42.52,43.8,-354914.0
ACV,2020-11-25 07:00:00,-44.95,45.26,43.13,43.74,-297170.0
ACV,2021-02-09 07:00:00,-44.65,44.95,41.98,44.04,-321234.0
ACV,2021-06-01 07:00:00,-40.52,41.43,47.995560307955515,53.25829174482353,-539850.0
ACV,2022-03-11 07:00:00,-53.88,55.58,53.76,55.52,-118744.0
ACV,2022-05-04 07:00:00,-53.09,53.46,52.0,52.37,-4823.0
ACV,2023-01-31 07:00:00,-52.85,52.85,51.58,51.64,-35120.0
ACV,2023-10-24 07:00:00,-44.95,44.95,44.35,44.47,-21213.0
ACV,2023-11-28 07:00:00,-41.73,41.92,41.43,41.92,-43942.0
ACV,2023-12-08 07:00:00,-40.7,40.7,40.09,40.28,-100251.0
ACV,2024-01-08 07:00:00,-39.37,40.09,39.12,39.73,-124206.0
ACV,2025-08-04 07:00:00,-61.36,62.33,61.17,61.84,-931800.0
ACV,2025-10-02 07:00:00,-55.6,55.9,55.1,55.3,-408100.0
ADC,2018-03-21 07:00:00,-7.24,7.24,7.24,7.24,-100.0
ADC,2019-02-21 07:00:00,-6.74,6.74,6.74,6.74,-30.0
ADC,2019-03-28 07:00:00,-6.9,6.9,6.9,6.9,-200.0
ADC,2020-04-06 07:00:00,-5.61,5.61,5.61,5.61,-100.0
ADC,2021-11-15 07:00:00,-15.99,15.99,15.99,15.99,-100.0
ADC,2023-03-10 07:00:00,-12.36,12.36,12.36,12.36,-200.0
ADC,2025-09-05 07:00:00,-17.91,17.91,17.72,17.72,-200.0
ADC,2026-01-09 07:00:00,-17.08,17.08,17.08,17.08,-500.0
AFX,2016-12-13 07:00:00,-3.92,3.92,3.92,3.92,-3800.0
AFX,2018-07-24 07:00:00,-2.99,2.99,2.99,2.99,-1000.0
AFX,2018-08-21 07:00:00,-2.9,2.9,2.9,2.9,-1100.0
AFX,2018-09-12 07:00:00,-2.99,2.99,2.99,2.99,-11400.0
AFX,2019-03-14 07:00:00,-3.28,3.28,2.9,2.9,-3300.0
AFX,2019-04-12 07:00:00,-3.19,3.19,2.9,2.9,-500.0
AFX,2019-07-19 07:00:00,-5.1,5.1,4.7,4.7,-37600.0
AFX,2020-01-06 07:00:00,-3.3,3.5,3.0,3.3,-4000.0
AFX,2020-08-11 07:00:00,-7.8,7.8,7.8,7.8,-112500.0
AFX,2020-10-28 07:00:00,-7.8,7.8,7.5,7.6,-103000.0
AFX,2020-12-15 07:00:00,-12.0,12.1,11.8,11.9,-136491.0
AFX,2021-01-11 07:00:00,-12.4,12.7,12.2,12.7,-315221.0
AFX,2021-06-21 07:00:00,-14.6,14.7,14.0,14.2,-186505.0
AFX,2021-12-23 07:00:00,-16.2,16.5,16.0,16.5,-398330.0
AFX,2022-12-20 07:00:00,-12.6,12.6,12.2,88.45196987890785,-1280200.0
AFX,2023-02-09 07:00:00,-10.6,10.8,10.4,10.5,-65000.0
AFX,2023-04-14 07:00:00,-9.4,9.6,8.9,9.1,-417600.0
AFX,2023-06-06 07:00:00,-9.3,9.4,9.2,9.4,-114900.0
AFX,2023-07-04 07:00:00,-10.1,10.7,10.0,10.5,-450740.0
AFX,2023-11-29 07:00:00,-9.1,9.3,9.0,9.1,-76203.0
AFX,2024-09-17 07:00:00,-8.0,8.0,7.6,7.7,-53284.0
AFX,2024-11-18 07:00:00,-7.3,7.4,7.0,7.3,-47901.0
AFX,2024-12-25 07:00:00,-7.6,7.8,7.6,7.7,-77559.0
AFX,2025-06-09 07:00:00,-7.8,7.8,7.7,7.7,-55700.0
AFX,2025-12-18 07:00:00,-11.9,12.5,11.9,12.4,-167800.0
AG1,2021-04-05 07:00:00,-7.18,7.71,7.18,7.45,-57300.0
AG1,2021-07-30 07:00:00,-5.59,5.59,5.59,5.59,-500.0
AG1,2021-08-03 07:00:00,-5.5,5.5,5.5,5.5,-700.0
AG1,2022-05-09 07:00:00,-6.29,6.29,6.29,6.29,-1500.0
AG1,2023-04-19 07:00:00,-5.67,5.67,5.67,5.67,-100.0
AG1,2024-10-03 07:00:00,-8.25,8.52,8.25,8.52,-4203.0
AG1,2024-12-30 07:00:00,-10.33,10.79,10.33,10.79,-200.0
AG1,2025-07-25 07:00:00,-11.9,11.9,11.9,11.9,-300.0
AG1,2025-12-02 07:00:00,-11.1,11.3,11.1,11.3,-400.0
AGG,2020-09-17 07:00:00,-16.55,16.58,16.27,16.41,-536310.0
AGG,2020-11-11 07:00:00,-16.27,16.55,16.1,16.44,-640110.0
AGG,2021-12-20 07:00:00,-29.12,29.12,27.77,28.28,-716600.0
AGG,2022-03-14 07:00:00,-35.37,37.11,34.57,36.38,-924900.0
AGG,2022-07-27 07:00:00,-26.92,26.92,26.45,26.52,-169400.0
AGG,2022-09-12 07:00:00,-26.09,26.34,26.09,26.34,-120600.0
AGG,2023-04-27 07:00:00,-22.36,22.52,22.28,22.44,-90000.0
AGG,2023-09-25 07:00:00,-25.52,25.84,23.84,24.96,-825800.0
AGG,2023-11-08 07:00:00,-20.0,20.72,19.6,20.72,-971300.0
AGG,2023-11-16 07:00:00,-20.64,20.8,20.48,20.68,-736600.0
AGG,2024-03-08 07:00:00,-18.84,18.92,18.24,18.24,-829600.0
AGG,2024-05-09 07:00:00,-19.56,19.68,19.12,19.24,-1166900.0
AGG,2024-05-13 07:00:00,-19.6,19.64,19.12,19.44,-1181900.0
AGG,2024-08-15 07:00:00,-16.7,17.0,16.7,16.8,-261900.0
AGG,2024-11-27 07:00:00,-15.05,15.2,14.9,14.9,-106400.0
AGG,2024-11-29 07:00:00,-15.0,15.15,14.95,15.05,-289500.0
AGG,2024-12-09 07:00:00,-15.9,16.95,15.9,16.55,-1356900.0
AGG,2025-01-23 07:00:00,-15.15,15.3,15.0,15.2,-146400.0
AGG,2025-03-28 07:00:00,-16.65,16.65,16.45,16.5,-279200.0
AGG,2025-06-25 07:00:00,-16.75,16.9,16.65,16.7,-425300.0
AGG,2025-07-22 07:00:00,-17.55,17.9,17.45,17.75,-1231200.0
AGG,2025-11-05 07:00:00,-16.6,16.6,16.2,16.35,-230700.0
AGG,2026-01-05 07:00:00,-14.15,14.25,13.95,14.15,-477400.0
AGP,2019-06-07 07:00:00,-11.32,12.53,10.11,10.11,-60810.0
AGP,2020-05-18 07:00:00,-8.94,8.94,8.94,8.94,-110.0
AGP,2020-11-04 07:00:00,-7.74,7.74,7.63,7.63,-2100.0
AGP,2020-12-17 07:00:00,-7.74,7.74,7.69,7.69,-12600.0
AGP,2021-04-20 07:00:00,-9.26,9.26,9.21,9.21,-900.0
AGP,2021-05-27 07:00:00,-9.74,10.21,9.47,9.74,-9648.0
AGP,2022-08-30 07:00:00,-14.73,14.66,15.14,15.0,-7704.0
AGP,2024-12-13 07:00:00,-33.3,33.3,33.22,33.3,-2800.0
AGP,2025-05-21 07:00:00,-41.42,41.8,40.57,41.71,-2000.0
AGP,2025-10-14 07:00:00,-39.04,39.04,38.09,39.04,-2300.0
AGP,2026-01-14 07:00:00,-36.5,36.5,36.0,36.2,-4400.0
AGP,2026-04-28 07:00:00,-37.9,38.0,37.4,37.4,-1800.0
AGX,2016-09-27 07:00:00,-16.58,16.58,16.58,16.58,-200.0
AGX,2021-05-07 07:00:00,-28.25,30.42,27.81,27.81,-13700.0
AGX,2021-09-21 07:00:00,-28.68,28.68,28.68,28.68,-1000.0
AGX,2022-01-13 07:00:00,-34.76,37.28,34.76,37.28,-4400.0
AGX,2022-03-24 07:00:00,-32.59,33.03,32.59,33.03,-1000.0
AGX,2024-11-07 07:00:00,-69.12,75.84,69.12,75.84,-600.0
AGX,2025-10-22 07:00:00,-156.8,156.8,156.0,682.9350769082657,-48000.0
ALV,2016-03-01 07:00:00,-3.21,3.21,2.75,2.75,-1500.0
ALV,2016-09-16 07:00:00,-2.54,2.54,2.44,2.49,-38350.0
ALV,2016-12-07 07:00:00,-1.5,1.55,1.5,1.55,-6600.0
ALV,2017-05-17 07:00:00,-3.47,3.63,3.26,3.63,-8007.0
ALV,2017-11-29 07:00:00,-8.59,8.65,8.35,8.41,-72640.0
ALV,2018-03-13 07:00:00,-5.18,5.53,5.18,5.47,-147300.0
ALV,2018-04-03 07:00:00,-4.76,5.06,4.59,5.0,-256300.0
ALV,2018-08-08 07:00:00,-2.12,2.18,2.06,2.12,-7134.0
ALV,2020-03-13 07:00:00,-1.41,1.47,1.41,1.47,-26600.0
ALV,2020-08-21 07:00:00,-1.53,1.53,1.53,1.53,-100.0
ALV,2022-03-04 07:00:00,-5.06,5.06,4.41,4.41,-23600.0
ALV,2023-08-08 07:00:00,-2.94,3.12,2.94,17.73076052904516,-3988080.0
ALV,2024-01-30 07:00:00,-2.24,2.24,2.24,2.24,-21000.0
ALV,2024-08-13 07:00:00,-3.53,3.59,3.35,3.47,-11721.0
ALV,2025-04-25 07:00:00,-4.88,5.18,4.88,5.06,-54811.0
ALV,2025-08-07 07:00:00,-6.59,6.71,6.59,6.71,-12200.0
ALV,2025-12-02 07:00:00,-6.1,6.4,5.5,6.3,-37000.0
ALV,2025-12-11 07:00:00,-8.2,8.2,7.2,7.4,-90300.0
ALV,2026-04-24 07:00:00,-7.6,7.6,7.5,7.5,-17600.0
ANT,2018-09-05 07:00:00,-5.98,5.98,5.98,5.98,-200.0
ANT,2021-01-12 07:00:00,-6.7,6.7,6.7,6.7,-1000.0
ANT,2021-06-15 07:00:00,-5.98,5.98,5.98,5.98,-4800.0
ANT,2021-09-20 07:00:00,-6.58,6.76,6.34,6.58,-15100.0
ANT,2021-10-01 07:00:00,-6.88,6.88,6.88,6.88,-1800.0
ANT,2022-01-07 07:00:00,-10.7,10.76,10.23,10.52,-13900.0
ANT,2024-01-30 07:00:00,-8.71,8.8,8.71,8.8,-5200.0
ANT,2025-02-07 07:00:00,-19.39,19.84,19.12,19.66,-11030.0
ANT,2025-02-10 07:00:00,-19.66,19.84,19.48,19.48,-12700.0
ANT,2025-06-13 07:00:00,-26.92,28.3,12.431418439716312,28.3,24161.047865459248
ANT,2026-02-03 07:00:00,-38.61,41.32,38.46,38.71,-26300.0
ANT,2026-03-27 07:00:00,-34.52,35.21,34.52,35.01,-7500.0
ANV,2016-05-18 07:00:00,-1.15,1.15,1.13,1.13,-42290.0
ANV,2016-06-14 07:00:00,-1.18,1.22,1.17,1.18,-17050.0
ANV,2017-11-09 07:00:00,-3.35,3.4,3.32,3.39,-1147880.0
ANV,2017-12-18 07:00:00,-3.62,3.66,3.55,3.62,-337720.0
ANV,2018-02-13 07:00:00,-5.54,5.82,5.4,5.68,-1317960.0
ANV,2019-02-13 07:00:00,-10.37,10.56,10.37,10.56,-504090.0
ANV,2019-09-12 07:00:00,-9.99,9.99,9.83,9.83,-379120.0
ANV,2019-09-26 07:00:00,-9.76,10.13,9.76,10.11,-880300.0
ANV,2019-11-27 07:00:00,-9.76,9.78,9.62,9.7,-259680.0
ANV,2020-02-05 07:00:00,-6.69,6.87,6.69,6.87,-373290.0
ANV,2021-07-09 07:00:00,-12.17,12.78,12.17,12.39,-540900.0
ANV,2022-06-09 07:00:00,-25.15,26.49,25.06,26.13,-1599800.0
ANV,2022-09-14 07:00:00,-22.06,22.66,22.06,22.39,-966100.0
ANV,2023-03-23 07:00:00,-13.75,14.05,13.7,13.91,-510900.0
ANV,2023-06-12 07:00:00,-16.33,16.79,16.19,16.54,-2237400.0
ANV,2023-06-14 07:00:00,-16.12,16.24,15.66,15.68,-2255900.0
ANV,2023-07-26 07:00:00,-17.36,17.39,17.13,17.16,-1906600.0
ANV,2024-08-09 07:00:00,-15.07,15.26,15.0,15.12,-711500.0
ANV,2024-09-25 07:00:00,-15.33,15.33,15.24,15.33,-648200.0
ANV,2025-04-21 07:00:00,-14.91,15.34,14.86,15.0,-711000.0
ANV,2025-04-29 07:00:00,-14.57,14.86,14.38,14.57,-725200.0
ANV,2025-08-22 07:00:00,-24.69,24.83,23.48,23.48,-7345300.0
APF,2019-04-02 07:00:00,-9.19,9.19,9.19,9.49,-20.0
APF,2019-12-19 07:00:00,-7.13,7.13,7.13,7.13,-1000.0
APF,2020-04-22 07:00:00,-9.39,9.21,9.04,9.04,-2700.0
APF,2020-05-08 07:00:00,-9.19,9.41,8.32,9.37,-710.0
APF,2020-11-24 07:00:00,-14.46,14.46,14.46,14.46,-2520.0
APF,2022-01-10 07:00:00,-28.3,28.45,28.25,28.3,-35728.0
APF,2022-06-16 07:00:00,-35.97,36.18,35.97,36.13,-22400.0
APF,2023-02-15 07:00:00,-42.15,42.79,42.15,42.79,-18009.0
APF,2024-01-10 07:00:00,-43.04,44.4,41.6,41.6,-17701.0
APF,2024-07-08 07:00:00,-51.53,51.92,50.76,51.53,-26220.0
APF,2024-10-02 07:00:00,-49.91,50.33,49.49,50.33,-24954.0
APF,2024-11-26 07:00:00,-44.5,44.83,44.5,44.83,-3400.0
APF,2024-12-23 07:00:00,-43.99,43.99,43.9,43.9,-7400.0
APF,2025-09-29 07:00:00,-40.98,41.47,40.49,382.828592333793,-466000.0
APF,2025-10-15 07:00:00,-39.32,39.32,36.1,38.93,-25700.0
APF,2025-10-20 07:00:00,-38.44,38.64,38.05,38.05,-11000.0
APG,2016-02-29 07:00:00,-3.44,3.55,3.32,3.32,-192400.0
APG,2016-04-29 07:00:00,-3.1,3.21,3.1,3.21,-109800.0
APG,2016-05-18 07:00:00,-4.16,4.21,4.16,4.21,-45000.0
APG,2016-07-05 07:00:00,-4.65,4.82,4.6,4.71,-81100.0
APG,2016-07-21 07:00:00,-4.65,4.71,4.6,4.65,-102500.0
APG,2016-08-24 07:00:00,-5.26,5.26,5.15,5.15,-81500.0
APG,2017-08-16 07:00:00,-3.35,3.35,3.21,3.27,-279400.0
APG,2018-01-22 07:00:00,-3.01,3.08,3.01,3.06,-410670.0
APG,2019-10-25 07:00:00,-4.99,4.99,4.81,4.96,-458370.0
APG,2020-01-06 07:00:00,-5.83,5.85,5.69,5.85,-493700.0
APG,2020-04-21 07:00:00,-5.56,5.56,5.44,5.46,-477980.0
APG,2020-12-23 07:00:00,-6.76,6.76,6.34,6.34,-1569550.0
APG,2021-05-21 07:00:00,-5.38,5.39,5.35,5.37,-651000.0
APG,2021-06-03 07:00:00,-6.04,6.4,5.98,6.4,-5559500.0
APG,2021-08-03 07:00:00,-6.75,6.77,6.7,6.76,-1512900.0
APG,2021-09-24 07:00:00,-14.83,14.83,14.83,14.83,-592400.0
APG,2022-04-29 07:00:00,-11.0,11.45,10.8,11.4,-2196200.0
APG,2022-05-11 07:00:00,-9.9,9.9,9.55,9.72,-866400.0
APG,2023-02-22 07:00:00,-6.4,6.6,6.34,6.34,-3175800.0
APG,2023-03-30 07:00:00,-7.05,7.29,7.0,7.0,-799000.0
APG,2023-05-05 07:00:00,-7.6,7.78,7.56,7.69,-1257300.0
APG,2024-02-28 07:00:00,-14.3,14.5,14.25,14.4,-239600.0
APG,2024-08-30 07:00:00,-11.45,11.45,11.3,11.35,-68400.0
APG,2024-12-30 07:00:00,-7.31,7.31,6.79,6.79,-846800.0
APG,2025-02-19 07:00:00,-8.8,8.99,8.75,8.83,-463400.0
APG,2025-03-14 07:00:00,-9.91,9.91,9.25,9.81,-526500.0
APG,2025-03-26 07:00:00,-10.7,10.7,10.5,10.55,-499300.0
APP,2017-03-01 07:00:00,-8.28,8.28,8.28,8.28,-169.0
APP,2017-06-13 07:00:00,-9.13,9.13,9.13,9.13,-3800.0
APP,2017-07-31 07:00:00,-9.51,9.51,9.51,9.51,-3000.0
APP,2018-08-01 07:00:00,-7.94,7.94,7.94,7.94,-19000.0
APP,2018-12-13 07:00:00,-6.12,6.21,6.12,6.21,-500.0
APP,2020-01-22 07:00:00,-6.2,6.2,6.2,6.2,-100.0
APP,2020-02-10 07:00:00,-6.2,6.2,6.2,6.2,-20.0
APP,2020-06-15 07:00:00,-4.4,4.4,4.0,4.0,-2400.0
APP,2020-08-11 07:00:00,-3.1,3.2,3.1,3.2,-500.0
APP,2021-12-09 07:00:00,-11.0,11.0,10.9,10.9,-10100.0
APP,2021-12-16 07:00:00,-11.0,11.5,11.0,11.3,-20831.0
APP,2022-11-16 07:00:00,-5.5,5.5,5.5,5.6,-26.0
APP,2022-12-21 07:00:00,-4.8,4.8,4.8,4.8,-4760.0
APP,2023-02-07 07:00:00,-4.6,4.6,4.6,4.6,-200.0
APP,2023-05-31 07:00:00,-4.5,4.6,4.5,4.5,-8721.0
APP,2024-02-19 07:00:00,-4.4,4.4,4.4,4.4,-500.0
APP,2024-03-19 07:00:00,-4.8,4.8,4.8,5.2,-32.0
APP,2025-02-17 07:00:00,-6.5,6.9,6.5,6.9,-10600.0
APP,2025-04-23 07:00:00,-5.5,6.1,5.5,5.8,-45600.0
APP,2025-07-17 07:00:00,-7.5,7.6,6.9,7.3,-23100.0
APP,2025-12-18 07:00:00,-5.2,5.2,4.9,5.1,-13400.0
APP,2026-01-15 07:00:00,-4.8,5.0,4.8,4.8,-9500.0
ARM,2016-06-01 07:00:00,-13.76,13.76,13.76,14.81,-10.0
ARM,2017-04-25 07:00:00,-20.59,20.59,20.59,20.59,-1600.0
ARM,2017-05-26 07:00:00,-21.18,21.18,21.18,21.18,-100.0
ARM,2018-11-19 07:00:00,-39.43,39.43,39.43,39.43,-100.0
ARM,2019-06-24 07:00:00,-39.37,39.37,39.37,39.37,-5000.0
ARM,2024-06-24 07:00:00,-29.72,32.61,29.72,32.61,-2801.0
ASM,2015-11-26 07:00:00,-6.45,6.54,6.41,6.5,-1364460.0
ASM,2016-02-29 07:00:00,-8.04,8.18,8.04,8.13,-1027040.0
ASM,2016-04-12 07:00:00,-8.09,8.13,8.04,8.09,-1035940.0
ASM,2016-05-17 07:00:00,-7.82,8.0,7.82,8.0,-1165770.0
ASM,2016-07-20 07:00:00,-6.95,6.95,6.86,6.95,-534830.0
ASM,2016-08-02 07:00:00,-6.82,6.77,6.86,6.86,-1128670.0
ASM,2017-05-25 07:00:00,-6.41,6.43,6.36,6.41,-2013900.0
ASM,2017-10-30 07:00:00,-5.62,5.92,5.58,5.67,-10659050.0
ASM,2018-01-17 07:00:00,-5.43,5.67,5.43,5.43,-3804990.0
ASM,2018-10-03 07:00:00,-6.25,6.3,6.15,6.22,-2855410.0
ASM,2018-12-04 07:00:00,-5.18,5.2,5.08,5.18,-2761910.0
ASM,2019-04-16 07:00:00,-3.88,3.88,3.83,3.87,-1242860.0
ASM,2019-09-25 07:00:00,-3.6,3.61,3.52,3.6,-3569650.0
ASM,2019-12-30 07:00:00,-3.86,3.91,3.84,3.86,-2158580.0
ASM,2020-06-02 07:00:00,-3.47,3.47,3.3,3.31,-4357170.0
ASM,2020-12-04 07:00:00,-7.22,7.22,6.97,7.05,-4701650.0
ASM,2021-04-02 07:00:00,-8.98,9.1,8.84,8.87,-1843600.0
ASM,2021-05-31 07:00:00,-7.45,7.82,7.45,7.82,-3510200.0
ASM,2021-09-29 07:00:00,-8.47,8.76,8.33,8.64,-2439700.0
ASM,2023-08-17 07:00:00,-9.46,9.5,9.34,9.34,-5761400.0
ASM,2024-04-25 07:00:00,-9.34,9.34,9.09,9.25,-1293900.0
ASM,2024-08-07 07:00:00,-7.98,8.05,7.93,8.03,-605300.0
ASM,2024-08-26 07:00:00,-8.55,8.71,8.52,8.59,-1618100.0
ASM,2025-02-11 07:00:00,-7.3,7.3,7.23,7.23,-586000.0
ASM,2025-06-04 07:00:00,-6.67,6.66,6.72,6.69,-897700.0
ASM,2025-08-07 07:00:00,-7.8,7.96,7.72,7.93,-4585700.0
ASM,2025-09-16 07:00:00,-7.97,7.99,7.78,7.79,-1375900.0
ASM,2025-10-20 07:00:00,-7.12,7.2,6.62,6.62,-826400.0
ASM,2025-10-29 07:00:00,-6.89,7.1,6.88,7.02,-596200.0
ASM,2026-03-10 07:00:00,-5.6,5.69,5.48,5.54,-793500.0
ATS,2016-06-09 07:00:00,-11.4,11.9,11.4,11.8,-111100.0
ATS,2016-07-12 07:00:00,-11.6,11.6,11.4,11.6,-21900.0
ATS,2017-05-30 07:00:00,-19.0,19.0,17.3,17.6,-52100.0
ATS,2017-06-23 07:00:00,-16.0,16.5,16.0,16.5,-21100.0
ATS,2017-07-24 07:00:00,-18.0,18.0,18.0,18.0,-100.0
ATS,2017-10-09 07:00:00,-24.6,24.6,23.0,23.0,-3100.0
ATS,2017-11-01 07:00:00,-25.1,25.1,25.1,25.1,-12700.0
ATS,2017-12-07 07:00:00,-38.9,39.0,38.7,39.0,-21900.0
ATS,2018-05-08 07:00:00,-48.0,48.1,47.8,48.0,-9600.0
ATS,2018-08-21 07:00:00,-38.1,38.5,38.1,38.3,-6100.0
ATS,2018-08-23 07:00:00,-38.4,38.5,38.1,38.1,-5500.0
ATS,2019-02-28 07:00:00,-38.6,38.6,38.6,38.6,-500.0
ATS,2020-07-22 07:00:00,-26.4,26.4,26.4,26.4,-100.0
ATS,2023-09-07 07:00:00,-10.1,10.1,10.1,10.1,-100.0
ATS,2024-11-13 07:00:00,-13.2,13.2,13.2,24.66942631880994,26592.350506756757
ATS,2025-04-11 07:00:00,-11.2,11.2,10.5,10.5,-500.0
ATS,2025-07-18 07:00:00,-13.8,13.8,13.8,13.8,-900.0
ATS,2026-01-15 07:00:00,-17.8,17.8,17.8,17.8,-200.0
AVC,2018-03-15 07:00:00,-15.15,15.15,15.15,15.15,-4400.0
AVC,2020-10-13 07:00:00,-15.64,15.64,15.64,15.64,-100.0
AVC,2021-10-18 07:00:00,-22.51,22.91,22.51,22.84,-11400.0
AVC,2022-04-14 07:00:00,-27.02,27.02,27.02,27.02,-100.0
AVC,2022-07-04 07:00:00,-23.84,23.84,23.84,23.84,-100.0
AVC,2022-10-26 07:00:00,-29.33,29.33,29.33,29.33,-200.0
AVC,2023-08-15 07:00:00,-40.54,42.21,40.54,41.68,-3400.0
AVC,2023-10-25 07:00:00,-45.8,51.57,45.8,51.57,-1204.0
AVC,2023-10-26 07:00:00,-48.68,48.68,48.68,51.57,-15.0
AVC,2024-05-23 07:00:00,-53.68,53.68,53.68,53.68,-200.0
AVC,2024-08-29 07:00:00,-50.81,50.81,50.81,50.81,-100.0
AVC,2024-11-11 07:00:00,-51.65,52.89,51.55,52.89,-2132.0
AVC,2025-01-15 07:00:00,-53.76,53.86,53.67,53.86,-1152.0
AVC,2025-09-04 07:00:00,-51.84,51.94,51.46,51.46,-3100.0
AVC,2025-10-08 07:00:00,-52.03,52.42,52.03,52.42,-1000.0
AVC,2025-10-22 07:00:00,-50.78,50.78,49.15,49.15,-300.0
AVC,2026-03-11 07:00:00,-52.9,52.9,50.0,50.0,-200.0
AVG,2024-09-05 07:00:00,-21.84,21.84,18.69,19.22,-16800.0
AVG,2025-01-10 07:00:00,-27.9,28.0,27.2,27.7,-51411.0
AVG,2025-08-18 07:00:00,-14.5,14.6,14.3,14.4,-47200.0
BAB,2018-03-27 07:00:00,-12.6,12.71,12.6,12.71,-18500.0
BAB,2018-09-07 07:00:00,-11.18,11.18,11.18,11.18,-5900.0
BAB,2019-01-04 07:00:00,-11.13,11.18,11.13,11.13,-7300.0
BAB,2019-02-22 07:00:00,-11.24,11.24,11.24,11.24,-6100.0
BAB,2019-10-09 07:00:00,-11.6,11.6,11.6,11.6,-1253600.0
BAB,2020-07-02 07:00:00,-11.79,11.79,11.79,11.79,-2200.0
BAB,2021-01-06 07:00:00,-14.79,14.79,14.79,14.79,-3100.0
BAB,2021-07-26 07:00:00,-15.28,15.28,14.93,15.28,-48042.0
BAB,2021-09-22 07:00:00,-16.77,16.85,16.62,16.62,-46954.0
BAB,2022-02-09 07:00:00,-17.22,17.44,17.14,17.29,-58274.0
BAB,2022-10-14 07:00:00,-11.65,12.05,11.65,11.73,-14503.0
BAB,2022-11-14 07:00:00,-10.77,10.77,10.44,10.44,-6007.0
BAB,2023-02-02 07:00:00,-11.09,11.17,11.01,11.09,-4896.0
BAB,2023-08-22 07:00:00,-11.17,11.25,11.01,11.17,-11805.0
BAB,2023-10-12 07:00:00,-10.85,10.93,10.85,10.85,-4047.0
BAB,2024-08-28 07:00:00,-10.34,10.34,10.26,10.34,-1581.0
BAB,2024-09-06 07:00:00,-10.26,10.26,10.17,10.17,-4301.0
BAB,2024-10-07 07:00:00,-10.43,10.51,10.34,10.43,-8623.0
BAB,2025-03-17 07:00:00,-11.26,11.26,11.16,11.26,-12337.0
BAB,2025-06-20 07:00:00,-10.61,10.61,10.52,10.61,-9700.0
BAF,2022-02-28 07:00:00,-22.27,22.27,21.77,21.85,-950600.0
BAF,2022-08-18 07:00:00,-21.02,21.23,20.28,20.35,-4337500.0
BAF,2023-03-31 07:00:00,-14.11,14.14,14.0,14.14,-1280100.0
BAF,2023-04-07 07:00:00,-14.46,14.53,14.32,14.46,-1111600.0
BAF,2024-01-26 07:00:00,-17.7,17.74,17.56,17.63,-1804900.0
BAF,2024-06-17 07:00:00,-21.6,21.6,21.1,21.15,-2951700.0
BAF,2024-06-20 07:00:00,-21.35,21.45,20.85,20.95,-2926300.0
BAF,2024-10-14 07:00:00,-22.65,22.75,22.55,22.6,-1909800.0
BAF,2024-10-16 07:00:00,-22.6,23.05,22.45,22.6,-2670000.0
BAF,2025-08-07 07:00:00,-35.35,35.45,34.4,34.85,-4387100.0
BAF,2026-02-05 07:00:00,-37.9,38.0,37.3,37.65,-3459100.0
BAL,2019-04-10 07:00:00,-6.56,6.56,5.84,5.84,-900.0
BAL,2021-06-28 07:00:00,-8.02,8.02,8.02,8.02,-600.0
BAL,2021-12-17 07:00:00,-8.96,9.38,8.44,8.96,-5400.0
BAL,2022-01-10 07:00:00,-10.15,10.24,8.87,9.81,-9200.0
BAL,2023-04-03 07:00:00,-6.14,6.14,6.14,6.14,-272.0
BAL,2023-09-15 07:00:00,-6.5,6.5,6.15,6.15,-202.0
BAL,2024-04-19 07:00:00,-7.02,7.02,7.02,7.02,-10.0
BAL,2025-02-03 07:00:00,-10.33,10.33,10.33,10.33,-310.0
BAL,2025-08-27 07:00:00,-7.96,7.96,7.96,7.96,-100.0
BBH,2022-03-18 07:00:00,-19.2,19.2,19.2,19.2,-100.0
BBH,2024-02-07 07:00:00,-9.34,9.34,9.34,10.69,-4.0
BBH,2024-11-19 07:00:00,-16.07,16.07,16.07,16.07,-100.0
BBH,2025-07-01 07:00:00,-13.71,13.71,13.71,13.71,-300.0
BBH,2025-08-06 07:00:00,-10.5,10.5,10.5,10.5,-100.0
BBS,2016-01-29 07:00:00,-6.99,7.01,7.01,7.01,-300.0
BBS,2016-02-23 07:00:00,-8.22,8.24,8.24,8.24,-200.0
BBS,2016-08-31 07:00:00,-7.13,7.13,7.13,7.13,-1000.0
BBS,2017-02-21 07:00:00,-7.34,7.34,6.92,7.23,-300.0
BBS,2017-08-22 07:00:00,-6.24,7.28,6.24,6.92,-1300.0
BBS,2017-10-10 07:00:00,-7.54,7.54,7.54,7.54,-860.0
BBS,2020-09-14 07:00:00,-6.55,6.55,6.55,6.55,-500.0
BBS,2021-03-26 07:00:00,-7.58,7.65,7.58,7.58,-6200.0
BBS,2022-07-25 07:00:00,-7.19,7.19,7.19,7.19,-3300.0
BBS,2023-03-06 07:00:00,-9.65,9.65,8.5,8.5,-160300.0
BBS,2023-08-16 07:00:00,-9.81,10.04,8.88,8.88,-700.0
BBS,2025-03-27 07:00:00,-10.76,10.76,10.76,10.76,-1400.0
BBS,2025-06-05 07:00:00,-12.91,12.91,12.91,12.91,-500.0
BCA,2023-10-25 07:00:00,-5.2,5.2,5.0,5.0,-34200.0
BCA,2023-11-21 07:00:00,-5.0,5.1,4.9,5.1,-87343.0
BCA,2023-11-28 07:00:00,-4.8,4.8,4.6,4.7,-42500.0
BCA,2024-01-05 07:00:00,-6.1,6.2,5.9,6.0,-119605.0
BCA,2024-02-27 07:00:00,-21.7,24.7,21.7,24.0,-240489.0
BCA,2024-05-10 07:00:00,-19.7,20.9,19.1,19.7,-42207.0
BCA,2024-05-31 07:00:00,-18.4,18.5,17.9,18.1,-48023.0
BCA,2024-07-08 07:00:00,-16.2,16.3,15.9,16.2,-53908.0
BCA,2024-08-05 07:00:00,-13.6,13.6,11.5,12.8,-114514.0
BCA,2024-10-18 07:00:00,-11.5,11.9,11.0,11.5,-17603.0
BCA,2025-01-07 07:00:00,-11.5,11.5,11.0,11.0,-1783.0
BCA,2025-04-28 07:00:00,-11.6,12.9,11.6,12.4,-50700.0
BCA,2026-01-05 07:00:00,-14.0,14.3,14.0,14.3,-1200.0
BCM,2018-04-19 07:00:00,-22.48,23.02,22.3,23.02,-30000.0
BCM,2018-07-06 07:00:00,-12.59,13.48,11.6,13.4,-222600.0
BCM,2019-07-17 07:00:00,-23.95,24.96,23.67,24.87,-181900.0
BCM,2019-07-18 07:00:00,-25.15,25.24,24.6,24.87,-69450.0
BCM,2019-11-12 07:00:00,-26.9,26.9,26.34,26.62,-59000.0
BCM,2020-01-09 07:00:00,-25.61,25.79,25.61,25.61,-15620.0
BCM,2020-06-26 07:00:00,-24.6,24.69,24.32,24.69,-44013.0
BCM,2021-06-11 07:00:00,-46.74,48.41,46.55,48.41,-34600.0
BCM,2021-10-29 07:00:00,-50.32,50.32,48.82,49.85,-504600.0
BCM,2022-02-18 07:00:00,-79.22,81.4,78.09,79.32,-418700.0
BCM,2022-08-25 07:00:00,-84.34,88.32,84.34,85.86,-124200.0
BCM,2022-09-21 07:00:00,-91.45,93.63,90.03,340.49391150298715,-7712000.0
BCM,2022-11-11 07:00:00,-70.01,70.3,68.77,70.3,-50600.0
BCM,2023-05-15 07:00:00,-73.64,74.03,73.64,73.93,-35300.0
BCM,2023-05-26 07:00:00,-73.93,73.93,73.36,73.93,-18600.0
BCM,2023-08-18 07:00:00,-68.2,68.2,64.95,64.95,-387000.0
BCM,2023-09-11 07:00:00,-69.73,70.2,67.82,67.82,-383100.0
BCM,2023-12-25 07:00:00,-59.26,60.03,59.06,59.93,-515700.0
BCM,2024-03-15 07:00:00,-65.74,66.71,65.16,65.36,-1295800.0
BCM,2024-09-20 07:00:00,-70.2,70.2,69.04,69.04,-371100.0
BCM,2024-12-03 07:00:00,-64.78,65.37,64.68,65.27,-200200.0
BCM,2025-01-16 07:00:00,-68.81,68.81,67.24,68.12,-243000.0
BCM,2025-09-18 07:00:00,-68.51,68.51,66.94,68.02,-294900.0
BCM,2025-12-10 07:00:00,-64.68,64.78,64.19,64.78,-133300.0
BCM,2026-03-04 07:00:00,-62.2,63.0,58.5,60.1,-2212700.0
BCM,2026-03-25 07:00:00,-51.8,53.7,51.8,52.9,-533400.0
BCP,2017-05-08 07:00:00,-5.81,5.81,5.81,5.81,-1000.0
BCP,2018-04-13 07:00:00,-5.74,5.81,5.74,5.81,-3300.0
BCP,2018-05-15 07:00:00,-9.67,9.67,9.67,9.67,-100.0
BCP,2021-06-03 07:00:00,-12.0,12.0,12.0,12.0,-900.0
BCP,2021-07-02 07:00:00,-9.5,9.5,9.4,9.4,-5300.0
BCP,2021-11-26 07:00:00,-11.5,11.9,11.3,11.4,-5600.0
BCP,2022-01-05 07:00:00,-11.2,11.2,11.1,11.2,-9500.0
BCP,2022-06-07 07:00:00,-9.6,9.6,9.6,9.6,-100.0
BCP,2025-09-08 07:00:00,-11.7,11.7,11.7,11.7,-100.0
BDW,2024-10-29 07:00:00,-25.78,25.78,25.78,247.57410178005568,-20680.0
BDW,2025-10-22 07:00:00,-27.2,27.2,27.2,27.2,-100.0
BHA,2021-03-30 07:00:00,-9.4,9.4,8.62,8.71,-4640.0
BHA,2021-09-24 07:00:00,-9.91,9.91,9.91,9.91,-3000.0
BHA,2022-05-16 07:00:00,-10.35,10.35,10.35,10.35,-200.0
BHA,2023-09-25 07:00:00,-13.56,13.56,13.48,13.48,-4000.0
BHA,2025-09-11 07:00:00,-24.28,24.28,24.28,24.28,-1000.0
BHC,2016-03-07 07:00:00,-1.55,1.55,1.55,1.55,-100.0
BHC,2020-10-02 07:00:00,-2.9,2.9,2.9,2.9,-10600.0
BHC,2022-07-29 07:00:00,-2.6,2.9,2.3,2.9,-7100.0
BHC,2023-03-03 07:00:00,-2.4,2.4,2.4,2.4,-1.0
BHC,2025-09-12 07:00:00,-1.3,1.5,1.3,1.5,-22200.0
BHN,2016-11-14 07:00:00,-75.91,92.52,75.91,81.14,-81180.0
BHN,2017-06-19 07:00:00,-60.8,60.8,60.12,60.58,-610.0
BHN,2017-07-31 07:00:00,-59.43,58.98,60.27,59.13,-15450.0
BHN,2017-08-01 07:00:00,-59.43,63.16,59.36,256.5851899338623,-1377340.0
BHN,2018-07-11 07:00:00,-69.86,69.86,64.14,64.22,-2650.0
BHN,2018-08-21 07:00:00,-64.68,64.91,63.37,455.75075653367526,-21000.0
BHN,2018-09-19 07:00:00,-65.22,65.22,64.14,64.14,-2850.0
BHN,2018-10-08 07:00:00,-69.55,70.32,69.55,69.55,-1030.0
BHN,2018-11-19 07:00:00,-64.91,64.91,64.91,64.91,-10.0
BHN,2019-12-02 07:00:00,-62.24,65.44,62.24,65.02,-1190.0
BHN,2020-01-15 07:00:00,-60.31,61.32,60.06,61.32,-2180.0
BHN,2020-07-16 07:00:00,-44.94,44.94,44.52,44.52,-530.0
BHN,2020-11-04 07:00:00,-58.3,58.38,58.3,58.3,-1410.0
BHN,2020-12-01 07:00:00,-57.62,58.97,57.62,488.6313488707656,-328050.0
BHN,2021-02-03 07:00:00,-60.98,65.44,58.8,59.39,-18500.0
BHN,2021-03-19 07:00:00,-62.63,62.72,58.36,62.72,-15900.0
BHN,2021-03-22 07:00:00,-62.63,62.63,62.02,62.02,-1600.0
BHN,2021-04-27 07:00:00,-58.54,58.54,58.45,58.54,-700.0
BHN,2021-08-05 07:00:00,-46.17,47.04,45.99,47.04,-7500.0
BHN,2022-06-13 07:00:00,-50.27,50.27,49.0,49.0,-1500.0
BHN,2022-08-19 07:00:00,-49.36,49.36,49.36,49.36,-1900.0
BHN,2023-04-06 07:00:00,-39.85,39.85,39.54,39.58,-700.0
BHN,2023-09-14 07:00:00,-39.9,40.03,38.68,39.31,-15100.0
BHN,2023-12-19 07:00:00,-36.36,36.36,36.31,36.36,-1200.0
BHN,2024-04-19 07:00:00,-36.73,36.73,35.89,36.03,-5100.0
BHN,2024-05-06 07:00:00,-35.89,35.89,34.68,34.68,-1800.0
BHN,2026-02-23 07:00:00,-31.8,33.35,31.8,32.6,-7600.0
BHP,2016-11-22 07:00:00,-12.7,13.8,12.63,13.8,-15390.0
BHP,2017-03-23 07:00:00,-8.91,8.91,8.91,8.91,-100.0
BHP,2017-03-27 07:00:00,-9.06,9.06,9.06,9.06,-110.0
BHP,2020-05-14 07:00:00,-5.45,5.45,5.45,5.45,-100.0
BHP,2021-03-01 07:00:00,-6.31,6.31,6.31,6.31,-440.0
BHP,2021-10-07 07:00:00,-7.12,7.39,7.12,7.3,-4900.0
BHP,2022-06-21 07:00:00,-10.27,10.27,10.27,10.27,-200.0
BHP,2023-01-17 07:00:00,-5.66,5.66,5.66,5.66,-100.0
BHP,2023-01-30 07:00:00,-6.68,6.68,6.03,6.59,-22500.0
BHP,2023-06-06 07:00:00,-7.05,8.72,7.05,8.72,-1110.0
BHP,2023-06-12 07:00:00,-8.63,8.63,7.7,7.7,-2020.0
BHP,2023-07-10 07:00:00,-7.24,7.33,7.24,7.24,-10506.0
BHP,2025-02-11 07:00:00,-6.31,6.31,6.31,6.31,-902.0
BHP,2025-05-27 07:00:00,-6.21,6.21,6.21,6.21,-300.0
BHP,2025-06-10 07:00:00,-6.9,6.9,7.399071082390953,6.6,-200.0
BLI,2015-12-28 07:00:00,-5.97,5.97,5.97,5.97,-3000.0
BLI,2017-03-23 07:00:00,-5.12,5.12,5.12,5.12,-100.0
BLI,2020-02-06 07:00:00,-5.48,5.48,5.48,5.48,-3309.0
BLI,2020-09-09 07:00:00,-6.01,6.19,5.49,6.19,-8200.0
BLI,2021-01-07 07:00:00,-8.54,8.72,8.19,8.72,-3610.0
BLI,2021-06-04 07:00:00,-11.99,12.08,11.9,12.08,-8504.0
BLI,2021-08-06 07:00:00,-12.27,12.46,12.08,12.46,-4009.0
BLI,2021-09-30 07:00:00,-14.78,15.15,14.78,15.15,-5739.0
BLI,2022-03-24 07:00:00,-16.27,17.2,16.17,16.82,-42868.0
BLI,2022-07-15 07:00:00,-16.6,17.0,16.5,17.0,-10400.0
BLI,2022-11-14 07:00:00,-11.6,12.2,10.2,11.9,-6700.0
BLI,2023-08-11 07:00:00,-12.2,12.5,12.2,12.5,-2100.0
BLI,2023-09-29 07:00:00,-12.3,12.5,12.3,12.5,-700.0
BLI,2024-02-29 07:00:00,-10.9,11.0,10.6,11.0,-20710.0
BLI,2024-03-20 07:00:00,-10.8,10.9,10.8,10.9,-1200.0
BLI,2024-07-19 07:00:00,-11.7,11.8,11.5,11.7,-24131.0
BLI,2025-10-02 07:00:00,-9.0,9.3,8.9,9.3,-9200.0
BLI,2025-12-02 07:00:00,-9.4,9.6,9.4,9.6,-2300.0
BLN,2022-04-06 07:00:00,-7.2,7.56,7.11,7.56,-3300.0
BLN,2022-10-11 07:00:00,-5.46,6.83,5.46,6.83,-200.0
BLT,2021-06-23 07:00:00,-12.04,12.04,12.04,12.04,-300.0
BLT,2022-05-05 07:00:00,-19.98,20.57,19.98,20.27,-14000.0
BLT,2022-06-14 07:00:00,-26.52,27.64,24.13,27.27,-8900.0
BLT,2023-06-16 07:00:00,-26.9,26.9,26.9,26.9,-4600.0
BLT,2023-10-30 07:00:00,-29.87,29.87,29.87,29.45,-3.0
BLT,2024-01-08 07:00:00,-29.45,29.45,29.45,29.45,-321.0
BLT,2024-02-06 07:00:00,-30.78,30.78,30.78,30.78,-2100.0
BLT,2024-05-14 07:00:00,-38.27,41.6,38.27,41.6,-7401.0
BLT,2025-10-10 07:00:00,-27.5,27.5,27.3,27.4,-7100.0
BLT,2026-04-03 07:00:00,-22.5,22.5,22.2,22.2,-300.0
BMG,2023-08-17 07:00:00,-17.01,17.01,17.01,17.01,-6000.0
BMJ,2016-10-25 07:00:00,-1.43,1.43,1.43,1.43,-200.0
BMJ,2017-12-22 07:00:00,-1.38,1.38,1.38,1.38,-300.0
BMJ,2019-08-30 07:00:00,-1.75,1.75,1.75,14.754808956388697,-149600.0
BMJ,2019-09-09 07:00:00,-1.97,1.97,1.97,1.97,-1700.0
BMJ,2020-06-10 07:00:00,-3.05,3.05,3.05,3.05,-3000.0
BMJ,2021-09-24 07:00:00,-5.46,5.46,5.46,5.46,-800.0
BMJ,2022-05-04 07:00:00,-11.97,11.97,11.44,11.44,-1600.0
BMJ,2023-02-13 07:00:00,-15.5,15.5,15.5,15.5,-100.0
BMJ,2023-09-08 07:00:00,-12.3,12.3,12.3,12.3,-200.0
BMJ,2023-09-13 07:00:00,-11.1,12.5,11.1,12.4,-4100.0
BMJ,2023-10-18 07:00:00,-9.5,9.5,9.3,9.3,-1102.0
BMJ,2025-05-07 07:00:00,-10.2,10.2,10.2,10.2,-1500.0
BMJ,2025-05-09 07:00:00,-10.2,10.2,10.2,10.2,-500.0
BMJ,2025-12-24 07:00:00,-10.5,10.5,9.0,10.0,-20200.0
BMJ,2026-01-20 07:00:00,-10.3,10.8,10.3,10.8,-200.0
BMS,2019-12-26 07:00:00,-2.74,2.74,2.74,2.74,-100.0
BMS,2021-08-04 07:00:00,-8.51,9.02,8.51,8.95,-187915.0
BMS,2022-07-22 07:00:00,-7.46,7.46,7.15,7.15,-34700.0
BMS,2023-05-08 07:00:00,-5.75,6.52,5.75,6.45,-348556.0
BMS,2023-10-20 07:00:00,-8.21,8.7,7.88,8.54,-246715.0
BMS,2024-07-10 07:00:00,-9.11,9.11,8.84,8.84,-131285.0
BMS,2024-09-04 07:00:00,-7.66,7.75,7.48,7.66,-79573.0
BMS,2024-09-20 07:00:00,-8.39,8.39,8.11,8.11,-142116.0
BMS,2025-03-11 07:00:00,-10.55,10.73,10.37,10.73,-310346.0
BMS,2025-04-08 07:00:00,-9.02,9.29,8.57,9.02,-192058.0
BMS,2026-01-15 07:00:00,-13.3,13.5,13.2,13.2,-141200.0
BMS,2026-04-03 07:00:00,-14.7,14.8,14.3,14.4,-150000.0
BMV,2024-09-09 07:00:00,-10.37,10.37,10.37,10.37,-100.0
BNW,2026-01-21 07:00:00,-21.73,21.73,21.73,21.73,-100.0
BT1,2017-08-17 07:00:00,-8.23,8.23,8.23,8.23,-600.0
BT1,2019-08-29 07:00:00,-9.65,9.65,9.65,9.65,-1200.0
BT1,2021-11-24 07:00:00,-9.88,9.88,9.88,9.88,-500.0
BT1,2024-03-12 07:00:00,-9.66,9.66,9.66,9.66,-500.0
BT1,2025-11-03 07:00:00,-10.51,10.51,10.51,10.51,-500.0
BT1,2025-12-11 07:00:00,-11.1,11.1,11.1,11.1,-5000.0
BT1,2026-04-24 07:00:00,-12.4,12.4,12.4,12.4,-100.0
BTN,2019-09-24 07:00:00,-7.0,7.0,7.0,7.0,-100.0
BTN,2020-11-24 07:00:00,-2.7,2.7,2.7,2.7,-1600.0
BTN,2020-12-28 07:00:00,-2.6,2.6,2.6,2.6,-33800.0
BTN,2021-11-01 07:00:00,-6.2,6.2,5.9,6.0,-198102.0
BTN,2022-01-05 07:00:00,-7.4,7.4,7.0,7.3,-232567.0
BTN,2022-11-04 07:00:00,-4.7,4.7,4.6,4.6,-5700.0
BTN,2023-04-24 07:00:00,-3.3,3.3,3.3,3.3,-9976.0
BTN,2023-05-22 07:00:00,-3.3,3.4,3.3,3.4,-1903.0
BTN,2023-10-13 07:00:00,-3.5,3.5,3.5,3.5,-1000.0
BTN,2023-11-16 07:00:00,-3.3,3.6,3.3,3.5,-18100.0
BTN,2025-03-04 07:00:00,-3.0,3.0,3.0,3.0,-212.0
BTN,2025-10-20 07:00:00,-2.9,2.9,2.9,2.9,-1000.0
BTN,2026-02-25 07:00:00,-3.1,3.1,3.1,3.1,-100.0
BTN,2026-04-20 07:00:00,-2.6,2.6,2.6,2.6,-4800.0
BTP,2016-02-15 07:00:00,-4.55,4.55,4.43,4.51,-11260.0
BTP,2016-03-02 07:00:00,-5.14,5.18,5.1,5.14,-12790.0
BTP,2016-03-11 07:00:00,-5.18,5.38,5.18,5.34,-105700.0
BTP,2016-03-30 07:00:00,-7.36,7.4,7.08,7.08,-507330.0
BTP,2016-10-18 07:00:00,-5.74,5.78,5.7,5.78,-6330.0
BTP,2016-12-30 07:00:00,-5.78,5.78,5.55,5.7,-34350.0
BTP,2017-01-23 07:00:00,-5.86,5.86,5.86,5.86,-5020.0
BTP,2017-01-24 07:00:00,-5.86,5.86,5.86,5.86,-4510.0
BTP,2017-06-08 07:00:00,-5.57,5.63,5.57,5.63,-7130.0
BTP,2018-01-26 07:00:00,-5.48,5.48,5.48,5.48,-7000.0
BTP,2018-05-28 07:00:00,-5.41,5.51,5.32,5.32,-26360.0
BTP,2019-07-16 07:00:00,-7.4,7.49,7.4,7.46,-45490.0
BTP,2020-05-12 07:00:00,-8.81,9.23,8.76,9.14,-67890.0
BTP,2020-08-18 07:00:00,-8.79,8.81,8.55,8.55,-5550.0
BTP,2021-08-31 07:00:00,-11.26,11.38,11.26,11.26,-210600.0
BTP,2021-10-01 07:00:00,-12.14,12.14,11.33,11.91,-12500.0
BTP,2022-03-01 07:00:00,-12.28,12.38,12.04,12.28,-2300.0
BTP,2022-10-05 07:00:00,-11.74,11.74,11.5,11.54,-82200.0
BTP,2024-06-07 07:00:00,-13.33,13.53,13.33,13.48,-63700.0
BTP,2024-06-21 07:00:00,-13.43,13.43,13.29,13.38,-39300.0
BTP,2024-10-01 07:00:00,-12.43,12.66,12.43,12.57,-38300.0
BTP,2025-05-20 07:00:00,-11.65,11.7,11.56,11.6,-47200.0
BTP,2025-07-31 07:00:00,-11.36,11.36,11.27,11.36,-44200.0
BTP,2025-08-22 07:00:00,-10.78,10.83,10.64,10.73,-53000.0
BTP,2025-12-31 07:00:00,-9.0,9.0,8.97,8.99,-4800.0
BTS,2016-05-20 07:00:00,-6.36,6.6,6.21,6.6,-2100.0
BTS,2016-09-15 07:00:00,-7.23,7.87,7.23,7.87,-9100.0
BTS,2016-09-30 07:00:00,-7.23,7.87,7.23,7.87,-200.0
BTS,2016-12-20 07:00:00,-6.99,7.31,6.99,7.23,-8600.0
BTS,2017-02-20 07:00:00,-6.91,7.23,6.91,7.15,-10600.0
BTS,2018-01-18 07:00:00,-4.35,4.35,4.35,4.35,-400.0
BTS,2018-07-24 07:00:00,-4.26,4.26,4.26,4.26,-100.0
BTS,2018-11-07 07:00:00,-5.24,5.24,4.7,4.97,-400.0
BTS,2019-08-22 07:00:00,-3.9,3.9,3.9,3.9,-5000.0
BTS,2019-12-05 07:00:00,-3.82,4.17,3.55,4.17,-800.0
BTS,2020-04-22 07:00:00,-3.55,3.73,3.55,3.73,-3900.0
BTS,2020-09-21 07:00:00,-4.08,4.17,4.08,4.17,-1160.0
BTS,2021-07-08 07:00:00,-5.54,5.91,5.54,5.72,-37650.0
BTS,2021-10-14 07:00:00,-11.18,11.63,11.18,11.27,-258470.0
BTS,2021-12-07 07:00:00,-10.9,10.99,10.63,10.99,-67600.0
BTS,2022-01-07 07:00:00,-10.72,10.9,10.63,10.63,-79963.0
BTS,2022-09-14 07:00:00,-7.9,8.0,7.81,7.81,-17445.0
BTS,2022-10-24 07:00:00,-5.71,5.9,5.33,5.71,-24800.0
BTS,2023-01-12 07:00:00,-7.05,7.62,7.05,7.24,-24300.0
BTS,2023-05-10 07:00:00,-5.62,5.62,5.52,5.62,-14704.0
BTS,2023-05-23 07:00:00,-5.71,5.81,5.62,5.62,-32701.0
BTS,2023-06-02 07:00:00,-6.1,6.1,5.9,5.9,-161300.0
BTS,2023-07-25 07:00:00,-6.19,6.19,6.1,6.19,-75936.0
BTS,2023-08-30 07:00:00,-5.9,6.0,5.9,31.062970855150024,-742824.0
BTS,2023-12-29 07:00:00,-5.6,5.6,5.5,5.5,-12630.0
BTS,2024-03-06 07:00:00,-5.6,5.6,5.4,5.6,-38692.0
BTS,2024-09-30 07:00:00,-5.3,5.3,5.1,5.3,-1460.0
BTS,2025-02-13 07:00:00,-5.2,5.3,5.2,5.3,-2350.0
BTS,2025-03-05 07:00:00,-5.2,5.2,5.1,5.2,-5704.0
BTS,2025-05-20 07:00:00,-5.0,5.2,4.9,5.1,-37800.0
BTS,2025-10-06 07:00:00,-5.3,5.4,5.3,5.4,-3700.0
BTU,2017-05-26 07:00:00,-2.88,2.88,2.88,2.88,-100.0
BTU,2017-06-27 07:00:00,-3.07,3.07,3.07,3.07,-100.0
BTU,2019-06-12 07:00:00,-6.14,6.14,6.14,6.14,-200.0
BTU,2019-09-13 07:00:00,-10.2,10.2,10.2,10.2,-100.0
BTU,2022-05-31 07:00:00,-10.1,10.1,10.1,10.1,-400.0
BTU,2023-02-07 07:00:00,-7.92,7.92,7.92,7.92,-1800.0
BTU,2023-12-07 07:00:00,-10.88,10.88,10.88,10.88,-100.0
BTU,2025-08-21 07:00:00,-14.6,14.6,14.6,14.6,-900.0
BTU,2026-02-02 07:00:00,-15.2,15.7,15.2,15.7,-200.0
BVL,2021-07-19 07:00:00,-14.0,15.58,13.94,15.58,-600.0
BVL,2021-07-22 07:00:00,-14.99,15.78,14.79,15.78,-2000.0
BVL,2023-06-02 07:00:00,-6.77,7.04,6.77,7.04,-1400.0
BVL,2025-02-18 07:00:00,-7.22,7.45,7.22,7.3,-16210.0
BVL,2025-07-25 07:00:00,-14.6,15.52,14.6,15.36,-96700.0
BVL,2025-08-20 07:00:00,-16.88,16.88,15.88,16.13,-46300.0
BVL,2025-08-27 07:00:00,-14.97,14.97,14.88,14.97,-5600.0
BVL,2025-09-09 07:00:00,-15.05,15.3,14.8,15.05,-8900.0
BVL,2025-09-15 07:00:00,-14.97,15.38,14.97,15.38,-400.0
BVL,2025-12-05 07:00:00,-15.63,15.88,14.97,14.97,-2500.0
BVS,2016-06-10 07:00:00,-9.22,9.36,9.15,9.29,-166800.0
BVS,2016-06-13 07:00:00,-9.29,9.29,9.08,9.22,-16000.0
BVS,2017-03-08 07:00:00,-11.67,11.94,11.6,11.67,-75850.0
BVS,2017-03-17 07:00:00,-11.53,11.87,11.32,11.8,-184400.0
BVS,2017-04-04 07:00:00,-11.25,11.39,11.25,11.32,-11920.0
BVS,2018-02-06 07:00:00,-12.71,13.62,12.36,13.41,-123510.0
BVS,2018-06-08 07:00:00,-12.22,12.5,11.94,12.15,-34900.0
BVS,2018-08-29 07:00:00,-11.71,11.79,11.64,11.79,-3800.0
BVS,2019-09-23 07:00:00,-8.24,8.24,8.08,8.24,-35500.0
BVS,2019-11-29 07:00:00,-8.07,8.07,7.91,7.91,-51300.0
BVS,2020-01-13 07:00:00,-7.83,7.91,7.75,7.91,-36900.0
BVS,2020-06-12 07:00:00,-8.07,8.07,7.67,7.99,-194050.0
BVS,2020-07-10 07:00:00,-7.83,7.83,7.59,7.75,-89970.0
BVS,2020-10-06 07:00:00,-9.89,10.05,9.89,10.05,-558120.0
BVS,2020-10-08 07:00:00,-10.13,10.13,9.89,10.05,-168590.0
BVS,2021-02-03 07:00:00,-13.23,14.44,13.23,14.44,-843037.0
BVS,2021-03-16 07:00:00,-19.94,19.94,19.25,19.33,-1140681.0
BVS,2023-04-26 07:00:00,-17.89,17.98,17.52,17.52,-137519.0
BVS,2023-12-05 07:00:00,-25.1,25.19,24.72,24.81,-240834.0
BVS,2024-01-12 07:00:00,-24.91,24.91,24.33,24.52,-154058.0
BVS,2024-03-13 07:00:00,-31.33,33.05,30.75,32.57,-1629973.0
BVS,2024-04-04 07:00:00,-35.44,38.03,34.49,36.31,-1140514.0
BVS,2024-05-22 07:00:00,-40.52,41.67,40.23,40.9,-1745921.0
BVS,2024-10-03 07:00:00,-42.63,42.92,41.1,41.67,-1209490.0
BVS,2024-10-09 07:00:00,-40.72,40.72,39.25,40.13,-1112982.0
BVS,2024-12-13 07:00:00,-38.08,38.08,37.5,37.59,-437361.0
BVS,2025-05-08 07:00:00,-29.49,30.37,29.49,29.98,-569800.0
BVS,2025-10-24 07:00:00,-32.42,32.42,31.34,31.34,-234500.0
BWA,2016-08-26 07:00:00,-4.98,4.98,4.91,4.91,-300.0
BWA,2016-12-29 07:00:00,-3.75,3.75,3.75,3.75,-100.0
BWA,2017-02-22 07:00:00,-3.41,3.41,3.41,3.41,-100.0
BWA,2020-12-15 07:00:00,-4.07,4.07,4.07,4.07,-300.0
BWA,2021-03-18 07:00:00,-7.18,7.18,7.18,7.18,-100.0
BWA,2025-05-30 07:00:00,-11.41,11.41,11.41,11.41,-3500.0
C21,2018-07-09 07:00:00,-19.98,19.98,19.98,19.98,-100.0
C21,2018-09-17 07:00:00,-19.65,19.65,19.65,19.65,-1000.0
C21,2018-10-22 07:00:00,-19.65,19.65,19.57,19.57,-300.0
C21,2019-11-04 07:00:00,-21.44,21.44,21.44,21.44,-600.0
C21,2021-01-04 07:00:00,-13.91,14.1,13.91,14.1,-504.0
C21,2021-03-04 07:00:00,-12.63,12.91,12.36,12.63,-7148.0
C21,2021-10-28 07:00:00,-14.61,16.31,14.61,16.31,-84265.0
C21,2022-04-15 07:00:00,-16.02,17.06,15.84,17.06,-6000.0
C21,2022-06-14 07:00:00,-13.76,13.86,13.76,13.86,-3000.0
C21,2022-12-06 07:00:00,-11.85,11.85,11.66,11.66,-700.0
C21,2023-04-14 07:00:00,-10.88,10.88,10.88,10.88,-4.0
C21,2023-05-09 07:00:00,-10.88,10.88,10.88,10.88,-27600.0
C21,2023-07-21 07:00:00,-12.14,12.14,12.14,12.14,-1.0
C21,2024-01-22 07:00:00,-15.06,15.06,13.31,13.31,-641.0
C21,2024-01-25 07:00:00,-13.31,13.31,13.31,13.31,-500.0
C21,2024-08-14 07:00:00,-16.52,16.52,16.03,16.03,-200.0
C21,2024-09-26 07:00:00,-15.74,15.74,15.55,15.55,-200.0
C21,2025-04-03 07:00:00,-15.1,16.0,15.1,16.0,-500.0
C22,2020-12-07 07:00:00,-8.79,8.79,8.79,8.79,-100.0
C22,2025-03-03 07:00:00,-18.31,18.31,18.31,18.31,-200.0
CCI,2016-11-10 07:00:00,-5.15,5.15,4.5,5.15,-16970.0
CCI,2017-10-11 07:00:00,-7.73,7.78,7.73,7.78,-9000.0
CCI,2018-11-12 07:00:00,-6.58,6.58,6.34,6.34,-360.0
CCI,2019-05-23 07:00:00,-7.43,7.43,7.43,7.43,-2540.0
CCI,2019-06-24 07:00:00,-8.01,8.01,7.46,7.46,-15320.0
CCI,2019-07-01 07:00:00,-8.01,8.58,7.66,8.58,-720.0
CCI,2020-01-06 07:00:00,-7.97,7.97,7.97,7.97,-10.0
CCI,2020-03-16 07:00:00,-6.98,7.98,6.98,7.23,-2750.0
CCI,2020-07-06 07:00:00,-8.39,8.39,8.39,8.39,-100.0
CCI,2021-01-13 07:00:00,-10.14,10.27,9.83,9.83,-2000.0
CCI,2021-05-24 07:00:00,-10.5,10.5,10.5,98.93971211177096,-74100.0
CCI,2021-07-14 07:00:00,-11.28,11.99,11.25,11.25,-1500.0
CCI,2021-10-25 07:00:00,-14.3,15.38,14.3,14.33,-2200.0
CCI,2022-03-24 07:00:00,-22.68,23.94,22.5,23.72,-7600.0
CCI,2022-04-08 07:00:00,-23.11,22.64,25.34,25.23,-13300.0
CCI,2023-01-17 07:00:00,-18.98,18.98,18.98,18.98,-100.0
CCI,2023-07-06 07:00:00,-17.2,17.2,17.2,17.2,-100.0
CCI,2024-02-29 07:00:00,-17.41,18.51,17.41,17.76,-300.0
CCI,2024-04-05 07:00:00,-16.54,16.54,16.54,16.54,-100.0
CCI,2025-07-17 07:00:00,-19.79,19.84,19.79,19.84,-700.0
CCI,2025-11-24 07:00:00,-21.56,21.56,21.56,21.56,-1000.0
CCI,2025-11-27 07:00:00,-22.36,22.36,22.36,22.36,-1000.0
CCI,2026-02-05 07:00:00,-21.48,21.48,21.14,21.14,-600.0
CCR,2016-04-07 07:00:00,-5.06,5.06,5.06,5.06,-100.0
CCR,2019-10-08 07:00:00,-30.3,30.3,30.3,30.3,-100.0
CCR,2022-01-12 07:00:00,-21.17,21.17,20.41,20.41,-1800.0
CCR,2022-02-18 07:00:00,-19.41,21.25,19.41,20.83,-34500.0
CCR,2023-10-10 07:00:00,-10.83,10.83,10.55,10.55,-500.0
CCR,2024-05-20 07:00:00,-10.55,11.11,10.55,11.11,-600.0
CCR,2025-07-14 07:00:00,-11.75,11.94,11.75,11.94,-1400.0
CCT,2022-10-14 07:00:00,-8.5,8.5,8.5,8.5,-100.0
CCT,2023-06-19 07:00:00,-8.3,8.3,8.3,8.3,-100.0
CCT,2024-01-19 07:00:00,-6.0,6.0,6.0,6.0,-200.0
CCT,2025-02-04 07:00:00,-10.7,11.5,10.7,11.5,-500.0
CCT,2025-02-17 07:00:00,-12.5,12.5,12.5,12.5,-300.0
CDN,2016-07-05 07:00:00,-10.8,10.8,10.7,10.8,-800.0
CDN,2017-01-04 07:00:00,-13.33,13.33,13.07,13.23,-13500.0
CDN,2017-01-16 07:00:00,-13.74,13.74,13.74,13.74,-500.0
CDN,2017-10-27 07:00:00,-10.99,11.83,10.73,11.83,-800.0
CDN,2018-12-10 07:00:00,-11.46,11.46,10.54,11.17,-1300.0
CDN,2018-12-20 07:00:00,-11.53,11.53,10.26,11.17,-1300.0
CDN,2019-01-03 07:00:00,-10.4,11.11,10.4,10.9,-300.0
CDN,2019-06-17 07:00:00,-11.89,13.89,11.89,13.53,-1400.0
CDN,2019-12-03 07:00:00,-13.39,13.39,12.46,12.46,-1011.0
CDN,2020-02-19 07:00:00,-13.48,14.21,13.34,14.07,-3418.0
CDN,2020-05-08 07:00:00,-12.53,13.04,12.53,12.83,-2001.0
CDN,2020-07-29 07:00:00,-13.38,13.93,13.31,13.78,-3535.0
CDN,2020-08-07 07:00:00,-14.79,14.79,14.79,14.79,-200.0
CDN,2021-01-05 07:00:00,-21.92,22.54,21.76,21.84,-5630.0
CDN,2021-03-02 07:00:00,-24.19,24.26,23.33,23.33,-1300.0
CDN,2021-11-26 07:00:00,-25.58,25.91,25.25,25.34,-15258.0
CDN,2021-12-29 07:00:00,-24.35,24.35,24.18,22.520956243257594,13857.189810640217
CDN,2022-08-10 07:00:00,-23.11,23.11,23.03,23.11,-4500.0
CDN,2022-08-24 07:00:00,-23.03,23.03,21.89,23.03,-4415.0
CDN,2022-12-20 07:00:00,-23.46,25.21,23.29,25.21,-1700.0
CDN,2023-02-15 07:00:00,-23.72,23.72,23.72,23.72,-100.0
CDN,2023-02-28 07:00:00,-24.68,24.68,24.51,24.68,-8600.0
CDN,2024-02-06 07:00:00,-24.91,24.91,24.82,24.82,-700.0
CDN,2024-03-05 07:00:00,-26.39,26.67,25.84,25.84,-1720.0
CDN,2024-04-01 07:00:00,-25.84,26.11,25.84,26.11,-1500.0
CDN,2024-08-02 07:00:00,-30.15,30.25,29.09,29.09,-7607.0
CDN,2024-10-09 07:00:00,-27.45,27.84,27.17,27.74,-13780.0
CDN,2024-11-05 07:00:00,-28.61,28.71,28.61,28.71,-7000.0
CDN,2025-02-28 07:00:00,-36.41,36.41,35.64,36.22,-18253.0
CDN,2025-07-30 07:00:00,-32.6,33.0,32.6,33.0,-9200.0
CDN,2026-01-30 07:00:00,-33.7,34.9,33.7,34.9,-1800.0
CDO,2015-11-18 07:00:00,-16.73,16.73,16.53,16.67,-1230860.0
CDO,2016-05-18 07:00:00,-19.64,19.71,19.64,19.71,-1218920.0
CDO,2016-06-02 07:00:00,-20.3,20.37,20.24,137.32999661256292,-40353040.0
CDO,2016-09-28 07:00:00,-30.66,31.15,30.57,31.15,-1106920.0
CDO,2016-10-10 07:00:00,-32.26,32.26,32.07,32.16,-718550.0
CDO,2016-10-24 07:00:00,-31.82,31.87,31.73,31.78,-284300.0
CDO,2016-11-10 07:00:00,-32.5,32.55,32.41,32.5,-504320.0
CDO,2016-11-29 07:00:00,-32.5,34.05,32.45,33.86,-938270.0
CDO,2017-07-26 07:00:00,-3.57,3.62,3.47,3.56,-416610.0
CDO,2019-02-15 07:00:00,-1.0,1.1,1.0,1.1,-61500.0
CDO,2019-03-18 07:00:00,-1.0,1.1,1.0,1.1,-78090.0
CDO,2019-05-03 07:00:00,-1.1,1.1,1.0,1.1,-2018.0
CDO,2019-10-18 07:00:00,-0.9,1.0,0.9,0.9,-104830.0
CDO,2021-05-13 07:00:00,-3.0,3.0,2.8,2.9,-236830.0
CDO,2021-07-14 07:00:00,-2.5,2.5,2.2,2.3,-418000.0
CDO,2021-09-24 07:00:00,-4.1,4.1,3.9,3.9,-1787099.0
CDO,2022-07-20 07:00:00,-3.5,3.6,3.4,3.5,-301414.0
CDO,2022-08-16 07:00:00,-3.8,3.8,3.6,3.8,-276600.0
CDO,2024-08-02 07:00:00,-1.6,1.6,1.5,1.6,-40105.0
CDO,2024-09-20 07:00:00,-1.5,1.5,1.4,1.5,-42720.0
CDO,2025-05-09 07:00:00,-1.8,1.9,1.6,1.7,-102500.0
CDP,2019-12-12 07:00:00,-6.18,6.18,5.98,6.18,-900.0
CDP,2020-03-31 07:00:00,-5.87,5.87,5.87,5.87,-10.0
CDP,2022-08-25 07:00:00,-9.35,9.59,9.35,9.59,-2400.0
CDP,2023-09-22 07:00:00,-9.61,9.61,9.52,9.61,-1800.0
CDP,2023-09-27 07:00:00,-9.35,9.35,9.01,48.60524947072631,-197500.0
CDP,2024-03-08 07:00:00,-10.63,10.63,9.78,9.78,-1000.0
CDP,2024-03-25 07:00:00,-11.14,11.14,9.95,9.95,-1900.0
CDP,2024-06-18 07:00:00,-10.03,10.03,10.03,10.03,-3000.0
CDP,2025-01-14 07:00:00,-9.22,9.22,9.22,9.22,-10.0
CDP,2025-04-04 07:00:00,-8.69,8.69,8.34,8.52,-8800.0
CDP,2025-08-29 07:00:00,-9.27,9.46,9.17,9.46,-900.0
CIA,2017-12-18 07:00:00,-37.21,38.0,36.9,37.15,-149498.0
CIA,2017-12-19 07:00:00,-37.27,38.36,37.21,38.36,-73310.0
CIA,2018-01-30 07:00:00,-36.05,36.84,35.32,36.54,-19300.0
CIA,2018-08-09 07:00:00,-23.43,23.43,22.98,22.98,-4950.0
CIA,2018-08-16 07:00:00,-22.9,23.51,22.75,23.51,-10600.0
CIA,2019-11-21 07:00:00,-14.23,14.23,14.14,14.14,-5000.0
CIA,2020-03-11 07:00:00,-11.44,11.44,10.7,11.16,-19420.0
CIA,2020-07-24 07:00:00,-10.42,10.42,10.14,10.14,-7540.0
CIA,2020-10-28 07:00:00,-9.86,9.86,9.67,9.67,-10800.0
CIA,2021-10-25 07:00:00,-15.5,15.5,15.1,15.4,-87557.0
CIA,2021-12-23 07:00:00,-14.2,14.2,13.7,14.1,-15650.0
CIA,2023-04-14 07:00:00,-11.5,11.5,11.4,11.4,-9802.0
CIA,2023-04-20 07:00:00,-11.8,12.2,11.7,11.8,-28641.0
CIA,2023-05-25 07:00:00,-11.5,11.6,11.4,11.6,-27100.0
CIA,2023-05-30 07:00:00,-11.8,11.8,11.6,11.7,-11104.0
CIA,2023-09-20 07:00:00,-10.7,10.7,10.5,10.7,-5800.0
CIA,2025-04-09 07:00:00,-8.4,9.0,8.4,8.9,-42421.0
CIA,2025-12-29 07:00:00,-9.2,9.3,9.1,9.1,-3000.0
CID,2016-07-08 07:00:00,-2.77,2.77,2.68,2.68,-3600.0
CID,2018-08-29 07:00:00,-4.93,4.93,4.93,4.93,-100.0
CID,2020-04-13 07:00:00,-3.2,3.2,2.86,2.86,-600.0
CID,2021-12-02 07:00:00,-6.75,6.75,6.41,6.41,-9000.0
CID,2023-06-19 07:00:00,-7.1,7.1,7.1,7.1,-100.0
CID,2024-04-16 07:00:00,-10.39,10.39,10.39,10.39,-200.0
CID,2024-05-06 07:00:00,-10.13,10.13,10.13,10.13,-100.0
CID,2025-02-21 07:00:00,-25.44,25.44,25.35,25.35,-200.0
CID,2025-07-28 07:00:00,-15.4,15.4,15.4,15.4,-700.0
CID,2025-10-23 07:00:00,-13.2,13.2,13.2,13.2,-1700.0
CKD,2015-12-07 07:00:00,-3.43,3.43,3.43,3.43,-100.0
CKD,2017-06-29 07:00:00,-6.85,6.85,6.85,6.85,-1500.0
CKD,2017-09-22 07:00:00,-6.36,6.36,6.36,6.36,-2000.0
CKD,2018-08-13 07:00:00,-6.27,6.27,6.27,6.27,-300.0
CKD,2020-02-13 07:00:00,-8.75,10.15,8.75,10.15,-1600.0
CKD,2021-02-26 07:00:00,-16.54,16.54,16.54,16.54,-1200.0
CKD,2021-04-14 07:00:00,-16.48,16.48,16.48,16.48,-900.0
CKD,2021-12-29 07:00:00,-21.16,21.16,21.24,21.24,-900.0
CKD,2022-06-29 07:00:00,-18.92,18.92,18.92,18.92,-900.0
CKD,2022-10-04 07:00:00,-19.99,19.99,19.83,19.91,-1800.0
CKD,2022-10-06 07:00:00,-19.83,19.83,19.83,19.83,-1200.0
CKD,2023-08-23 07:00:00,-21.63,21.63,21.63,21.63,-500.0
CKD,2023-09-18 07:00:00,-21.03,21.03,21.03,21.03,-401.0
CKD,2024-01-11 07:00:00,-20.61,20.61,20.36,20.36,-1200.0
CKD,2024-12-25 07:00:00,-20.76,20.76,20.76,20.76,-7.0
CKD,2025-02-18 07:00:00,-20.12,22.69,20.12,21.04,-12300.0
CKD,2025-07-28 07:00:00,-22.92,22.92,22.92,22.92,-3200.0
CLM,2020-08-19 07:00:00,-13.55,13.55,12.29,12.29,-700.0
CLM,2021-07-02 07:00:00,-23.74,23.74,23.74,23.74,-100.0
CLM,2022-09-06 07:00:00,-71.26,72.06,71.26,71.79,-2031.0
CLM,2023-05-08 07:00:00,-54.4,54.4,54.4,54.4,-23409.0
CLM,2023-06-12 07:00:00,-52.06,52.9,52.06,52.81,-3800.0
CLM,2023-08-28 07:00:00,-56.65,56.65,56.65,56.65,-200.0
CLM,2024-01-22 07:00:00,-59.09,60.97,59.09,60.97,-1800.0
CLM,2024-07-01 07:00:00,-82.68,82.68,82.68,82.68,-105.0
CLM,2024-08-30 07:00:00,-74.1,74.1,74.0,74.0,-3300.0
CLM,2024-10-04 07:00:00,-74.1,74.1,74.1,74.1,-1.0
CLM,2025-03-20 07:00:00,-78.58,80.54,78.0,80.54,-1100.0
CLM,2026-04-14 07:00:00,-75.0,75.0,75.0,75.0,-600.0
CLX,2017-06-02 07:00:00,-8.8,8.8,8.8,8.8,-140.0
CLX,2017-06-27 07:00:00,-8.96,8.96,8.96,8.96,-100.0
CLX,2017-09-07 07:00:00,-8.8,8.8,8.8,8.8,-14800.0
CLX,2017-09-15 07:00:00,-8.63,10.05,8.63,9.88,-300.0
CLX,2018-01-24 07:00:00,-9.3,9.38,9.3,9.38,-400.0
CLX,2018-10-02 07:00:00,-8.8,8.8,8.8,8.8,-2200.0
CLX,2019-08-16 07:00:00,-10.0,11.99,10.0,10.78,-8700.0
CLX,2019-10-17 07:00:00,-11.3,11.81,11.21,11.81,-7400.0
CLX,2019-10-31 07:00:00,-11.04,11.04,10.43,11.04,-15700.0
CLX,2020-01-14 07:00:00,-10.48,11.7,10.48,11.7,-52000.0
CLX,2020-07-03 07:00:00,-10.4,10.4,10.4,10.4,-2903.0
CLX,2020-08-21 07:00:00,-10.43,10.43,10.43,10.43,-200.0
CLX,2020-10-19 07:00:00,-12.37,12.37,11.58,11.58,-3200.0
CLX,2021-11-04 07:00:00,-26.51,26.51,25.54,25.89,-453515.0
CLX,2022-04-04 07:00:00,-27.75,29.6,27.39,28.9,-1465633.0
CLX,2022-07-11 07:00:00,-15.11,15.2,14.76,14.85,-30800.0
CLX,2023-03-09 07:00:00,-11.58,11.67,11.49,11.67,-60629.0
CLX,2023-04-20 07:00:00,-11.94,12.31,11.85,12.12,-157400.0
CLX,2023-07-04 07:00:00,-13.73,13.73,13.54,13.73,-141600.0
CLX,2024-03-29 07:00:00,-13.45,13.45,13.36,13.36,-80000.0
CLX,2024-04-05 07:00:00,-13.27,13.36,13.17,13.27,-123281.0
CLX,2024-04-25 07:00:00,-12.34,12.53,12.34,12.44,-80600.0
CLX,2024-06-26 07:00:00,-16.58,16.86,16.31,16.77,-472801.0
CLX,2024-10-22 07:00:00,-14.48,14.57,14.48,14.57,-100900.0
CLX,2025-02-25 07:00:00,-19.18,19.18,18.6,18.89,-469132.0
CLX,2025-02-27 07:00:00,-18.41,18.6,18.12,18.51,-518584.0
CLX,2025-08-22 07:00:00,-16.5,16.6,16.1,16.3,-449000.0
CLX,2025-09-11 07:00:00,-16.3,16.3,16.1,16.2,-75600.0
CLX,2025-10-23 07:00:00,-15.8,16.0,15.8,16.0,-14300.0
CMM,2023-01-27 07:00:00,-5.4,5.4,5.4,5.4,-100.0
CMM,2023-06-14 07:00:00,-6.47,6.47,6.47,6.47,-6500.0
CMM,2023-07-13 07:00:00,-8.07,8.4,8.07,8.4,-68700.0
CMM,2023-12-21 07:00:00,-6.9,6.9,6.9,6.9,-100.0
CMM,2024-09-06 07:00:00,-6.9,6.9,6.9,6.9,-12505.0
CMM,2024-10-04 07:00:00,-9.0,9.4,8.5,9.4,-23761.0
CMM,2024-12-12 07:00:00,-9.3,9.3,9.3,9.3,-100.0
CMN,2017-10-16 07:00:00,-22.56,22.3,22.56,22.3,-2600.0
CMN,2020-05-08 07:00:00,-31.35,31.35,31.35,31.35,-100.0
CMN,2021-01-11 07:00:00,-44.89,44.89,44.89,44.89,-100.0
CMN,2021-03-31 07:00:00,-57.98,57.98,57.98,57.98,-200.0
CMN,2022-07-27 07:00:00,-53.27,53.27,41.13,41.13,-1100.0
CMN,2022-08-04 07:00:00,-44.45,44.45,44.45,44.45,-2100.0
CQN,2020-08-26 07:00:00,-25.58,25.58,25.58,25.58,-5700.0
CQN,2020-11-12 07:00:00,-15.47,15.47,13.88,13.96,-2342.0
CQN,2023-06-16 07:00:00,-22.56,24.44,22.56,24.44,-800.0
CQN,2023-07-17 07:00:00,-25.19,25.19,24.81,24.81,-400.0
CQN,2024-01-02 07:00:00,-28.19,28.19,28.19,28.19,-200.0
CQN,2024-01-19 07:00:00,-26.32,26.32,26.32,26.32,-100.0
CQN,2024-04-25 07:00:00,-26.32,26.79,26.32,26.69,-10730.0
CQN,2024-06-10 07:00:00,-25.5,27.25,25.5,26.955115279293043,9813.467670504871
CQN,2024-09-04 07:00:00,-26.96,26.96,26.96,26.96,-1100.0
CQN,2025-01-06 07:00:00,-31.13,31.13,30.06,30.93,-4100.0
CQN,2025-03-28 07:00:00,-33.16,33.16,32.87,32.97,-11500.0
CQN,2025-09-12 07:00:00,-31.2,31.2,30.8,31.2,-12100.0
CQN,2026-04-23 07:00:00,-31.2,31.2,31.1,31.1,-10200.0
CQT,2020-08-03 07:00:00,-1.97,2.15,1.97,1.97,-300.0
CQT,2021-03-12 07:00:00,-4.38,4.38,4.38,4.38,-100.0
CQT,2021-09-21 07:00:00,-7.9,9.27,7.9,9.27,-2400.0
CQT,2021-11-16 07:00:00,-10.3,10.73,10.3,10.73,-16700.0
CQT,2021-12-15 07:00:00,-9.18,9.27,8.93,9.18,-9500.0
CQT,2022-02-25 07:00:00,-9.01,9.1,9.01,9.1,-4920.0
CQT,2022-03-17 07:00:00,-11.07,11.16,10.82,10.9,-13700.0
CQT,2022-04-14 07:00:00,-11.93,11.93,11.93,11.93,-100.0
CQT,2022-07-21 07:00:00,-10.39,10.39,10.39,10.39,-200.0
CQT,2023-08-07 07:00:00,-9.87,9.87,9.87,9.87,-2700.0
CQT,2023-10-17 07:00:00,-9.77,10.21,9.77,9.77,-7800.0
CQT,2024-09-19 07:00:00,-8.7,8.7,8.7,8.7,-11.0
CQT,2025-08-12 07:00:00,-9.0,9.0,9.0,9.0,-700.0
CRE,2018-10-15 07:00:00,-7.13,7.2,7.08,7.2,-286890.0
CRE,2018-10-17 07:00:00,-7.21,7.26,7.16,7.2,-258900.0
CRE,2018-12-07 07:00:00,-7.13,7.2,7.13,7.2,-116490.0
CRE,2019-07-08 07:00:00,-6.68,6.68,6.65,6.68,-216840.0
CRE,2019-11-05 07:00:00,-6.59,6.6,6.56,6.56,-229360.0
CRE,2019-12-04 07:00:00,-6.41,6.43,6.4,6.43,-206930.0
CRE,2020-01-21 07:00:00,-6.39,6.39,6.31,6.36,-207350.0
CRE,2020-02-21 07:00:00,-5.99,6.0,5.96,6.0,-176190.0
CRE,2020-03-04 07:00:00,-6.04,6.05,5.99,6.03,-188680.0
CRE,2020-06-23 07:00:00,-5.21,5.24,4.94,5.12,-2208030.0
CRE,2021-07-30 07:00:00,-17.14,17.17,16.77,16.93,-1409700.0
CRE,2021-08-09 07:00:00,-17.57,17.71,17.3,17.64,-1409900.0
CRE,2021-08-24 07:00:00,-17.2,17.57,17.0,17.3,-1584100.0
CRE,2021-11-22 07:00:00,-17.37,17.6,16.6,16.6,-1377100.0
CRE,2022-04-14 07:00:00,-21.52,21.81,21.37,21.78,-474800.0
CRE,2022-10-17 07:00:00,-13.4,13.55,13.0,13.5,-86000.0
CRE,2023-01-10 07:00:00,-8.69,8.81,8.59,8.66,-202500.0
CRE,2023-06-07 07:00:00,-9.35,9.57,9.2,9.41,-2046100.0
CRE,2023-09-07 07:00:00,-10.7,10.95,10.55,10.6,-3736600.0
CRE,2024-04-05 07:00:00,-8.41,8.83,8.37,8.77,-1913300.0
CRE,2024-07-26 07:00:00,-6.89,6.89,6.8,6.85,-51100.0
CRE,2024-10-08 07:00:00,-6.87,6.87,6.72,6.8,-538500.0
CRE,2024-12-05 07:00:00,-6.8,6.9,6.8,6.84,-154000.0
CRE,2025-02-04 07:00:00,-6.96,6.96,6.85,6.95,-83700.0
CRV,2025-10-13 07:00:00,-33.24,33.24,33.24,33.24,-39600.0
CRV,2026-01-30 07:00:00,-26.0,27.2,25.7,27.15,-1300.0
CRV,2026-03-19 07:00:00,-25.0,26.0,25.0,25.75,-1800.0
CSC,2016-04-01 07:00:00,-3.1,3.1,3.1,3.1,-1300.0
CSC,2016-05-20 07:00:00,-3.22,3.22,3.22,3.22,-100.0
CSC,2016-07-19 07:00:00,-3.54,3.6,3.52,3.6,-40750.0
CSC,2016-11-15 07:00:00,-3.41,3.47,3.36,3.45,-93900.0
CSC,2017-06-01 07:00:00,-6.33,6.49,6.33,6.35,-23700.0
CSC,2018-03-28 07:00:00,-5.47,5.47,5.41,5.43,-17800.0
CSC,2018-08-23 07:00:00,-5.54,5.94,5.4,5.63,-141445.0
CSC,2018-10-15 07:00:00,-7.93,7.93,7.28,7.93,-84606.0
CSC,2019-02-28 07:00:00,-7.65,7.65,7.65,7.65,-100.0
CSC,2019-03-07 07:00:00,-7.42,7.47,7.42,7.42,-3000.0
CSC,2019-03-27 07:00:00,-7.79,8.31,7.79,7.89,-4400.0
CSC,2019-04-22 07:00:00,-7.65,7.65,7.61,7.65,-6300.0
CSC,2020-04-16 07:00:00,-11.86,11.91,11.66,11.86,-3635.0
CSC,2020-06-04 07:00:00,-11.21,11.21,10.96,10.96,-3700.0
CSC,2020-08-07 07:00:00,-11.26,11.26,11.16,11.16,-4000.0
CSC,2020-10-12 07:00:00,-11.65,11.65,11.65,11.65,-2027.0
CSC,2021-07-28 07:00:00,-34.57,37.84,34.52,37.01,-139671.0
CSC,2021-08-09 07:00:00,-44.32,46.54,44.32,45.15,-93547.0
CSC,2021-09-23 07:00:00,-37.56,37.56,36.29,36.46,-44130.0
CSC,2022-03-18 07:00:00,-62.77,63.1,62.05,62.88,-40226.0
CSC,2022-05-05 07:00:00,-47.65,49.25,45.15,46.32,-51770.0
CSC,2022-07-21 07:00:00,-32.55,33.79,32.55,225.86156484332932,-2163488.0
CSC,2022-09-15 07:00:00,-48.92,50.22,48.55,48.67,-98448.0
CSC,2022-10-07 07:00:00,-35.22,35.22,31.62,32.24,-96930.0
CSC,2022-10-10 07:00:00,-31.62,33.42,31.62,33.17,-44198.0
CSC,2022-11-18 07:00:00,-18.66,20.28,18.17,20.28,-352427.0
CSC,2022-12-12 07:00:00,-27.22,28.52,24.55,25.11,-103583.0
CSC,2023-01-31 07:00:00,-25.98,26.04,24.24,25.79,-144218.0
CSC,2024-09-11 07:00:00,-25.72,25.72,25.44,25.44,-53140.0
CSC,2024-11-29 07:00:00,-23.35,23.35,23.17,23.26,-14864.0
CSC,2025-02-13 07:00:00,-23.08,23.08,22.72,22.81,-42633.0
CSC,2025-07-09 07:00:00,-21.4,22.0,20.8,21.4,-45300.0
CSC,2025-09-15 07:00:00,-21.7,21.7,21.0,21.1,-41400.0
CSC,2025-11-26 07:00:00,-17.8,18.9,17.2,17.6,-20900.0
CSM,2015-12-29 07:00:00,-12.09,12.14,12.04,12.09,-213660.0
CSM,2016-03-25 07:00:00,-14.3,14.4,14.2,14.35,-273380.0
CSM,2016-05-17 07:00:00,-15.3,15.4,15.25,15.3,-247670.0
CSM,2016-09-16 07:00:00,-17.18,17.18,16.89,16.89,-352770.0
CSM,2017-01-18 07:00:00,-16.03,16.03,15.68,15.68,-108600.0
CSM,2017-05-08 07:00:00,-13.72,13.92,13.72,13.92,-139000.0
CSM,2018-03-27 07:00:00,-12.54,12.54,12.16,12.2,-326090.0
CSM,2018-09-04 07:00:00,-12.55,12.59,12.21,12.59,-26830.0
CSM,2018-11-26 07:00:00,-12.72,12.94,12.72,12.9,-56950.0
CSM,2019-05-31 07:00:00,-13.15,13.15,12.9,13.07,-57180.0
CSM,2019-08-01 07:00:00,-12.47,12.59,12.34,12.55,-28130.0
CSM,2019-09-24 07:00:00,-12.72,12.9,12.72,12.9,-29180.0
CSM,2020-07-31 07:00:00,-12.91,13.09,12.11,13.0,-23850.0
CSM,2020-12-22 07:00:00,-15.05,15.05,14.69,14.78,-70310.0
CSM,2021-04-26 07:00:00,-16.47,16.56,15.63,15.63,-66700.0
CSM,2021-07-01 07:00:00,-16.39,16.39,16.21,16.3,-16500.0
CSM,2021-10-13 07:00:00,-16.35,16.58,16.3,16.44,-27300.0
CSM,2021-10-18 07:00:00,-16.58,16.67,16.3,16.35,-72900.0
CSM,2021-12-16 07:00:00,-17.77,17.81,17.49,17.49,-56000.0
CSM,2022-05-30 07:00:00,-15.66,15.98,15.48,15.98,-11600.0
CSM,2022-08-31 07:00:00,-15.2,15.39,15.11,15.39,-8100.0
CSM,2022-12-27 07:00:00,-13.68,13.68,12.8,12.8,-1900.0
CSM,2023-01-09 07:00:00,-12.94,12.94,12.94,12.94,-8100.0
CSM,2023-12-15 07:00:00,-11.18,11.47,11.18,11.47,-1900.0
CSM,2023-12-25 07:00:00,-11.61,11.61,11.37,11.47,-13900.0
CSM,2024-04-01 07:00:00,-14.14,14.19,13.9,13.9,-21300.0
CSM,2024-05-03 07:00:00,-14.14,14.24,13.9,14.24,-30300.0
CSM,2024-07-22 07:00:00,-13.28,13.71,13.0,13.71,-921700.0
CSM,2024-08-22 07:00:00,-12.8,12.8,12.42,12.61,-259800.0
CSM,2024-12-05 07:00:00,-12.82,13.11,12.77,13.11,-1539300.0
CSM,2025-03-10 07:00:00,-14.78,14.78,14.39,14.39,-1195800.0
CSM,2025-05-07 07:00:00,-11.79,12.77,11.79,12.77,-1519700.0
CSM,2025-05-16 07:00:00,-12.92,13.02,12.62,12.62,-1050400.0
CSM,2025-10-21 07:00:00,-13.65,13.65,13.15,13.3,-802100.0
CSM,2026-01-22 07:00:00,-13.2,13.3,13.1,13.15,-628600.0
CSM,2026-03-31 07:00:00,-12.2,12.3,12.2,12.3,-103500.0
CST,2021-12-02 07:00:00,-12.82,13.04,12.82,12.89,-93571.0
CST,2022-01-13 07:00:00,-12.37,12.52,11.79,12.15,-160909.0
CST,2022-08-01 07:00:00,-13.98,14.3,13.81,14.14,-175200.0
CST,2022-11-02 07:00:00,-12.13,12.13,11.89,12.05,-40800.0
CST,2023-07-20 07:00:00,-17.28,17.97,16.93,17.28,-1130084.0
CST,2023-09-15 07:00:00,-15.03,15.03,14.86,14.94,-60800.0
CST,2023-10-05 07:00:00,-13.99,13.99,13.73,13.73,-14600.0
CST,2023-11-02 07:00:00,-13.13,13.56,13.04,13.56,-43332.0
CST,2023-11-24 07:00:00,-13.82,13.82,13.65,13.82,-74501.0
CST,2024-08-05 07:00:00,-25.11,25.11,23.79,23.98,-125159.0
CST,2024-08-21 07:00:00,-25.2,25.2,25.02,25.2,-51800.0
CST,2024-11-18 07:00:00,-20.5,20.5,20.31,20.5,-27470.0
CST,2025-04-24 07:00:00,-16.08,16.08,15.71,16.08,-37001.0
CST,2025-08-21 07:00:00,-15.3,15.3,15.2,15.3,-45400.0
CST,2026-02-03 07:00:00,-13.3,13.4,13.1,13.3,-52200.0
CST,2026-02-09 07:00:00,-13.2,13.3,13.1,13.2,-19300.0
CSV,2015-10-16 07:00:00,-4.0,4.15,4.0,4.06,-12970.0
CSV,2015-12-18 07:00:00,-3.92,3.94,3.88,3.94,-7410.0
CSV,2017-02-02 07:00:00,-6.01,6.05,5.97,6.02,-12050.0
CSV,2017-03-01 07:00:00,-6.14,6.14,6.04,6.13,-76120.0
CSV,2017-07-19 07:00:00,-7.58,7.58,7.16,7.43,-288810.0
CSV,2017-10-09 07:00:00,-8.01,8.05,8.0,8.05,-17210.0
CSV,2017-11-17 07:00:00,-7.89,7.96,7.82,7.94,-3650.0
CSV,2017-12-15 07:00:00,-9.17,9.27,9.05,9.14,-154540.0
CSV,2018-03-23 07:00:00,-9.37,9.59,9.37,9.53,-64440.0
CSV,2018-05-21 07:00:00,-8.64,8.64,8.46,8.6,-42910.0
CSV,2018-08-31 07:00:00,-9.17,9.19,9.09,9.09,-7770.0
CSV,2019-03-13 07:00:00,-7.52,8.03,7.5,8.03,-428690.0
CSV,2019-09-11 07:00:00,-6.52,6.52,6.28,6.44,-124190.0
CSV,2019-12-20 07:00:00,-6.06,6.31,6.06,6.27,-78780.0
CSV,2020-03-11 07:00:00,-5.99,5.99,5.81,5.92,-57160.0
CSV,2020-11-17 07:00:00,-8.44,8.56,8.37,8.53,-162430.0
CSV,2020-12-22 07:00:00,-8.74,8.79,8.71,8.74,-276520.0
CSV,2021-06-18 07:00:00,-9.26,9.65,9.24,9.54,-497700.0
CSV,2022-07-05 07:00:00,-15.63,15.63,14.46,14.46,-599500.0
CSV,2022-08-26 07:00:00,-17.12,17.25,16.44,16.44,-760800.0
CSV,2022-11-01 07:00:00,-13.14,13.26,12.72,12.72,-823200.0
CSV,2023-09-28 07:00:00,-15.79,16.37,15.75,16.18,-753700.0
CSV,2024-09-13 07:00:00,-38.18,38.77,38.08,38.08,-978900.0
CSV,2026-03-20 07:00:00,-27.9,28.5,27.7,27.7,-599100.0
CT3,2017-01-11 07:00:00,-4.66,4.66,4.66,4.66,-1000.0
CT3,2019-01-10 07:00:00,-7.82,7.82,7.82,7.82,-24900.0
CT3,2019-05-02 07:00:00,-8.15,8.15,6.26,6.26,-400.0
CT3,2019-05-07 07:00:00,-7.16,7.16,7.16,7.16,-100.0
CT3,2019-06-10 07:00:00,-7.24,7.24,7.24,58.7577136546844,-9800.0
CT3,2019-07-24 07:00:00,-7.57,7.57,6.26,6.26,-400.0
CT3,2020-06-22 07:00:00,-6.75,6.75,6.75,6.75,-100.0
CT3,2022-03-17 07:00:00,-7.45,7.45,7.45,7.45,-1000.0
CT3,2025-04-11 07:00:00,-7.2,7.2,7.2,7.2,-200.0
CTB,2016-07-19 07:00:00,-5.46,5.46,5.31,5.31,-700.0
CTB,2016-07-28 07:00:00,-5.35,5.35,5.35,5.35,-1600.0
CTB,2018-04-10 07:00:00,-10.3,10.3,10.3,10.3,-100.0
CTB,2020-03-30 07:00:00,-13.94,13.94,13.94,13.94,-200.0
CTB,2020-05-05 07:00:00,-14.75,14.75,14.75,14.75,-20.0
CTB,2020-07-16 07:00:00,-13.95,13.95,13.95,13.95,-65.0
CTB,2020-12-01 07:00:00,-13.16,13.2,13.11,13.11,-17200.0
CTB,2020-12-07 07:00:00,-13.02,13.02,13.02,13.02,-8300.0
CTB,2020-12-30 07:00:00,-13.35,13.35,13.16,13.16,-3000.0
CTB,2021-02-09 07:00:00,-13.35,13.35,13.35,13.35,-100.0
CTB,2021-06-18 07:00:00,-13.49,13.49,13.49,13.49,-400.0
CTB,2022-07-06 07:00:00,-11.83,12.52,11.83,11.93,-4500.0
CTB,2022-11-11 07:00:00,-10.25,10.25,10.25,10.25,-5000.0
CTB,2022-11-23 07:00:00,-8.67,9.51,8.67,9.51,-1900.0
CTB,2023-03-09 07:00:00,-10.51,10.98,10.51,10.98,-1700.0
CTB,2023-04-28 07:00:00,-11.72,11.72,11.72,11.72,-1.0
CTB,2023-10-05 07:00:00,-11.43,12.56,11.43,12.56,-1200.0
CTB,2024-10-17 07:00:00,-13.62,13.62,13.62,13.62,-100.0
CTB,2024-11-11 07:00:00,-13.19,13.19,13.19,13.19,-300.0
CTB,2025-02-06 07:00:00,-13.0,13.0,13.0,13.0,-300.0
CTB,2025-06-25 07:00:00,-16.0,16.0,15.87,15.93,-600.0
CTB,2025-10-07 07:00:00,-17.73,17.73,17.73,17.73,-100.0
CTB,2025-12-19 07:00:00,-17.3,17.3,17.3,17.3,-1200.0
CTB,2026-02-24 07:00:00,-17.6,17.6,17.6,17.6,-200.0
CTB,2026-04-16 07:00:00,-17.0,17.5,16.5,16.5,-1100.0
CTB,2026-04-28 07:00:00,-16.4,16.4,16.4,16.4,-600.0
CTG,2016-09-23 07:00:00,-7.22,7.26,7.18,7.18,-192340.0
CTG,2017-05-04 07:00:00,-7.75,7.7,7.97,7.88,-973500.0
CTG,2017-05-31 07:00:00,-8.37,8.48,8.28,8.32,-1058830.0
CTG,2017-08-23 07:00:00,-8.08,8.14,8.01,8.08,-1722930.0
CTG,2017-11-01 07:00:00,-8.59,8.68,8.56,8.61,-833680.0
CTG,2018-02-26 07:00:00,-14.29,14.47,13.92,14.06,-15151800.0
CTG,2018-03-13 07:00:00,-15.34,16.35,15.32,16.35,-14039020.0
CTG,2018-11-30 07:00:00,-10.42,10.65,10.4,10.53,-3545150.0
CTG,2019-06-10 07:00:00,-9.48,9.5,9.37,9.39,-2476670.0
CTG,2019-09-13 07:00:00,-9.23,9.57,9.18,58.78467070938281,-432891400.0
CTG,2019-11-15 07:00:00,-9.89,10.03,9.85,9.94,-2515020.0
CTG,2020-01-22 07:00:00,-11.59,11.47,11.79,11.72,-4747210.0
CTG,2020-11-24 07:00:00,-15.18,15.18,14.88,15.0,-8848310.0
CTG,2020-12-01 07:00:00,-15.11,15.57,15.07,15.53,-9713470.0
CTG,2021-10-12 07:00:00,-18.67,18.88,18.43,18.46,-10815800.0
CTG,2021-11-11 07:00:00,-19.42,19.48,18.88,19.14,-14020000.0
CTG,2022-04-22 07:00:00,-18.08,18.17,17.74,18.05,-3585200.0
CTG,2022-06-22 07:00:00,-14.33,14.73,14.33,14.49,-2772500.0
CTG,2022-06-24 07:00:00,-15.5,15.65,15.16,15.19,-2945000.0
CTG,2022-11-08 07:00:00,-14.12,14.82,14.12,14.64,-6274600.0
CTG,2023-06-21 07:00:00,-17.86,17.99,17.71,17.9,-4570200.0
ZZZZZZ,2023-06-28 07:00:00,-18.05,18.54,18.02,18.42,-8631900.0
CTG,2024-04-11 07:00:00,-22.85,23.13,22.82,23.13,-4179700.0
CTG,2024-11-18 07:00:00,-22.72,22.44,23.09,22.85,-4072900.0
CTG,2025-03-13 07:00:00,-29.3,29.3,28.92,29.03,-7914900.0
CTG,2025-04-23 07:00:00,-25.66,25.84,25.39,25.6,-6705500.0
CTG,2025-05-06 07:00:00,-25.63,25.97,25.53,25.8,-7236200.0
CTG,2025-05-29 07:00:00,-27.07,27.11,26.7,26.7,-7448200.0
CTG,2025-09-15 07:00:00,-34.72,35.41,16.19919266770671,17.42636684592671,-12875800.0
CTG,2025-10-03 07:00:00,-35.2,35.27,34.52,34.86,-7606900.0
CTG,2026-01-15 07:00:00,-40.5,41.0,39.6,40.0,-28177000.0
CTI,2015-12-25 07:00:00,-13.33,13.33,13.05,13.05,-10710.0
CTI,2016-06-14 07:00:00,-19.46,20.78,19.46,20.78,-1019900.0
CTI,2016-06-16 07:00:00,-21.07,21.14,20.34,20.34,-902940.0
CTI,2016-09-29 07:00:00,-22.82,22.93,21.91,22.01,-593380.0
CTI,2016-12-16 07:00:00,-18.01,18.52,18.01,18.33,-210280.0
CTI,2017-08-14 07:00:00,-24.02,24.33,23.76,24.25,-382890.0
CTI,2017-10-02 07:00:00,-24.37,24.61,24.09,24.25,-207900.0
CTI,2017-12-22 07:00:00,-22.75,23.07,22.75,23.07,-161070.0
CTI,2019-08-09 07:00:00,-18.84,18.84,18.35,18.75,-689770.0
CTI,2019-10-22 07:00:00,-20.79,20.79,19.65,20.06,-598780.0
CTI,2020-03-03 07:00:00,-17.21,17.9,16.88,17.86,-122320.0
CTI,2020-03-27 07:00:00,-17.21,17.49,16.31,17.49,-16370.0
CTI,2020-08-21 07:00:00,-11.32,11.32,11.1,11.23,-415890.0
CTI,2020-09-17 07:00:00,-12.89,12.93,12.67,12.8,-514650.0
CTI,2020-10-05 07:00:00,-12.36,12.76,12.36,12.58,-1041180.0
CTI,2021-02-24 07:00:00,-14.86,15.05,14.2,14.53,-702900.0
CTI,2021-05-14 07:00:00,-15.19,15.19,14.72,14.72,-650100.0
CTI,2021-07-01 07:00:00,-14.58,14.67,14.25,14.53,-408400.0
CTI,2021-07-16 07:00:00,-13.63,13.63,13.4,13.4,-156100.0
CTI,2021-09-10 07:00:00,-16.89,16.89,16.46,16.46,-759800.0
CTI,2021-12-14 07:00:00,-24.0,24.2,23.05,23.35,-1834900.0
CTI,2022-04-15 07:00:00,-22.15,22.6,21.8,21.95,-646000.0
CTI,2022-09-27 07:00:00,-16.7,16.7,15.9,15.95,-1045400.0
CTI,2022-10-12 07:00:00,-11.05,11.5,10.9,11.3,-223000.0
CTI,2023-05-10 07:00:00,-12.1,12.3,12.05,12.3,-491600.0
CTI,2024-05-23 07:00:00,-17.85,18.75,17.6,18.5,-2481600.0
CTI,2024-08-09 07:00:00,-15.8,16.2,15.8,15.85,-52400.0
CTI,2025-02-28 07:00:00,-21.3,21.5,21.0,21.25,-773500.0
CTI,2025-03-13 07:00:00,-23.1,23.1,22.05,22.1,-1608400.0
CTI,2025-10-30 07:00:00,-24.4,24.4,23.8,23.9,-487300.0
CTP,2016-08-09 07:00:00,-10.81,10.89,9.67,9.67,-201000.0
CTP,2016-11-09 07:00:00,-9.59,9.75,9.35,9.43,-103600.0
CTP,2016-11-11 07:00:00,-9.43,9.51,9.18,9.35,-52100.0
CTP,2017-02-27 07:00:00,-11.7,12.03,11.38,11.95,-199300.0
CTP,2017-06-21 07:00:00,-17.39,17.39,16.34,17.39,-85500.0
CTP,2017-07-03 07:00:00,-20.4,21.95,20.4,21.95,-51000.0
CTP,2017-07-05 07:00:00,-26.5,26.5,26.01,26.5,-292700.0
CTP,2017-09-14 07:00:00,-21.09,21.5,21.09,21.09,-355607.0
CTP,2018-02-26 07:00:00,-9.02,9.11,8.38,9.11,-10000.0
CTP,2019-10-22 07:00:00,-2.1,2.3,2.0,2.3,-58170.0
CTP,2019-11-28 07:00:00,-3.1,3.1,3.0,3.0,-10600.0
CTP,2020-02-13 07:00:00,-3.6,3.7,3.6,3.6,-5727.0
CTP,2020-07-17 07:00:00,-2.9,3.0,2.8,3.0,-107300.0
CTP,2021-12-08 07:00:00,-9.1,9.1,8.2,8.6,-122435.0
CTP,2022-07-14 07:00:00,-5.4,5.9,5.4,5.8,-47121.0
CTP,2022-08-08 07:00:00,-6.2,6.3,6.1,6.1,-17200.0
CTP,2022-08-30 07:00:00,-5.8,6.0,5.8,5.9,-6000.0
CTP,2022-11-30 07:00:00,-3.9,4.2,3.9,4.2,-3925.0
CTP,2023-01-31 07:00:00,-3.9,3.9,3.7,3.7,-7200.0
CTP,2023-02-06 07:00:00,-3.8,3.8,3.6,3.7,-1100.0
CTP,2023-02-17 07:00:00,-3.5,3.5,3.5,3.5,-4900.0
CTP,2023-05-10 07:00:00,-3.2,3.6,3.2,3.5,-14919.0
CTP,2024-06-07 07:00:00,-6.6,7.2,6.3,6.8,-139143.0
CTP,2024-07-18 07:00:00,-8.1,8.1,7.7,7.8,-4403.0
CTP,2024-12-04 07:00:00,-31.2,34.0,31.2,32.9,-199336.0
CTP,2025-01-23 07:00:00,-28.4,30.3,27.5,29.5,-152405.0
CTP,2025-06-10 07:00:00,-16.9,17.0,15.9,17.0,-97600.0
CTP,2026-03-05 07:00:00,-5.9,6.0,5.5,6.0,-32000.0
CTR,2018-07-31 07:00:00,-8.19,8.84,8.05,8.67,-31398.0
CTR,2018-09-25 07:00:00,-9.09,9.09,8.67,8.88,-94900.0
CTR,2019-04-11 07:00:00,-9.59,10.15,9.59,10.15,-41983.0
CTR,2019-08-07 07:00:00,-21.97,22.37,20.81,21.17,-357562.0
CTR,2020-02-12 07:00:00,-22.32,23.32,22.32,22.79,-314895.0
CTR,2020-03-27 07:00:00,-14.14,14.43,13.86,87.2153614178033,-8258214.0
CTR,2020-04-23 07:00:00,-18.4,18.88,18.21,18.3,-308651.0
CTR,2021-10-18 07:00:00,-65.06,66.69,65.06,66.47,-1132407.0
CTR,2021-12-09 07:00:00,-60.39,61.06,59.95,60.69,-291715.0
CTR,2022-08-18 07:00:00,-67.41,68.7,66.86,68.24,-563900.0
CTR,2023-04-12 07:00:00,-61.32,62.24,60.02,60.21,-143900.0
CTR,2024-02-16 07:00:00,-91.25,92.97,90.77,92.97,-257700.0
CTR,2024-06-27 07:00:00,-142.32,142.99,141.56,141.75,-157100.0
CTR,2025-08-19 07:00:00,-89.84,90.82,89.55,90.04,-441000.0
CTR,2026-02-12 07:00:00,-93.2,94.0,93.0,93.0,-184300.0
CTW,2019-08-02 07:00:00,-8.05,8.05,8.05,8.05,-500.0
CTW,2024-03-05 07:00:00,-17.26,17.26,17.26,17.26,-100.0
CTW,2024-10-09 07:00:00,-29.8,29.8,29.8,29.8,-3.0
CTW,2025-04-15 07:00:00,-30.18,30.18,30.18,30.18,-100.0
CTW,2026-03-02 07:00:00,-25.0,25.0,25.0,25.0,-100.0
CTX,2018-06-05 07:00:00,-7.15,7.28,6.78,6.78,-8600.0
CTX,2018-07-03 07:00:00,-7.57,7.57,7.57,7.57,-1800.0
CTX,2019-03-21 07:00:00,-5.43,5.43,5.43,5.43,-4500.0
CTX,2020-03-11 07:00:00,-8.7,9.02,8.39,9.02,-6287.0
CTX,2020-08-31 07:00:00,-5.7,6.01,5.7,5.86,-1100.0
CTX,2020-12-22 07:00:00,-5.7,5.7,5.7,5.7,-6.0
CTX,2021-01-18 07:00:00,-6.65,6.72,6.57,6.65,-6741.0
CTX,2021-03-26 07:00:00,-6.25,6.57,6.25,6.57,-2100.0
CTX,2025-08-25 07:00:00,-17.01,18.28,15.74,16.7,-310500.0
CVT,2015-10-28 07:00:00,-8.57,9.18,8.57,8.43,-538180.0
CVT,2016-05-24 07:00:00,-9.75,9.79,9.68,9.07,-129631.0
CVT,2016-06-30 07:00:00,-12.19,12.73,12.19,11.43,-401800.0
CVT,2016-10-24 07:00:00,-18.35,18.35,17.45,17.45,-407890.0
CVT,2017-04-26 07:00:00,-19.67,20.57,19.63,20.45,-581690.0
CVT,2017-07-31 07:00:00,-25.64,25.64,24.76,25.23,-323076.0
ZZZZZZ,2017-08-23 07:00:00,-26.23,26.46,26.11,26.4,-179770.0
CVT,2017-09-21 07:00:00,-29.04,29.81,29.04,29.81,-577476.0
CVT,2017-10-26 07:00:00,-29.69,30.1,29.4,29.63,-466780.0
CVT,2017-11-07 07:00:00,-30.16,30.22,29.69,29.75,-306020.0
CVT,2017-11-24 07:00:00,-30.33,31.04,30.28,30.86,-690690.0
CVT,2018-01-18 07:00:00,-31.33,31.57,30.86,31.16,-862260.0
CVT,2019-04-03 07:00:00,-19.62,19.7,19.46,19.7,-183830.0
CVT,2020-01-13 07:00:00,-17.79,18.06,17.75,17.79,-99620.0
CVT,2020-04-14 07:00:00,-15.33,15.33,15.02,15.24,-125880.0
CVT,2020-04-27 07:00:00,-14.4,14.89,14.4,14.84,-440190.0
CVT,2020-05-28 07:00:00,-15.68,15.86,15.55,15.68,-187770.0
CVT,2020-12-14 07:00:00,-39.42,40.75,39.13,39.8,-113190.0
CVT,2020-12-18 07:00:00,-40.56,39.61,40.75,352.08861030857065,-3370880.0
CVT,2021-01-27 07:00:00,-40.56,40.85,38.94,40.23,-16100.0
CVT,2021-03-19 07:00:00,-41.71,42.95,41.61,42.95,-10600.0
CVT,2021-07-28 07:00:00,-42.35,42.35,39.2,40.1,-5100.0
CVT,2021-08-17 07:00:00,-41.05,41.5,40.5,40.5,-13600.0
CVT,2021-12-09 07:00:00,-46.5,49.85,46.5,49.7,-83300.0
CVT,2022-07-01 07:00:00,-39.1,39.1,39.1,39.1,-700.0
CVT,2022-07-05 07:00:00,-40.0,40.7,36.7,40.1,-1300.0
CVT,2022-07-28 07:00:00,-40.45,41.5,40.45,41.5,-600.0
CVT,2022-09-12 07:00:00,-42.5,44.9,42.4,42.4,-3300.0
CVT,2022-12-23 07:00:00,-36.95,42.0,36.95,42.0,-23100.0
CVT,2023-01-17 07:00:00,-38.5,38.5,38.5,38.5,-900.0
CVT,2023-08-10 07:00:00,-35.85,36.15,35.85,36.15,-1900.0
CVT,2024-04-19 07:00:00,-28.3,29.8,28.3,28.35,-1600.0
CVT,2025-08-12 07:00:00,-27.0,28.5,27.0,28.45,-5600.0
CVT,2025-08-21 07:00:00,-28.15,28.15,26.2,28.0,-800.0
CVT,2026-04-09 07:00:00,-24.6,25.7,24.6,25.7,-12900.0
CX8,2016-04-06 07:00:00,-5.18,5.18,5.07,5.07,-17900.0
CX8,2017-10-27 07:00:00,-5.9,5.9,5.9,5.9,-100.0
CX8,2021-11-25 07:00:00,-7.6,7.6,7.2,7.52,-900.0
CX8,2023-10-24 07:00:00,-6.15,6.15,6.15,6.15,-201.0
CX8,2024-02-15 07:00:00,-8.99,8.99,8.99,8.99,-100.0
CX8,2024-02-20 07:00:00,-8.79,8.79,8.79,8.79,-552.0
CX8,2024-04-03 07:00:00,-7.23,8.3,7.23,7.72,-4900.0
CX8,2025-02-11 07:00:00,-8.41,8.51,8.41,8.51,-5400.0
CX8,2025-10-10 07:00:00,-9.8,9.8,9.8,9.8,-100.0
CYC,2017-02-03 07:00:00,-3.04,3.04,3.04,3.04,-500.0
CYC,2017-12-20 07:00:00,-1.81,1.81,1.81,1.81,-600.0
CYC,2017-12-26 07:00:00,-1.81,1.81,1.81,1.81,-700.0
CYC,2018-11-14 07:00:00,-1.0,1.2,1.0,1.2,-3210.0
CYC,2019-12-20 07:00:00,-0.4,0.6,0.4,0.5,-36100.0
CYC,2021-05-21 07:00:00,-1.9,1.9,1.9,1.9,-13900.0
D2D,2016-03-18 07:00:00,-3.14,3.21,3.14,3.14,-80.0
D2D,2016-07-06 07:00:00,-6.08,6.17,6.07,6.17,-37990.0
D2D,2016-12-12 07:00:00,-5.82,5.91,5.74,5.74,-4830.0
D2D,2017-04-19 07:00:00,-6.54,6.55,6.46,6.47,-15410.0
D2D,2017-11-23 07:00:00,-9.93,10.63,9.79,10.61,-30950.0
D2D,2018-01-25 07:00:00,-10.79,11.11,10.79,11.11,-52080.0
D2D,2018-03-29 07:00:00,-11.5,11.88,11.42,11.88,-44060.0
D2D,2018-05-31 07:00:00,-11.42,11.69,11.28,11.69,-6510.0
D2D,2018-10-25 07:00:00,-11.29,12.1,11.28,12.1,-53990.0
D2D,2019-04-26 07:00:00,-19.15,19.9,18.98,19.8,-97950.0
D2D,2019-10-10 07:00:00,-26.0,26.34,25.38,25.45,-48190.0
D2D,2019-10-16 07:00:00,-25.66,26.75,25.62,26.75,-280980.0
D2D,2019-11-19 07:00:00,-30.46,30.8,30.18,30.39,-68910.0
D2D,2019-12-13 07:00:00,-26.86,27.16,26.68,26.82,-122290.0
D2D,2020-03-31 07:00:00,-14.92,15.45,14.11,14.74,-99460.0
D2D,2020-04-01 07:00:00,-14.21,15.43,14.21,15.34,-89560.0
D2D,2020-06-23 07:00:00,-21.18,20.817585807944464,20.81,22.354472323702513,224042.58887171562
D2D,2021-05-18 07:00:00,-28.08,28.18,27.92,28.08,-87300.0
D2D,2021-06-02 07:00:00,-27.49,27.98,27.33,27.93,-154300.0
D2D,2021-08-19 07:00:00,-30.6,30.99,30.38,30.6,-262000.0
D2D,2021-12-03 07:00:00,-34.75,34.81,33.63,33.63,-228500.0
D2D,2021-12-14 07:00:00,-35.03,35.76,34.47,34.86,-240600.0
D2D,2022-02-21 07:00:00,-35.65,36.54,35.25,36.43,-342900.0
D2D,2024-07-01 07:00:00,-31.85,32.05,31.82,31.89,-22300.0
D2D,2024-12-13 07:00:00,-25.8,20.817585807944464,20.227293754818813,25.51,-15400.0
D2D,2025-06-27 07:00:00,-33.7,34.9,33.7,34.3,-227800.0
D2D,2025-12-25 07:00:00,-34.8,34.8,34.5,34.65,-48700.0
DAG,2016-06-02 07:00:00,-7.83,7.96,7.69,7.89,-566220.0
DAG,2016-06-30 07:00:00,-8.29,8.36,6.505022603978301,8.29,-879590.0
DAG,2016-10-21 07:00:00,-9.95,10.12,9.95,9.95,-198040.0
DAG,2017-01-18 07:00:00,-9.99,9.99,9.88,9.88,-13230.0
DAG,2017-04-07 07:00:00,-9.31,9.31,9.2,9.27,-81240.0
DAG,2017-06-13 07:00:00,-10.03,10.03,9.67,9.88,-107330.0
DAG,2017-08-03 07:00:00,-9.49,9.56,9.38,9.49,-98770.0
DAG,2018-02-27 07:00:00,-6.5,6.59,6.5,6.58,-135680.0
DAG,2018-04-03 07:00:00,-6.5,6.53,6.46,6.5,-44020.0
DAG,2018-08-15 07:00:00,-5.99,6.01,5.91,5.98,-154110.0
DAG,2018-12-07 07:00:00,-5.93,6.04,5.93,5.97,-144940.0
DAG,2019-03-21 07:00:00,-6.47,6.47,6.31,6.47,-107710.0
DAG,2020-02-20 07:00:00,-5.65,5.68,5.58,5.65,-101220.0
DAG,2020-11-04 07:00:00,-5.69,5.78,5.69,5.74,-271540.0
DAG,2021-12-21 07:00:00,-16.8,16.8,16.0,16.15,-765300.0
DAG,2022-02-28 07:00:00,-12.8,14.0,12.7,13.05,-1013500.0
DAG,2022-03-29 07:00:00,-13.3,13.95,13.2,13.7,-1733100.0
DAG,2022-10-21 07:00:00,-4.91,4.91,4.57,4.57,-270600.0
DAG,2023-09-19 07:00:00,-4.15,6.7255429864253395,4.12,7.089348004188499,705320.4972875227
DAG,2024-04-10 07:00:00,-3.04,3.04,2.98,2.98,-306400.0
DAG,2024-06-14 07:00:00,-2.64,2.64,2.56,2.56,-177200.0
DAS,2019-10-23 07:00:00,-7.43,7.43,7.43,7.43,-100.0
DAS,2023-12-06 07:00:00,-10.68,10.68,10.68,10.68,-300.0
DAS,2023-12-18 07:00:00,-12.1,12.1,12.1,12.1,-100.0
DAS,2025-08-27 07:00:00,-7.4,7.4,7.4,7.4,-8600.0
DAS,2025-10-09 07:00:00,-10.3,10.3,10.3,10.3,-1000.0
DAT,2015-11-26 07:00:00,-13.16,13.16,12.44,13.11,-6680.0
DAT,2016-05-27 07:00:00,-16.79,16.9,16.74,16.79,-24160.0
DAT,2016-09-22 07:00:00,-7.32,7.32,7.32,7.32,-10.0
DAT,2019-02-19 07:00:00,-7.25,8.32,7.25,8.32,-20.0
DAT,2020-10-16 07:00:00,-22.41,23.91,22.25,22.25,-6670.0
DAT,2021-12-22 07:00:00,-16.97,16.97,16.97,16.97,-100.0
DAT,2022-04-14 07:00:00,-16.15,16.71,16.11,16.11,-2400.0
DAT,2022-05-13 07:00:00,-11.92,12.72,11.92,11.96,-4300.0
DAT,2022-09-16 07:00:00,-16.0,16.0,14.41,15.14,-22000.0
DAT,2022-12-12 07:00:00,-9.06,9.07,9.06,9.07,-300.0
DAT,2023-01-09 07:00:00,-8.72,9.09,8.72,9.09,-1500.0
DAT,2023-07-11 07:00:00,-9.41,9.64,9.37,9.46,-2900.0
DAT,2023-08-23 07:00:00,-9.91,9.96,9.46,9.46,-5700.0
DAT,2023-11-17 07:00:00,-8.64,8.64,8.18,8.27,-24900.0
DAT,2023-12-22 07:00:00,-8.37,8.37,8.18,8.18,-2400.0
DAT,2024-12-03 07:00:00,-7.18,7.19,7.18,7.19,-200.0
DAT,2025-02-27 07:00:00,-7.33,7.69,7.33,7.69,-1900.0
DAT,2025-05-08 07:00:00,-6.9,6.9,6.43,6.9,-300.0
DAT,2025-05-15 07:00:00,-6.97,7.0,6.97,7.0,-3700.0
DAT,2025-11-18 07:00:00,-9.25,9.25,8.6,9.1,-15200.0
DAT,2026-02-04 07:00:00,-8.8,8.82,8.69,8.81,-5700.0
DAT,2026-04-03 07:00:00,-8.49,8.49,8.49,8.49,-400.0
DBC,2016-04-05 07:00:00,-5.75,5.89,5.73,5.83,-102399.0
DBC,2016-09-01 07:00:00,-7.46,7.48,7.36,7.36,-331750.0
DBC,2016-11-29 07:00:00,-7.75,7.75,7.62,7.73,-242787.0
DBC,2018-05-07 07:00:00,-4.66,4.66,4.52,4.64,-9029.0
DBC,2018-06-18 07:00:00,-4.94,4.8,4.99,4.92,-28400.0
DBC,2019-01-11 07:00:00,-5.5,5.79,5.22,5.69,-15264.0
DBC,2019-05-30 07:00:00,-5.15,5.2,5.1,5.15,-44250.0
DBC,2019-10-09 07:00:00,-5.9,6.16,5.9,6.16,-161500.0
DBC,2020-02-12 07:00:00,-5.26,5.33,5.18,5.29,-95780.0
DBC,2020-03-20 07:00:00,-4.79,4.81,4.46,4.47,-963920.0
DBC,2020-08-24 07:00:00,-14.82,14.97,14.73,14.74,-2178170.0
DBC,2020-10-08 07:00:00,-14.69,14.75,14.52,14.57,-1644910.0
DBC,2021-07-22 07:00:00,-17.74,18.12,17.57,17.98,-1211800.0
DBC,2021-08-12 07:00:00,-19.26,19.84,19.05,19.33,-3426500.0
DBC,2022-06-16 07:00:00,-15.11,15.11,14.65,14.69,-1294000.0
DBC,2023-08-25 07:00:00,-17.27,17.76,17.23,17.38,-3818400.0
DBC,2023-09-18 07:00:00,-18.5,18.58,17.79,18.09,-3732400.0
DBC,2023-10-23 07:00:00,-15.77,15.81,15.25,15.48,-2087900.0
DBC,2023-11-13 07:00:00,-16.37,17.46,16.37,140.81417273710804,-398849500.0
DBC,2024-01-15 07:00:00,-19.14,19.29,18.58,18.58,-5981300.0
DBC,2024-02-27 07:00:00,-22.02,22.28,21.57,22.2,-9889000.0
DBC,2024-05-22 07:00:00,-26.39,26.39,25.61,25.68,-11754100.0
DBC,2024-09-16 07:00:00,-25.77,26.07,25.37,25.42,-5127100.0
DBC,2025-06-25 07:00:00,-27.81,28.33,27.33,27.46,-9379200.0
DBC,2025-12-24 07:00:00,-28.15,28.65,28.1,28.4,-7294200.0
DBC,2025-12-26 07:00:00,-27.8,28.05,27.1,27.55,-6835800.0
DBD,2017-04-20 07:00:00,-16.63,31.706690017513136,16.63,33.04691302846686,-4600.0
DBD,2017-11-02 07:00:00,-21.99,22.17,20.97,21.86,-1081700.0
DBD,2018-04-12 07:00:00,-23.21,23.21,22.84,22.89,-2610.0
DBD,2018-08-24 07:00:00,-17.61,17.68,17.58,17.68,-8800.0
DBD,2019-01-09 07:00:00,-18.65,19.03,18.63,18.84,-9780.0
DBD,2019-04-16 07:00:00,-20.94,21.18,20.94,21.13,-56160.0
DBD,2019-05-08 07:00:00,-20.22,20.27,20.07,20.27,-49260.0
DBD,2019-07-22 07:00:00,-20.7,20.7,20.94,20.75,-20820.0
DBD,2019-10-09 07:00:00,-26.57,27.58,26.57,27.58,-372290.0
DBD,2020-05-12 07:00:00,-25.46,25.71,25.41,25.51,-27810.0
DBD,2020-08-19 07:00:00,-22.93,23.03,22.88,23.03,-13830.0
DBD,2020-09-04 07:00:00,-22.98,22.98,22.78,22.88,-22040.0
DBD,2020-12-14 07:00:00,-22.23,22.36,22.01,22.01,-62110.0
DBD,2021-02-05 07:00:00,-23.82,23.82,23.62,23.82,-21900.0
DBD,2021-09-23 07:00:00,-28.98,28.98,27.63,27.63,-125300.0
DBD,2022-11-24 07:00:00,-25.64,26.67,25.35,26.67,-8600.0
DBD,2023-01-19 07:00:00,-28.94,29.31,28.83,29.24,-352600.0
DBD,2023-06-06 07:00:00,-35.02,35.02,34.33,34.87,-39600.0
DBD,2023-06-28 07:00:00,-39.19,39.96,39.11,39.11,-64100.0
DBD,2023-09-11 07:00:00,-40.42,41.04,40.04,40.65,-99200.0
DBD,2023-11-09 07:00:00,-44.9,45.21,44.59,45.13,-53900.0
DBD,2023-12-29 07:00:00,-42.27,42.27,41.27,41.81,-32600.0
DBD,2024-02-21 07:00:00,-41.5,41.66,41.27,41.66,-26600.0
DBD,2025-07-07 07:00:00,-54.5,54.5,54.0,54.3,-92000.0
DBD,2025-07-11 07:00:00,-54.7,54.7,54.2,54.6,-68400.0
DBD,2026-01-23 07:00:00,-52.0,52.0,51.2,51.9,-37200.0
DC1,2017-03-28 07:00:00,-6.1,6.44,6.1,6.44,-17200.0
DC1,2018-11-28 07:00:00,-4.16,4.3,4.16,4.3,-3300.0
DC1,2019-07-03 07:00:00,-5.09,5.09,5.09,5.09,-100.0
DC1,2020-11-26 07:00:00,-6.38,6.45,6.38,6.45,-2500.0
DC1,2020-12-29 07:00:00,-6.51,6.58,6.51,6.58,-1669.0
DC1,2021-05-07 07:00:00,-12.83,12.83,12.63,12.63,-18300.0
DC1,2021-10-27 07:00:00,-11.38,11.38,11.18,11.18,-2700.0
DC1,2022-02-22 07:00:00,-11.18,13.09,11.18,13.09,-1400.0
DC1,2024-01-04 07:00:00,-6.6,6.7,6.6,6.7,-1100.0
DC1,2024-05-30 07:00:00,-6.3,6.3,6.3,6.3,-1000.0
DC1,2024-09-25 07:00:00,-8.7,8.8,6.8,6.8,-1401.0
DC1,2025-06-11 07:00:00,-7.4,7.4,7.4,7.4,-100.0
DC1,2025-10-28 07:00:00,-6.2,8.1,6.2,8.0,-1900.0
DCL,2015-11-12 07:00:00,-7.66,7.77,7.45,7.77,-15960.0
DCL,2015-11-17 07:00:00,-7.59,7.7,7.59,7.66,-14840.0
DCL,2016-01-27 07:00:00,-8.56,8.56,8.56,8.56,-14700.0
DCL,2016-07-29 07:00:00,-22.78,22.99,21.74,22.09,-411890.0
DCL,2017-11-08 07:00:00,-20.61,20.8,20.51,20.61,-59160.0
DCL,2018-02-02 07:00:00,-21.48,21.48,21.09,21.19,-39210.0
DCL,2018-02-23 07:00:00,-20.22,20.22,19.69,19.93,-30410.0
DCL,2018-12-19 07:00:00,-9.12,9.29,9.12,9.29,-50.0
DCL,2019-02-28 07:00:00,-12.7,13.55,12.7,13.55,-64580.0
DCL,2019-04-08 07:00:00,-18.7,20.3,18.7,20.3,-486600.0
DCL,2019-10-18 07:00:00,-17.7,18.3,17.5,18.0,-50500.0
DCL,2020-05-27 07:00:00,-20.5,20.6,20.1,20.5,-63850.0
DCL,2020-11-12 07:00:00,-18.5,18.5,18.3,18.4,-21390.0
DCL,2022-05-17 07:00:00,-27.05,27.2,25.8,27.0,-109600.0
DCL,2022-06-17 07:00:00,-23.35,25.5,23.35,25.1,-63900.0
DCL,2022-09-13 07:00:00,-24.2,24.75,24.2,24.6,-61100.0
DCL,2023-02-17 07:00:00,-27.0,27.7,26.85,27.45,-73600.0
DCL,2023-04-03 07:00:00,-22.6,22.95,22.5,22.5,-85900.0
DCL,2023-05-23 07:00:00,-23.2,23.2,22.9,23.1,-84500.0
DCL,2025-06-13 07:00:00,-26.2,27.1,25.5,26.7,-1355200.0
DCL,2026-01-28 07:00:00,-54.6,54.6,51.2,53.9,-618400.0
DGC,2015-12-28 07:00:00,-8.5,8.88,8.5,8.78,-96330.0
DGC,2017-04-12 07:00:00,-7.81,7.85,7.79,7.85,-42912.0
DGC,2017-06-28 07:00:00,-6.66,6.76,6.66,6.68,-3517.0
DGC,2017-07-03 07:00:00,-6.89,6.95,6.8,6.93,-19339.0
DGC,2017-08-07 07:00:00,-6.95,6.95,6.85,6.85,-47200.0
DGC,2017-11-08 07:00:00,-6.91,7.04,6.91,6.95,-20600.0
DGC,2019-10-10 07:00:00,-7.09,7.23,7.04,7.09,-52840.0
DGC,2020-01-06 07:00:00,-6.83,6.83,6.69,6.69,-58880.0
DGC,2020-08-12 07:00:00,-10.66,10.66,10.4,10.5,-665380.0
DGC,2021-01-06 07:00:00,-17.48,17.55,17.28,17.31,-473000.0
DGC,2022-02-16 07:00:00,-55.27,56.32,55.0,55.78,-288200.0
DGC,2022-07-27 07:00:00,-81.04,82.14,80.1,81.29,-927700.0
DGC,2023-04-12 07:00:00,-46.95,47.74,46.77,46.95,-1417400.0
DGC,2023-11-16 07:00:00,-84.69,86.85,84.05,86.49,-2760400.0
DGC,2024-03-08 07:00:00,-113.78,114.62,110.05,111.36,-2382900.0
DGC,2024-03-11 07:00:00,-111.64,113.78,109.4,110.05,-2792100.0
DGC,2024-06-14 07:00:00,-115.0,115.28,113.5,113.5,-2935800.0
DGC,2024-06-18 07:00:00,-113.41,121.25,112.85,121.25,-13590200.0
DGC,2024-07-01 07:00:00,-113.78,114.34,112.01,113.78,-2813000.0
DGC,2024-07-24 07:00:00,-99.33,104.83,99.33,102.59,-3113200.0
DGC,2024-08-13 07:00:00,-101.38,103.06,99.89,101.66,-1517700.0
DGC,2024-11-28 07:00:00,-102.52,103.38,102.42,103.19,-801700.0
DGC,2025-04-10 07:00:00,-74.92,74.92,74.92,74.92,-134200.0
DGC,2026-02-11 07:00:00,-68.0,68.7,68.0,68.5,-2003400.0
DGW,2015-09-29 07:00:00,-4.56,4.56,4.48,4.56,-47480.0
DGW,2018-03-19 07:00:00,-4.72,4.81,4.67,4.7,-512720.0
DGW,2018-04-23 07:00:00,-5.34,5.34,5.23,5.25,-412750.0
DGW,2018-05-08 07:00:00,-5.21,5.34,5.17,5.26,-545970.0
DGW,2018-08-16 07:00:00,-4.73,4.84,4.65,4.79,-677060.0
DGW,2019-01-17 07:00:00,-4.42,4.44,4.35,4.4,-397290.0
DGW,2019-01-28 07:00:00,-4.46,4.46,4.38,4.42,-159290.0
DGW,2020-08-05 07:00:00,-8.28,8.8,8.16,8.67,-839000.0
DGW,2020-10-20 07:00:00,-10.83,10.83,10.73,10.73,-292140.0
DGW,2021-02-23 07:00:00,-19.23,19.23,18.81,19.23,-196300.0
DGW,2021-09-28 07:00:00,-44.88,47.24,43.82,47.24,-516600.0
DGW,2022-03-11 07:00:00,-49.12,50.05,48.26,48.46,-570600.0
DGW,2023-07-04 07:00:00,-30.9,31.72,30.72,31.27,-1691200.0
DGW,2023-10-10 07:00:00,-43.62,44.36,43.18,43.25,-1890500.0
DGW,2024-01-17 07:00:00,-42.32,42.32,41.34,41.34,-1313500.0
DGW,2024-03-01 07:00:00,-41.94,44.73,41.87,44.5,-7835900.0
DGW,2024-08-21 07:00:00,-45.78,47.58,45.78,46.6,-2087200.0
DGW,2024-10-09 07:00:00,-44.22,44.81,44.22,44.81,-781300.0
DHA,2016-08-02 07:00:00,-12.8,12.8,12.49,12.58,-70590.0
DHA,2016-08-08 07:00:00,-13.5,13.67,13.28,13.5,-56860.0
DHA,2016-10-25 07:00:00,-13.89,13.89,13.28,13.44,-86360.0
DHA,2017-02-06 07:00:00,-13.08,13.08,12.87,12.89,-46580.0
DHA,2018-06-05 07:00:00,-13.69,13.69,13.69,13.69,-80.0
DHA,2018-09-14 07:00:00,-14.03,14.17,13.88,14.17,-8090.0
DHA,2019-02-12 07:00:00,-16.35,16.87,16.35,16.82,-17980.0
DHA,2019-11-20 07:00:00,-16.91,18.47,16.91,17.34,-3720.0
DHA,2019-11-27 07:00:00,-18.47,18.47,17.52,17.52,-520.0
DHA,2020-08-25 07:00:00,-23.62,23.62,23.22,23.35,-71830.0
DHA,2020-10-23 07:00:00,-24.93,25.18,24.54,25.18,-24000.0
DHA,2021-05-31 07:00:00,-29.83,29.86,29.63,29.63,-11300.0
DHA,2021-11-10 07:00:00,-36.95,37.83,36.95,37.76,-93500.0
DHA,2022-07-14 07:00:00,-28.31,28.6,28.16,28.23,-18100.0
DHA,2023-02-07 07:00:00,-28.87,29.92,28.87,29.36,-21100.0
DHA,2023-07-28 07:00:00,-40.64,41.07,40.6,40.73,-64500.0
DHA,2024-03-15 07:00:00,-44.05,45.13,43.96,44.77,-160900.0
DHA,2024-05-02 07:00:00,-38.58,38.58,37.68,37.99,-66100.0
DHA,2024-06-05 07:00:00,-41.4,41.63,40.68,41.45,-122800.0
DHA,2024-06-19 07:00:00,-41.27,41.54,40.91,41.27,-183800.0
DHA,2024-08-20 07:00:00,-39.2,39.2,38.69,38.92,-13300.0
DHA,2024-12-30 07:00:00,-41.5,41.5,40.99,41.08,-32900.0
DHA,2026-02-09 07:00:00,-54.2,57.4,54.1,56.5,-60700.0
DHA,2026-02-10 07:00:00,-56.5,56.7,55.1,55.9,-113100.0
DHA,2026-03-05 07:00:00,-54.9,56.5,54.9,55.1,-206500.0
DHA,2026-04-15 07:00:00,-46.3,47.1,46.3,46.3,-48700.0
DHB,2024-10-18 07:00:00,-8.2,8.2,8.2,8.2,-400.0
DHB,2025-07-11 07:00:00,-9.1,9.2,9.0,9.2,-1000.0
DHB,2025-08-29 07:00:00,-8.8,8.9,8.6,8.9,-5100.0
DHB,2025-12-02 07:00:00,-8.0,8.0,8.0,8.0,-600.0
DHD,2017-09-25 07:00:00,-4.95,4.95,4.31,4.31,-600.0
DHD,2018-03-27 07:00:00,-5.25,5.88,5.25,5.73,-15400.0
DHD,2018-04-19 07:00:00,-4.81,4.81,4.74,4.81,-2600.0
DHD,2019-01-14 07:00:00,-5.71,5.71,5.15,5.15,-200.0
DHD,2019-02-14 07:00:00,-4.47,5.14,4.47,5.14,-3400.0
DHD,2019-07-19 07:00:00,-4.51,4.96,4.51,4.96,-26500.0
DHD,2021-07-09 07:00:00,-6.04,6.07,5.27,6.07,-1400.0
DHD,2021-12-15 07:00:00,-5.76,5.83,5.76,5.83,-3201.0
DHD,2021-12-17 07:00:00,-5.9,5.98,5.9,5.9,-700.0
DHD,2023-02-21 07:00:00,-7.51,7.51,7.51,7.51,-6700.0
DHD,2024-11-15 07:00:00,-15.33,15.33,15.33,15.33,-400.0
DHD,2025-01-06 07:00:00,-15.78,15.78,15.78,16.01,-10.0
DHD,2025-02-10 07:00:00,-17.72,18.17,17.72,18.17,-4600.0
DHM,2016-07-21 07:00:00,-10.36,10.36,10.19,10.36,-526230.0
DHM,2016-09-05 07:00:00,-12.4,12.49,12.23,12.32,-651470.0
DHM,2016-11-02 07:00:00,-12.91,13.09,12.82,13.0,-507280.0
DHM,2017-03-22 07:00:00,-5.04,5.1,4.91,4.95,-923670.0
DHM,2017-06-30 07:00:00,-6.74,6.89,6.45,6.48,-2186610.0
DHM,2018-03-21 07:00:00,-2.84,2.88,2.79,2.87,-45500.0
DHM,2018-11-12 07:00:00,-4.4,4.41,4.32,4.4,-126220.0
DHM,2018-11-28 07:00:00,-5.36,5.51,5.27,5.49,-258050.0
DHM,2019-07-15 07:00:00,-4.0,4.35,4.0,4.35,-3450.0
DHM,2019-07-19 07:00:00,-4.3,4.3,4.3,4.3,-1010.0
DHM,2020-06-09 07:00:00,-7.54,7.57,7.45,7.45,-128400.0
DHM,2020-07-07 07:00:00,-7.89,8.26,7.82,7.82,-12660.0
DHM,2020-09-03 07:00:00,-6.83,7.0,6.45,7.0,-258360.0
DHM,2020-09-18 07:00:00,-6.9,6.95,6.9,6.93,-215130.0
DHM,2021-02-25 07:00:00,-9.02,9.08,8.99,9.07,-264600.0
DHM,2021-08-25 07:00:00,-10.18,10.59,10.18,10.36,-856000.0
DHM,2021-10-13 07:00:00,-11.82,11.86,11.63,11.82,-222300.0
DHM,2021-12-14 07:00:00,-11.63,11.72,11.36,11.45,-276800.0
DHM,2022-05-31 07:00:00,-9.54,9.59,9.41,9.5,-175000.0
DHM,2022-09-28 07:00:00,-10.09,10.18,9.82,10.0,-425300.0
DHM,2022-10-26 07:00:00,-9.82,9.82,9.68,9.68,-16200.0
DHM,2022-11-30 07:00:00,-9.32,9.32,8.59,9.08,-279600.0
DHM,2023-02-10 07:00:00,-10.0,11.0,9.82,11.0,-153700.0
DHM,2023-07-19 07:00:00,-7.59,7.62,7.41,7.45,-505700.0
DHM,2023-08-16 07:00:00,-7.27,7.32,7.09,7.23,-361100.0
DHM,2024-01-03 07:00:00,-6.59,7.32,6.59,7.2,-50500.0
DHM,2024-02-07 07:00:00,-7.26,7.26,6.72,7.06,-37400.0
DHM,2024-02-16 07:00:00,-7.12,7.22,6.83,6.95,-179000.0
DHM,2024-04-08 07:00:00,-9.09,9.32,8.73,9.23,-60300.0
DHM,2024-07-03 07:00:00,-8.18,8.45,8.18,8.45,-92600.0
DHM,2025-07-04 07:00:00,-6.5,6.62,6.5,6.59,-12000.0
DHM,2025-08-04 07:00:00,-6.63,6.67,6.62,6.63,-6900.0
DHM,2025-11-18 07:00:00,-6.15,6.2,6.1,6.2,-9200.0
DHM,2026-01-29 07:00:00,-5.99,6.0,5.9,6.0,-22200.0
DIH,2016-08-10 07:00:00,-5.4,5.4,5.4,5.4,-1000.0
DIH,2017-02-20 07:00:00,-6.72,6.72,6.72,6.72,-800.0
DIH,2017-10-02 07:00:00,-8.18,8.32,8.18,8.32,-13800.0
DIH,2018-03-09 07:00:00,-7.77,7.77,7.77,7.77,-1200.0
DIH,2018-07-05 07:00:00,-9.14,9.14,8.86,9.14,-10400.0
DIH,2019-10-30 07:00:00,-12.87,12.87,12.87,12.87,-200.0
DIH,2020-02-26 07:00:00,-12.42,12.42,12.42,12.42,-100.0
DIH,2020-05-07 07:00:00,-10.45,10.45,10.37,10.37,-1000.0
DIH,2021-03-03 07:00:00,-9.35,10.04,9.27,10.04,-5000.0
DIH,2021-04-05 07:00:00,-9.66,9.66,9.66,9.66,-100.0
DIH,2021-05-06 07:00:00,-16.69,19.39,16.69,18.23,-16200.0
DIH,2021-08-16 07:00:00,-17.77,19.23,17.77,18.85,-7000.0
DIH,2021-11-26 07:00:00,-45.0,16.939100418410042,44.61,45.0,24086.986931521173
DIH,2021-12-22 07:00:00,-44.61,47.33,44.22,47.33,-86883.0
DIH,2022-11-18 07:00:00,-20.14,22.24,18.51,151.82193373066215,-254800.0
DIH,2023-05-25 07:00:00,-21.85,21.93,21.77,21.93,-20400.0
DIH,2024-01-03 07:00:00,-19.94,20.1,19.94,20.1,-5319.0
DIH,2024-01-16 07:00:00,-20.58,20.58,20.5,20.58,-13341.0
DIH,2024-04-10 07:00:00,-20.5,20.5,19.07,19.55,-33000.0
DIH,2025-10-27 07:00:00,-13.0,13.0,13.0,13.0,-800.0
DLG,2016-04-12 07:00:00,-6.45,6.45,6.36,6.36,-394760.0
DLG,2016-06-03 07:00:00,-6.26,6.36,6.17,6.26,-696110.0
DLG,2017-07-11 07:00:00,-4.29,4.36,4.18,4.26,-4414550.0
DLG,2018-04-09 07:00:00,-3.04,3.08,3.0,3.01,-1656510.0
DLG,2018-08-27 07:00:00,-2.52,2.55,2.49,2.54,-635510.0
DLG,2018-09-04 07:00:00,-2.49,2.5,2.41,2.41,-1452920.0
DLG,2019-03-28 07:00:00,-1.7,1.76,1.68,1.69,-3016590.0
DLG,2019-04-26 07:00:00,-1.58,1.61,1.58,1.58,-714890.0
DLG,2019-07-11 07:00:00,-1.64,1.65,1.59,1.61,-4373880.0
DLG,2019-10-11 07:00:00,-1.45,1.48,1.43,1.47,-1777740.0
DLG,2020-03-06 07:00:00,-1.91,1.97,1.86,1.9,-7459730.0
DLG,2020-06-30 07:00:00,-1.63,1.64,1.48,1.54,-7623620.0
DLG,2021-10-01 07:00:00,-4.02,4.38,4.02,4.38,-14540600.0
DLG,2021-11-03 07:00:00,-7.4,7.58,6.89,6.89,-14006800.0
DLG,2022-01-04 07:00:00,-9.36,9.6,9.18,9.43,-9491300.0
DLG,2023-01-05 07:00:00,-2.22,2.25,2.18,2.21,-810200.0
DLG,2023-01-16 07:00:00,-2.13,2.15,2.09,2.11,-737500.0
DLG,2023-08-10 07:00:00,-3.41,3.46,3.38,3.38,-4602100.0
DLG,2023-10-13 07:00:00,-2.42,2.42,2.42,2.42,-2771200.0
DLG,2024-11-14 07:00:00,-1.9,1.95,1.86,1.87,-1077500.0
DLG,2026-04-16 07:00:00,-2.88,2.89,2.8,2.81,-1353700.0
DLT,2019-10-02 07:00:00,-7.01,7.01,7.01,7.01,-100.0
DNC,2023-02-15 07:00:00,-23.24,23.24,23.24,23.24,-204.0
DNC,2023-07-10 07:00:00,-24.06,24.06,24.06,85.76223610490891,-244.0
DNC,2024-12-04 07:00:00,-58.57,58.57,58.57,58.57,-100.0
DNC,2024-12-17 07:00:00,-51.01,51.01,51.01,51.01,-100.0
DNC,2025-07-23 07:00:00,-52.97,52.97,52.12,52.12,-600.0
DNC,2025-11-24 07:00:00,-48.24,48.24,48.24,48.24,-100.0
DNH,2017-07-18 07:00:00,-14.69,14.85,14.64,14.64,-400.0
DNH,2020-07-08 07:00:00,-17.4,17.4,17.4,17.4,-100.0
DNH,2023-08-02 07:00:00,-34.95,34.95,34.95,34.95,-100.0
DNH,2024-11-29 07:00:00,-31.38,32.3,31.38,32.3,-304.0
DNN,2025-05-29 07:00:00,-0.47,0.47,0.47,0.47,-100.0
DNN,2025-06-24 07:00:00,-0.76,0.76,0.76,0.76,-100.0
DPC,2016-07-04 07:00:00,-24.92,24.92,24.92,24.92,-2000.0
DPC,2018-01-29 07:00:00,-12.13,12.13,11.03,11.03,-9420.0
DPC,2018-06-05 07:00:00,-12.89,12.89,12.89,12.89,-100.0
DPC,2019-01-28 07:00:00,-43.9,43.9,36.17,36.17,-500.0
DPC,2024-02-26 07:00:00,-10.5,10.5,10.5,10.5,-200.0
DPC,2024-06-26 07:00:00,-9.6,9.8,9.6,9.8,-1700.0
DPC,2024-08-23 07:00:00,-8.2,8.2,8.2,8.2,-100.0
DPC,2025-11-25 07:00:00,-9.0,9.0,9.0,9.0,-4900.0
DPR,2016-05-09 07:00:00,-7.86,7.86,7.78,7.8,-2160.0
DPR,2016-05-20 07:00:00,-7.61,7.61,7.29,7.51,-25460.0
DPR,2016-05-23 07:00:00,-7.57,7.63,7.47,7.55,-16970.0
DPR,2017-01-16 07:00:00,-8.91,9.12,8.84,8.86,-137660.0
DPR,2017-09-28 07:00:00,-10.41,10.46,10.38,10.41,-29830.0
DPR,2018-02-08 07:00:00,-10.21,10.21,9.97,10.06,-21710.0
DPR,2018-03-12 07:00:00,-10.21,10.39,10.13,10.39,-14760.0
DPR,2018-09-26 07:00:00,-10.23,10.23,10.2,10.21,-16810.0
DPR,2018-11-02 07:00:00,-9.99,9.99,9.7,9.79,-11300.0
DPR,2019-07-29 07:00:00,-14.42,14.46,14.16,14.16,-39730.0
DPR,2020-02-25 07:00:00,-14.27,14.81,14.08,14.65,-11810.0
DPR,2021-01-12 07:00:00,-18.33,19.13,18.12,19.09,-120300.0
DPR,2021-01-27 07:00:00,-18.93,20.12,18.53,20.12,-181000.0
DPR,2021-03-01 07:00:00,-19.82,19.82,19.33,19.74,-27600.0
DPR,2021-03-17 07:00:00,-20.54,21.19,20.54,20.74,-58300.0
DPR,2021-11-18 07:00:00,-37.18,37.18,35.94,36.02,-361100.0
DPR,2022-02-23 07:00:00,-32.01,32.6,31.97,32.13,-258200.0
DPR,2022-09-14 07:00:00,-29.86,30.11,29.86,30.07,-169900.0
DPR,2023-08-03 07:00:00,-27.64,28.43,27.37,27.86,-227700.0
DPR,2024-09-17 07:00:00,-37.47,38.02,37.19,38.02,-379700.0
DPR,2024-10-24 07:00:00,-37.27,37.32,36.66,36.7,-278200.0
DPR,2024-11-27 07:00:00,-35.75,35.85,35.51,35.7,-103700.0
DPR,2025-08-04 07:00:00,-37.51,37.99,37.51,23.308589244571156,-388800.0
DPR,2025-10-21 07:00:00,-34.9,35.5,34.2,35.5,-534600.0
DPR,2026-01-09 07:00:00,-39.15,41.6,39.15,41.25,-2282000.0
DPR,2026-04-14 07:00:00,-40.95,41.05,40.2,40.45,-240200.0
DRH,2015-09-29 07:00:00,-4.49,4.56,4.43,4.49,-192530.0
DRH,2016-09-30 07:00:00,-14.64,14.67,14.19,14.57,-80260.0
DRH,2017-07-07 07:00:00,-19.22,19.26,18.81,19.1,-599670.0
DRH,2017-08-18 07:00:00,-16.05,16.37,16.05,16.05,-122750.0
DRH,2017-09-21 07:00:00,-15.44,15.73,15.41,15.41,-333090.0
DRH,2017-11-06 07:00:00,-13.8,13.8,13.48,13.67,-131420.0
DRH,2017-12-05 07:00:00,-13.86,14.73,13.77,14.44,-690960.0
DRH,2017-12-29 07:00:00,-12.23,12.45,12.16,12.36,-438890.0
DRH,2018-10-09 07:00:00,-11.28,11.4,10.86,10.94,-360520.0
DRH,2018-12-03 07:00:00,-9.47,9.71,9.47,9.71,-434560.0
DRH,2019-07-31 07:00:00,-5.01,5.08,4.93,5.02,-121720.0
DRH,2020-09-11 07:00:00,-5.63,5.76,5.59,5.69,-1295620.0
DRH,2020-11-16 07:00:00,-5.25,5.28,5.15,5.16,-265940.0
DRH,2021-05-19 07:00:00,-7.63,7.7,7.17,7.7,-2692100.0
DRH,2021-05-26 07:00:00,-7.93,7.97,7.7,7.74,-1035800.0
DRH,2021-08-03 07:00:00,-6.74,6.89,6.69,6.74,-576700.0
DRH,2022-06-16 07:00:00,-9.06,9.1,8.59,8.59,-3134300.0
DRH,2022-12-20 07:00:00,-4.79,4.86,4.52,4.52,-4327900.0
DRH,2023-04-07 07:00:00,-5.25,5.33,5.08,5.33,-6527500.0
DRH,2024-04-12 07:00:00,-4.64,4.66,4.35,4.4,-3719900.0
DRH,2024-05-03 07:00:00,-3.77,3.76,3.89,3.79,-605200.0
DRH,2025-07-04 07:00:00,-2.92,2.93,2.84,2.88,-764400.0
DRH,2026-03-23 07:00:00,-2.48,2.57,2.38,2.39,-1015500.0
ZZZZZZ,2017-06-16 07:00:00,-7.9,8.02,7.78,7.9,-478560.0
DRI,2018-01-15 07:00:00,-7.96,8.08,7.89,8.08,-254452.0
DRI,2019-03-20 07:00:00,-4.62,4.62,4.48,4.55,-49600.0
DRI,2019-03-29 07:00:00,-4.35,4.35,4.35,4.35,-37600.0
DRI,2019-10-09 07:00:00,-3.78,3.78,3.71,3.78,-2503.0
DRI,2020-04-15 07:00:00,-2.93,2.93,2.85,2.85,-165203.0
DRI,2020-06-22 07:00:00,-3.5,3.71,3.5,3.64,-902088.0
DRI,2020-08-05 07:00:00,-2.8,2.88,2.8,2.8,-64100.0
DRI,2021-04-06 07:00:00,-7.31,7.31,7.08,7.23,-324721.0
DRI,2021-07-09 07:00:00,-7.9,8.54,7.58,7.74,-379902.0
DRI,2022-04-18 07:00:00,-14.8,15.78,14.8,15.37,-1638136.0
DRI,2022-06-03 07:00:00,-11.22,11.3,10.74,11.22,-460805.0
DRI,2022-09-13 07:00:00,-9.77,9.86,9.6,9.77,-201109.0
DRI,2023-02-22 07:00:00,-6.66,6.82,6.4,6.57,-552425.0
DRI,2023-11-09 07:00:00,-6.37,6.46,6.28,6.37,-158702.0
DRI,2024-04-09 07:00:00,-10.92,11.37,10.46,11.28,-1117673.0
DRI,2025-02-07 07:00:00,-12.73,13.21,12.73,12.83,-1717236.0
DRI,2025-03-27 07:00:00,-15.04,15.24,14.75,14.95,-948877.0
DRI,2025-07-14 07:00:00,-12.63,12.63,12.34,12.54,-1031000.0
DRI,2025-08-06 07:00:00,-12.7,12.8,12.5,12.7,-1658800.0
DRI,2025-12-02 07:00:00,-13.0,13.0,12.8,13.0,-548100.0
DRI,2026-03-10 07:00:00,-12.6,13.4,12.6,13.1,-1236500.0
DSC,2018-07-03 07:00:00,-26.95,26.99,26.95,26.99,-1500.0
DSC,2018-10-30 07:00:00,-6.45,7.38,6.45,7.07,-1500.0
DSC,2018-12-07 07:00:00,-5.52,5.52,5.52,33.89567698758709,-18000.0
DSC,2019-03-20 07:00:00,-9.06,9.19,9.06,9.19,-10900.0
DSC,2019-06-17 07:00:00,-5.09,5.09,5.03,5.03,-3000.0
DSC,2019-07-02 07:00:00,-5.14,5.14,5.09,5.09,-3500.0
DSC,2021-09-01 07:00:00,-11.7,11.87,11.59,11.76,-31050.0
DSC,2021-10-12 07:00:00,-10.69,10.8,10.63,10.69,-16700.0
DSC,2022-05-31 07:00:00,-7.35,7.8,7.35,7.69,-526.0
DSC,2022-07-05 07:00:00,-10.91,12.33,9.55,10.74,-70206.0
DSC,2022-07-26 07:00:00,-11.82,11.82,11.76,11.76,-2200.0
DSC,2023-01-17 07:00:00,-13.29,13.8,13.12,13.57,-115800.0
DSC,2023-02-01 07:00:00,-14.13,14.59,14.02,14.53,-291000.0
DSC,2023-10-04 07:00:00,-14.58,16.04,14.58,15.8,-151400.0
DSC,2024-01-25 07:00:00,-16.69,16.69,16.36,16.6,-32702.0
DSC,2025-06-27 07:00:00,-11.83,12.03,11.83,12.03,-38200.0
DSC,2026-02-06 07:00:00,-14.8,14.8,13.95,14.25,-74100.0
DSC,2026-04-20 07:00:00,-13.0,13.0,12.95,13.0,-5900.0
DSG,2021-09-08 07:00:00,-5.4,5.5,5.3,5.5,-800.0
DSG,2021-12-24 07:00:00,-8.1,8.1,7.6,7.6,-1400.0
DSG,2022-01-11 07:00:00,-8.1,8.1,7.8,7.9,-29000.0
DSG,2023-04-10 07:00:00,-6.3,6.3,5.5,5.5,-900.0
DSG,2023-08-08 07:00:00,-4.1,4.1,4.0,4.1,-1600.0
DSG,2024-07-01 07:00:00,-4.8,4.8,4.8,4.8,-19.0
DSG,2024-08-19 07:00:00,-5.5,5.5,5.5,5.5,-17.0
DSG,2024-08-22 07:00:00,-5.6,5.6,5.6,5.6,-16.0
DSG,2025-05-23 07:00:00,-3.4,3.4,3.4,3.4,-300.0
DST,2015-12-30 07:00:00,-15.95,16.4,15.69,16.2,-493200.0
DST,2016-03-23 07:00:00,-20.58,20.9,20.0,20.32,-446500.0
DST,2016-07-25 07:00:00,-16.59,16.59,16.4,16.59,-227200.0
DST,2016-11-17 07:00:00,-9.39,9.39,9.39,9.39,-100.0
DST,2017-04-10 07:00:00,-24.9,25.4,24.5,25.0,-658200.0
DST,2017-07-25 07:00:00,-28.3,28.7,28.2,28.3,-413134.0
DST,2017-10-30 07:00:00,-21.0,22.4,20.9,22.3,-798500.0
DST,2018-10-18 07:00:00,-2.9,3.0,2.9,3.0,-2193167.0
DST,2019-03-21 07:00:00,-1.7,1.8,1.7,1.7,-208010.0
DST,2019-06-19 07:00:00,-1.2,1.2,1.1,1.1,-46100.0
DST,2019-08-09 07:00:00,-1.0,1.0,0.9,0.9,-96800.0
DST,2019-10-16 07:00:00,-1.0,1.1,0.9,1.0,-270004.0
DST,2019-10-22 07:00:00,-1.0,1.1,1.0,1.0,-183100.0
DST,2019-11-12 07:00:00,-1.0,1.0,0.9,0.9,-455600.0
DST,2020-12-31 07:00:00,-2.8,2.9,2.7,2.8,-766454.0
DST,2022-01-06 07:00:00,-13.1,13.4,12.6,12.9,-1226370.0
DST,2022-02-21 07:00:00,-12.6,13.7,12.6,13.7,-1931330.0
DST,2022-10-21 07:00:00,-5.1,5.1,4.7,4.7,-209100.0
DST,2023-03-17 07:00:00,-4.1,4.2,4.0,4.1,-5500.0
DST,2023-03-24 07:00:00,-4.0,4.1,4.0,4.1,-37300.0
DST,2023-04-26 07:00:00,-4.0,4.0,3.9,4.0,-44300.0
DST,2023-04-27 07:00:00,-4.0,4.0,3.9,4.0,-27646.0
DST,2023-06-08 07:00:00,-5.2,5.3,5.0,5.1,-1483503.0
DST,2023-11-24 07:00:00,-3.9,3.9,3.8,3.9,-84000.0
DST,2024-03-19 07:00:00,-4.1,4.1,3.9,4.0,-163400.0
DST,2024-12-18 07:00:00,-4.7,5.0,4.6,4.9,-560644.0
DST,2025-07-08 07:00:00,-9.1,9.1,8.6,8.6,-66500.0
DST,2025-10-03 07:00:00,-8.9,9.0,8.9,9.0,-39500.0
DST,2025-12-12 07:00:00,-9.0,9.3,8.9,9.1,-36200.0
DTI,2018-08-13 07:00:00,-10.94,11.46,10.94,11.46,-2100.0
DTI,2019-08-29 07:00:00,-12.06,12.06,12.06,12.06,-52408.0
DTI,2019-09-11 07:00:00,-11.97,12.15,11.88,11.97,-54600.0
DTI,2019-10-11 07:00:00,-11.7,11.7,11.53,11.7,-24800.0
DTI,2019-10-31 07:00:00,-11.62,11.62,11.62,11.62,-44500.0
DTI,2020-06-03 07:00:00,-8.94,8.94,8.94,8.94,-94000.0
DTI,2020-08-31 07:00:00,-9.38,9.38,9.38,9.38,-46000.0
DTI,2021-05-07 07:00:00,-7.95,8.04,7.95,8.04,-100100.0
DTI,2021-08-13 07:00:00,-9.38,9.38,9.38,9.38,-1500.0
DTI,2021-09-22 07:00:00,-14.12,14.12,14.12,14.12,-1600.0
DTI,2021-11-19 07:00:00,-14.3,14.92,13.85,13.85,-672600.0
DTI,2022-08-11 07:00:00,-7.86,8.04,7.42,7.42,-1500.0
DTI,2023-10-05 07:00:00,-3.9,4.0,3.8,3.8,-46963.0
DTI,2024-07-04 07:00:00,-3.2,3.3,3.1,3.1,-27169.0
DTI,2025-08-05 07:00:00,-2.6,2.6,2.5,2.5,-187600.0
DTI,2025-12-15 07:00:00,-2.5,2.5,2.5,2.5,-1200.0
DTL,2016-11-08 07:00:00,-27.9,28.1,27.9,28.1,-3150.0
DTL,2017-11-03 07:00:00,-36.7,36.7,36.7,36.7,-2000.0
DTL,2019-08-30 07:00:00,-27.2,27.2,25.1,27.05,-70.0
DTL,2020-02-13 07:00:00,-10.3,10.3,9.6,9.75,-30.0
DTL,2021-06-28 07:00:00,-34.2,34.2,34.0,34.0,-4800.0
DTL,2022-04-05 07:00:00,-53.2,53.2,52.7,52.7,-700.0
DTL,2022-06-09 07:00:00,-35.5,35.5,35.5,35.5,-500.0
DTL,2022-11-29 07:00:00,-22.5,23.5,22.5,23.5,-500.0
ZZZZZZ,2023-08-08 07:00:00,-25.7,25.8,25.7,25.8,-300.0
DTL,2024-05-13 07:00:00,-13.2,13.2,13.2,13.2,-100.0
DTL,2024-11-08 07:00:00,-10.7,10.9,10.65,10.65,-15900.0
DTL,2024-12-13 07:00:00,-10.2,10.2,9.95,9.95,-1400.0
DVG,2021-07-15 07:00:00,-12.0,12.0,11.4,12.0,-76900.0
DVG,2021-07-22 07:00:00,-10.9,10.9,10.2,10.9,-122420.0
DVG,2021-09-07 07:00:00,-10.5,10.5,10.0,10.0,-78700.0
DVG,2021-10-01 07:00:00,-14.2,14.3,14.0,14.2,-136313.0
DVG,2022-12-05 07:00:00,-3.7,3.8,3.6,3.6,-525800.0
DVG,2023-02-07 07:00:00,-3.1,3.2,3.0,3.1,-223500.0
DVG,2023-04-12 07:00:00,-2.8,2.9,2.8,2.9,-284232.0
DVG,2023-06-05 07:00:00,-4.3,4.4,4.0,4.1,-936588.0
DVG,2023-12-04 07:00:00,-3.0,3.1,3.0,9.711253625858552,-5614128.0
DVG,2025-11-14 07:00:00,-1.9,2.0,1.8,1.8,-242900.0
DVN,2017-06-05 07:00:00,-18.44,20.49,18.44,19.54,-615430.0
DVN,2017-06-15 07:00:00,-18.91,19.78,18.67,18.83,-975070.0
DVN,2017-11-17 07:00:00,-14.65,14.73,13.95,14.18,-1020857.0
DVN,2018-01-23 07:00:00,-19.85,21.9,19.85,21.9,-4809905.0
DVN,2018-01-26 07:00:00,-21.35,21.43,20.56,20.8,-1876985.0
DVN,2019-08-21 07:00:00,-11.0,11.0,10.12,10.76,-124220.0
DVN,2019-09-09 07:00:00,-10.28,10.28,10.12,10.12,-43200.0
DVN,2019-11-25 07:00:00,-8.99,8.99,8.59,8.83,-13900.0
DVN,2019-11-29 07:00:00,-8.83,8.83,8.75,8.83,-32000.0
DVN,2020-02-19 07:00:00,-10.28,10.76,10.28,10.28,-217100.0
DVN,2020-04-23 07:00:00,-8.75,8.75,8.51,8.75,-118000.0
DVN,2020-11-06 07:00:00,-11.79,11.88,11.62,11.79,-39515.0
DVN,2020-11-23 07:00:00,-12.31,13.25,12.05,12.65,-295790.0
DVN,2021-01-27 07:00:00,-14.11,15.32,14.11,14.72,-843120.0
DVN,2021-09-28 07:00:00,-21.0,21.0,19.45,19.97,-560770.0
DVN,2022-11-28 07:00:00,-15.45,16.0,14.98,16.0,-121333.0
DVN,2023-06-05 07:00:00,-17.21,17.31,16.66,16.93,-44170.0
DVN,2023-07-12 07:00:00,-17.31,17.68,17.21,17.31,-35000.0
DVN,2023-07-19 07:00:00,-18.42,18.89,18.33,18.8,-75910.0
DVN,2023-07-25 07:00:00,-18.7,18.7,17.96,18.33,-28706.0
DVN,2023-09-25 07:00:00,-17.87,17.87,16.84,17.12,-24300.0
DVN,2023-11-08 07:00:00,-17.03,17.49,17.03,17.49,-16700.0
DVN,2024-06-24 07:00:00,-23.82,24.1,22.33,22.42,-417362.0
DVN,2025-02-06 07:00:00,-21.8,22.27,21.6,21.99,-126200.0
DVN,2025-04-18 07:00:00,-20.94,21.41,20.55,21.03,-59474.0
DVN,2025-06-26 07:00:00,-22.94,22.94,22.27,22.75,-29000.0
DVN,2026-04-29 07:00:00,-20.5,20.7,20.5,20.5,-4600.0
DWS,2019-12-24 07:00:00,-15.43,15.43,15.43,15.43,-100.0
DWS,2021-04-08 07:00:00,-8.01,8.01,8.01,8.01,-200.0
DWS,2022-02-22 07:00:00,-10.5,10.58,10.5,10.5,-2600.0
DWS,2023-10-13 07:00:00,-10.16,10.16,9.7,9.7,-400.0
DWS,2024-09-25 07:00:00,-12.47,12.47,12.47,12.47,-2.0
DXV,2016-09-16 07:00:00,-4.24,4.43,4.24,4.43,-11610.0
DXV,2016-11-15 07:00:00,-4.59,4.61,4.59,4.61,-9370.0
DXV,2017-02-28 07:00:00,-4.44,4.44,4.1,4.41,-5150.0
DXV,2017-03-21 07:00:00,-4.29,4.33,4.29,4.33,-16100.0
DXV,2017-08-01 07:00:00,-4.15,4.15,4.15,4.15,-370.0
DXV,2018-12-28 07:00:00,-3.32,3.32,3.32,3.32,-650.0
DXV,2019-07-09 07:00:00,-2.92,2.92,2.92,2.92,-5530.0
DXV,2019-12-23 07:00:00,-3.6,3.66,3.35,3.35,-80.0
DXV,2021-09-17 07:00:00,-4.9,5.0,4.52,4.85,-37300.0
DXV,2021-11-04 07:00:00,-8.86,9.3,8.86,8.86,-138100.0
DXV,2022-02-15 07:00:00,-7.68,8.25,7.68,7.68,-112100.0
DXV,2022-03-30 07:00:00,-8.4,8.6,8.28,8.35,-62300.0
DXV,2022-04-21 07:00:00,-5.6,6.38,5.58,5.6,-50600.0
DXV,2022-12-28 07:00:00,-4.0,4.24,4.0,4.24,-1000.0
DXV,2023-04-14 07:00:00,-3.9,3.9,3.67,3.67,-13800.0
DXV,2023-05-12 07:00:00,-3.99,3.99,3.66,3.66,-3600.0
DXV,2023-05-19 07:00:00,-3.84,3.84,3.75,3.78,-21700.0
DXV,2024-02-21 07:00:00,-3.69,3.76,3.69,3.75,-2100.0
DXV,2024-12-11 07:00:00,-3.89,3.9,3.74,3.83,-27600.0
DXV,2025-07-14 07:00:00,-3.83,3.83,3.81,18.37248050239157,-567000.0
DXV,2025-08-26 07:00:00,-3.81,4.05,3.81,4.05,-1800.0
DXV,2025-11-07 07:00:00,-3.78,3.78,3.7,3.7,-9800.0
DXV,2026-03-09 07:00:00,-4.0,4.0,3.94,3.94,-44400.0
DXV,2026-04-14 07:00:00,-3.9,3.91,3.8,3.91,-12300.0
E12,2022-05-23 07:00:00,-7.1,7.1,7.1,7.1,-100.0
E12,2023-07-03 07:00:00,-7.5,7.7,5.7,6.5,-600.0
E12,2025-10-08 07:00:00,-5.8,5.8,5.8,5.8,-3000.0
E12,2025-12-11 07:00:00,-5.5,5.5,5.4,5.4,-7400.0
EBS,2017-11-02 07:00:00,-4.69,4.69,4.69,4.69,-5020.0
EBS,2018-08-21 07:00:00,-4.8,4.8,4.8,4.8,-1000.0
EBS,2019-04-16 07:00:00,-5.62,5.83,5.62,5.62,-2000.0
EBS,2020-03-19 07:00:00,-4.54,4.54,4.54,4.54,-1102.0
EBS,2020-09-25 07:00:00,-5.22,5.29,5.22,5.29,-17100.0
EBS,2021-02-01 07:00:00,-6.2,6.2,5.81,6.2,-3900.0
EBS,2022-08-01 07:00:00,-7.58,7.58,7.58,7.58,-7300.0
EBS,2022-11-07 07:00:00,-6.98,6.98,6.9,6.9,-2200.0
EBS,2024-01-12 07:00:00,-9.98,9.98,9.16,9.73,-21500.0
EBS,2024-03-08 07:00:00,-9.73,9.73,9.73,9.73,-105.0
EBS,2025-01-15 07:00:00,-9.45,9.71,9.45,9.71,-1200.0
EBS,2025-10-09 07:00:00,-10.74,11.39,10.74,11.39,-300.0
EBS,2025-10-21 07:00:00,-10.37,10.46,10.37,10.46,-600.0
EBS,2025-12-01 07:00:00,-10.83,10.83,10.83,10.83,-100.0
EIN,2017-05-30 07:00:00,-5.47,5.47,5.47,5.47,-1200.0
EIN,2017-06-23 07:00:00,-5.38,5.38,4.77,5.3,-300.0
EIN,2018-01-12 07:00:00,-2.74,2.92,2.74,2.92,-200.0
EIN,2018-08-23 07:00:00,-4.0,4.4,4.0,4.4,-5722.0
EIN,2018-09-07 07:00:00,-4.0,4.0,4.0,4.0,-100.0
EIN,2018-10-05 07:00:00,-3.5,3.6,3.5,3.6,-3140.0
EIN,2018-10-19 07:00:00,-3.6,3.6,3.6,3.6,-11.0
EIN,2019-08-26 07:00:00,-3.9,4.0,3.9,3.9,-10400.0
EIN,2020-01-16 07:00:00,-4.9,4.9,4.9,4.9,-1700.0
EIN,2021-01-27 07:00:00,-10.2,10.3,10.0,10.0,-11412.0
EIN,2021-02-23 07:00:00,-11.2,12.5,11.2,12.5,-66168.0
EIN,2021-09-14 07:00:00,-14.3,14.4,14.3,14.3,-5649.0
EIN,2021-12-09 07:00:00,-16.4,16.5,16.0,16.4,-39212.0
EIN,2022-07-11 07:00:00,-6.0,6.0,5.8,5.9,-3600.0
EIN,2022-07-12 07:00:00,-5.8,6.4,5.8,6.1,-12300.0
EIN,2022-07-14 07:00:00,-6.4,6.4,6.4,6.4,-9000.0
EIN,2022-08-16 07:00:00,-6.6,6.7,6.5,6.5,-16160.0
EIN,2022-08-29 07:00:00,-6.1,6.1,5.8,6.1,-13632.0
EIN,2022-09-07 07:00:00,-5.9,6.0,5.7,6.0,-6103.0
EIN,2023-01-19 07:00:00,-2.8,2.8,2.7,2.7,-56950.0
EIN,2023-09-14 07:00:00,-5.1,5.1,4.9,5.0,-69516.0
EIN,2023-09-18 07:00:00,-5.0,5.0,4.8,4.8,-20481.0
EIN,2023-12-18 07:00:00,-3.5,3.9,3.5,3.7,-12300.0
EIN,2023-12-25 07:00:00,-3.8,3.8,3.6,3.7,-10850.0
EIN,2024-01-26 07:00:00,-3.5,3.5,3.5,3.5,-4207.0
EIN,2024-09-05 07:00:00,-3.0,3.1,3.0,3.0,-3305.0
EIN,2025-03-17 07:00:00,-2.4,2.4,2.3,2.4,-21602.0
EIN,2025-03-25 07:00:00,-2.4,2.5,2.3,2.4,-7861.0
EIN,2025-08-20 07:00:00,-3.5,3.5,3.1,3.4,-3400.0
ELC,2015-12-03 07:00:00,-9.35,9.43,9.0,9.2,-303160.0
ELC,2016-01-15 07:00:00,-9.08,9.08,8.61,8.65,-47760.0
ELC,2016-05-13 07:00:00,-8.43,8.63,8.43,8.47,-90710.0
ELC,2016-07-13 07:00:00,-11.56,11.56,11.25,11.47,-114040.0
ELC,2017-06-13 07:00:00,-9.96,10.42,9.96,10.14,-106340.0
ELC,2017-09-08 07:00:00,-9.42,9.74,9.42,9.51,-155210.0
ELC,2017-12-22 07:00:00,-7.77,7.77,7.47,7.52,-75390.0
ELC,2018-02-23 07:00:00,-6.84,6.89,6.64,6.84,-86310.0
ELC,2018-05-29 07:00:00,-4.79,4.84,4.74,4.84,-80100.0
ELC,2018-06-18 07:00:00,-5.76,5.76,5.4,5.4,-118410.0
ELC,2019-03-11 07:00:00,-3.42,3.44,3.41,3.44,-19270.0
ELC,2019-06-19 07:00:00,-3.49,3.57,3.47,3.49,-63650.0
ELC,2020-01-13 07:00:00,-3.36,3.37,3.28,3.28,-65420.0
ELC,2020-01-21 07:00:00,-3.31,3.31,3.27,3.3,-47820.0
ELC,2020-08-24 07:00:00,-2.85,2.96,2.85,2.9,-190280.0
ELC,2020-09-17 07:00:00,-3.62,3.82,3.61,3.69,-710350.0
ELC,2021-05-18 07:00:00,-6.01,6.01,5.84,5.96,-420600.0
ELC,2021-06-28 07:00:00,-7.77,7.91,7.77,7.86,-943100.0
ELC,2021-07-13 07:00:00,-6.84,7.08,6.69,6.94,-139500.0
ELC,2022-02-11 07:00:00,-11.8,11.8,11.6,11.7,-91200.0
ELC,2022-10-06 07:00:00,-7.03,7.03,6.74,6.97,-320900.0
ELC,2022-11-30 07:00:00,-5.67,5.67,5.48,5.67,-165200.0
ELC,2023-05-08 07:00:00,-8.43,8.94,8.41,8.46,-493700.0
ELC,2023-06-28 07:00:00,-8.14,8.26,8.11,8.2,-244500.0
ELC,2023-07-18 07:00:00,-9.12,9.18,9.03,9.06,-369400.0
ELC,2024-06-14 07:00:00,-24.11,25.48,23.85,24.4,-6521700.0
ELC,2025-11-24 07:00:00,-20.5,20.65,20.15,20.4,-337500.0
ELC,2025-12-05 07:00:00,-21.8,22.15,21.5,22.05,-615600.0
ELC,2026-01-15 07:00:00,-23.3,25.15,23.2,25.15,-2105400.0
EMG,2017-02-24 07:00:00,-9.31,9.31,9.31,9.31,-100.0
EMG,2024-09-05 07:00:00,-21.77,21.77,21.77,21.77,-100.0
EVG,2017-07-24 07:00:00,-7.34,8.11,7.34,7.86,-497610.0
EVG,2018-11-07 07:00:00,-2.31,2.31,2.28,2.3,-53360.0
EVG,2018-11-19 07:00:00,-2.1,2.24,2.06,2.24,-663370.0
EVG,2019-11-27 07:00:00,-1.81,1.85,1.81,1.82,-175300.0
EVG,2020-05-19 07:00:00,-1.76,1.78,1.69,1.71,-240360.0
EVG,2020-11-26 07:00:00,-4.01,4.1,3.94,4.1,-652320.0
EVG,2022-08-12 07:00:00,-7.25,7.3,7.01,7.29,-68100.0
EVG,2022-11-25 07:00:00,-3.72,3.8,3.69,3.79,-733300.0
EVG,2023-03-08 07:00:00,-3.32,3.38,3.28,3.33,-436500.0
EVG,2023-06-06 07:00:00,-6.66,7.19,6.66,7.18,-6355500.0
EVG,2023-06-27 07:00:00,-6.51,5.694592760180996,6.45,6.125865979074865,-2621100.0
EVG,2023-09-18 07:00:00,-7.04,7.04,6.7,6.77,-2049500.0
EVG,2023-12-04 07:00:00,-5.32,5.55,5.32,5.44,-2906900.0
EVG,2024-08-02 07:00:00,-6.29,6.39,6.11,6.3,-1340700.0
EVG,2025-03-07 07:00:00,-6.37,6.53,6.35,6.37,-842200.0
EVG,2025-05-09 07:00:00,-6.09,6.24,6.06,6.06,-735200.0
EVS,2018-10-04 07:00:00,-7.68,7.99,7.68,7.68,-168700.0
EVS,2019-04-17 07:00:00,-5.88,6.5,5.88,6.5,-300.0
EVS,2020-05-25 07:00:00,-4.69,4.88,4.5,4.69,-1500.0
EVS,2020-08-13 07:00:00,-4.44,4.44,4.44,4.44,-200.0
EVS,2021-04-23 07:00:00,-10.0,11.0,10.0,10.88,-126600.0
EVS,2021-04-28 07:00:00,-10.0,11.25,9.56,11.12,-496700.0
EVS,2022-06-29 07:00:00,-17.19,17.44,17.19,17.25,-3000.0
EVS,2022-08-11 07:00:00,-16.94,17.38,16.56,16.56,-30300.0
EVS,2023-03-22 07:00:00,-5.44,5.56,5.25,5.5,-26410.0
EVS,2023-08-29 07:00:00,-10.0,10.3,9.9,10.1,-478650.0
EVS,2024-06-07 07:00:00,-7.9,7.9,7.7,7.8,-76603.0
EVS,2024-07-19 07:00:00,-7.3,7.3,7.0,7.2,-197710.0
FCM,2016-07-26 07:00:00,-2.73,2.79,2.67,2.79,-117380.0
FCM,2016-08-24 07:00:00,-2.61,2.67,2.61,2.61,-23860.0
FCM,2016-10-05 07:00:00,-3.14,3.25,3.14,3.24,-41240.0
FCM,2017-01-12 07:00:00,-3.44,3.47,3.42,3.42,-64230.0
FCM,2017-04-28 07:00:00,-2.96,3.0,2.94,3.0,-85540.0
FCM,2017-09-21 07:00:00,-4.88,5.24,4.87,5.19,-733340.0
FCM,2017-12-22 07:00:00,-3.98,3.99,3.93,3.96,-93330.0
FCM,2018-06-01 07:00:00,-4.3,4.36,4.27,4.36,-268480.0
FCM,2018-09-17 07:00:00,-5.77,5.77,5.55,5.55,-157090.0
FCM,2019-05-09 07:00:00,-4.86,4.98,4.86,4.87,-18650.0
FCM,2020-05-22 07:00:00,-4.7,4.7,4.56,4.64,-72280.0
FCM,2020-08-31 07:00:00,-4.82,5.0,4.82,4.97,-3900.0
FCM,2020-10-06 07:00:00,-4.89,4.93,4.89,4.93,-2270.0
FCM,2021-10-18 07:00:00,-6.19,6.19,6.04,6.11,-339000.0
FCM,2022-03-23 07:00:00,-10.74,11.09,10.6,10.87,-1273200.0
FCM,2022-09-05 07:00:00,-5.17,5.21,5.14,5.14,-116200.0
FCM,2023-02-21 07:00:00,-4.23,4.27,4.18,4.21,-119600.0
FCM,2023-04-28 07:00:00,-3.74,3.82,3.69,3.69,-47900.0
FCM,2023-08-16 07:00:00,-6.02,6.02,5.9,6.02,-2179100.0
FCM,2024-05-28 07:00:00,-3.82,3.83,3.78,3.82,-41000.0
FCM,2024-06-12 07:00:00,-3.86,3.99,3.85,3.97,-35100.0
FCM,2024-10-21 07:00:00,-3.24,3.24,3.08,3.1,-6800.0
FCM,2025-06-03 07:00:00,-3.7,3.72,3.66,3.69,-98400.0
FCM,2025-08-05 07:00:00,-4.04,4.11,3.95,21.66079572758998,-18671400.0
FCM,2026-04-13 07:00:00,-3.35,3.35,3.28,3.34,-31000.0
FCN,2017-09-08 07:00:00,-13.02,13.18,12.99,13.05,-278720.0
FCN,2017-12-19 07:00:00,-16.36,16.46,15.95,15.98,-1172590.0
FCN,2018-01-16 07:00:00,-15.26,15.66,15.12,15.26,-969990.0
FCN,2018-04-19 07:00:00,-13.96,13.96,13.52,13.56,-342710.0
FCN,2018-05-16 07:00:00,-12.65,12.9,12.36,12.57,-713710.0
FCN,2018-09-27 07:00:00,-12.36,12.43,12.14,12.17,-573490.0
FCN,2018-11-14 07:00:00,-11.64,11.75,11.64,11.71,-169010.0
FCN,2019-04-25 07:00:00,-11.87,12.03,11.75,11.95,-277240.0
FCN,2019-12-24 07:00:00,-8.39,8.65,8.39,8.61,-215520.0
FCN,2020-05-20 07:00:00,-7.71,7.88,7.68,7.88,-604470.0
FCN,2020-07-22 07:00:00,-9.2,9.2,8.99,9.12,-799770.0
FCN,2020-12-31 07:00:00,-12.72,12.91,12.54,12.63,-1231860.0
FCN,2021-03-15 07:00:00,-13.75,13.85,13.61,13.8,-3074200.0
FCN,2021-06-17 07:00:00,-11.27,11.65,11.27,11.6,-2778200.0
FCN,2021-11-29 07:00:00,-18.84,18.93,18.08,18.93,-8529000.0
FCN,2022-02-28 07:00:00,-22.78,23.78,22.26,23.59,-3469400.0
FCN,2022-08-11 07:00:00,-15.98,15.98,15.08,15.13,-3895000.0
FCN,2023-08-14 07:00:00,-16.76,17.24,16.47,16.9,-5420500.0
FCN,2023-10-17 07:00:00,-14.53,14.67,13.51,13.51,-1984000.0
FCN,2024-02-20 07:00:00,-14.53,14.53,14.14,14.19,-2106000.0
FCN,2024-07-15 07:00:00,-13.8,13.8,13.56,13.66,-234200.0
FCN,2024-09-05 07:00:00,-12.92,12.92,12.68,12.68,-295800.0
FCN,2024-10-29 07:00:00,-13.07,13.07,12.83,12.88,-66000.0
FCN,2025-02-18 07:00:00,-14.73,14.78,14.53,14.58,-889500.0
FCN,2025-05-13 07:00:00,-13.85,14.05,13.8,13.9,-837200.0
FCN,2025-08-11 07:00:00,-18.05,18.83,17.56,18.05,-6008100.0
FCN,2025-10-22 07:00:00,-15.56,15.8,15.12,15.61,-962200.0
FCN,2026-04-01 07:00:00,-13.25,13.3,13.0,13.1,-1139300.0
FCN,2026-04-28 07:00:00,-13.3,13.35,12.95,13.2,-572200.0
FDC,2016-10-28 07:00:00,-25.0,25.3,25.0,25.3,-1030.0
FDC,2017-10-04 07:00:00,-27.5,27.5,25.15,26.9,-620.0
FDC,2018-06-14 07:00:00,-18.25,18.65,17.5,18.65,-160.0
FDC,2018-07-19 07:00:00,-16.5,18.655422691879863,17.966286031042127,16.5,-20.0
FDC,2018-07-31 07:00:00,-17.85,17.85,17.85,17.85,-10.0
FDC,2018-08-28 07:00:00,-13.05,14.0,13.05,13.2,-90.0
FDC,2019-02-25 07:00:00,-15.5,15.5,14.3,15.0,-3020.0
FDC,2019-03-22 07:00:00,-13.0,13.0,13.0,13.0,-170.0
FDC,2019-04-23 07:00:00,-16.35,16.35,16.35,16.35,-12390.0
FDC,2019-07-22 07:00:00,-13.95,13.95,13.95,13.95,-10.0
FDC,2020-11-11 07:00:00,-13.6,13.6,13.0,13.6,-60.0
FDC,2021-10-20 07:00:00,-14.4,14.5,14.1,14.1,-14900.0
FDC,2021-11-10 07:00:00,-15.75,15.75,15.2,15.35,-17200.0
FDC,2021-12-08 07:00:00,-15.4,16.0,15.4,15.4,-7300.0
FDC,2022-04-06 07:00:00,-36.2,36.2,34.7,35.9,-34700.0
FDC,2022-05-10 07:00:00,-24.0,25.05,23.3,25.05,-13300.0
FDC,2022-12-28 07:00:00,-19.8,19.8,19.8,19.8,-500.0
FDC,2023-08-07 07:00:00,-16.4,16.4,16.4,16.4,-100.0
FDC,2024-02-26 07:00:00,-13.9,14.95,13.9,14.95,-1500.0
FRT,2018-12-24 07:00:00,-27.68,27.76,27.38,27.76,-35760.0
FRT,2019-01-03 07:00:00,-27.76,27.76,26.52,26.52,-3810.0
FRT,2019-06-21 07:00:00,-21.4,22.55,21.4,22.21,-127020.0
FRT,2019-08-21 07:00:00,-21.86,21.86,21.11,21.37,-47930.0
FRT,2019-10-03 07:00:00,-19.48,19.53,19.28,19.53,-33680.0
FRT,2021-04-01 07:00:00,-14.03,14.26,13.94,14.1,-2036400.0
FRT,2021-12-06 07:00:00,-28.2,26.83,28.48,27.51,-1466100.0
FRT,2021-12-27 07:00:00,-44.89,46.13,43.75,44.94,-1364500.0
FRT,2021-12-28 07:00:00,-45.4,46.32,44.07,46.32,-705900.0
FRT,2022-05-11 07:00:00,-56.95,59.02,56.4,57.87,-566100.0
FRT,2022-05-17 07:00:00,-43.33,49.85,43.33,49.85,-2288200.0
FRT,2022-11-03 07:00:00,-52.45,54.66,52.45,52.87,-1079600.0
FRT,2023-05-05 07:00:00,-44.24,44.51,44.03,44.17,-254700.0
FRT,2023-07-11 07:00:00,-60.47,61.59,60.15,61.43,-1286000.0
FRT,2023-10-06 07:00:00,-75.99,79.19,74.55,77.99,-625400.0
FRT,2023-12-22 07:00:00,-81.43,82.23,81.11,81.99,-382100.0
FRT,2024-03-22 07:00:00,-119.82,119.82,117.98,119.74,-599000.0
FRT,2024-12-20 07:00:00,-146.38,147.18,145.58,147.18,-373800.0
FRT,2026-04-17 07:00:00,-150.8,156.7,150.8,152.1,-814200.0
FTM,2017-07-07 07:00:00,-12.18,12.28,12.09,12.18,-148970.0
FTM,2017-09-06 07:00:00,-13.72,14.73,13.67,14.73,-2820950.0
FTM,2017-12-04 07:00:00,-12.35,12.4,12.3,12.4,-150170.0
FTM,2018-05-08 07:00:00,-15.1,15.1,15.05,15.1,-733080.0
FTM,2018-06-25 07:00:00,-16.15,16.15,15.65,16.0,-949320.0
FTM,2018-12-06 07:00:00,-15.15,15.15,15.1,15.15,-1134590.0
FTM,2019-02-11 07:00:00,-15.0,15.0,14.5,14.9,-965060.0
FTM,2019-06-12 07:00:00,-23.7,24.1,23.5,23.8,-624120.0
FTM,2019-07-29 07:00:00,-24.15,24.25,24.05,24.15,-806610.0
FTM,2019-09-19 07:00:00,-3.98,3.98,3.98,3.98,-224870.0
FTM,2020-03-23 07:00:00,-1.57,1.58,1.57,1.57,-212850.0
FTM,2020-04-23 07:00:00,-1.45,1.48,1.42,1.44,-65040.0
FTM,2021-04-26 07:00:00,-3.11,3.11,3.11,3.11,-51300.0
FTM,2022-09-14 07:00:00,-2.8,2.9,2.7,2.9,-302601.0
FTM,2023-02-02 07:00:00,-1.6,1.7,1.6,1.6,-84205.0
FTM,2023-07-14 07:00:00,-1.0,1.1,1.0,1.1,-296353.0
FTM,2025-07-04 07:00:00,-0.7,0.8,0.6,0.7,-209000.0
G20,2016-01-22 07:00:00,-7.9,7.9,7.07,7.81,-21200.0
G20,2016-03-14 07:00:00,-6.9,7.23,6.9,7.15,-30400.0
G20,2017-05-09 07:00:00,-2.92,3.01,2.82,3.01,-55800.0
G20,2018-12-03 07:00:00,-0.6,0.7,0.6,0.6,-18400.0
G20,2020-01-31 07:00:00,-0.2,0.2,0.2,0.2,-205700.0
G20,2020-09-25 07:00:00,-0.2,0.2,0.2,0.2,-13000.0
G20,2023-03-10 07:00:00,-0.7,0.7,0.6,0.7,-61457.0
G20,2023-09-22 07:00:00,-0.8,0.8,0.6,0.7,-29100.0
G20,2024-11-29 07:00:00,-0.6,0.6,0.5,0.6,-13016.0
G20,2026-03-13 07:00:00,-0.5,0.7,0.5,0.7,-49300.0
GDA,2023-11-23 07:00:00,-17.09,17.09,16.6,16.6,-139931.0
GDA,2023-12-21 07:00:00,-16.32,16.95,16.32,16.74,-92802.0
GDA,2024-01-22 07:00:00,-18.21,18.63,18.21,18.49,-157096.0
GDA,2024-01-30 07:00:00,-18.42,18.42,18.07,18.21,-160350.0
GDA,2024-04-04 07:00:00,-16.53,16.53,16.39,16.46,-61444.0
GDA,2025-04-11 07:00:00,-14.54,15.78,13.45,13.96,-380916.0
GDA,2025-05-23 07:00:00,-14.27,15.34,14.27,15.11,-178100.0
GDA,2025-07-02 07:00:00,-14.73,14.88,14.65,14.81,-48900.0
GEE,2022-06-27 07:00:00,-12.17,12.17,11.2,11.76,-21100.0
GEE,2022-09-28 07:00:00,-11.23,12.43,11.23,11.72,-21800.0
GEE,2023-11-13 07:00:00,-12.62,13.0,12.41,12.41,-1600.0
GEE,2024-03-29 07:00:00,-13.62,13.91,13.27,13.91,-89040.0
GEE,2024-04-25 07:00:00,-12.2,12.24,12.2,12.24,-1300.0
GEE,2025-04-02 07:00:00,-31.81,32.22,31.68,31.99,-439800.0
GEE,2025-05-16 07:00:00,-48.01,51.25,47.62,51.25,-1211500.0
GEE,2026-01-21 07:00:00,-121.59,121.59,113.2,113.31,-943500.0
GH3,2023-02-03 07:00:00,-9.85,9.85,9.85,9.85,-1000.0
GHC,2015-12-21 07:00:00,-7.7,7.89,7.7,7.89,-3000.0
GHC,2016-04-05 07:00:00,-7.56,7.65,7.56,7.62,-4600.0
GHC,2016-05-06 07:00:00,-7.09,7.09,7.09,7.09,-1100.0
GHC,2016-06-30 07:00:00,-7.93,7.99,7.89,7.99,-11300.0
GHC,2016-07-01 07:00:00,-7.96,7.96,7.93,7.96,-5000.0
GHC,2016-08-09 07:00:00,-7.93,7.93,7.93,7.93,-9500.0
GHC,2017-01-18 07:00:00,-10.02,10.02,10.02,10.02,-3400.0
GHC,2017-03-28 07:00:00,-10.7,10.7,10.7,10.7,-2200.0
GHC,2017-05-11 07:00:00,-10.53,10.53,10.53,10.53,-1200.0
GHC,2017-10-05 07:00:00,-11.89,11.96,11.89,11.96,-5410.0
GHC,2020-10-30 07:00:00,-16.43,16.43,16.43,16.43,-2000.0
GHC,2021-09-01 07:00:00,-19.96,19.96,19.25,19.4,-39520.0
GHC,2022-08-30 07:00:00,-21.09,21.16,21.09,21.09,-36100.0
GHC,2022-11-02 07:00:00,-20.18,20.18,19.87,20.1,-10200.0
GHC,2023-06-29 07:00:00,-21.39,21.47,21.31,21.47,-925.0
GHC,2023-07-05 07:00:00,-21.31,21.39,18.350547598989046,21.31,30641.33389261745
GHC,2023-08-23 07:00:00,-21.07,21.15,20.92,20.99,-4916.0
GHC,2024-01-15 07:00:00,-23.21,23.47,23.21,23.39,-7700.0
GHC,2025-01-21 07:00:00,-26.79,27.54,26.7,27.54,-38100.0
GMA,2020-12-09 07:00:00,-20.89,21.3,20.89,21.3,-1400.0
GMA,2021-04-07 07:00:00,-40.06,40.14,39.73,39.73,-500.0
GMA,2021-06-01 07:00:00,-43.75,43.75,43.67,43.67,-500.0
GMA,2021-11-15 07:00:00,-49.97,49.97,49.97,49.97,-100.0
GMA,2022-04-25 07:00:00,-40.96,48.34,40.96,48.34,-200.0
GMA,2022-05-11 07:00:00,-40.96,40.96,40.96,40.96,-200.0
GMA,2025-10-17 07:00:00,-34.8,34.8,34.8,34.8,-100.0
GMC,2016-04-20 07:00:00,-13.25,13.25,13.18,13.18,-330.0
GMC,2016-06-22 07:00:00,-11.93,12.19,11.9,12.19,-14910.0
GMC,2016-09-29 07:00:00,-13.38,13.8,12.8,13.13,-11110.0
GMC,2017-05-15 07:00:00,-13.05,13.27,12.65,13.23,-20170.0
GMC,2017-06-14 07:00:00,-13.72,13.72,12.83,13.27,-71830.0
GMC,2017-07-26 07:00:00,-13.58,13.58,13.1,13.23,-1120.0
GMC,2017-08-11 07:00:00,-14.11,14.11,13.1,13.98,-10640.0
GMC,2017-10-03 07:00:00,-13.17,13.68,13.17,13.68,-30.0
GMC,2018-01-29 07:00:00,-12.54,12.54,12.03,12.03,-1020.0
GMC,2018-03-06 07:00:00,-12.77,13.0,12.35,12.68,-780.0
GMC,2018-09-14 07:00:00,-16.62,18.13,16.62,18.13,-455790.0
GMC,2018-10-12 07:00:00,-16.83,17.97,16.83,17.97,-1290.0
GMC,2019-02-28 07:00:00,-22.27,22.63,21.75,22.22,-55690.0
GMC,2019-06-05 07:00:00,-20.79,21.85,20.79,21.85,-19780.0
GMC,2019-08-23 07:00:00,-17.0,17.06,16.76,16.79,-7130.0
GMC,2020-06-09 07:00:00,-14.46,14.46,14.19,14.46,-209730.0
GMC,2020-11-12 07:00:00,-12.31,12.31,12.01,12.01,-5370.0
GMC,2020-12-18 07:00:00,-13.97,14.12,13.9,14.05,-37100.0
GMC,2020-12-30 07:00:00,-14.12,14.2,13.97,14.01,-15680.0
GMC,2021-06-17 07:00:00,-24.33,27.36,24.33,27.36,-11700.0
GMC,2021-11-17 07:00:00,-23.57,24.38,23.16,23.97,-9300.0
GMC,2022-11-07 07:00:00,-12.15,12.3,12.1,12.1,-15500.0
GMC,2022-11-22 07:00:00,-11.5,11.8,11.4,11.4,-2800.0
GMC,2023-06-13 07:00:00,-9.0,9.1,9.0,9.1,-8600.0
GMC,2023-07-07 07:00:00,-8.85,9.05,8.85,9.04,-10200.0
GMC,2023-07-28 07:00:00,-9.99,9.99,9.5,9.63,-73200.0
GMC,2023-08-10 07:00:00,-9.8,9.8,9.67,9.75,-28000.0
GMC,2023-09-29 07:00:00,-9.58,9.58,9.0,9.5,-1000.0
GMC,2023-11-01 07:00:00,-7.6,8.02,7.5,7.5,-27000.0
GMC,2023-11-14 07:00:00,-7.69,7.69,7.5,7.69,-1800.0
GMC,2023-12-14 07:00:00,-7.85,8.13,7.85,7.91,-5900.0
GMC,2024-02-01 07:00:00,-9.0,9.0,8.21,8.98,-2400.0
GMC,2024-11-06 07:00:00,-8.11,8.11,8.0,8.0,-2400.0
GMH,2022-03-17 07:00:00,-15.43,15.75,15.1,15.75,-343300.0
GMH,2024-10-30 07:00:00,-7.22,7.23,7.22,7.23,-4200.0
GMH,2025-08-22 07:00:00,-7.71,7.71,7.7,7.7,-6600.0
GMH,2026-03-23 07:00:00,-7.52,7.75,7.42,7.7,-4800.0
GND,2017-02-24 07:00:00,-9.21,9.21,9.21,9.21,-100.0
GND,2017-03-01 07:00:00,-7.83,7.83,7.83,7.83,-500.0
GND,2017-03-21 07:00:00,-8.03,8.03,7.93,7.93,-6600.0
GND,2017-04-07 07:00:00,-10.03,10.03,10.03,10.03,-1000.0
GND,2017-08-04 07:00:00,-10.75,10.75,10.75,10.75,-2000.0
GND,2017-11-07 07:00:00,-10.64,10.75,18.94037711313394,10.75,-6000.0
GND,2017-12-28 07:00:00,-12.05,12.05,12.05,12.05,-100.0
GND,2018-11-16 07:00:00,-12.17,12.17,12.17,12.17,-150.0
GND,2018-11-29 07:00:00,-11.94,11.94,11.94,11.94,-408.0
GND,2019-02-15 07:00:00,-11.0,14.37,11.0,14.37,-500.0
GND,2019-11-25 07:00:00,-14.56,14.56,14.56,14.56,-500.0
GND,2020-06-03 07:00:00,-16.65,16.65,16.65,16.65,-100.0
GND,2020-11-09 07:00:00,-14.14,14.95,14.14,14.95,-900.0
GND,2021-02-17 07:00:00,-18.52,18.52,18.52,18.52,-300.0
GND,2021-04-01 07:00:00,-21.53,21.53,20.69,20.69,-7589.0
GND,2022-08-01 07:00:00,-25.51,25.51,25.28,25.28,-3900.0
GND,2024-10-18 07:00:00,-22.69,24.31,22.69,24.31,-1100.0
GND,2025-05-26 07:00:00,-25.09,25.09,25.09,25.09,-100.0
GND,2026-04-24 07:00:00,-21.5,21.5,21.5,21.5,-100.0
GPC,2023-04-28 07:00:00,-5.2,5.43,5.2,5.2,-12300.0
GPC,2023-10-06 07:00:00,-3.67,3.67,3.52,3.59,-41000.0
GPC,2025-02-25 07:00:00,-3.1,3.2,3.1,3.1,-274870.0
GPC,2025-09-11 07:00:00,-2.8,2.8,2.6,2.7,-127400.0
GSM,2017-04-11 07:00:00,-7.43,7.43,7.06,7.43,-33100.0
GSM,2017-05-05 07:00:00,-7.73,7.88,7.58,7.58,-13900.0
GSM,2017-12-15 07:00:00,-7.95,7.95,7.95,7.95,-3000.0
GSM,2018-01-17 07:00:00,-8.49,8.87,8.49,8.72,-49300.0
GSM,2019-11-21 07:00:00,-7.53,7.53,7.53,7.53,-100.0
GSM,2019-11-28 07:00:00,-7.92,7.92,7.92,7.92,-1700.0
GSM,2020-05-08 07:00:00,-6.66,6.66,6.66,6.66,-1000.0
GSM,2021-03-04 07:00:00,-7.92,7.92,7.92,7.92,-800.0
GSM,2021-08-30 07:00:00,-9.11,9.11,9.11,9.11,-400.0
GSM,2022-01-11 07:00:00,-11.09,11.09,11.09,11.09,-500.0
GSM,2024-02-07 07:00:00,-15.9,15.9,15.9,15.9,-100.0
GSM,2024-04-12 07:00:00,-15.73,15.73,15.73,15.73,-1101.0
GSM,2024-04-15 07:00:00,-16.33,16.33,16.33,16.33,-200.0
GSM,2024-07-09 07:00:00,-19.85,19.85,19.85,19.85,-100.0
GSM,2024-09-17 07:00:00,-21.16,21.16,20.6,20.6,-3700.0
GSM,2024-11-22 07:00:00,-24.34,24.34,24.34,24.34,-200.0
GSM,2025-06-24 07:00:00,-28.74,28.74,28.46,28.65,-21000.0
GSM,2025-09-23 07:00:00,-29.0,29.3,28.9,29.0,-3200.0
GSP,2016-04-26 07:00:00,-5.09,5.13,5.02,5.09,-106350.0
GSP,2016-04-29 07:00:00,-5.27,5.31,5.16,5.31,-56410.0
GSP,2017-04-26 07:00:00,-4.33,4.62,4.26,4.57,-1430.0
GSP,2018-10-17 07:00:00,-6.06,6.06,5.8,6.0,-1490.0
GSP,2019-01-17 07:00:00,-5.78,5.98,5.78,5.98,-5950.0
GSP,2019-02-20 07:00:00,-5.89,6.09,5.86,6.09,-570.0
GSP,2019-08-16 07:00:00,-6.22,6.35,6.18,6.35,-1390.0
GSP,2019-10-22 07:00:00,-6.77,6.77,6.77,6.77,-580.0
GSP,2020-03-10 07:00:00,-5.43,5.56,5.43,5.56,-4810.0
GSP,2020-08-21 07:00:00,-6.17,6.17,6.11,6.17,-390.0
GSP,2021-03-03 07:00:00,-7.43,7.43,7.4,7.43,-23800.0
GSP,2021-05-11 07:00:00,-7.75,7.98,7.75,7.92,-2800.0
GSP,2021-05-27 07:00:00,-7.85,7.85,7.65,7.68,-9900.0
GSP,2022-03-22 07:00:00,-11.32,11.35,11.1,11.21,-266900.0
GSP,2022-05-13 07:00:00,-7.92,7.99,7.37,7.37,-394900.0
GSP,2022-05-20 07:00:00,-8.32,8.32,7.96,7.96,-115100.0
GSP,2023-01-10 07:00:00,-6.94,7.04,6.87,7.04,-14800.0
GSP,2023-02-16 07:00:00,-8.07,8.07,7.81,7.88,-275300.0
GSP,2023-07-13 07:00:00,-8.76,8.76,8.54,8.69,-162500.0
GSP,2024-03-19 07:00:00,-9.57,9.61,9.41,9.49,-294500.0
GSP,2024-05-21 07:00:00,-10.41,10.49,10.29,10.45,-375100.0
GSP,2024-10-21 07:00:00,-11.29,11.34,11.21,11.29,-193600.0
GSP,2025-04-28 07:00:00,-10.33,10.33,10.29,10.29,-11200.0
GSP,2025-07-28 07:00:00,-11.51,11.64,11.47,11.6,-158400.0
GSP,2026-01-07 07:00:00,-10.6,10.6,10.4,10.6,-90900.0
GSP,2026-02-25 07:00:00,-11.25,11.25,11.0,11.2,-59300.0
GTT,2016-06-13 07:00:00,-0.56,0.64,0.56,0.64,-472860.0
GTT,2017-07-21 07:00:00,-0.64,0.64,0.48,0.48,-563903.0
GTT,2018-12-21 07:00:00,-0.3,0.3,0.2,0.3,-11600.0
GTT,2019-04-05 07:00:00,-0.3,0.4,0.3,0.4,-30220.0
HAC,2017-02-24 07:00:00,-2.71,2.86,2.71,2.78,-213167.0
HAC,2018-03-23 07:00:00,-2.96,3.13,2.96,3.13,-1610.0
HAC,2018-07-27 07:00:00,-2.37,2.62,2.37,2.62,-2672.0
HAC,2018-09-19 07:00:00,-2.71,2.71,2.71,2.71,-9800.0
HAC,2019-05-23 07:00:00,-3.38,3.38,3.38,3.38,-100.0
HAC,2019-07-17 07:00:00,-3.64,3.72,3.64,3.72,-5454.0
HAC,2019-09-16 07:00:00,-3.72,3.81,3.72,3.81,-7500.0
HAC,2019-12-31 07:00:00,-4.31,4.31,3.97,3.97,-45000.0
HAC,2020-07-15 07:00:00,-4.06,4.06,4.06,4.06,-1200.0
HAC,2021-01-06 07:00:00,-5.92,6.76,5.92,6.09,-6330.0
HAC,2021-01-08 07:00:00,-6.6,6.6,6.26,6.26,-43500.0
HAC,2021-08-03 07:00:00,-7.73,7.73,7.37,7.73,-4692.0
HAC,2022-01-28 07:00:00,-11.28,11.73,11.28,11.73,-9600.0
HAC,2022-04-19 07:00:00,-10.64,10.64,10.46,10.46,-25200.0
HAC,2022-10-13 07:00:00,-6.5,6.5,6.1,45.73144837487119,-574200.0
HAC,2022-12-13 07:00:00,-5.4,5.5,5.4,5.5,-1004.0
HAC,2024-02-19 07:00:00,-9.2,9.5,9.2,9.5,-24500.0
HAC,2024-02-28 07:00:00,-10.8,11.0,10.1,11.0,-5700.0
HAC,2024-11-19 07:00:00,-11.0,11.0,11.0,11.0,-104.0
HAC,2025-04-15 07:00:00,-9.8,9.8,8.6,9.6,-9251.0
HAG,2015-10-21 07:00:00,-14.4,14.6,14.3,14.6,-1937870.0
HAG,2015-12-22 07:00:00,-11.5,11.6,11.3,11.3,-2306740.0
HAG,2016-07-15 07:00:00,-6.8,6.8,6.6,6.7,-2649000.0
HAG,2016-07-26 07:00:00,-6.9,7.0,6.6,6.7,-1703880.0
HAG,2017-03-27 07:00:00,-9.7,10.1,9.5,9.9,-13170060.0
HAG,2017-05-18 07:00:00,-9.0,9.0,8.78,8.8,-3721730.0
HAG,2017-07-17 07:00:00,-9.4,9.4,9.17,9.22,-3062740.0
HAG,2017-09-13 07:00:00,-8.26,8.43,8.16,8.31,-3729560.0
HAG,2017-11-02 07:00:00,-8.01,8.05,7.52,7.52,-2666650.0
HAG,2018-02-01 07:00:00,-8.2,8.3,8.05,8.05,-7922570.0
HAG,2018-08-24 07:00:00,-6.95,7.05,6.9,6.9,-3556150.0
HAG,2021-02-09 07:00:00,-4.33,4.6,4.27,4.56,-6052700.0
HAG,2021-08-05 07:00:00,-5.29,5.48,5.2,5.46,-4535400.0
HAG,2021-09-17 07:00:00,-5.0,5.29,5.0,5.15,-7017700.0
HAG,2022-05-18 07:00:00,-9.0,9.2,8.9,9.0,-13183700.0
HAG,2023-05-26 07:00:00,-7.78,7.87,7.7,7.77,-7810900.0
HAG,2024-09-26 07:00:00,-10.65,11.0,10.65,10.65,-6559100.0
HAG,2025-04-11 07:00:00,-11.15,11.15,10.85,11.15,-10407200.0
HAG,2025-12-25 07:00:00,-18.6,19.1,18.25,18.25,-17835300.0
HAM,2020-06-02 07:00:00,-7.61,7.61,7.61,7.61,-4000.0
HAM,2021-05-04 07:00:00,-8.34,8.74,8.34,55.15620711513306,-111300.0
HAM,2021-05-24 07:00:00,-10.88,10.88,10.88,10.88,-500.0
HAM,2022-01-19 07:00:00,-14.6,14.6,14.6,14.6,-2000.0
HAM,2024-03-18 07:00:00,-15.79,17.88,15.79,17.88,-1200.0
HAM,2024-09-16 07:00:00,-18.83,18.83,18.83,18.83,-700.0
HAM,2026-03-23 07:00:00,-53.37,53.37,53.37,53.37,-500.0
HAP,2015-10-08 07:00:00,-3.15,3.25,3.15,3.2,-363450.0
HAP,2015-11-13 07:00:00,-3.05,3.1,3.05,3.1,-160860.0
HAP,2016-04-08 07:00:00,-2.55,2.6,2.55,2.6,-51110.0
HAP,2016-07-05 07:00:00,-2.74,2.79,2.68,2.74,-337120.0
HAP,2016-07-18 07:00:00,-2.74,2.74,2.68,2.68,-149340.0
HAP,2017-03-07 07:00:00,-2.02,2.07,2.02,2.06,-49690.0
HAP,2017-08-31 07:00:00,-2.69,2.7,2.66,24.06452131048627,-1430080.0
HAP,2018-02-23 07:00:00,-2.28,2.28,2.28,2.28,-580.0
HAP,2018-06-08 07:00:00,-2.16,2.16,2.16,2.16,-17580.0
HAP,2018-06-27 07:00:00,-2.21,2.22,2.17,2.17,-64080.0
HAP,2018-09-07 07:00:00,-2.14,2.14,2.13,2.13,-29730.0
HAP,2019-08-15 07:00:00,-2.33,2.33,2.3,2.33,-68180.0
HAP,2019-08-19 07:00:00,-2.33,2.35,2.33,2.33,-4170.0
HAP,2020-09-09 07:00:00,-4.96,5.1,4.61,4.69,-1162290.0
HAP,2020-09-14 07:00:00,-4.49,4.74,4.43,24.710204003028952,-37646280.0
HAP,2021-07-05 07:00:00,-9.76,9.76,9.24,9.39,-233312.0
HAP,2022-05-26 07:00:00,-6.93,7.19,6.83,7.19,-647300.0
HAP,2022-06-10 07:00:00,-7.6,7.6,7.32,7.36,-368400.0
HAP,2022-10-03 07:00:00,-6.11,6.25,5.79,5.99,-116800.0
HAP,2023-09-12 07:00:00,-5.34,5.34,5.24,5.26,-185200.0
HAP,2023-10-02 07:00:00,-4.95,5.08,4.91,5.08,-113800.0
HAP,2024-10-02 07:00:00,-4.18,4.21,4.14,4.18,-68500.0
HAP,2025-06-02 07:00:00,-5.4,5.54,5.3,5.44,-356200.0
HAP,2025-06-17 07:00:00,-5.75,5.83,5.65,5.78,-121400.0
HAP,2025-08-28 07:00:00,-6.35,6.42,6.35,6.41,-108600.0
HAP,2026-04-08 07:00:00,-7.55,7.78,7.39,7.6,-33800.0
HAS,2015-12-10 07:00:00,-3.39,3.39,3.25,3.32,-2790.0
HAS,2016-02-01 07:00:00,-3.32,3.32,3.32,3.32,-20.0
HAS,2016-05-17 07:00:00,-5.01,5.15,4.94,5.08,-38820.0
HAS,2017-04-25 07:00:00,-5.15,5.15,4.94,5.07,-3600.0
HAS,2017-08-07 07:00:00,-6.35,6.35,6.0,6.35,-1790.0
HAS,2018-01-02 07:00:00,-6.33,6.33,5.99,5.99,-28360.0
HAS,2018-02-07 07:00:00,-7.79,7.86,7.41,7.45,-2190.0
HAS,2018-10-08 07:00:00,-7.12,7.4,7.12,7.2,-15320.0
HAS,2018-10-16 07:00:00,-6.85,7.28,6.85,7.28,-60.0
HAS,2019-03-13 07:00:00,-7.44,7.44,7.44,7.44,-200.0
HAS,2019-09-23 07:00:00,-6.84,6.84,6.84,6.84,-10.0
HAS,2019-11-29 07:00:00,-6.26,6.26,6.26,6.26,-80.0
HAS,2020-06-02 07:00:00,-6.39,6.39,6.39,6.39,-50.0
HAS,2021-01-22 07:00:00,-7.66,7.93,7.66,7.93,-6600.0
HAS,2021-08-11 07:00:00,-11.7,11.7,11.7,11.7,-100.0
HAS,2021-09-16 07:00:00,-11.51,11.51,10.98,11.51,-1700.0
HAS,2021-11-22 07:00:00,-12.51,12.51,12.41,12.41,-1000.0
HAS,2022-01-14 07:00:00,-11.46,11.27,11.7,11.7,-2200.0
HAS,2022-03-24 07:00:00,-11.75,11.84,11.36,11.75,-7500.0
HAS,2022-08-19 07:00:00,-10.93,10.98,10.93,10.98,-200.0
HAS,2022-09-19 07:00:00,-10.46,10.5,9.98,9.98,-900.0
HAS,2023-06-30 07:00:00,-8.06,8.06,8.06,8.06,-100.0
HAS,2023-09-22 07:00:00,-8.42,8.42,8.42,8.42,-100.0
HAS,2024-02-01 07:00:00,-7.25,7.75,7.25,7.75,-300.0
HAS,2024-02-05 07:00:00,-7.74,7.74,7.74,7.74,-100.0
HAS,2025-02-25 07:00:00,-8.1,8.1,8.1,8.1,-200.0
HAS,2026-04-17 07:00:00,-8.1,8.1,7.8,7.8,-300.0
HAV,2018-01-24 07:00:00,-8.0,9.1,3.9,3.9,-20000.0
HAV,2020-09-23 07:00:00,-3.0,3.0,3.0,3.0,-1000.0
HAV,2021-07-02 07:00:00,-3.4,3.4,3.4,3.4,-100.0
HAV,2021-07-27 07:00:00,-3.4,3.9,3.0,3.0,-7010.0
HAV,2021-08-10 07:00:00,-3.0,3.3,3.0,3.3,-2210.0
HAV,2021-12-23 07:00:00,-7.2,6.7,7.4,6.8,-13900.0
HAV,2023-02-17 07:00:00,-2.9,3.4,2.9,3.0,-600.0
HAV,2023-09-13 07:00:00,-4.4,4.4,4.1,4.1,-2216.0
HAV,2023-09-15 07:00:00,-4.2,4.2,4.2,4.2,-1.0
HAV,2023-12-18 07:00:00,-2.9,2.9,2.8,2.8,-1004.0
HAV,2025-05-21 07:00:00,-4.0,4.8,4.0,4.1,-15900.0
HAV,2025-10-03 07:00:00,-3.7,3.7,3.7,3.7,-200.0
HBH,2022-08-03 07:00:00,-8.33,8.33,7.94,7.94,-200.0
HBH,2024-06-19 07:00:00,-5.78,5.78,5.78,5.78,-500.0
HBS,2017-01-12 07:00:00,-2.19,2.19,1.94,1.94,-8200.0
HBS,2017-02-03 07:00:00,-2.02,2.02,2.02,2.02,-100.0
HBS,2017-09-08 07:00:00,-2.19,2.19,2.19,2.19,-10993.0
HBS,2018-04-13 07:00:00,-2.11,2.19,2.02,2.19,-700.0
HBS,2018-08-06 07:00:00,-2.19,2.19,2.11,2.11,-31100.0
HBS,2018-09-12 07:00:00,-2.02,2.11,2.02,2.11,-2100.0
HBS,2019-04-22 07:00:00,-2.36,2.36,2.36,2.36,-200.0
HBS,2019-05-06 07:00:00,-2.53,2.53,2.45,2.53,-12400.0
HBS,2020-05-20 07:00:00,-1.6,1.69,1.6,1.69,-1280.0
HBS,2020-08-07 07:00:00,-1.6,1.6,1.6,1.6,-1058.0
HBS,2020-09-22 07:00:00,-1.86,1.86,1.86,1.86,-7000.0
HBS,2021-03-17 07:00:00,-4.98,4.98,4.89,4.98,-30800.0
HBS,2021-07-12 07:00:00,-6.83,6.83,6.16,6.16,-140900.0
HBS,2021-11-25 07:00:00,-15.02,15.52,14.43,15.19,-686095.0
HBS,2022-03-04 07:00:00,-10.88,11.31,10.88,11.22,-193280.0
HBS,2022-07-18 07:00:00,-5.82,6.24,5.57,6.24,-27500.0
HBS,2022-08-09 07:00:00,-6.83,6.92,6.67,6.83,-65200.0
HBS,2023-12-28 07:00:00,-6.83,6.92,6.83,6.92,-18126.0
HBS,2024-02-02 07:00:00,-6.5,6.58,6.41,6.58,-22900.0
HBS,2024-07-08 07:00:00,-7.93,8.61,7.85,8.35,-282836.0
HBS,2024-09-18 07:00:00,-8.1,8.3,7.8,8.2,-105913.0
HBS,2024-10-24 07:00:00,-7.8,7.9,7.7,7.7,-24003.0
HBS,2024-11-21 07:00:00,-6.6,6.6,6.4,6.5,-50410.0
HBS,2024-11-27 07:00:00,-6.6,6.6,6.4,6.6,-29917.0
HBS,2024-12-16 07:00:00,-6.5,6.6,6.5,6.6,-11505.0
HBS,2024-12-24 07:00:00,-7.2,7.2,6.8,7.0,-11712.0
HBS,2025-04-24 07:00:00,-6.2,6.4,6.1,6.2,-36313.0
HC3,2017-08-08 07:00:00,-8.35,9.45,7.05,9.45,-10400.0
HC3,2017-11-07 07:00:00,-11.16,11.16,10.35,10.35,-1600.0
HC3,2018-05-29 07:00:00,-11.02,11.02,10.85,11.02,-7300.0
HC3,2018-11-19 07:00:00,-12.59,12.59,12.59,12.59,-100.0
HC3,2021-04-02 07:00:00,-22.08,22.08,22.08,22.08,-400.0
HC3,2022-03-30 07:00:00,-27.24,27.24,27.24,27.24,-900.0
HC3,2022-05-09 07:00:00,-26.63,26.63,26.63,26.63,-7100.0
HC3,2022-07-13 07:00:00,-27.8,27.8,27.8,27.8,-200.0
HC3,2023-03-15 07:00:00,-28.22,28.22,25.8,25.8,-400.0
HC3,2023-06-01 07:00:00,-26.2,26.2,24.99,24.99,-2705.0
HC3,2023-09-28 07:00:00,-24.21,24.21,24.21,24.13,-1.0
HC3,2024-01-08 07:00:00,-23.26,23.26,23.26,23.26,-200.0
HC3,2024-04-19 07:00:00,-21.71,21.71,21.54,21.54,-8100.0
HC3,2024-04-25 07:00:00,-21.54,21.54,21.54,21.54,-200.0
HC3,2024-07-12 07:00:00,-19.64,19.64,19.64,19.64,-100.0
HC3,2024-10-04 07:00:00,-24.17,24.17,24.17,24.17,-300.0
HCD,2018-12-12 07:00:00,-3.48,3.52,3.45,3.47,-199100.0
HCD,2019-07-30 07:00:00,-2.85,2.86,2.66,15.44568308258207,-5624640.0
HCD,2019-11-05 07:00:00,-2.23,2.29,2.23,2.25,-66670.0
HCD,2019-12-24 07:00:00,-2.15,2.28,2.14,2.28,-3410070.0
HCD,2020-02-03 07:00:00,-1.55,1.55,1.45,1.49,-232900.0
HCD,2020-04-21 07:00:00,-2.24,2.39,2.12,2.39,-1445390.0
HCD,2020-05-05 07:00:00,-2.7,2.81,2.48,2.68,-3510000.0
HCD,2020-06-26 07:00:00,-2.31,2.45,2.29,2.36,-789230.0
HCD,2020-11-12 07:00:00,-1.68,1.7,1.66,1.68,-184770.0
HCD,2021-05-04 07:00:00,-3.15,3.28,3.13,3.19,-810700.0
HCD,2021-05-13 07:00:00,-3.29,3.3,3.2,3.2,-345900.0
HCD,2021-09-06 07:00:00,-5.79,6.09,5.79,5.91,-1079300.0
HCD,2022-05-11 07:00:00,-8.55,9.08,8.11,9.08,-387600.0
HCD,2022-10-27 07:00:00,-4.46,4.61,4.22,4.61,-74600.0
HCD,2023-03-17 07:00:00,-5.39,5.39,5.27,5.35,-70800.0
HCD,2023-05-24 07:00:00,-5.43,5.43,5.33,5.34,-343400.0
HCD,2023-08-10 07:00:00,-8.1,8.1,7.8,7.86,-838700.0
HCD,2023-11-07 07:00:00,-7.57,7.58,7.32,7.38,-336800.0
HCD,2023-12-04 07:00:00,-7.58,7.7,7.58,7.65,-540900.0
HCD,2024-05-14 07:00:00,-9.83,9.83,9.7,9.82,-373100.0
HCD,2024-06-18 07:00:00,-11.6,11.7,11.2,11.4,-911600.0
HCD,2024-08-07 07:00:00,-9.62,9.62,9.45,9.62,-262200.0
HCD,2026-02-13 07:00:00,-7.93,8.05,7.93,8.0,-13700.0
HDB,2018-08-30 07:00:00,-7.37,7.58,7.35,7.56,-2950700.0
HDB,2019-07-16 07:00:00,-5.16,5.19,5.15,5.16,-1018830.0
HDB,2020-02-13 07:00:00,-5.79,5.84,5.76,5.78,-1237040.0
HDB,2020-06-15 07:00:00,-5.64,5.67,5.25,5.41,-2666010.0
HDB,2020-07-15 07:00:00,-5.29,5.39,5.29,5.32,-726130.0
HDB,2020-09-16 07:00:00,-5.92,5.97,5.88,5.91,-1270990.0
HDB,2020-09-25 07:00:00,-6.15,6.17,6.08,6.17,-1459450.0
HDB,2020-10-20 07:00:00,-6.35,6.58,6.35,6.51,-2366670.0
HDB,2020-12-23 07:00:00,-8.0,8.03,7.83,7.83,-6361130.0
HDB,2021-06-21 07:00:00,-11.08,11.11,10.93,10.98,-2916200.0
HDB,2021-10-22 07:00:00,-10.19,10.23,10.01,10.01,-2476900.0
HDB,2021-11-09 07:00:00,-11.09,11.38,11.09,11.29,-7774000.0
HDB,2022-03-31 07:00:00,-11.68,11.7,11.48,11.56,-2562900.0
HDB,2022-04-19 07:00:00,-10.76,10.8,10.54,10.56,-3081000.0
ZZZZZZ,2022-07-04 07:00:00,-10.07,10.11,9.97,10.01,-1048500.0
HDB,2023-06-06 07:00:00,-10.21,10.32,10.16,10.32,-3518300.0
HDB,2023-10-11 07:00:00,-10.78,10.87,10.65,10.87,-8956800.0
HDB,2023-12-01 07:00:00,-11.15,11.24,11.02,11.24,-6751200.0
HDB,2024-03-18 07:00:00,-14.2,14.24,13.77,13.77,-6625200.0
HDB,2024-05-29 07:00:00,-14.91,14.91,14.48,14.48,-11282600.0
HDB,2024-06-12 07:00:00,-14.58,14.82,14.45,14.82,-6457000.0
HDB,2024-07-23 07:00:00,-16.3,16.33,15.95,16.11,-8620200.0
HDB,2024-09-23 07:00:00,-17.42,17.46,17.23,17.36,-6282800.0
HDB,2024-11-08 07:00:00,-16.88,16.88,16.65,16.88,-7433500.0
HDB,2025-05-29 07:00:00,-17.19,17.39,17.0,17.0,-11318800.0
HDB,2026-01-09 07:00:00,-28.85,29.1,27.5,27.9,-29852300.0
HDB,2026-03-16 07:00:00,-25.5,25.65,25.2,25.6,-6905100.0
HDG,2016-05-11 07:00:00,-4.52,4.8,4.52,4.8,-9320.0
HDG,2016-07-12 07:00:00,-5.23,5.42,5.04,5.42,-473700.0
HDG,2017-05-19 07:00:00,-5.76,5.86,5.76,5.78,-38620.0
HDG,2017-06-23 07:00:00,-5.96,6.02,5.86,5.96,-32070.0
HDG,2017-08-31 07:00:00,-6.51,6.51,6.31,6.31,-14320.0
HDG,2017-09-05 07:00:00,-6.32,6.32,6.3,6.3,-12820.0
HDG,2017-12-07 07:00:00,-7.08,7.08,6.93,6.95,-110460.0
HDG,2017-12-25 07:00:00,-6.98,6.98,6.87,6.89,-30940.0
HDG,2018-11-21 07:00:00,-8.49,8.49,8.31,8.47,-143390.0
HDG,2019-08-06 07:00:00,-11.63,11.66,11.32,11.66,-963640.0
HDG,2019-08-21 07:00:00,-11.79,11.88,11.47,11.47,-1001550.0
HDG,2019-09-23 07:00:00,-10.9,10.9,10.69,10.8,-339290.0
HDG,2019-12-10 07:00:00,-10.26,10.32,10.26,10.31,-296090.0
HDG,2021-02-03 07:00:00,-16.62,16.97,16.31,16.82,-1640200.0
HDG,2021-05-20 07:00:00,-17.93,17.93,17.8,17.84,-686400.0
HDG,2021-06-04 07:00:00,-20.29,20.4,20.05,20.12,-2490900.0
HDG,2021-12-30 07:00:00,-34.88,35.15,34.26,34.88,-662400.0
HDG,2022-03-22 07:00:00,-39.21,39.8,38.15,38.84,-1463500.0
HDG,2022-11-24 07:00:00,-16.25,17.17,15.74,16.54,-3036200.0
HDG,2023-03-03 07:00:00,-19.15,19.22,18.77,19.06,-495300.0
HDG,2023-03-17 07:00:00,-18.9,19.09,18.83,19.09,-764400.0
HDG,2023-11-28 07:00:00,-21.92,22.12,21.48,21.96,-1139500.0
HDG,2024-01-11 07:00:00,-20.76,20.96,20.4,20.44,-2472800.0
HDG,2024-05-08 07:00:00,-21.4,22.2,21.32,21.88,-2003900.0
HDG,2025-09-17 07:00:00,-30.59,31.13,30.05,30.05,-2363900.0
HDG,2025-09-25 07:00:00,-32.01,32.6,31.52,31.77,-4794700.0
HEJ,2018-02-28 07:00:00,-8.86,8.86,8.86,8.86,-1000.0
HEJ,2020-08-13 07:00:00,-17.96,17.96,17.96,17.96,-1000.0
HEJ,2020-10-27 07:00:00,-21.27,21.75,21.27,21.75,-1100.0
HEJ,2021-07-27 07:00:00,-21.61,21.61,21.61,21.61,-2100.0
HEJ,2021-09-20 07:00:00,-34.38,34.58,33.4,34.38,-24331.0
HEJ,2022-01-04 07:00:00,-54.7,54.7,54.7,54.7,-37640.0
HEJ,2022-03-01 07:00:00,-46.1,47.8,45.0,46.0,-13211.0
HEJ,2022-07-15 07:00:00,-19.4,21.8,19.4,20.5,-5800.0
HEJ,2023-01-06 07:00:00,-14.9,15.4,13.2,13.2,-4000.0
HEJ,2023-03-15 07:00:00,-12.7,12.7,12.7,12.7,-100.0
HEJ,2023-05-08 07:00:00,-13.0,13.0,13.0,13.0,-513.0
HEJ,2023-06-21 07:00:00,-15.0,15.3,15.0,15.3,-600.0
HEJ,2023-09-11 07:00:00,-13.5,13.5,12.7,13.5,-600.0
HEJ,2024-07-10 07:00:00,-10.8,10.8,10.5,10.8,-1900.0
HEP,2019-06-21 07:00:00,-6.59,6.66,6.59,6.66,-7300.0
HEP,2020-08-26 07:00:00,-6.05,6.05,6.05,6.05,-2400.0
HEP,2020-10-27 07:00:00,-8.64,8.64,8.2,67.76627628575372,-24800.0
HEP,2020-12-22 07:00:00,-6.62,6.62,6.55,6.55,-3500.0
HEP,2021-09-20 07:00:00,-9.81,9.81,9.81,9.81,-1000.0
HEP,2021-09-21 07:00:00,-9.81,9.81,8.99,8.99,-2300.0
HEP,2022-06-29 07:00:00,-12.7,12.7,12.7,12.7,-100.0
HEP,2025-09-17 07:00:00,-16.0,16.0,16.0,16.0,-100.0
HEV,2015-10-16 07:00:00,-6.65,6.7,6.5,6.7,-1200.0
HEV,2016-09-09 07:00:00,-6.97,6.97,6.97,6.97,-300.0
HEV,2017-03-10 07:00:00,-7.88,7.88,7.88,7.88,-100.0
HEV,2018-02-02 07:00:00,-8.2,8.2,8.2,8.2,-100.0
HEV,2018-07-30 07:00:00,-8.34,8.48,8.34,8.48,-200.0
HEV,2018-09-10 07:00:00,-8.41,8.48,8.41,8.48,-700.0
HEV,2020-07-21 07:00:00,-9.28,9.28,9.28,9.28,-1700.0
HEV,2020-08-11 07:00:00,-8.94,8.94,8.94,8.94,-20.0
HEV,2026-01-23 07:00:00,-7.8,7.8,7.8,7.8,-100.0
HHG,2015-12-15 07:00:00,-7.01,7.08,6.94,7.08,-175700.0
HHG,2017-02-02 07:00:00,-6.48,6.56,6.33,6.56,-200800.0
HHG,2017-05-15 07:00:00,-7.11,7.18,6.79,6.87,-443400.0
HHG,2017-06-26 07:00:00,-6.95,7.03,6.87,6.87,-209250.0
HHG,2017-08-16 07:00:00,-6.79,6.79,6.72,6.79,-273150.0
HHG,2018-04-04 07:00:00,-4.48,4.65,4.48,4.65,-674000.0
HHG,2018-04-18 07:00:00,-4.9,4.98,4.73,4.73,-230600.0
HHG,2018-10-26 07:00:00,-1.7,1.9,1.7,1.9,-98050.0
HHG,2019-01-08 07:00:00,-1.7,1.8,1.7,1.8,-1960158.0
HHG,2019-02-14 07:00:00,-1.7,1.7,1.6,1.7,-249421.0
HHG,2019-09-17 07:00:00,-1.4,1.5,1.4,1.4,-5495.0
HHG,2019-11-27 07:00:00,-1.4,1.4,1.2,1.4,-9700.0
HHG,2020-02-18 07:00:00,-1.3,1.3,1.3,1.3,-1310.0
HHG,2020-03-02 07:00:00,-1.3,1.4,1.3,1.4,-2100.0
HHG,2020-04-08 07:00:00,-1.0,1.1,0.9,1.1,-8920.0
HHG,2021-01-28 07:00:00,-2.3,2.3,2.2,2.2,-28800.0
HHG,2021-11-22 07:00:00,-7.5,7.7,6.8,6.8,-2228379.0
HHG,2022-06-02 07:00:00,-4.0,4.1,3.9,3.9,-323500.0
HHG,2022-10-10 07:00:00,-2.2,2.1,2.3,2.3,-164301.0
HHG,2022-11-03 07:00:00,-2.0,2.0,1.8,1.9,-262700.0
HHG,2023-02-14 07:00:00,-1.5,1.6,1.5,1.5,-108300.0
HHG,2023-07-06 07:00:00,-2.6,2.7,2.4,2.6,-1213001.0
HHG,2024-10-17 07:00:00,-1.5,1.6,1.4,1.6,-234597.0
HHG,2026-03-11 07:00:00,-1.1,1.1,1.0,1.1,-59100.0
HID,2016-09-09 07:00:00,-12.17,12.17,11.84,11.92,-185210.0
HID,2017-03-02 07:00:00,-8.0,8.0,7.44,7.8,-402790.0
HID,2017-06-12 07:00:00,-3.58,3.61,3.53,3.53,-701580.0
HID,2017-07-17 07:00:00,-4.19,4.21,4.05,4.08,-1057470.0
HID,2017-08-31 07:00:00,-4.32,4.32,4.24,4.27,-206150.0
HID,2017-09-12 07:00:00,-3.98,4.04,3.94,4.02,-316420.0
HID,2018-01-09 07:00:00,-3.42,3.66,3.42,3.66,-409820.0
HID,2018-04-11 07:00:00,-2.91,2.99,2.9,2.91,-101180.0
HID,2018-07-11 07:00:00,-2.52,2.58,2.47,2.49,-73960.0
HID,2018-10-30 07:00:00,-2.73,2.73,2.55,2.62,-51550.0
HID,2019-04-18 07:00:00,-2.56,2.56,2.52,2.53,-35090.0
HID,2019-06-19 07:00:00,-2.15,2.21,2.14,2.16,-16590.0
HID,2020-10-01 07:00:00,-2.83,2.83,2.75,2.78,-156730.0
HID,2021-01-18 07:00:00,-4.1,4.1,3.8,3.98,-602100.0
HID,2021-04-12 07:00:00,-4.85,5.12,4.85,5.12,-899100.0
HID,2021-11-01 07:00:00,-10.0,10.4,9.99,10.2,-2290100.0
HID,2022-01-17 07:00:00,-12.5,12.5,11.05,11.05,-1095300.0
HID,2022-03-09 07:00:00,-10.9,10.95,10.15,10.85,-1368400.0
HID,2022-04-26 07:00:00,-6.5,7.15,6.42,7.02,-583100.0
HID,2022-07-29 07:00:00,-6.48,6.48,6.29,6.29,-189800.0
HID,2022-11-11 07:00:00,-2.52,2.55,2.35,2.35,-92600.0
HID,2023-06-19 07:00:00,-3.78,3.78,3.66,3.69,-260200.0
HID,2023-11-22 07:00:00,-3.29,3.29,3.21,3.26,-39700.0
HID,2023-12-15 07:00:00,-3.15,3.18,3.1,3.16,-186900.0
HID,2024-01-30 07:00:00,-3.0,3.05,3.0,3.03,-43500.0
HID,2024-06-27 07:00:00,-3.5,3.52,3.28,3.52,-1078900.0
HID,2024-12-02 07:00:00,-2.66,2.66,2.6,2.65,-29700.0
HID,2025-01-03 07:00:00,-2.62,2.69,2.61,2.63,-13000.0
HID,2025-09-05 07:00:00,-2.98,2.99,2.93,2.94,-383100.0
HID,2026-04-29 07:00:00,-4.73,4.75,4.54,4.56,-889500.0
HIO,2024-03-12 07:00:00,-24.6,24.6,24.5,24.5,-2000.0
HIO,2024-07-10 07:00:00,-23.8,23.8,21.0,23.7,-112800.0
HIO,2025-09-03 07:00:00,-8.9,8.9,7.9,8.1,-800.0
HIO,2025-10-28 07:00:00,-7.3,7.4,7.2,7.4,-24500.0
HIO,2026-01-15 07:00:00,-8.3,8.5,8.2,8.4,-17000.0
HIO,2026-02-02 07:00:00,-7.4,8.0,7.3,8.0,-34300.0
HKT,2017-05-16 07:00:00,-4.01,4.19,4.01,4.1,-5100.0
HKT,2017-11-08 07:00:00,-2.83,2.83,2.74,2.74,-23300.0
HKT,2018-06-13 07:00:00,-2.4,2.4,2.4,2.4,-57500.0
HKT,2019-10-18 07:00:00,-3.0,3.0,3.0,3.0,-540.0
HKT,2020-06-09 07:00:00,-5.6,5.6,5.6,5.6,-17990.0
HKT,2022-04-15 07:00:00,-6.7,6.9,6.6,6.9,-1420.0
HKT,2022-10-21 07:00:00,-6.0,6.0,6.0,6.0,-100.0
HKT,2023-07-14 07:00:00,-5.4,5.6,5.4,5.6,-4400.0
HKT,2025-03-12 07:00:00,-6.7,7.9,6.6,7.9,-1203.0
HKT,2025-03-31 07:00:00,-8.0,8.3,8.0,8.3,-5800.0
HKT,2026-02-12 07:00:00,-11.4,12.5,10.4,12.5,-55200.0
HLT,2020-10-19 07:00:00,-18.4,18.4,18.4,18.4,-100.0
HMR,2023-01-19 07:00:00,-5.22,5.46,5.14,5.46,-24200.0
HMR,2023-09-19 07:00:00,-6.85,6.85,6.76,6.85,-27300.0
HMR,2024-07-12 07:00:00,-26.0,26.8,25.5,25.8,-13235.0
HMR,2024-09-16 07:00:00,-8.6,9.4,8.6,9.4,-43300.0
HMR,2024-12-03 07:00:00,-11.7,11.7,11.1,11.4,-325264.0
HMR,2025-04-09 07:00:00,-10.5,11.4,10.5,11.2,-43330.0
HMR,2025-09-03 07:00:00,-11.8,11.7,11.9,11.9,-16800.0
HMR,2025-09-15 07:00:00,-12.6,13.5,12.6,12.9,-74600.0
HMR,2025-12-25 07:00:00,-11.2,11.2,11.2,11.2,-300.0
HMR,2026-02-26 07:00:00,-11.5,11.5,11.3,11.3,-200.0
HMS,2018-02-22 07:00:00,-19.72,20.95,17.99,20.95,-19400.0
HMS,2020-07-06 07:00:00,-13.64,13.64,13.64,13.64,-200.0
HMS,2020-08-18 07:00:00,-15.95,15.95,15.95,15.95,-100.0
HMS,2022-01-04 07:00:00,-33.64,34.03,33.4,34.03,-27500.0
HMS,2022-02-28 07:00:00,-35.98,36.53,35.98,36.45,-5500.0
HMS,2022-05-23 07:00:00,-28.63,30.74,28.55,30.74,-4200.0
HMS,2022-09-27 07:00:00,-23.2,23.2,22.77,22.77,-200.0
HMS,2022-10-18 07:00:00,-21.48,21.48,21.48,21.48,-1000.0
HMS,2023-04-10 07:00:00,-19.76,19.76,19.76,19.76,-1000.0
HMS,2023-12-08 07:00:00,-30.32,30.41,30.22,30.22,-4700.0
HMS,2024-02-06 07:00:00,-38.16,38.16,36.17,36.83,-14994.0
HMS,2024-04-11 07:00:00,-44.39,45.24,43.54,45.15,-21851.0
HMS,2024-05-07 07:00:00,-40.14,40.14,39.57,39.67,-8400.0
HMS,2024-10-02 07:00:00,-29.28,29.47,28.9,28.9,-2600.0
HMS,2024-10-14 07:00:00,-28.62,28.62,28.62,28.62,-609.0
HMS,2025-03-21 07:00:00,-42.32,42.61,42.32,42.61,-2400.0
HMS,2025-11-06 07:00:00,-34.0,34.7,34.0,34.2,-4700.0
HOT,2016-10-26 07:00:00,-19.47,19.47,19.47,19.47,-10.0
HOT,2016-11-07 07:00:00,-18.08,20.7,18.08,20.7,-40.0
HOT,2017-03-24 07:00:00,-19.43,19.56,19.43,19.52,-180.0
HOT,2017-11-23 07:00:00,-21.9,21.9,21.9,21.9,-10.0
HOT,2020-03-19 07:00:00,-23.51,23.51,23.51,23.51,-10.0
HOT,2020-03-20 07:00:00,-25.11,25.11,25.11,25.11,-70.0
HOT,2020-04-14 07:00:00,-30.68,30.68,30.68,30.68,-510.0
HOT,2021-05-19 07:00:00,-28.9,28.9,28.9,28.9,-100.0
HOT,2021-07-29 07:00:00,-32.9,32.9,32.9,32.9,-100.0
HOT,2021-12-06 07:00:00,-35.85,35.85,35.85,35.85,-100.0
HOT,2021-12-13 07:00:00,-35.65,35.65,35.65,35.65,-100.0
HOT,2023-08-01 07:00:00,-17.1,17.1,17.1,17.1,-2.0
HOT,2024-03-22 07:00:00,-16.5,16.5,16.5,16.5,-100.0
HPD,2016-05-13 07:00:00,-4.45,4.45,4.45,4.45,-1500.0
HPD,2017-04-20 07:00:00,-4.6,4.6,4.6,4.6,-500.0
HPD,2018-03-14 07:00:00,-8.12,8.12,8.12,8.12,-100.0
HPD,2018-08-24 07:00:00,-8.56,8.56,8.56,8.56,-20000.0
HPD,2019-07-09 07:00:00,-10.5,10.5,10.5,10.5,-5000.0
HPD,2020-06-24 07:00:00,-9.89,9.89,9.89,9.89,-600.0
HPD,2020-09-28 07:00:00,-10.21,10.21,10.15,10.15,-6400.0
HPD,2021-01-11 07:00:00,-11.75,11.75,11.75,11.75,-34200.0
HPD,2021-06-18 07:00:00,-12.7,12.7,12.7,12.7,-200.0
HPD,2021-10-18 07:00:00,-15.58,15.58,13.59,14.0,-5400.0
HPD,2021-12-08 07:00:00,-15.45,15.45,14.35,14.35,-600.0
HPD,2023-05-15 07:00:00,-15.42,15.42,15.42,15.42,-100.0
HPD,2024-07-08 07:00:00,-22.77,22.77,22.77,22.77,-5193.0
HPD,2024-08-26 07:00:00,-21.63,21.81,21.45,21.81,-7000.0
HPH,2021-04-29 07:00:00,-5.39,5.39,5.39,5.39,-100.0
HPH,2021-06-17 07:00:00,-5.68,5.68,5.68,5.68,-100.0
HPH,2023-07-14 07:00:00,-15.3,15.3,15.3,15.2,-5.0
HPH,2025-07-03 07:00:00,-11.8,11.8,11.8,11.8,-100.0
HPM,2017-12-04 07:00:00,-20.3,20.4,20.3,20.4,-200.0
HPM,2018-01-29 07:00:00,-19.5,19.6,17.6,17.6,-500.0
HPM,2020-01-17 07:00:00,-12.9,12.9,12.9,12.9,-100.0
HPM,2020-02-21 07:00:00,-12.8,12.8,12.8,12.8,-100.0
HPM,2022-03-14 07:00:00,-14.5,14.5,14.5,14.5,-200.0
HPM,2022-08-24 07:00:00,-24.0,24.0,24.0,24.0,-1000.0
HPX,2018-08-14 07:00:00,-13.45,13.6,13.4,13.6,-696230.0
HPX,2018-10-29 07:00:00,-13.62,13.94,13.6,13.92,-377930.0
HPX,2019-05-31 07:00:00,-17.28,17.18,17.32,17.28,-183300.0
HPX,2019-10-31 07:00:00,-17.35,17.35,17.28,17.32,-217110.0
HPX,2020-07-07 07:00:00,-21.12,21.72,21.12,21.57,-583090.0
HPX,2020-10-15 07:00:00,-23.84,23.92,23.4,23.49,-338470.0
HPX,2020-11-20 07:00:00,-25.05,25.14,23.62,25.14,-366080.0
HPX,2021-04-06 07:00:00,-31.67,32.01,31.62,31.88,-1288200.0
HPX,2021-07-05 07:00:00,-29.79,30.01,29.49,29.66,-549100.0
HPX,2021-11-30 07:00:00,-39.95,40.2,38.35,38.35,-1159400.0
HPX,2022-06-17 07:00:00,-27.25,27.25,26.5,27.25,-304600.0
HPX,2022-09-15 07:00:00,-26.0,26.2,25.9,26.0,-407100.0
HPX,2023-05-24 07:00:00,-4.0,4.03,3.86,3.89,-7811800.0
HPX,2024-05-16 07:00:00,-6.43,6.58,6.42,6.53,-2964800.0
HPX,2024-11-26 07:00:00,-4.79,4.93,4.79,4.88,-2321100.0
HPX,2024-12-05 07:00:00,-4.79,4.92,4.78,4.89,-1570200.0
HPX,2025-03-27 07:00:00,-4.42,4.46,4.41,4.42,-979800.0
HPX,2025-06-11 07:00:00,-4.38,4.38,4.25,4.28,-2272100.0
HPX,2025-12-24 07:00:00,-4.81,4.81,4.75,4.76,-648800.0
HSP,2020-08-18 07:00:00,-7.48,7.48,7.48,7.48,-1000.0
HSP,2021-08-24 07:00:00,-7.8,7.8,7.8,7.8,-1200.0
HSP,2021-09-09 07:00:00,-8.74,8.74,8.74,8.74,-200.0
HSP,2021-12-02 07:00:00,-9.84,9.84,9.84,9.84,-100.0
HSP,2025-08-19 07:00:00,-14.8,14.8,14.8,14.8,-400.0
HT1,2016-01-14 07:00:00,-14.78,14.78,14.51,14.51,-52550.0
HT1,2016-02-29 07:00:00,-14.84,14.84,14.35,14.41,-44090.0
HT1,2016-04-01 07:00:00,-13.71,13.87,13.49,13.49,-28250.0
HT1,2016-04-14 07:00:00,-13.82,13.87,13.76,13.87,-54360.0
HT1,2016-09-23 07:00:00,-14.57,14.94,14.57,14.89,-19560.0
HT1,2017-04-19 07:00:00,-14.39,14.71,14.19,14.71,-167580.0
HT1,2017-07-24 07:00:00,-12.71,12.71,12.06,12.06,-628630.0
HT1,2017-12-14 07:00:00,-11.38,11.49,11.25,11.35,-297280.0
HT1,2018-03-28 07:00:00,-10.39,10.52,10.32,10.32,-50550.0
HT1,2019-02-25 07:00:00,-11.66,11.66,11.93,11.78,-374320.0
HT1,2019-09-30 07:00:00,-11.55,11.62,11.47,11.47,-139930.0
HT1,2019-10-04 07:00:00,-12.38,12.42,12.12,12.23,-133310.0
HT1,2019-11-15 07:00:00,-12.29,12.46,12.25,12.25,-152780.0
HT1,2020-01-16 07:00:00,-12.25,12.25,12.17,12.21,-53920.0
HT1,2020-02-10 07:00:00,-11.84,11.84,11.52,11.76,-15860.0
HT1,2020-09-07 07:00:00,-12.54,12.54,11.89,11.89,-1299830.0
HT1,2021-06-24 07:00:00,-14.55,14.64,14.33,14.33,-785800.0
HT1,2021-10-14 07:00:00,-22.48,22.92,21.91,22.04,-4642200.0
HT1,2021-10-28 07:00:00,-22.57,22.57,22.04,22.04,-4216900.0
HT1,2022-06-27 07:00:00,-14.33,14.7,14.05,14.7,-573200.0
HT1,2023-08-31 07:00:00,-14.18,14.56,14.18,14.32,-1285200.0
HT1,2024-01-04 07:00:00,-12.43,12.43,12.33,12.33,-567100.0
HT1,2024-05-24 07:00:00,-11.93,12.13,11.83,11.83,-292500.0
HT1,2024-09-23 07:00:00,-11.93,12.08,11.93,11.98,-233600.0
HT1,2024-09-26 07:00:00,-12.03,12.13,11.98,12.03,-220700.0
HT1,2025-01-21 07:00:00,-12.63,12.63,12.38,12.53,-652200.0
HT1,2025-02-05 07:00:00,-12.58,12.63,12.38,12.43,-779900.0
HT1,2025-05-08 07:00:00,-10.89,11.04,10.79,11.04,-427100.0
HT1,2025-12-03 07:00:00,-15.75,16.15,15.6,15.6,-357400.0
HTC,2016-01-26 07:00:00,-7.43,7.43,7.35,7.35,-3500.0
HTC,2016-03-02 07:00:00,-7.27,7.27,7.13,7.13,-1000.0
HTC,2016-07-06 07:00:00,-15.43,15.63,14.4,14.85,-18060.0
HTC,2016-09-23 07:00:00,-13.3,13.3,12.8,13.01,-8300.0
HTC,2016-10-14 07:00:00,-12.47,12.47,12.39,12.39,-2800.0
HTC,2016-12-13 07:00:00,-12.64,12.64,12.64,12.64,-100.0
HTC,2020-12-24 07:00:00,-14.02,14.27,13.87,14.27,-12400.0
HTC,2021-01-13 07:00:00,-16.02,16.02,16.02,16.02,-500.0
HTC,2021-10-13 07:00:00,-16.22,16.22,16.22,16.22,-1000.0
HTC,2021-12-09 07:00:00,-17.28,17.28,17.17,17.17,-1000.0
HTC,2022-06-15 07:00:00,-18.32,18.32,18.32,18.32,-2.0
HTT,2017-10-04 07:00:00,-7.0,7.0,6.8,6.95,-132660.0
HTT,2017-10-24 07:00:00,-6.86,7.23,6.86,7.2,-1487700.0
HTT,2018-02-09 07:00:00,-2.83,3.0,2.83,3.0,-71740.0
HTT,2018-06-11 07:00:00,-2.65,2.65,2.54,2.65,-3390.0
HTT,2018-07-20 07:00:00,-2.46,2.52,2.46,2.48,-11970.0
HTT,2018-09-06 07:00:00,-2.67,2.78,2.56,2.68,-251470.0
HTT,2019-03-18 07:00:00,-1.76,1.76,1.67,1.71,-39100.0
HTT,2019-04-02 07:00:00,-1.68,1.68,1.65,1.65,-72470.0
HTT,2019-07-18 07:00:00,-1.57,1.58,1.54,1.58,-2060.0
HTT,2020-02-12 07:00:00,-0.99,1.03,0.99,0.99,-16450.0
HTT,2021-03-19 07:00:00,-1.0,1.1,1.0,1.0,-239575.0
HTT,2021-06-04 07:00:00,-1.5,1.5,1.3,1.4,-1009290.0
HTT,2025-07-25 07:00:00,-1.4,1.4,1.4,1.4,-6200.0
HU3,2015-10-02 07:00:00,-3.06,3.06,2.86,2.86,-450.0
HU3,2016-05-24 07:00:00,-3.35,3.35,3.31,3.35,-30.0
HU3,2016-12-07 07:00:00,-3.68,3.88,3.68,3.88,-2710.0
HU3,2018-03-14 07:00:00,-6.21,6.21,5.95,5.95,-400.0
HU3,2018-04-06 07:00:00,-6.86,7.01,6.86,6.89,-10140.0
HU3,2018-09-25 07:00:00,-5.99,6.07,5.99,6.02,-7500.0
HU3,2019-07-12 07:00:00,-6.37,6.44,6.37,6.44,-1530.0
HU3,2021-02-04 07:00:00,-7.06,7.06,7.06,7.06,-1000.0
HU3,2021-12-07 07:00:00,-8.73,9.17,8.66,8.71,-52500.0
HU3,2021-12-13 07:00:00,-8.62,8.8,8.62,8.75,-50000.0
HU3,2022-05-23 07:00:00,-7.8,8.48,7.8,7.8,-4000.0
HU3,2022-08-25 07:00:00,-6.77,6.77,6.72,6.72,-3600.0
HU3,2022-11-07 07:00:00,-5.02,5.48,5.02,5.02,-6100.0
HU3,2022-12-27 07:00:00,-5.46,5.46,5.46,5.46,-500.0
HU3,2023-09-20 07:00:00,-4.6,4.6,4.5,4.5,-21910.0
HU3,2023-11-28 07:00:00,-3.6,3.8,3.6,3.8,-4500.0
HU3,2024-07-26 07:00:00,-3.5,3.6,3.5,3.6,-2600.0
HU3,2024-12-24 07:00:00,-3.6,3.6,3.5,3.5,-13106.0
HU3,2025-01-08 07:00:00,-3.6,3.6,3.6,3.6,-100.0
HU3,2025-01-23 07:00:00,-3.5,3.6,3.5,3.6,-50700.0
HU3,2025-07-10 07:00:00,-3.7,3.8,3.7,3.7,-3700.0
ICG,2017-01-16 07:00:00,-4.41,4.41,4.41,4.41,-92.0
ICG,2017-04-18 07:00:00,-4.54,4.67,4.48,4.67,-2800.0
ICG,2017-05-05 07:00:00,-4.48,4.48,4.48,4.48,-400.0
ICG,2017-07-26 07:00:00,-4.16,4.48,4.16,4.48,-1000.0
ICG,2018-01-12 07:00:00,-4.16,4.22,4.16,4.16,-14536.0
ICG,2018-02-12 07:00:00,-3.97,3.97,3.97,3.97,-5000.0
ICG,2018-05-23 07:00:00,-4.29,4.35,4.29,4.35,-14600.0
ICG,2018-05-25 07:00:00,-4.29,4.35,4.16,4.35,-14800.0
ICG,2018-11-22 07:00:00,-5.63,5.76,5.63,5.76,-100500.0
ICG,2019-02-25 07:00:00,-4.96,4.96,4.82,4.96,-6200.0
ICG,2020-01-07 07:00:00,-5.5,5.5,5.5,5.5,-1000.0
ICG,2020-03-27 07:00:00,-5.15,5.15,5.07,5.07,-2320.0
ICG,2021-11-22 07:00:00,-12.83,14.54,12.4,13.6,-34576.0
ICG,2022-06-14 07:00:00,-9.06,9.06,8.29,8.98,-8800.0
ICG,2023-07-17 07:00:00,-7.19,7.47,7.19,7.38,-3155.0
ICG,2023-09-06 07:00:00,-7.94,7.94,7.38,7.38,-74213.0
ICG,2024-09-09 07:00:00,-7.38,7.38,7.38,7.38,-100.0
ICG,2024-12-30 07:00:00,-7.3,7.4,7.3,7.4,-300.0
ICG,2025-03-06 07:00:00,-7.6,7.8,7.6,7.8,-4100.0
ICG,2025-03-21 07:00:00,-8.3,8.3,7.8,8.3,-20911.0
IDI,2016-05-30 07:00:00,-3.46,3.51,3.42,3.42,-716060.0
IDI,2017-05-18 07:00:00,-2.86,3.01,2.81,2.91,-807640.0
IDI,2018-04-20 07:00:00,-7.71,8.08,7.63,8.05,-5917930.0
IDI,2020-05-18 07:00:00,-3.34,3.39,3.29,3.38,-1127280.0
IDI,2021-04-23 07:00:00,-5.12,5.36,5.05,5.36,-1824300.0
IDI,2021-06-08 07:00:00,-5.12,5.19,4.97,4.97,-2105000.0
IDI,2021-12-30 07:00:00,-11.57,12.07,11.41,12.07,-4569100.0
IDI,2022-02-22 07:00:00,-11.96,12.38,11.8,11.96,-3230900.0
IDI,2023-02-07 07:00:00,-10.19,10.61,9.98,10.19,-5484400.0
IDI,2023-11-28 07:00:00,-9.27,9.31,8.98,9.23,-2768200.0
IDI,2024-01-02 07:00:00,-9.86,9.86,9.65,9.69,-1611800.0
IDI,2025-01-17 07:00:00,-7.7,7.71,7.63,7.7,-290400.0
IDI,2025-03-07 07:00:00,-7.75,7.88,7.7,7.73,-824200.0
IDI,2026-01-07 07:00:00,-6.8,6.85,6.74,6.85,-420100.0
IDI,2026-01-28 07:00:00,-6.53,6.54,6.36,6.48,-488400.0
IDI,2026-01-30 07:00:00,-6.77,6.89,6.77,6.84,-905900.0
IDV,2016-06-29 07:00:00,-6.02,6.02,5.85,5.87,-11400.0
IDV,2016-09-12 07:00:00,-6.28,6.3,6.14,6.24,-7800.0
IDV,2017-01-05 07:00:00,-7.2,7.2,7.16,7.16,-7200.0
IDV,2017-04-19 07:00:00,-8.32,8.37,8.32,8.37,-38000.0
IDV,2017-07-13 07:00:00,-8.03,8.05,8.03,8.05,-18300.0
IDV,2017-08-30 07:00:00,-9.86,9.89,9.82,9.82,-16800.0
IDV,2018-02-12 07:00:00,-7.18,7.18,7.18,7.18,-306.0
IDV,2018-06-21 07:00:00,-7.29,7.29,7.29,7.29,-100.0
IDV,2018-09-19 07:00:00,-7.17,7.17,7.17,7.17,-100.0
IDV,2018-12-25 07:00:00,-7.76,7.82,7.73,7.73,-6800.0
IDV,2019-01-08 07:00:00,-7.96,8.08,7.96,8.02,-6335.0
IDV,2020-07-07 07:00:00,-12.78,12.78,12.74,45.11021077094296,-21420.0
IDV,2020-11-03 07:00:00,-18.24,18.24,17.77,17.84,-17000.0
IDV,2021-07-05 07:00:00,-23.24,23.24,22.18,22.52,-8900.0
IDV,2022-01-27 07:00:00,-27.22,27.71,27.22,27.22,-9400.0
IDV,2022-05-30 07:00:00,-25.01,25.01,24.72,24.86,-26156.0
IDV,2022-09-23 07:00:00,-21.1,16.984751004016065,20.29,18.54889499466815,36277.54600241061
IDV,2022-11-28 07:00:00,-14.36,14.84,14.36,14.36,-2556.0
IDV,2023-04-03 07:00:00,-16.34,17.4,16.34,17.34,-31326.0
IDV,2023-11-16 07:00:00,-21.98,22.28,21.98,22.1,-11502.0
IDV,2024-03-07 07:00:00,-26.66,26.8,26.59,26.59,-21851.0
IDV,2024-08-08 07:00:00,-25.54,26.03,25.54,25.68,-10507.0
IDV,2024-09-09 07:00:00,-26.59,26.59,26.38,218.47829908767383,-346778.0
IDV,2024-09-30 07:00:00,-26.24,26.24,26.1,26.17,-7401.0
IDV,2025-07-16 07:00:00,-22.23,22.31,22.06,22.31,-30000.0
IDV,2025-08-19 07:00:00,-23.4,23.4,23.07,23.07,-23800.0
IDV,2026-01-16 07:00:00,-23.06,23.5,23.06,23.41,-4400.0
IHK,2018-01-10 07:00:00,-8.67,8.67,8.67,8.67,-100.0
IHK,2018-08-07 07:00:00,-10.44,10.44,10.44,10.44,-108.0
IHK,2022-02-17 07:00:00,-20.35,20.35,17.3,17.3,-3620.0
IHK,2022-04-14 07:00:00,-16.65,18.78,16.65,18.78,-2900.0
IHK,2024-10-07 07:00:00,-13.8,13.8,13.8,13.8,-10.0
IHK,2025-03-13 07:00:00,-14.1,14.1,14.1,14.1,-100.0
IJC,2015-12-14 07:00:00,-2.56,2.59,2.45,2.45,-1286950.0
IJC,2016-03-18 07:00:00,-2.95,3.05,2.91,2.98,-1382670.0
IJC,2016-05-25 07:00:00,-2.73,2.77,2.66,2.73,-724980.0
IJC,2016-07-11 07:00:00,-3.19,3.26,3.16,24.747675559105307,-42020250.0
IJC,2017-12-06 07:00:00,-3.87,3.89,3.83,3.84,-167370.0
IJC,2018-06-22 07:00:00,-3.66,3.72,3.66,3.72,-230630.0
IJC,2019-04-03 07:00:00,-4.87,5.0,4.87,5.0,-316750.0
IJC,2019-06-05 07:00:00,-4.54,4.61,4.43,4.46,-357900.0
IJC,2019-07-04 07:00:00,-4.74,4.85,4.74,4.79,-730540.0
IJC,2019-08-07 07:00:00,-5.69,6.28,5.99,6.1,-1655530.0
IJC,2019-11-14 07:00:00,-6.83,6.91,6.8,6.85,-253370.0
IJC,2020-03-04 07:00:00,-6.33,6.33,6.18,6.28,-23360.0
IJC,2020-07-03 07:00:00,-5.26,5.33,5.23,5.3,-44720.0
IJC,2021-02-01 07:00:00,-11.47,11.78,11.08,11.08,-3125800.0
IJC,2021-10-21 07:00:00,-17.23,16.91,17.32,17.1,-4480400.0
IJC,2021-12-24 07:00:00,-18.17,18.2,17.65,17.81,-2850800.0
IJC,2022-09-22 07:00:00,-11.27,11.76,11.27,11.68,-1707100.0
IJC,2023-01-30 07:00:00,-7.94,8.27,7.86,8.03,-4432700.0
IJC,2023-03-23 07:00:00,-7.9,8.03,7.78,8.0,-1382000.0
IJC,2023-11-29 07:00:00,-9.41,9.41,9.3,9.41,-747300.0
IJC,2023-12-06 07:00:00,-10.46,10.53,10.25,10.42,-2546800.0
IJC,2024-02-05 07:00:00,-10.74,10.91,10.63,10.77,-1844900.0
IJC,2024-08-30 07:00:00,-11.03,11.07,10.91,10.91,-1942000.0
IJC,2025-11-27 07:00:00,-12.0,12.1,11.95,11.95,-1195200.0
ILA,2017-12-27 07:00:00,-11.47,11.61,11.32,11.61,-18300.0
ILA,2018-03-02 07:00:00,-7.3,7.3,7.3,7.3,-15010.0
ILA,2019-04-19 07:00:00,-2.52,2.6,2.52,2.52,-30600.0
ILA,2019-06-27 07:00:00,-1.47,1.47,1.39,1.47,-24900.0
ILA,2019-07-26 07:00:00,-1.56,1.56,1.47,1.56,-13120.0
ILA,2020-04-03 07:00:00,-2.43,2.43,2.43,2.43,-135.0
ILA,2020-07-01 07:00:00,-2.26,2.26,2.26,2.26,-300.0
ILA,2020-08-10 07:00:00,-2.0,2.08,2.0,2.08,-1642.0
ILA,2021-01-05 07:00:00,-2.69,2.86,2.6,2.86,-19600.0
ILA,2021-08-13 07:00:00,-4.68,4.68,4.51,4.51,-16200.0
ILA,2022-01-19 07:00:00,-10.72,10.81,10.34,10.62,-71700.0
ILA,2022-05-27 07:00:00,-7.21,8.06,7.02,7.87,-155900.0
ILA,2022-08-08 07:00:00,-5.88,6.54,5.88,6.35,-89301.0
ILA,2023-01-04 07:00:00,-2.37,2.37,2.37,2.37,-24100.0
ILA,2023-02-13 07:00:00,-2.66,2.66,2.47,2.47,-27400.0
ILA,2023-04-04 07:00:00,-2.66,2.66,2.56,8.078872107361086,-3102100.0
ZZZZZZ,2023-08-10 07:00:00,-4.55,4.55,4.17,4.17,-266887.0
ILA,2023-08-17 07:00:00,-4.08,4.08,3.89,3.89,-133560.0
ILA,2023-09-28 07:00:00,-3.03,3.13,3.03,3.03,-60000.0
ILA,2023-10-20 07:00:00,-2.94,3.03,2.94,3.03,-70000.0
ILA,2023-10-30 07:00:00,-3.22,3.22,3.03,3.13,-36520.0
ILA,2024-04-11 07:00:00,-5.5,5.5,5.22,5.31,-228331.0
ILA,2025-02-20 07:00:00,-4.6,4.6,4.4,4.4,-26550.0
ILA,2025-08-07 07:00:00,-7.1,7.2,7.0,7.1,-16300.0
ILA,2025-09-09 07:00:00,-6.9,6.9,6.3,6.8,-8700.0
ILC,2020-07-10 07:00:00,-3.0,3.0,3.0,3.0,-1200.0
ILC,2021-01-20 07:00:00,-3.4,3.4,3.4,3.4,-100.0
ILC,2021-07-14 07:00:00,-7.0,7.0,6.0,6.0,-1100.0
ILC,2023-07-03 07:00:00,-9.4,9.4,8.5,8.5,-1420.0
ILC,2023-10-06 07:00:00,-7.9,7.9,7.9,7.9,-300.0
ILC,2024-07-03 07:00:00,-10.1,10.1,7.5,7.5,-4810.0
ILC,2024-10-01 07:00:00,-6.4,6.4,5.9,5.9,-400.0
ILC,2025-02-24 07:00:00,-6.3,6.3,6.3,6.3,-25.0
ILC,2025-03-12 07:00:00,-7.8,7.9,7.8,7.9,-402.0
ILC,2025-04-10 07:00:00,-7.7,7.7,7.7,7.7,-100.0
ILC,2025-08-15 07:00:00,-6.7,6.7,6.7,6.7,-3800.0
ILC,2025-10-17 07:00:00,-6.7,6.7,6.7,6.7,-1100.0
ILC,2026-01-14 07:00:00,-7.0,7.0,5.6,5.6,-300.0
IME,2016-02-24 07:00:00,-35.98,35.98,35.98,35.98,-400.0
IME,2018-03-28 07:00:00,-6.54,6.54,6.54,6.54,-100.0
IMP,2016-03-18 07:00:00,-10.04,10.1,9.6,9.6,-18320.0
IMP,2016-05-13 07:00:00,-9.44,9.52,9.44,9.52,-150.0
IMP,2017-01-24 07:00:00,-12.36,12.59,12.36,12.36,-17900.0
IMP,2017-02-14 07:00:00,-13.38,13.61,13.34,13.38,-34470.0
IMP,2017-02-17 07:00:00,-13.29,13.5,13.16,13.5,-5330.0
IMP,2017-05-05 07:00:00,-13.61,13.84,13.61,13.63,-2810.0
IMP,2017-08-14 07:00:00,-17.05,17.25,16.85,17.18,-7750.0
IMP,2017-09-19 07:00:00,-16.27,16.27,15.55,15.8,-47000.0
IMP,2017-10-18 07:00:00,-15.92,15.92,15.92,15.92,-4220.0
IMP,2017-10-24 07:00:00,-15.8,15.92,15.67,15.8,-11240.0
IMP,2019-09-17 07:00:00,-14.53,14.53,14.51,14.53,-8090.0
IMP,2020-01-21 07:00:00,-14.84,15.06,14.84,14.99,-8820.0
IMP,2020-05-11 07:00:00,-16.36,16.66,16.06,16.36,-100540.0
IMP,2020-09-10 07:00:00,-19.21,19.21,19.03,19.07,-57230.0
IMP,2022-04-18 07:00:00,-30.31,30.31,30.19,30.19,-4700.0
IMP,2022-09-16 07:00:00,-26.12,26.5,26.12,26.5,-300.0
IMP,2022-09-23 07:00:00,-25.87,25.87,25.83,25.83,-2800.0
IMP,2023-07-07 07:00:00,-25.87,27.12,25.45,26.66,-25500.0
IMP,2023-07-12 07:00:00,-26.5,26.91,25.87,26.91,-42200.0
IMP,2023-11-10 07:00:00,-25.35,25.75,25.35,25.62,-4700.0
IMP,2024-02-19 07:00:00,-28.02,28.91,27.8,28.91,-172900.0
IMP,2024-02-22 07:00:00,-28.91,29.13,28.87,29.09,-14700.0
IMP,2024-03-15 07:00:00,-29.44,29.62,29.36,29.62,-20300.0
IMP,2024-05-27 07:00:00,-30.02,30.24,29.58,30.07,-14300.0
IMP,2024-06-05 07:00:00,-30.6,30.65,30.24,30.42,-11900.0
IMP,2024-06-19 07:00:00,-31.22,31.98,31.22,31.98,-80500.0
IMP,2024-08-15 07:00:00,-41.85,42.59,41.85,41.94,-63800.0
IMP,2025-01-10 07:00:00,-43.18,44.07,42.98,43.28,-94500.0
IMP,2025-10-27 07:00:00,-49.3,49.3,48.0,48.95,-30800.0
IMP,2025-10-30 07:00:00,-48.75,48.75,47.35,48.55,-111000.0
IMP,2026-03-12 07:00:00,-56.7,55.4,56.8,56.1,-50700.0
ITD,2016-06-06 07:00:00,-9.25,9.32,9.11,9.14,-244010.0
ITD,2016-06-16 07:00:00,-11.62,11.62,11.08,11.08,-299560.0
ITD,2016-07-28 07:00:00,-10.47,10.51,10.18,10.18,-60320.0
ITD,2016-08-24 07:00:00,-10.98,11.08,10.83,10.83,-132050.0
ITD,2017-01-23 07:00:00,-10.4,11.16,10.4,11.16,-213750.0
ITD,2017-04-14 07:00:00,-11.89,12.02,11.62,11.8,-199090.0
ITD,2017-06-23 07:00:00,-10.18,10.2,9.9,9.95,-98220.0
ITD,2017-08-02 07:00:00,-9.59,9.68,9.54,9.59,-47740.0
ITD,2017-08-14 07:00:00,-9.19,9.22,9.17,9.19,-27590.0
ITD,2018-04-04 07:00:00,-5.5,5.6,5.37,5.55,-48520.0
ITD,2018-06-27 07:00:00,-6.14,6.14,5.94,5.94,-38160.0
ITD,2018-07-18 07:00:00,-5.82,5.94,5.64,5.86,-58890.0
ITD,2018-09-20 07:00:00,-5.89,5.91,5.89,5.91,-11960.0
ITD,2019-01-22 07:00:00,-5.58,5.63,5.58,5.58,-14310.0
ITD,2019-09-19 07:00:00,-6.83,6.83,6.83,6.83,-7240.0
ITD,2020-07-06 07:00:00,-5.94,5.94,5.81,5.87,-690.0
ITD,2021-02-04 07:00:00,-7.87,7.87,7.72,7.83,-17900.0
ITD,2021-05-10 07:00:00,-9.87,10.19,9.8,10.15,-318600.0
ITD,2021-12-03 07:00:00,-14.73,14.91,14.16,14.16,-291400.0
ITD,2022-02-14 07:00:00,-11.52,11.92,11.52,11.92,-129900.0
ITD,2022-04-04 07:00:00,-14.4,14.48,14.12,14.24,-446000.0
ITD,2022-06-27 07:00:00,-9.4,9.76,9.4,9.76,-134800.0
ITD,2022-08-23 07:00:00,-9.12,9.32,9.12,9.2,-121900.0
ITD,2022-10-24 07:00:00,-7.6,7.64,7.4,7.4,-176200.0
ITD,2023-01-17 07:00:00,-9.52,9.84,9.52,9.68,-79200.0
ITD,2023-03-14 07:00:00,-10.33,10.33,9.98,9.98,-14100.0
ITD,2023-09-29 07:00:00,-9.49,9.49,9.32,9.45,-45400.0
ITD,2024-01-24 07:00:00,-8.44,8.48,8.4,8.44,-7700.0
ITD,2024-03-08 07:00:00,-8.48,8.73,8.35,8.67,-18800.0
ITD,2025-04-24 07:00:00,-10.55,10.55,10.46,10.55,-29700.0
ITD,2025-05-05 07:00:00,-11.52,11.52,11.52,11.52,-29200.0
ITD,2025-05-28 07:00:00,-12.75,12.75,12.13,12.35,-78100.0
ITD,2025-07-11 07:00:00,-11.91,12.22,11.91,12.22,-21100.0
ITD,2025-09-30 07:00:00,-12.52,12.52,12.28,12.33,-36200.0
JOS,2022-11-18 07:00:00,-1.4,1.4,1.2,1.2,-3200.0
JOS,2024-02-23 07:00:00,-1.0,1.2,1.0,1.1,-7100.0
JVC,2015-12-25 07:00:00,-5.5,5.5,5.2,5.3,-658550.0
JVC,2016-03-08 07:00:00,-4.8,4.9,4.7,4.7,-520540.0
JVC,2016-04-29 07:00:00,-4.4,4.6,4.3,4.3,-666120.0
JVC,2016-10-03 07:00:00,-3.57,3.57,3.45,3.5,-600940.0
JVC,2017-08-29 07:00:00,-3.7,3.76,3.68,3.74,-170550.0
JVC,2018-07-26 07:00:00,-3.41,3.47,3.25,3.25,-155630.0
JVC,2018-10-18 07:00:00,-2.84,2.84,2.8,2.81,-60510.0
JVC,2018-10-26 07:00:00,-2.69,2.69,2.58,2.62,-176770.0
JVC,2018-11-12 07:00:00,-3.01,3.19,3.01,3.05,-56030.0
JVC,2018-12-17 07:00:00,-3.2,3.24,3.18,3.18,-197070.0
JVC,2019-04-04 07:00:00,-3.39,3.42,3.3,3.33,-189900.0
JVC,2019-04-26 07:00:00,-3.12,3.17,3.1,3.11,-168090.0
JVC,2019-07-11 07:00:00,-2.81,2.9,2.81,2.88,-54850.0
JVC,2019-12-31 07:00:00,-3.41,3.41,3.36,3.39,-140530.0
JVC,2020-06-15 07:00:00,-3.64,3.82,3.64,3.72,-4490740.0
JVC,2020-06-17 07:00:00,-4.25,4.25,4.25,4.25,-2925520.0
JVC,2020-07-15 07:00:00,-3.69,3.69,3.62,3.68,-277500.0
JVC,2020-09-10 07:00:00,-5.25,5.4,5.2,5.2,-619310.0
JVC,2021-02-01 07:00:00,-4.62,4.86,4.32,4.39,-662400.0
JVC,2021-05-07 07:00:00,-4.73,4.74,4.5,4.6,-829500.0
JVC,2021-06-08 07:00:00,-4.8,4.8,4.5,4.52,-1084500.0
JVC,2021-07-01 07:00:00,-4.12,4.2,3.95,4.02,-3228000.0
JVC,2021-10-14 07:00:00,-6.52,6.75,6.5,6.7,-1628100.0
JVC,2022-01-14 07:00:00,-9.49,10.65,9.49,9.98,-5963600.0
JVC,2022-03-24 07:00:00,-12.2,13.2,12.2,12.95,-5603000.0
JVC,2022-06-13 07:00:00,-5.91,6.2,5.85,5.86,-1495800.0
JVC,2022-08-18 07:00:00,-6.02,6.04,5.95,5.99,-884900.0
JVC,2022-09-09 07:00:00,-5.05,5.1,5.02,5.05,-598700.0
JVC,2023-03-08 07:00:00,-3.4,3.48,3.37,3.43,-976600.0
JVC,2023-04-03 07:00:00,-3.15,3.19,3.14,3.16,-624300.0
JVC,2023-07-05 07:00:00,-4.09,4.09,4.04,4.07,-483800.0
JVC,2023-11-03 07:00:00,-3.25,3.25,3.11,3.18,-330700.0
JVC,2023-12-11 07:00:00,-3.5,3.5,3.36,3.4,-460000.0
JVC,2024-01-30 07:00:00,-3.36,3.38,3.32,3.36,-333000.0
JVC,2024-02-16 07:00:00,-3.64,3.65,3.59,3.6,-578600.0
JVC,2025-04-15 07:00:00,-4.34,4.51,4.31,4.51,-340300.0
JVC,2025-08-19 07:00:00,-5.73,5.82,5.68,5.69,-468000.0
JVC,2026-03-05 07:00:00,-5.59,5.59,5.1,5.1,-220900.0
JVC,2026-03-11 07:00:00,-4.46,4.56,4.4,4.5,-197800.0
JVC,2026-03-25 07:00:00,-4.6,4.65,4.59,4.65,-119100.0
JVC,2026-04-24 07:00:00,-4.28,4.29,4.2,4.21,-70000.0
KDC,2016-06-07 07:00:00,-19.87,19.94,19.72,19.72,-140180.0
KDC,2016-12-27 07:00:00,-25.81,26.26,25.81,26.19,-149560.0
KDC,2017-05-31 07:00:00,-31.89,32.27,31.82,31.85,-239600.0
KDC,2017-06-20 07:00:00,-34.97,35.42,34.59,35.19,-696500.0
KDC,2017-08-04 07:00:00,-34.6,34.6,33.44,34.21,-238250.0
KDC,2017-11-30 07:00:00,-29.55,30.02,29.47,29.94,-369290.0
KDC,2018-06-06 07:00:00,-26.28,27.92,26.13,27.6,-73330.0
KDC,2018-06-11 07:00:00,-26.83,27.06,26.36,26.9,-88780.0
KDC,2019-03-08 07:00:00,-19.42,19.58,19.26,19.46,-141760.0
KDC,2019-07-11 07:00:00,-15.3,15.42,15.26,15.42,-35470.0
KDC,2019-09-20 07:00:00,-16.73,17.05,16.65,16.73,-85890.0
KDC,2019-10-18 07:00:00,-18.48,18.48,17.95,18.07,-120100.0
KDC,2020-06-03 07:00:00,-28.8,29.36,28.5,28.8,-903020.0
KDC,2020-08-14 07:00:00,-28.84,28.84,27.73,27.9,-824410.0
KDC,2020-12-16 07:00:00,-34.55,34.64,33.93,34.42,-717250.0
KDC,2021-10-13 07:00:00,-53.89,53.99,53.52,53.99,-1510900.0
KDC,2022-08-25 07:00:00,-63.54,63.83,63.36,63.64,-1197800.0
KDC,2023-12-20 07:00:00,-59.74,59.74,59.18,59.74,-1014600.0
KDC,2024-01-12 07:00:00,-59.65,59.74,59.16,59.45,-777700.0
KDC,2024-04-02 07:00:00,-60.03,60.13,59.26,60.13,-727700.0
KDC,2024-08-21 07:00:00,-53.28,54.44,53.08,53.66,-874200.0
KDC,2024-12-02 07:00:00,-50.3,50.3,49.51,49.9,-643600.0
KDC,2025-07-21 07:00:00,-54.3,54.69,53.52,53.52,-594100.0
KDC,2025-07-29 07:00:00,-54.2,54.2,53.32,53.62,-546500.0
KDC,2026-01-30 07:00:00,-49.95,50.0,49.65,50.0,-188600.0
KGM,2021-07-02 07:00:00,-6.64,6.64,6.64,6.64,-900.0
KGM,2021-11-19 07:00:00,-9.48,9.48,9.48,9.48,-3000.0
KGM,2022-08-24 07:00:00,-9.36,9.36,9.36,9.36,-10.0
KGM,2023-08-21 07:00:00,-12.16,10.79,12.25,11.43,-19028.0
KGM,2023-11-17 07:00:00,-8.87,8.87,8.14,8.14,-20811.0
KGM,2024-02-02 07:00:00,-6.86,6.86,6.4,6.68,-176312.0
KGM,2024-11-05 07:00:00,-6.67,6.76,6.67,6.76,-30700.0
KGM,2026-03-31 07:00:00,-5.8,5.8,5.8,5.8,-300.0
KMR,2015-12-02 07:00:00,-4.5,4.6,4.5,4.6,-150290.0
KMR,2016-03-23 07:00:00,-4.4,4.7,4.4,4.7,-660330.0
KMR,2016-05-16 07:00:00,-6.4,6.6,6.3,6.3,-424130.0
KMR,2017-07-31 07:00:00,-4.55,4.69,4.44,4.65,-228260.0
KMR,2018-01-04 07:00:00,-4.27,4.4,4.27,4.39,-37980.0
KMR,2018-02-07 07:00:00,-3.99,4.06,3.99,4.06,-78100.0
KMR,2018-08-07 07:00:00,-3.48,3.5,3.4,3.48,-104690.0
KMR,2018-10-16 07:00:00,-3.1,3.17,2.97,3.09,-444110.0
KMR,2018-12-04 07:00:00,-3.8,3.9,3.55,3.9,-204180.0
KMR,2019-11-07 07:00:00,-2.65,2.7,2.63,2.68,-40810.0
KMR,2019-11-25 07:00:00,-2.63,2.63,2.61,2.61,-7960.0
KMR,2020-01-10 07:00:00,-2.73,2.75,2.64,2.75,-25730.0
KMR,2020-02-07 07:00:00,-2.6,2.7,2.6,2.7,-14810.0
KMR,2020-03-10 07:00:00,-2.45,2.45,2.3,2.3,-360900.0
KMR,2020-06-18 07:00:00,-2.48,2.48,2.39,2.46,-91070.0
KMR,2020-06-23 07:00:00,-2.51,2.51,2.43,2.48,-50650.0
KMR,2020-07-29 07:00:00,-2.06,2.17,2.06,2.1,-33470.0
KMR,2020-09-03 07:00:00,-2.22,2.27,2.15,2.22,-63110.0
KMR,2020-10-23 07:00:00,-2.18,2.22,2.18,2.22,-100500.0
KMR,2020-11-02 07:00:00,-2.27,2.27,2.23,2.25,-101280.0
KMR,2021-10-20 07:00:00,-7.9,7.98,7.73,7.88,-383300.0
KMR,2022-01-19 07:00:00,-7.33,7.5,7.33,7.33,-727600.0
KMR,2022-08-15 07:00:00,-4.97,5.0,4.92,4.97,-68400.0
KMR,2024-01-24 07:00:00,-3.51,3.52,3.49,3.51,-14800.0
KMR,2024-02-06 07:00:00,-3.46,3.51,3.46,34.48487370173915,-1377600.0
KMR,2025-06-03 07:00:00,-3.11,3.12,3.08,3.12,-62500.0
KMR,2025-06-04 07:00:00,-3.12,3.13,3.07,3.1,-32900.0
KMR,2025-06-17 07:00:00,-3.03,3.03,3.02,3.03,-26200.0
KMR,2026-01-07 07:00:00,-2.95,2.97,2.92,2.97,-27200.0
KSQ,2015-10-30 07:00:00,-5.1,5.1,5.1,5.1,-300.0
KSQ,2016-01-19 07:00:00,-2.5,2.7,2.5,2.6,-146700.0
KSQ,2016-04-15 07:00:00,-4.0,4.0,3.8,3.8,-111500.0
KSQ,2016-04-19 07:00:00,-3.8,3.8,3.5,3.5,-260600.0
KSQ,2017-09-26 07:00:00,-2.7,2.7,2.5,2.5,-81641.0
KSQ,2017-12-08 07:00:00,-2.1,2.2,1.9,2.2,-52900.0
KSQ,2018-06-04 07:00:00,-1.6,1.6,1.5,1.5,-416100.0
KSQ,2019-02-21 07:00:00,-1.1,1.2,1.1,1.2,-21600.0
KSQ,2019-02-27 07:00:00,-1.3,1.3,1.2,1.3,-71400.0
KSQ,2019-03-04 07:00:00,-1.4,1.4,1.4,1.4,-58200.0
KSQ,2020-09-10 07:00:00,-1.3,1.5,1.3,1.5,-34000.0
KSQ,2021-05-28 07:00:00,-3.3,3.4,3.2,3.3,-117205.0
KSQ,2022-03-23 07:00:00,-8.0,8.0,7.7,7.8,-275704.0
KSQ,2022-04-27 07:00:00,-4.7,5.3,4.6,5.2,-140500.0
KSQ,2022-10-11 07:00:00,-2.7,2.7,2.5,2.5,-82120.0
KSQ,2022-10-20 07:00:00,-2.7,2.4,2.8,2.5,-82300.0
KSQ,2023-02-08 07:00:00,-1.8,1.9,1.7,1.8,-129350.0
KSQ,2023-02-20 07:00:00,-1.9,2.0,1.8,1.9,-60800.0
KSQ,2023-02-23 07:00:00,-1.9,1.9,1.8,1.8,-101000.0
KSQ,2024-09-30 07:00:00,-3.5,3.6,3.4,3.5,-136400.0
KSQ,2024-10-23 07:00:00,-3.1,3.1,3.0,3.1,-17707.0
KSQ,2025-01-24 07:00:00,-3.0,3.0,2.9,2.9,-191414.0
KSQ,2025-06-10 07:00:00,-2.0,2.0,1.7,1.8,-273100.0
KSQ,2025-12-25 07:00:00,-1.9,1.9,1.9,1.9,-4600.0
KST,2018-06-04 07:00:00,-5.77,5.77,5.77,5.77,-2200.0
KST,2018-08-01 07:00:00,-4.13,4.13,4.13,4.13,-100.0
KST,2018-09-14 07:00:00,-4.79,4.79,4.79,4.79,-200.0
KST,2019-11-04 07:00:00,-4.83,4.83,4.83,4.83,-400.0
KST,2022-03-21 07:00:00,-11.95,11.95,11.95,11.95,-400.0
KST,2022-08-11 07:00:00,-11.26,11.26,11.26,11.26,-200.0
KST,2023-08-30 07:00:00,-11.05,11.05,10.97,10.97,-400.0
KST,2023-10-12 07:00:00,-11.38,11.38,11.38,11.38,-200.0
KST,2026-01-07 07:00:00,-13.5,13.5,13.5,13.5,-500.0
KTT,2017-08-21 07:00:00,-5.9,6.0,5.8,6.0,-4500.0
KTT,2021-03-08 07:00:00,-7.2,7.2,7.2,7.2,-4600.0
KTT,2021-08-27 07:00:00,-6.1,6.1,6.0,6.1,-1900.0
KTT,2022-02-24 07:00:00,-15.0,15.0,13.6,14.6,-29600.0
KTT,2022-05-25 07:00:00,-11.5,11.5,11.5,11.5,-100.0
KTT,2023-06-27 07:00:00,-3.8,3.8,3.5,3.7,-10600.0
KTT,2023-08-24 07:00:00,-3.5,3.7,3.5,3.5,-6900.0
KTT,2024-02-06 07:00:00,-4.6,5.0,4.6,5.0,-1500.0
KTT,2024-03-07 07:00:00,-4.2,4.2,3.9,4.0,-7212.0
L14,2016-02-24 07:00:00,-4.93,5.02,4.92,5.02,-700.0
L14,2016-09-19 07:00:00,-8.85,8.85,8.46,8.55,-18680.0
L14,2016-11-03 07:00:00,-7.53,7.57,7.39,7.57,-3100.0
L14,2016-11-30 07:00:00,-9.25,9.6,9.25,9.57,-27300.0
L14,2016-12-14 07:00:00,-8.59,9.05,8.53,8.86,-11900.0
L14,2018-01-17 07:00:00,-23.54,25.62,23.54,24.82,-106840.0
L14,2018-03-26 07:00:00,-29.29,30.71,29.24,30.46,-70208.0
L14,2018-06-25 07:00:00,-18.52,19.69,18.28,18.28,-72700.0
L14,2018-07-05 07:00:00,-17.64,17.69,16.08,16.08,-54110.0
L14,2018-10-25 07:00:00,-16.67,20.28,16.67,17.79,-239660.0
L14,2018-11-12 07:00:00,-18.37,18.81,18.13,18.81,-27060.0
L14,2019-08-06 07:00:00,-33.0,34.34,33.0,34.34,-179485.0
L14,2019-10-22 07:00:00,-33.09,33.27,32.44,32.79,-62106.0
L14,2020-04-16 07:00:00,-31.79,32.85,31.5,32.79,-95746.0
L14,2021-02-25 07:00:00,-56.09,57.18,54.53,56.71,-86975.0
L14,2021-04-16 07:00:00,-64.73,65.43,61.77,64.26,-80658.0
L14,2021-06-15 07:00:00,-60.6,60.6,59.51,59.51,-38046.0
L14,2021-10-18 07:00:00,-105.39,113.53,105.39,113.53,-111978.0
L14,2022-02-18 07:00:00,-330.75,342.57,315.32,342.57,-104042.0
L14,2022-04-27 07:00:00,-179.94,185.08,158.52,181.65,-109411.0
L14,2022-08-11 07:00:00,-122.2,128.11,116.28,117.76,-391431.0
L14,2022-09-22 07:00:00,-85.74,87.61,85.05,86.82,-90578.0
L14,2022-12-23 07:00:00,-46.32,47.2,43.85,44.35,-315510.0
L14,2023-07-28 07:00:00,-42.87,45.23,42.47,45.23,-1519060.0
L14,2024-09-06 07:00:00,-31.2,31.2,30.8,30.8,-61765.0
L14,2025-02-21 07:00:00,-30.7,30.9,30.0,30.8,-193322.0
L61,2015-12-24 07:00:00,-9.73,9.73,9.73,9.73,-100.0
L61,2016-05-31 07:00:00,-8.95,8.95,8.95,8.95,-100.0
L61,2017-06-06 07:00:00,-6.83,7.57,6.83,7.48,-22800.0
L61,2017-11-30 07:00:00,-7.8,7.8,7.8,7.8,-8.0
L61,2021-03-05 07:00:00,-7.3,7.3,7.3,7.3,-100.0
L61,2021-11-18 07:00:00,-8.3,9.1,8.3,9.1,-5777.0
ZZZZZZ,2022-01-18 07:00:00,-8.0,8.2,8.0,8.2,-212.0
L61,2024-12-20 07:00:00,-1.3,1.3,1.3,1.3,-10200.0
L61,2025-05-16 07:00:00,-1.3,1.3,1.3,1.3,-1100.0
L62,2016-08-15 07:00:00,-4.92,4.92,4.54,4.54,-1100.0
L62,2016-12-02 07:00:00,-5.31,5.31,5.31,5.31,-1500.0
L62,2022-01-19 07:00:00,-5.9,6.2,5.9,6.1,-600.0
L62,2022-09-23 07:00:00,-4.1,4.1,4.1,4.1,-61.0
L62,2023-05-15 07:00:00,-3.7,3.7,3.4,3.4,-200.0
L62,2024-01-23 07:00:00,-2.8,2.8,2.8,2.8,-100.0
L62,2025-08-15 07:00:00,-2.6,2.6,2.6,2.6,-100.0
L63,2016-11-03 07:00:00,-4.58,4.58,4.58,4.58,-1200.0
L63,2021-07-13 07:00:00,-6.8,6.8,6.8,6.8,-1000.0
L63,2021-08-20 07:00:00,-7.7,7.7,7.7,7.7,-100.0
L63,2021-10-01 07:00:00,-7.2,7.2,7.2,7.2,-400.0
L63,2021-12-20 07:00:00,-7.6,7.8,7.6,7.7,-4300.0
L63,2022-06-21 07:00:00,-6.9,6.9,6.9,6.9,-100.0
L63,2024-12-13 07:00:00,-6.9,6.9,6.9,6.9,-800.0
L63,2025-08-29 07:00:00,-8.8,8.8,8.8,8.8,-1000.0
LAI,2023-06-13 07:00:00,-11.25,11.56,14.050107874865157,15.618197078288027,-1200.0
LAI,2023-08-15 07:00:00,-12.16,12.16,12.16,12.16,-700.0
LAI,2024-07-09 07:00:00,-24.47,24.47,24.47,24.47,-100.0
LAI,2024-10-07 07:00:00,-21.27,21.27,20.7,21.2,-8300.0
LAI,2025-01-10 07:00:00,-20.83,20.83,20.08,20.33,-46300.0
LAI,2025-11-20 07:00:00,-15.1,15.1,15.0,15.0,-32800.0
LAI,2026-03-30 07:00:00,-11.5,11.6,11.2,11.2,-55300.0
LAI,2026-04-17 07:00:00,-11.3,11.4,11.3,11.4,-7200.0
LBM,2016-10-13 07:00:00,-6.86,6.92,6.79,6.92,-6400.0
LBM,2017-07-06 07:00:00,-6.06,6.06,6.04,6.04,-1810.0
LBM,2017-07-07 07:00:00,-6.07,6.08,5.93,6.07,-3390.0
LBM,2017-07-25 07:00:00,-6.1,6.11,6.03,6.11,-2390.0
LBM,2017-11-13 07:00:00,-4.8,5.12,4.8,28.976367594102555,-272240.0
LBM,2018-01-26 07:00:00,-4.51,4.65,4.51,4.64,-1030.0
LBM,2018-03-05 07:00:00,-4.37,4.37,4.37,4.37,-13100.0
LBM,2018-04-02 07:00:00,-4.99,4.99,4.98,4.98,-2680.0
LBM,2018-06-06 07:00:00,-4.65,4.65,4.41,4.41,-30.0
LBM,2018-06-11 07:00:00,-4.82,4.92,4.78,4.78,-290.0
LBM,2018-07-26 07:00:00,-4.91,4.98,4.57,4.81,-160.0
LBM,2019-01-30 07:00:00,-5.16,5.4,5.07,5.07,-3650.0
LBM,2019-03-15 07:00:00,-5.0,5.0,5.0,5.0,-20.0
LBM,2019-03-25 07:00:00,-5.27,5.27,4.93,5.08,-390.0
LBM,2019-08-06 07:00:00,-4.67,4.76,4.67,4.76,-130.0
LBM,2020-02-27 07:00:00,-4.49,4.49,4.42,4.42,-1490.0
LBM,2020-03-26 07:00:00,-4.4,4.4,4.4,4.4,-20.0
LBM,2020-04-08 07:00:00,-4.33,4.42,4.33,4.42,-110.0
LBM,2020-08-07 07:00:00,-5.22,5.22,5.22,5.22,-4000.0
LBM,2021-03-11 07:00:00,-10.88,11.1,10.52,10.52,-1900.0
LBM,2021-07-15 07:00:00,-11.43,11.43,11.08,11.08,-3100.0
LBM,2021-12-09 07:00:00,-16.05,16.05,15.35,15.69,-2700.0
LBM,2022-05-13 07:00:00,-17.57,18.15,17.57,18.15,-2200.0
LBM,2022-07-11 07:00:00,-16.43,16.81,16.05,16.81,-4400.0
LBM,2022-07-26 07:00:00,-15.8,15.78,16.41,16.41,-400.0
LBM,2022-10-21 07:00:00,-14.59,16.75,14.59,16.22,-1800.0
LBM,2023-01-11 07:00:00,-15.39,15.39,15.39,15.39,-600.0
LBM,2023-05-15 07:00:00,-17.12,17.52,16.89,17.06,-38300.0
LBM,2024-06-07 07:00:00,-20.06,20.06,19.74,20.0,-22600.0
LBM,2024-11-14 07:00:00,-23.47,23.47,23.26,23.3,-10700.0
LBM,2025-07-09 07:00:00,-27.91,28.44,27.55,28.18,-32000.0
LBM,2025-08-05 07:00:00,-32.3,32.66,32.08,32.3,-52400.0
LBM,2025-08-06 07:00:00,-32.3,32.48,32.21,32.48,-24700.0
LBM,2025-11-18 07:00:00,-33.65,34.5,33.65,34.19,-365000.0
LDP,2015-11-11 07:00:00,-13.59,13.59,13.59,13.59,-200.0
LDP,2016-01-27 07:00:00,-13.39,14.34,13.39,13.42,-14500.0
LDP,2016-01-28 07:00:00,-13.42,13.42,13.42,13.42,-1200.0
LDP,2016-05-06 07:00:00,-15.63,16.01,15.29,16.01,-66500.0
LDP,2016-08-31 07:00:00,-21.75,22.12,21.75,22.12,-200.0
LDP,2017-02-16 07:00:00,-24.53,26.16,24.53,26.16,-26811.0
LDP,2017-09-25 07:00:00,-26.02,26.02,26.02,26.02,-51.0
LDP,2018-11-14 07:00:00,-16.51,16.51,16.51,16.51,-3148.0
LDP,2020-10-28 07:00:00,-11.4,11.8,11.4,11.8,-4500.0
LDP,2021-04-20 07:00:00,-10.0,10.1,9.9,10.0,-8800.0
LDP,2021-11-09 07:00:00,-13.9,15.2,13.9,18.27449196470623,-59850.0
LDP,2021-12-29 07:00:00,-36.0,40.0,34.1,37.9,-11300.0
LDP,2022-08-03 07:00:00,-15.0,15.2,15.0,15.0,-15605.0
LDP,2023-05-10 07:00:00,-7.5,8.0,7.5,7.9,-11500.0
LDP,2023-06-22 07:00:00,-8.0,8.2,7.9,8.1,-76441.0
LDP,2023-12-11 07:00:00,-14.6,14.8,14.5,14.8,-12100.0
LDP,2023-12-19 07:00:00,-12.8,13.0,12.8,12.8,-9000.0
LG9,2019-11-19 07:00:00,-6.69,6.69,6.69,6.69,-6.0
LG9,2020-10-30 07:00:00,-3.12,4.19,3.12,4.19,-18700.0
LG9,2022-01-12 07:00:00,-18.3,19.19,14.9,15.26,-21900.0
LG9,2022-07-01 07:00:00,-7.59,7.59,7.59,7.59,-200.0
LG9,2022-08-02 07:00:00,-5.35,6.69,5.35,6.69,-2400.0
LG9,2022-09-12 07:00:00,-5.71,5.71,5.71,5.71,-1000.0
LG9,2024-06-24 07:00:00,-5.1,5.1,5.1,5.1,-1000.0
LG9,2025-03-27 07:00:00,-6.3,6.3,6.3,6.3,-108.0
LHC,2016-08-02 07:00:00,-10.18,10.18,9.8,10.13,-5300.0
LHC,2016-08-04 07:00:00,-10.13,10.13,9.97,9.97,-8900.0
LHC,2016-11-29 07:00:00,-11.29,11.38,10.2,10.3,-75820.0
LHC,2017-08-02 07:00:00,-10.78,10.85,10.78,10.85,-1100.0
LHC,2017-09-19 07:00:00,-11.2,11.2,37.51185185185185,11.15,-4710.0
LHC,2018-01-04 07:00:00,-10.31,10.31,10.31,10.31,-100.0
LHC,2018-05-03 07:00:00,-9.22,9.7,8.98,9.7,-5900.0
LHC,2019-09-26 07:00:00,-12.11,12.11,12.11,12.11,-12700.0
LHC,2020-02-28 07:00:00,-12.21,12.21,12.21,12.21,-6200.0
LHC,2020-03-09 07:00:00,-12.25,12.27,12.25,12.27,-3300.0
LHC,2020-11-20 07:00:00,-18.68,18.81,18.68,18.72,-2700.0
LHC,2022-09-21 07:00:00,-56.89,56.89,56.89,56.89,-200.0
LHC,2022-10-31 07:00:00,-51.39,51.39,48.23,48.23,-1600.0
LHC,2022-11-11 07:00:00,-48.68,48.68,48.68,48.68,-114.0
LHC,2023-06-15 07:00:00,-42.23,45.82,42.23,45.27,-17600.0
LHC,2023-06-23 07:00:00,-44.62,44.81,44.26,44.81,-13400.0
LHC,2023-08-25 07:00:00,-51.44,51.44,50.69,51.44,-13900.0
LHC,2024-01-18 07:00:00,-48.79,49.46,48.42,49.46,-39800.0
LHC,2024-11-22 07:00:00,-71.2,71.2,70.21,70.31,-10200.0
LHC,2025-02-17 07:00:00,-73.27,73.27,71.49,73.27,-14564.0
LHC,2025-06-02 07:00:00,-72.4,74.0,72.0,72.8,-20100.0
LHC,2025-09-03 07:00:00,-98.6,98.6,96.0,96.0,-38200.0
LM3,2020-03-13 07:00:00,-0.8,0.8,0.8,0.8,-5900.0
LMH,2019-02-18 07:00:00,-9.87,9.92,9.78,9.82,-190070.0
LMH,2019-04-10 07:00:00,-10.46,10.69,10.46,10.55,-652690.0
LMH,2019-04-12 07:00:00,-10.46,10.51,10.23,10.51,-171320.0
LMH,2019-05-28 07:00:00,-11.92,12.1,11.92,12.1,-261020.0
LMH,2019-08-08 07:00:00,-15.33,15.56,15.33,15.47,-287100.0
LMH,2020-01-06 07:00:00,-6.88,6.88,6.88,6.88,-970.0
LMH,2020-04-17 07:00:00,-1.32,1.35,1.29,1.35,-958100.0
LMH,2020-05-21 07:00:00,-1.0,1.0,1.0,1.0,-798380.0
LMH,2020-05-27 07:00:00,-0.76,0.76,0.76,0.76,-94660.0
LMH,2021-08-06 07:00:00,-8.6,9.1,7.4,8.3,-3420015.0
LMH,2021-10-13 07:00:00,-8.6,9.0,8.6,8.8,-771816.0
LMH,2022-09-12 07:00:00,-10.8,11.2,10.2,10.8,-645745.0
LMH,2023-05-26 07:00:00,-3.2,3.5,3.1,3.4,-1988463.0
LMH,2023-09-18 07:00:00,-4.0,4.1,3.9,16.49058338762094,-29445744.0
LMH,2024-03-21 07:00:00,-2.7,2.8,2.6,2.7,-264800.0
LSG,2023-04-07 07:00:00,-7.3,7.3,6.5,6.5,-1955.0
LSG,2023-11-22 07:00:00,-10.6,10.6,10.3,10.5,-18922.0
LSG,2024-01-31 07:00:00,-8.4,8.4,7.9,8.4,-42236.0
LSG,2024-11-15 07:00:00,-11.8,11.8,11.0,11.0,-38740.0
LSG,2026-01-15 07:00:00,-29.6,30.3,29.3,30.0,-43600.0
LSG,2026-04-20 07:00:00,-34.0,34.3,33.4,34.3,-24400.0
LTC,2015-10-16 07:00:00,-4.7,4.7,4.7,4.7,-100.0
LTC,2016-06-22 07:00:00,-6.2,6.3,6.0,6.3,-8900.0
LTC,2016-09-14 07:00:00,-5.2,5.2,5.2,5.2,-1500.0
LTC,2017-10-27 07:00:00,-3.4,3.4,3.0,3.0,-6600.0
LTC,2018-05-18 07:00:00,-4.0,4.4,4.0,4.4,-200.0
LTC,2018-09-26 07:00:00,-3.8,3.8,3.5,3.8,-6300.0
LTC,2018-10-11 07:00:00,-3.5,3.5,3.4,3.4,-200.0
LTC,2019-01-21 07:00:00,-3.0,3.0,3.0,3.0,-2100.0
LTC,2019-06-07 07:00:00,-2.0,2.0,2.0,2.0,-600.0
LTC,2022-03-18 07:00:00,-3.7,4.0,3.6,3.9,-2300.0
LTC,2025-08-01 07:00:00,-2.4,2.4,2.4,2.4,-58300.0
MA1,2020-11-24 07:00:00,-9.26,9.26,9.26,9.26,-1300.0
MA1,2021-07-22 07:00:00,-8.05,8.05,8.05,8.05,-100.0
MA1,2021-11-26 07:00:00,-12.07,12.48,12.07,12.48,-2500.0
MA1,2022-04-14 07:00:00,-14.22,14.22,14.22,14.22,-100.0
MA1,2022-07-11 07:00:00,-11.56,11.56,11.56,11.56,-100.0
MA1,2024-11-20 07:00:00,-25.59,25.59,25.59,25.59,-2400.0
MA1,2025-09-05 07:00:00,-30.0,33.9,30.0,33.9,-700.0
MA1,2025-11-05 07:00:00,-40.0,40.0,30.9,37.5,-400.0
MA1,2026-01-14 07:00:00,-39.0,39.0,30.2,30.2,-200.0
MA1,2026-03-24 07:00:00,-33.8,33.8,32.1,32.1,-300.0
MAC,2015-11-04 07:00:00,-4.54,4.8,4.53,4.71,-49500.0
MAC,2016-05-06 07:00:00,-4.99,5.02,4.93,4.93,-191824.0
MAC,2016-11-01 07:00:00,-4.66,4.66,4.57,4.61,-137130.0
MAC,2017-01-05 07:00:00,-4.07,4.12,4.07,4.12,-95680.0
MAC,2017-01-09 07:00:00,-4.12,4.25,4.12,4.25,-179860.0
MAC,2017-05-10 07:00:00,-4.21,4.3,4.21,4.21,-110800.0
MAC,2017-05-12 07:00:00,-4.21,4.25,4.21,4.25,-79100.0
MAC,2017-07-04 07:00:00,-4.25,4.3,4.25,4.3,-5600.0
MAC,2018-06-05 07:00:00,-3.92,3.92,3.92,3.92,-7000.0
MAC,2018-10-15 07:00:00,-3.76,3.76,3.76,3.76,-30.0
MAC,2018-10-17 07:00:00,-3.66,3.82,3.66,3.82,-900.0
MAC,2019-03-13 07:00:00,-3.92,3.92,3.92,3.92,-3610.0
MAC,2020-04-16 07:00:00,-3.18,3.18,3.18,3.18,-32.0
MAC,2020-06-22 07:00:00,-2.92,2.92,2.92,2.92,-1100.0
MAC,2021-01-21 07:00:00,-4.07,4.07,3.88,3.88,-54046.0
MAC,2021-04-16 07:00:00,-4.58,4.58,4.26,4.39,-42500.0
MAC,2021-08-16 07:00:00,-4.32,4.58,4.13,4.39,-69150.0
MAC,2021-09-22 07:00:00,-4.64,5.09,4.64,5.09,-186541.0
MAC,2021-11-03 07:00:00,-5.02,5.47,5.02,5.34,-1210445.0
MAC,2022-03-15 07:00:00,-5.79,5.85,5.66,5.85,-222036.0
MAC,2022-04-14 07:00:00,-5.28,5.34,5.02,5.09,-204700.0
MAC,2022-07-29 07:00:00,-6.29,6.29,5.98,6.1,-24800.0
MAC,2023-04-26 07:00:00,-5.34,5.53,5.21,5.21,-3450.0
MAC,2023-10-23 07:00:00,-6.23,6.29,5.85,6.29,-1700.0
MAC,2023-12-11 07:00:00,-10.02,10.35,9.48,10.28,-127180.0
MAC,2024-01-24 07:00:00,-9.02,9.08,8.95,9.08,-2406.0
MAC,2024-05-23 07:00:00,-9.35,9.48,9.35,9.48,-7000.0
MAC,2024-10-07 07:00:00,-15.36,15.96,14.56,15.83,-166920.0
MAC,2024-10-11 07:00:00,-16.03,16.03,16.03,16.03,-153.0
MAC,2025-04-25 07:00:00,-15.36,15.36,15.16,15.36,-6801.0
MAC,2025-12-05 07:00:00,-12.8,13.6,12.8,13.0,-8400.0
MBB,2015-10-14 07:00:00,-2.8,2.82,2.78,2.78,-1437730.0
MBB,2016-06-24 07:00:00,-2.88,2.88,2.71,2.82,-1158300.0
MBB,2016-09-27 07:00:00,-2.78,2.8,2.78,2.78,-426860.0
MBB,2016-12-08 07:00:00,-2.6,2.62,2.6,2.61,-107320.0
MBB,2018-05-17 07:00:00,-6.69,6.73,6.58,6.6,-3596050.0
MBB,2018-05-23 07:00:00,-6.29,6.51,6.26,6.47,-3373680.0
MBB,2019-04-16 07:00:00,-5.76,5.85,5.76,5.8,-2831820.0
MBB,2019-06-03 07:00:00,-5.58,5.61,5.49,5.49,-2176820.0
MBB,2020-04-15 07:00:00,-4.66,4.8,4.63,4.76,-10310960.0
MBB,2021-06-03 07:00:00,-13.35,13.74,13.3,13.74,-29087000.0
MBB,2021-07-05 07:00:00,-14.52,14.54,14.11,14.39,-26337400.0
MBB,2022-04-18 07:00:00,-14.11,14.11,13.59,13.66,-17892400.0
MBB,2022-06-22 07:00:00,-10.21,10.77,10.21,10.57,-10465500.0
MBB,2022-08-10 07:00:00,-12.35,12.37,12.21,12.26,-6366700.0
MBB,2023-11-15 07:00:00,-11.92,11.95,11.76,11.83,-13588700.0
MBB,2023-12-25 07:00:00,-11.7,11.83,11.67,11.73,-6586700.0
MBB,2024-08-02 07:00:00,-14.99,15.51,14.99,15.51,-23767000.0
MBB,2024-08-09 07:00:00,-15.12,15.31,15.12,15.28,-8470400.0
MBB,2024-10-25 07:00:00,-16.16,16.16,16.0,16.06,-10606300.0
MBB,2024-11-06 07:00:00,-16.06,16.23,15.97,16.19,-6561400.0
MBB,2024-12-23 07:00:00,-15.64,15.74,15.64,15.67,-3290600.0
MBB,2025-10-08 07:00:00,-27.2,27.3,26.85,26.85,-32173000.0
MBB,2025-12-11 07:00:00,-25.25,25.3,24.7,24.85,-15190600.0
MBB,2026-01-23 07:00:00,-26.95,26.65,27.1,26.95,-23036800.0
MBT,2025-09-15 07:00:00,-12.6,12.6,12.4,12.4,-3400.0
MBT,2026-01-05 07:00:00,-9.1,9.1,9.0,9.1,-5800.0
MCC,2016-06-17 07:00:00,-12.24,12.38,12.24,12.38,-36800.0
MCC,2016-07-22 07:00:00,-14.76,14.9,13.75,14.25,-84800.0
MCC,2017-01-20 07:00:00,-10.87,10.87,10.8,10.8,-1900.0
MCC,2017-07-03 07:00:00,-10.57,10.87,10.19,10.34,-3300.0
MCC,2017-11-08 07:00:00,-10.57,10.57,10.57,10.57,-4700.0
MCF,2016-05-23 07:00:00,-4.72,4.83,4.36,4.68,-3600.0
MCF,2017-04-25 07:00:00,-5.5,5.5,5.08,5.27,-300.0
MCF,2017-12-01 07:00:00,-8.52,8.52,6.97,7.7,-1400.0
MCF,2018-06-04 07:00:00,-6.22,6.22,6.18,6.18,-300.0
MCF,2019-06-17 07:00:00,-6.36,6.36,6.36,6.36,-500.0
MCF,2020-07-20 07:00:00,-5.36,5.36,5.36,5.36,-100.0
MCF,2021-06-11 07:00:00,-5.36,5.43,5.36,5.43,-22100.0
MCF,2021-07-16 07:00:00,-5.6,5.74,5.6,5.67,-9500.0
MCF,2021-08-19 07:00:00,-6.3,6.93,6.23,6.79,-193710.0
MCF,2021-11-05 07:00:00,-7.56,7.84,7.56,7.77,-27400.0
MCF,2021-11-24 07:00:00,-8.19,8.26,8.05,8.19,-15100.0
MCF,2022-04-13 07:00:00,-7.42,7.42,7.0,7.35,-1951.0
MCF,2022-05-30 07:00:00,-6.44,6.58,6.44,6.58,-6000.0
MCF,2023-02-09 07:00:00,-5.77,5.84,5.69,5.69,-400.0
MCF,2023-05-08 07:00:00,-6.15,6.15,6.15,6.15,-1500.0
MCF,2023-06-13 07:00:00,-6.31,6.31,6.31,6.31,-5200.0
MCF,2023-12-08 07:00:00,-7.14,7.14,6.89,7.14,-4700.0
MCF,2024-09-13 07:00:00,-8.28,8.28,8.28,8.28,-518.0
MCF,2025-04-17 07:00:00,-7.53,7.81,7.53,7.81,-500.0
MCF,2025-06-02 07:00:00,-7.6,7.7,7.6,7.7,-200.0
MCF,2025-06-09 07:00:00,-7.5,7.6,7.5,7.5,-7900.0
MCF,2025-07-11 07:00:00,-7.6,7.6,7.6,7.6,-7500.0
MCF,2025-07-17 07:00:00,-7.8,7.8,7.7,7.8,-1300.0
MCF,2026-04-03 07:00:00,-7.6,7.6,7.5,7.5,-18800.0
MCF,2026-04-09 07:00:00,-7.6,7.6,7.6,7.6,-9100.0
MCG,2016-02-29 07:00:00,-3.5,3.6,3.5,3.5,-201670.0
MCG,2016-11-17 07:00:00,-2.1,2.18,2.1,2.15,-51310.0
MCG,2017-01-23 07:00:00,-1.94,2.01,1.93,1.93,-6240.0
MCG,2017-04-18 07:00:00,-2.18,2.21,2.15,2.21,-33860.0
MCG,2017-05-24 07:00:00,-3.96,3.96,3.96,3.96,-212020.0
MCG,2017-09-29 07:00:00,-3.9,4.0,3.9,4.0,-57680.0
MCG,2018-05-29 07:00:00,-2.66,3.06,2.66,3.0,-2220.0
MCG,2018-06-20 07:00:00,-2.94,3.37,2.94,3.37,-1230.0
MCG,2018-10-24 07:00:00,-2.93,2.93,2.9749159170903403,2.93,236910.5261106781
MCG,2019-09-25 07:00:00,-1.84,1.84,1.84,1.84,-50.0
MCG,2020-10-16 07:00:00,-1.65,1.54,1.65,1.6,-33820.0
MCG,2020-12-23 07:00:00,-1.86,1.94,1.85,1.85,-96990.0
MCG,2021-01-07 07:00:00,-2.91,2.91,2.72,2.87,-310400.0
MCG,2021-11-15 07:00:00,-6.7,7.06,6.7,7.06,-1196600.0
MCG,2021-12-02 07:00:00,-14.4,14.55,13.6,14.55,-2782600.0
MCG,2021-12-13 07:00:00,-8.88,10.0,8.88,9.9,-1855700.0
MCG,2022-04-26 07:00:00,-4.75,5.43,4.75,5.43,-433700.0
MCG,2022-05-26 07:00:00,-4.96,5.05,4.96,5.0,-477400.0
MCG,2022-11-25 07:00:00,-2.26,2.26,2.15,2.24,-192000.0
MCG,2023-04-03 07:00:00,-2.1,2.12,2.1,2.11,-127100.0
MCG,2024-07-26 07:00:00,-2.2,2.3,2.2,2.3,-15302.0
MCG,2025-02-10 07:00:00,-2.0,2.0,1.9,1.9,-78301.0
MCM,2021-07-30 07:00:00,-37.61,37.61,36.28,36.83,-12297.0
MCM,2022-02-22 07:00:00,-44.25,45.59,44.25,45.2,-68130.0
MCM,2022-03-08 07:00:00,-44.72,44.72,43.46,43.7,-68400.0
MCM,2022-06-29 07:00:00,-35.44,35.69,35.36,35.44,-8200.0
MCM,2022-11-17 07:00:00,-30.88,31.37,30.23,31.37,-40100.0
MCM,2023-10-31 07:00:00,-32.32,32.58,31.72,31.72,-103100.0
MCM,2025-02-06 07:00:00,-30.46,30.55,30.41,30.46,-9200.0
MCM,2025-02-12 07:00:00,-30.37,30.6,30.27,30.37,-43700.0
MCM,2025-10-06 07:00:00,-28.34,28.34,27.24,27.38,-24500.0
MCO,2016-05-20 07:00:00,-2.09,2.18,2.09,2.18,-1100.0
MCO,2016-06-20 07:00:00,-2.47,2.47,2.47,2.47,-100.0
MCO,2017-02-10 07:00:00,-1.42,1.42,1.33,1.42,-8600.0
MCO,2017-09-27 07:00:00,-1.9,1.9,1.9,1.9,-4700.0
MCO,2017-11-06 07:00:00,-1.71,1.71,1.71,1.71,-1600.0
MCO,2018-10-08 07:00:00,-1.33,1.33,1.33,1.33,-3600.0
MCO,2019-03-01 07:00:00,-1.42,1.42,1.42,1.42,-300.0
MCO,2019-04-17 07:00:00,-1.42,1.42,1.42,1.42,-900.0
MCO,2019-09-03 07:00:00,-2.28,2.28,2.28,2.28,-100.0
MCO,2020-07-14 07:00:00,-2.28,2.28,2.0,2.0,-200.0
MCO,2020-07-20 07:00:00,-1.8,1.8,1.8,1.8,-1000.0
MCO,2020-11-20 07:00:00,-1.9,1.9,1.8,1.8,-700.0
MCO,2020-12-08 07:00:00,-2.0,2.0,2.0,2.0,-100.0
MCO,2020-12-10 07:00:00,-1.9,1.9,1.9,1.9,-12100.0
MCO,2021-01-13 07:00:00,-2.5,2.5,2.4,2.5,-67900.0
MCO,2021-06-29 07:00:00,-3.6,3.6,3.6,3.6,-1400.0
MCO,2021-07-08 07:00:00,-3.3,3.4,3.3,3.4,-2500.0
MCO,2022-07-19 07:00:00,-3.9,3.9,3.8,3.8,-3400.0
MCO,2023-04-06 07:00:00,-4.1,4.0,4.1,4.0,-52902.0
MCO,2023-04-11 07:00:00,-3.5,3.5,3.5,3.5,-9800.0
MCO,2023-08-10 07:00:00,-3.9,3.9,3.9,3.9,-1300.0
MCO,2024-02-28 07:00:00,-22.0,22.0,21.6,22.0,-246579.0
MCO,2024-12-09 07:00:00,-10.4,10.4,10.0,10.3,-31906.0
MCO,2025-05-21 07:00:00,-8.3,8.4,8.2,8.3,-28800.0
MCO,2025-05-26 07:00:00,-8.2,8.4,8.0,8.4,-24000.0
MCO,2026-02-02 07:00:00,-5.4,5.4,5.2,5.2,-3400.0
MEL,2021-06-25 07:00:00,-13.57,13.57,13.57,13.57,-1900.0
MEL,2021-07-26 07:00:00,-12.3,12.67,12.3,12.67,-3300.0
MEL,2021-11-08 07:00:00,-18.28,18.28,17.91,18.19,-32230.0
MEL,2022-03-23 07:00:00,-15.65,15.74,15.47,15.65,-3601.0
MEL,2023-10-25 07:00:00,-6.8,6.8,6.8,6.8,-100.0
MEL,2024-01-29 07:00:00,-6.7,6.7,6.7,6.7,-100.0
MEL,2024-07-19 07:00:00,-6.5,6.9,6.5,6.9,-1100.0
MEL,2024-10-11 07:00:00,-6.8,6.8,6.8,6.8,-100.0
MEL,2024-11-26 07:00:00,-6.8,6.8,5.7,5.7,-2800.0
MEL,2025-04-04 07:00:00,-6.7,6.7,6.4,45.925712661534206,-26532.0
MH3,2017-04-04 07:00:00,-6.73,8.93,6.73,8.93,-200.0
MH3,2017-08-04 07:00:00,-7.33,7.33,7.33,7.33,-100.0
MH3,2018-02-13 07:00:00,-7.81,8.85,7.81,8.85,-2000.0
MH3,2019-02-15 07:00:00,-16.59,16.78,16.54,16.54,-5500.0
MH3,2019-02-19 07:00:00,-16.59,16.59,16.59,16.59,-500.0
MH3,2019-03-11 07:00:00,-20.2,21.59,20.2,21.11,-10700.0
MH3,2019-11-19 07:00:00,-18.27,18.32,18.27,18.32,-1800.0
MH3,2019-11-26 07:00:00,-18.22,18.27,18.22,18.27,-2500.0
MH3,2020-03-12 07:00:00,-17.5,17.5,14.82,14.82,-18125.0
MH3,2020-09-09 07:00:00,-26.56,26.85,26.56,26.85,-1900.0
MH3,2022-06-20 07:00:00,-35.18,35.18,35.18,35.18,-1000.0
MH3,2023-03-06 07:00:00,-27.34,27.34,27.34,27.34,-100.0
MH3,2023-08-17 07:00:00,-33.47,33.47,33.47,33.47,-100.0
MH3,2024-10-18 07:00:00,-29.92,31.34,29.92,31.34,-2730.0
MH3,2024-12-11 07:00:00,-30.87,30.87,30.21,30.21,-500.0
MH3,2025-06-13 07:00:00,-27.55,27.55,27.26,27.45,-3900.0
MH3,2025-06-27 07:00:00,-28.12,29.54,28.12,28.88,-19000.0
MH3,2026-04-14 07:00:00,-27.8,28.0,27.8,28.0,-1400.0
MIC,2021-07-02 07:00:00,-4.77,4.77,4.77,4.77,-100.0
MIC,2021-12-01 07:00:00,-7.1,7.1,7.1,7.1,-1700.0
MIC,2022-02-10 07:00:00,-7.35,7.48,6.97,6.97,-18100.0
MIC,2022-04-22 07:00:00,-7.03,7.42,6.97,6.97,-10100.0
MIC,2022-05-27 07:00:00,-7.68,7.68,7.68,7.68,-600.0
MIC,2022-08-03 07:00:00,-8.39,8.39,8.06,8.06,-900.0
MIC,2023-09-26 07:00:00,-11.61,11.61,10.26,10.26,-10702.0
MIC,2023-12-14 07:00:00,-8.97,8.97,8.9,8.9,-2000.0
MIC,2023-12-25 07:00:00,-9.35,9.35,9.35,9.35,-300.0
MIC,2024-08-08 07:00:00,-13.22,13.22,11.42,11.48,-57207.0
MIC,2025-05-21 07:00:00,-12.13,12.45,11.61,12.38,-58200.0
MIC,2025-10-29 07:00:00,-14.7,15.1,14.6,15.0,-4100.0
MIC,2025-11-12 07:00:00,-13.5,13.6,13.5,13.6,-6500.0
MIG,2017-08-09 07:00:00,-5.24,5.24,5.24,5.24,-10500.0
MIG,2017-12-05 07:00:00,-4.58,4.78,4.58,4.62,-137800.0
MIG,2018-03-30 07:00:00,-6.06,6.06,5.92,5.92,-34400.0
MIG,2018-08-29 07:00:00,-5.66,5.66,5.66,5.66,-200.0
MIG,2019-04-03 07:00:00,-7.06,7.27,7.06,7.22,-75100.0
MIG,2019-07-12 07:00:00,-6.74,6.79,6.74,6.74,-19800.0
MIG,2020-08-06 07:00:00,-5.64,5.7,5.64,5.7,-19100.0
MIG,2020-11-16 07:00:00,-7.27,7.45,7.15,7.15,-164823.0
MIG,2021-01-07 07:00:00,-10.21,10.39,10.09,10.21,-851444.0
MIG,2021-01-08 07:00:00,-10.51,10.75,10.27,10.69,-595964.0
MIG,2021-05-24 07:00:00,-9.85,10.12,9.85,9.91,-169400.0
MIG,2021-10-06 07:00:00,-17.09,17.36,16.83,17.22,-1115900.0
MIG,2021-11-30 07:00:00,-16.17,16.5,16.14,16.3,-1220000.0
MIG,2022-01-05 07:00:00,-15.97,15.97,15.77,15.77,-385900.0
MIG,2022-02-14 07:00:00,-15.05,15.38,15.01,15.05,-189000.0
MIG,2022-07-06 07:00:00,-17.12,17.96,16.32,16.32,-1524600.0
MIG,2023-10-04 07:00:00,-13.78,14.36,13.78,14.23,-51800.0
MIG,2024-03-26 07:00:00,-14.85,15.01,14.77,14.85,-535100.0
MIG,2025-03-28 07:00:00,-16.69,16.74,16.32,16.42,-162300.0
MIG,2025-12-30 07:00:00,-18.45,18.5,18.1,18.35,-180100.0
MIG,2026-01-06 07:00:00,-17.3,18.4,17.3,18.25,-600200.0
MML,2020-05-13 07:00:00,-48.67,48.86,47.26,47.92,-24453.0
MML,2020-05-14 07:00:00,-48.11,51.98,47.45,50.09,-72106.0
MML,2020-08-06 07:00:00,-41.59,41.59,40.64,40.92,-10610.0
MML,2021-02-23 07:00:00,-48.3,48.39,48.01,48.2,-9021.0
MML,2021-04-01 07:00:00,-54.35,55.29,54.25,54.72,-43510.0
MML,2021-04-08 07:00:00,-53.78,53.78,53.68,53.78,-31815.0
MML,2021-06-17 07:00:00,-56.61,56.71,56.33,56.52,-23400.0
MML,2022-04-08 07:00:00,-75.5,75.5,75.5,75.5,-1.0
MML,2023-02-22 07:00:00,-34.1,34.1,33.7,34.0,-43300.0
MML,2023-06-22 07:00:00,-32.0,32.0,31.9,31.9,-1500.0
MML,2023-11-20 07:00:00,-25.0,25.0,24.9,24.9,-500.0
MML,2023-11-27 07:00:00,-26.4,26.4,26.4,26.4,-106.0
MML,2024-01-19 07:00:00,-29.0,29.1,27.7,28.2,-4700.0
MML,2024-11-04 07:00:00,-25.3,25.4,24.7,25.4,-6825.0
MML,2025-03-27 07:00:00,-29.5,29.5,28.8,28.8,-30700.0
MML,2025-07-29 07:00:00,-35.4,37.0,34.6,35.0,-861400.0
MML,2026-01-21 07:00:00,-36.8,36.9,35.9,36.5,-141400.0
MPC,2017-11-16 07:00:00,-12.87,12.87,12.87,12.87,-700.0
MPC,2018-02-21 07:00:00,-13.36,15.28,13.36,15.28,-2910.0
MPC,2018-04-09 07:00:00,-15.47,15.47,13.16,13.16,-1000.0
MPC,2018-05-22 07:00:00,-11.4,12.22,10.54,11.03,-12237.0
MPC,2018-07-16 07:00:00,-12.91,12.94,12.52,12.68,-12700.0
MPC,2018-09-10 07:00:00,-12.03,12.03,11.54,11.87,-117300.0
MPC,2018-12-05 07:00:00,-14.63,14.76,14.47,14.7,-330250.0
MPC,2019-02-21 07:00:00,-15.61,15.77,15.22,15.32,-362980.0
MPC,2019-06-06 07:00:00,-12.25,12.46,11.67,12.25,-172890.0
MPC,2019-06-24 07:00:00,-11.99,11.99,11.81,11.81,-50600.0
MPC,2019-07-10 07:00:00,-12.1,12.25,11.99,11.99,-73077.0
MPC,2019-07-12 07:00:00,-11.92,12.28,11.74,12.21,-193528.0
MPC,2019-09-03 07:00:00,-10.3,10.37,10.12,10.26,-82665.0
MPC,2020-01-20 07:00:00,-8.02,8.16,7.62,8.13,-482003.0
MPC,2020-12-15 07:00:00,-11.05,12.8,11.05,12.72,-133655.0
MPC,2021-05-04 07:00:00,-14.51,14.59,14.18,14.43,-47710.0
MPC,2021-05-31 07:00:00,-14.84,14.84,14.59,14.76,-141540.0
MPC,2021-09-17 07:00:00,-16.8,16.93,16.68,16.84,-194330.0
MPC,2021-11-18 07:00:00,-20.01,21.01,20.01,20.56,-372378.0
MPC,2022-04-04 07:00:00,-18.75,19.54,18.75,19.19,-209797.0
MPC,2022-06-15 07:00:00,-20.5,20.93,20.06,20.58,-173800.0
MPC,2022-06-23 07:00:00,-19.27,20.67,19.01,20.58,-343200.0
MPC,2023-01-11 07:00:00,-16.73,16.82,16.45,16.55,-77996.0
MPC,2023-03-14 07:00:00,-15.9,15.9,15.44,15.54,-50917.0
MPC,2023-04-03 07:00:00,-15.63,16.0,15.35,15.44,-94118.0
MPC,2023-08-07 07:00:00,-16.82,17.74,16.82,17.56,-1106108.0
MPC,2023-08-31 07:00:00,-17.46,18.39,17.46,17.83,-248345.0
MPC,2024-02-02 07:00:00,-15.81,15.91,15.81,15.91,-23310.0
MPC,2024-07-17 07:00:00,-17.22,17.32,16.38,16.85,-164590.0
MPC,2024-11-13 07:00:00,-14.87,14.87,14.59,14.59,-44000.0
MPC,2024-12-17 07:00:00,-14.52,14.62,14.33,14.52,-16536.0
MPC,2025-07-07 07:00:00,-14.33,14.33,13.73,13.83,-267200.0
MPT,2016-12-02 07:00:00,-5.09,5.09,4.92,5.09,-142500.0
MPT,2017-01-13 07:00:00,-5.51,5.51,5.26,5.34,-205600.0
MPT,2017-02-22 07:00:00,-6.28,6.45,5.68,6.02,-451100.0
MPT,2017-07-21 07:00:00,-3.75,3.93,3.57,3.84,-252800.0
MPT,2018-02-06 07:00:00,-2.41,2.41,2.32,2.41,-39700.0
MPT,2018-07-03 07:00:00,-1.96,1.96,1.96,1.96,-2900.0
MPT,2018-12-25 07:00:00,-4.02,4.29,3.93,4.29,-275100.0
MPT,2019-01-03 07:00:00,-4.29,4.46,4.11,4.29,-165302.0
MPT,2019-11-21 07:00:00,-1.7,1.8,1.6,1.8,-49200.0
MPT,2020-03-18 07:00:00,-1.3,1.4,1.2,1.3,-70000.0
MPT,2020-06-10 07:00:00,-1.5,1.5,1.5,1.5,-267510.0
MPT,2020-10-08 07:00:00,-2.0,2.1,2.0,2.1,-137790.0
MPT,2020-12-02 07:00:00,-1.8,1.9,1.8,1.8,-120830.0
MPT,2021-01-21 07:00:00,-2.8,3.0,2.7,3.0,-590310.0
MPT,2022-04-29 07:00:00,-1.9,2.1,1.7,2.1,-629100.0
MPT,2023-02-03 07:00:00,-0.9,0.9,0.8,0.9,-54329.0
MPT,2023-07-21 07:00:00,-0.7,0.8,0.7,0.8,-40800.0
MPT,2025-10-24 07:00:00,-0.6,0.6,0.6,0.6,-273100.0
MSB,2021-01-25 07:00:00,-7.03,7.03,6.91,6.95,-2317700.0
MSB,2021-04-16 07:00:00,-8.41,8.52,8.2,8.37,-4800500.0
MSB,2021-05-04 07:00:00,-8.01,8.2,7.93,8.16,-2921400.0
MSB,2021-09-20 07:00:00,-11.22,11.26,11.03,11.13,-6379500.0
MSB,2021-12-23 07:00:00,-13.12,13.19,12.36,12.94,-9154000.0
MSB,2022-03-01 07:00:00,-13.02,13.09,12.9,13.02,-6215500.0
MSB,2022-06-21 07:00:00,-7.17,7.42,6.85,7.37,-2164300.0
MSB,2022-10-12 07:00:00,-6.33,7.07,6.16,7.07,-5698000.0
MSB,2022-10-27 07:00:00,-7.04,7.52,6.97,7.52,-4197000.0
MSB,2023-02-22 07:00:00,-8.12,8.16,7.96,7.96,-2029500.0
MSB,2023-06-15 07:00:00,-8.28,8.32,8.16,8.28,-4428500.0
MSB,2023-07-21 07:00:00,-8.57,8.6,8.44,8.48,-18768700.0
MSB,2024-06-03 07:00:00,-9.21,9.56,9.18,9.44,-12733800.0
MSN,2016-06-15 07:00:00,-35.61,35.61,35.1,35.36,-84940.0
MSN,2016-08-04 07:00:00,-31.23,32.0,31.23,32.0,-71160.0
MSN,2016-12-20 07:00:00,-32.62,32.62,31.9,31.95,-344130.0
MSN,2017-06-09 07:00:00,-34.84,35.24,34.84,35.0,-371540.0
MSN,2017-06-21 07:00:00,-34.59,34.59,33.78,34.03,-1348530.0
MSN,2017-09-15 07:00:00,-45.61,45.61,44.15,45.45,-1652830.0
MSN,2017-12-04 07:00:00,-56.71,56.71,55.74,55.9,-1191000.0
MSN,2019-08-21 07:00:00,-61.25,62.62,61.25,62.38,-398000.0
MSN,2020-04-08 07:00:00,-45.45,47.72,44.96,47.72,-1338040.0
MSN,2020-05-26 07:00:00,-50.23,50.88,50.15,50.63,-1053240.0
MSN,2020-09-14 07:00:00,-44.56,45.21,44.56,45.04,-944590.0
MSN,2021-03-09 07:00:00,-71.9,66.65,71.9,71.08,-1166700.0
MSN,2021-04-15 07:00:00,-84.85,86.08,81.98,81.98,-2903400.0
MSN,2022-06-02 07:00:00,-114.16,114.16,112.08,113.46,-457800.0
MSN,2024-07-01 07:00:00,-74.7,76.2,74.7,76.0,-2944600.0
MSN,2024-09-20 07:00:00,-75.0,75.7,74.6,74.7,-4014300.0
MSN,2025-02-18 07:00:00,-66.4,67.2,66.0,66.4,-2602400.0
MSN,2025-04-23 07:00:00,-59.7,59.9,58.9,59.6,-5295500.0
MSN,2025-10-01 07:00:00,-81.1,82.3,81.1,81.3,-3192800.0
MSN,2025-10-31 07:00:00,-79.4,80.8,79.0,79.6,-6477800.0
MSN,2026-02-02 07:00:00,-83.9,85.5,82.2,83.8,-11833900.0
MTP,2017-01-19 07:00:00,-6.13,6.13,6.13,6.13,-100.0
MTP,2021-04-08 07:00:00,-7.15,7.98,7.15,7.98,-1114.0
MTP,2021-07-30 07:00:00,-6.82,6.95,6.76,6.95,-3300.0
MTP,2021-08-30 07:00:00,-9.74,10.07,9.68,10.07,-75656.0
MTP,2021-11-08 07:00:00,-9.87,9.87,9.42,9.42,-500.0
MTP,2022-10-21 07:00:00,-7.53,7.53,7.53,7.23,-1.0
MTP,2023-08-18 07:00:00,-8.13,8.13,8.13,8.13,-1.0
MTP,2023-11-21 07:00:00,-7.81,7.81,7.81,7.81,-11.0
MTP,2024-06-26 07:00:00,-10.35,10.96,10.35,10.96,-15504.0
MTP,2025-04-17 07:00:00,-12.25,12.25,12.25,12.25,-100.0
MTP,2025-05-06 07:00:00,-12.94,12.94,12.42,12.42,-1200.0
NAB,2020-11-30 07:00:00,-4.61,4.93,4.61,4.89,-61801.0
NAB,2021-03-01 07:00:00,-4.96,5.07,4.96,5.03,-79560.0
NAB,2021-03-03 07:00:00,-5.03,5.07,4.96,5.0,-82375.0
NAB,2021-05-31 07:00:00,-8.15,9.07,8.08,9.07,-1326723.0
NAB,2021-06-02 07:00:00,-8.68,9.21,7.83,8.58,-926812.0
NAB,2021-10-11 07:00:00,-6.95,7.09,6.91,7.09,-185298.0
NAB,2021-12-27 07:00:00,-7.71,7.75,7.59,7.63,-150664.0
NAB,2022-03-08 07:00:00,-7.91,7.91,7.83,7.83,-281706.0
NAB,2022-03-29 07:00:00,-7.83,8.23,7.71,8.19,-649775.0
NAB,2022-10-20 07:00:00,-5.08,5.08,4.93,4.98,-80485.0
NAB,2023-01-17 07:00:00,-4.62,4.72,4.62,4.72,-81154.0
NAB,2023-04-24 07:00:00,-5.29,5.39,5.13,5.18,-86884.0
NAB,2023-07-07 07:00:00,-7.99,7.99,7.73,7.8,-294515.0
NAB,2023-09-19 07:00:00,-9.07,9.91,9.07,9.71,-1128815.0
NAB,2023-09-28 07:00:00,-9.01,9.14,8.88,9.01,-243616.0
NAB,2023-12-18 07:00:00,-9.2,9.27,9.14,9.27,-329809.0
NAB,2025-05-08 07:00:00,-13.59,13.75,13.59,13.67,-1007000.0
NAB,2025-10-14 07:00:00,-15.05,15.1,14.75,14.85,-2152400.0
NAB,2025-12-04 07:00:00,-14.85,14.9,14.55,14.6,-1973000.0
NAB,2026-01-19 07:00:00,-14.85,14.9,14.75,14.75,-1246300.0
NAB,2026-03-25 07:00:00,-12.55,12.75,12.55,12.7,-1045500.0
NAB,2026-04-09 07:00:00,-13.3,13.5,13.25,13.45,-1768000.0
NAB,2026-04-14 07:00:00,-13.55,13.55,13.4,13.5,-1779500.0
NAF,2016-04-05 07:00:00,-17.82,18.13,17.76,18.13,-252540.0
NAF,2017-08-11 07:00:00,-15.46,15.4,15.62,15.59,-43420.0
NAF,2017-11-24 07:00:00,-13.53,13.53,13.28,13.53,-51000.0
NAF,2019-02-13 07:00:00,-11.57,11.64,11.21,11.21,-69380.0
NAF,2019-12-31 07:00:00,-21.05,21.3,20.22,21.3,-120030.0
NAF,2020-07-01 07:00:00,-19.56,19.85,19.4,19.81,-233230.0
NAF,2021-04-09 07:00:00,-16.51,16.84,16.39,16.84,-46600.0
NAF,2021-04-20 07:00:00,-17.17,17.17,16.67,17.09,-82400.0
NAF,2021-04-26 07:00:00,-17.0,17.17,16.67,17.17,-65400.0
NAF,2021-05-20 07:00:00,-21.83,22.58,21.83,22.54,-965700.0
NAF,2021-07-23 07:00:00,-23.28,23.94,22.95,23.77,-1171900.0
NAF,2021-08-06 07:00:00,-27.08,27.16,26.66,27.08,-1212600.0
NAF,2022-01-11 07:00:00,-19.52,19.52,18.9,18.99,-274700.0
NAF,2022-02-21 07:00:00,-18.2,18.82,18.08,18.45,-200400.0
NAF,2022-03-01 07:00:00,-19.4,19.56,18.7,18.82,-468900.0
NAF,2022-06-03 07:00:00,-11.97,12.18,11.93,12.01,-63300.0
NAF,2022-11-21 07:00:00,-7.0,7.0,6.64,6.88,-56500.0
NAF,2022-11-24 07:00:00,-6.53,6.44,6.64,6.6,-18900.0
NAF,2023-07-27 07:00:00,-12.09,12.09,11.76,11.93,-261200.0
NAF,2023-08-21 07:00:00,-12.63,13.21,12.63,13.12,-300900.0
NAF,2023-11-01 07:00:00,-11.64,11.97,11.56,11.93,-138200.0
NAF,2024-02-29 07:00:00,-12.71,12.71,12.42,12.55,-141200.0
NAF,2024-05-22 07:00:00,-15.85,16.26,15.52,15.52,-340500.0
NAF,2024-06-13 07:00:00,-15.56,15.6,15.44,15.48,-121800.0
NAF,2024-06-24 07:00:00,-15.56,15.56,15.19,15.35,-136300.0
NAF,2024-11-15 07:00:00,-17.71,18.31,17.44,17.99,-261900.0
NAF,2025-03-31 07:00:00,-18.17,18.44,17.94,18.44,-269500.0
NAF,2025-08-05 07:00:00,-25.07,25.44,24.39,24.98,-1457800.0
NAF,2026-01-15 07:00:00,-39.0,39.3,38.55,39.1,-543700.0
NAF,2026-04-29 07:00:00,-49.9,50.2,49.3,49.35,-526900.0
NAG,2016-05-31 07:00:00,-2.13,2.21,2.13,2.21,-61800.0
NAG,2016-07-15 07:00:00,-2.3,2.34,2.3,2.34,-11704.0
NAG,2018-01-02 07:00:00,-3.28,3.28,3.09,3.18,-21800.0
NAG,2018-05-11 07:00:00,-3.13,3.13,3.09,3.09,-7180.0
NAG,2018-07-27 07:00:00,-2.94,2.99,2.94,2.99,-1150.0
NAG,2019-04-18 07:00:00,-2.69,2.84,2.69,2.84,-2100.0
NAG,2020-01-16 07:00:00,-2.48,2.48,2.48,2.48,-70.0
NAG,2020-08-04 07:00:00,-2.43,2.48,2.37,2.43,-4100.0
NAG,2020-08-24 07:00:00,-2.54,2.65,2.54,2.65,-6600.0
NAG,2021-01-28 07:00:00,-3.06,3.06,2.88,3.0,-22873.0
NAG,2021-05-12 07:00:00,-4.16,4.22,4.1,4.22,-31901.0
NAG,2021-06-14 07:00:00,-4.34,4.4,4.28,4.4,-8200.0
NAG,2022-03-16 07:00:00,-9.5,9.5,9.37,9.44,-155400.0
NAG,2022-09-16 07:00:00,-8.85,9.01,6.299468438538207,8.93,-56031.0
NAG,2023-05-26 07:00:00,-13.1,13.84,13.1,13.68,-742985.0
NAG,2024-03-08 07:00:00,-9.14,10.0,8.89,9.66,-941753.0
NAG,2024-08-14 07:00:00,-9.48,9.57,9.4,9.57,-238465.0
NAG,2025-06-11 07:00:00,-13.47,13.65,13.38,13.65,-476500.0
NAG,2025-06-17 07:00:00,-13.38,13.38,13.28,13.38,-549600.0
NAG,2025-10-30 07:00:00,-11.8,11.8,11.4,11.5,-417900.0
NAS,2022-08-10 07:00:00,-32.2,32.2,32.2,32.2,-100.0
NAS,2024-10-02 07:00:00,-28.5,28.5,28.5,28.5,-100.0
NAS,2024-12-24 07:00:00,-30.6,30.6,30.6,30.6,-504.0
NAS,2025-02-03 07:00:00,-30.0,30.0,30.0,30.0,-100.0
NAS,2025-05-22 07:00:00,-35.4,39.0,35.4,39.0,-200.0
NAS,2025-06-09 07:00:00,-36.0,36.0,36.0,36.0,-600.0
ND2,2016-07-11 07:00:00,-5.57,5.57,5.57,5.57,-1500.0
ND2,2020-10-07 07:00:00,-19.3,20.06,19.3,20.06,-1600.0
ND2,2020-10-13 07:00:00,-18.88,19.02,18.88,19.02,-7400.0
ND2,2020-11-11 07:00:00,-20.75,20.75,20.41,20.41,-19100.0
ND2,2023-03-22 07:00:00,-25.02,25.02,24.94,24.94,-1000.0
ND2,2023-04-19 07:00:00,-27.02,27.02,27.02,27.02,-4600.0
ND2,2023-11-24 07:00:00,-26.99,26.99,26.99,26.99,-2700.0
ND2,2024-11-27 07:00:00,-34.69,34.69,34.69,34.69,-2000.0
ND2,2025-07-31 07:00:00,-35.72,35.72,35.72,35.72,-4600.0
NDC,2016-10-18 07:00:00,-19.34,19.34,19.34,19.34,-200.0
NDC,2019-10-28 07:00:00,-42.67,42.67,42.67,42.67,-2000.0
NDC,2020-08-21 07:00:00,-42.24,42.24,42.24,42.24,-200.0
NDC,2021-01-08 07:00:00,-61.88,61.88,53.81,53.81,-2100.0
NDC,2021-04-19 07:00:00,-81.88,81.88,81.88,81.88,-300.0
NDC,2022-07-12 07:00:00,-118.12,118.12,118.12,118.12,-200.0
NDC,2023-05-05 07:00:00,-124.43,124.43,124.43,124.43,-101.0
NDC,2024-07-25 07:00:00,-146.17,146.17,146.17,146.17,-5000.0
NDP,2017-06-05 07:00:00,-20.34,20.34,20.34,20.34,-100.0
NDP,2022-11-24 07:00:00,-21.02,21.02,21.02,21.02,-1200.0
NDP,2023-06-15 07:00:00,-19.17,19.17,19.17,19.17,-2000.0
NDP,2024-04-11 07:00:00,-21.01,21.01,21.01,21.01,-200.0
NDP,2025-09-22 07:00:00,-23.04,23.04,23.04,23.04,-11700.0
NDT,2020-07-15 07:00:00,-3.23,3.23,3.23,3.23,-1000.0
NDT,2021-05-25 07:00:00,-6.97,7.14,6.12,7.14,-2330.0
NDT,2022-01-20 07:00:00,-22.26,22.34,22.09,22.17,-14800.0
NDT,2022-04-07 07:00:00,-27.27,28.04,26.42,26.93,-45148.0
NDT,2022-06-08 07:00:00,-22.94,23.7,22.94,23.11,-70313.0
NDT,2022-06-22 07:00:00,-18.27,18.27,16.99,17.42,-41000.0
NDT,2023-02-01 07:00:00,-8.7,9.4,8.7,8.8,-125138.0
NDT,2023-05-26 07:00:00,-6.8,6.9,6.8,29.089901237870244,-221520.0
NDT,2023-06-08 07:00:00,-7.5,7.6,7.4,7.6,-66116.0
NDT,2023-06-16 07:00:00,-7.7,7.8,7.6,7.6,-10700.0
NDT,2023-08-25 07:00:00,-7.3,7.3,7.1,7.3,-18400.0
NDT,2023-10-04 07:00:00,-6.6,6.9,6.6,6.8,-2256.0
NDT,2025-02-25 07:00:00,-5.1,5.1,5.1,5.1,-1501.0
NDT,2025-10-16 07:00:00,-4.9,4.9,4.8,4.8,-600.0
NDT,2026-02-23 07:00:00,-4.8,5.3,4.8,5.3,-1900.0
NDX,2016-04-08 07:00:00,-3.54,3.51,3.35,3.43,-16600.0
NDX,2016-10-05 07:00:00,-4.61,4.65,4.57,4.61,-25400.0
NDX,2017-03-21 07:00:00,-4.78,5.0,4.78,4.95,-3100.0
NDX,2017-09-06 07:00:00,-5.12,5.22,5.12,5.22,-1100.0
NDX,2017-10-12 07:00:00,-5.66,5.86,5.66,5.76,-22600.0
NDX,2018-02-01 07:00:00,-6.74,6.99,6.35,6.99,-22370.0
NDX,2018-04-12 07:00:00,-8.71,8.81,8.36,8.56,-26100.0
NDX,2018-06-25 07:00:00,-8.63,8.63,8.18,8.57,-9600.0
NDX,2019-03-26 07:00:00,-7.87,7.99,7.87,7.93,-9603.0
NDX,2019-05-06 07:00:00,-8.04,8.04,7.85,7.91,-7400.0
NDX,2019-08-01 07:00:00,-8.5,8.5,8.5,8.5,-2200.0
NDX,2020-06-05 07:00:00,-8.63,8.7,8.63,8.7,-11300.0
NDX,2020-06-29 07:00:00,-8.57,8.57,8.57,8.57,-21900.0
NDX,2020-07-29 07:00:00,-7.21,7.86,7.21,7.57,-23600.0
NDX,2022-04-13 07:00:00,-7.47,7.47,7.23,7.39,-23500.0
NDX,2022-05-06 07:00:00,-6.37,6.37,6.13,6.29,-17200.0
NDX,2023-02-09 07:00:00,-5.29,5.29,5.29,5.29,-1600.0
NDX,2023-09-12 07:00:00,-6.87,6.87,6.78,6.87,-32500.0
NDX,2024-02-23 07:00:00,-6.06,6.06,6.06,6.06,-6100.0
NDX,2024-04-22 07:00:00,-5.78,5.78,5.78,5.78,-10.0
NDX,2024-12-13 07:00:00,-5.1,5.1,5.1,5.1,-100.0
NDX,2025-03-14 07:00:00,-5.2,5.3,5.2,5.3,-516.0
NDX,2026-02-12 07:00:00,-6.0,6.0,6.0,6.0,-10000.0
NFC,2016-06-16 07:00:00,-6.37,6.37,6.37,6.37,-200.0
NFC,2018-10-31 07:00:00,-2.87,2.87,2.87,2.87,-500.0
NFC,2022-11-24 07:00:00,-7.32,7.32,7.32,7.32,-1.0
NFC,2022-12-15 07:00:00,-9.35,9.35,9.06,9.06,-5000.0
NFC,2024-06-27 07:00:00,-13.29,13.29,13.29,13.29,-2.0
NFC,2025-04-22 07:00:00,-28.61,28.61,28.61,28.61,-6200.0
NFC,2026-02-02 07:00:00,-63.74,63.74,57.72,57.72,-1000.0
NHA,2016-03-28 07:00:00,-1.55,1.59,1.53,1.57,-73200.0
NHA,2017-03-02 07:00:00,-2.81,2.84,2.79,2.84,-10100.0
NHA,2017-03-10 07:00:00,-2.91,2.93,2.86,2.93,-3300.0
NHA,2017-05-10 07:00:00,-2.29,2.43,2.29,2.38,-13500.0
NHA,2017-11-28 07:00:00,-3.22,3.22,3.2,3.22,-5400.0
NHA,2017-12-22 07:00:00,-3.06,3.06,3.03,3.03,-7600.0
NHA,2018-06-07 07:00:00,-2.83,2.83,2.64,2.64,-3700.0
NHA,2018-08-02 07:00:00,-2.76,2.8,2.76,2.8,-24000.0
NHA,2019-05-30 07:00:00,-2.39,2.51,2.39,2.51,-9400.0
NHA,2019-08-08 07:00:00,-2.29,2.39,2.29,2.39,-11200.0
NHA,2019-12-05 07:00:00,-2.5,2.54,2.5,2.54,-6600.0
NHA,2020-02-25 07:00:00,-4.27,4.71,4.24,4.71,-74640.0
NHA,2020-09-28 07:00:00,-5.79,5.79,5.59,5.59,-102450.0
NHA,2021-11-01 07:00:00,-28.9,28.9,27.66,28.9,-514700.0
NHA,2023-01-17 07:00:00,-8.84,9.43,8.68,9.43,-169700.0
NHA,2023-06-15 07:00:00,-15.86,16.41,15.86,15.98,-204800.0
NHA,2023-06-16 07:00:00,-16.41,16.41,15.62,15.62,-446200.0
NHA,2023-06-29 07:00:00,-15.31,15.31,14.6,14.6,-330200.0
NHA,2023-12-05 07:00:00,-14.2,14.28,14.05,14.12,-241800.0
NHA,2024-02-21 07:00:00,-14.09,14.09,13.34,13.77,-148900.0
NHA,2024-03-04 07:00:00,-13.89,13.97,13.77,13.89,-577400.0
NHA,2024-07-22 07:00:00,-22.41,23.36,21.7,22.88,-1680700.0
NHA,2024-08-29 07:00:00,-20.56,20.91,20.52,20.71,-280400.0
NHA,2024-08-30 07:00:00,-20.68,20.83,20.36,20.44,-541500.0
NHA,2024-11-14 07:00:00,-21.07,21.07,19.96,20.12,-837700.0
NHA,2025-05-12 07:00:00,-16.81,16.97,16.53,16.85,-453600.0
NHA,2025-08-29 07:00:00,-20.68,21.12,20.6,20.68,-826100.0
NHH,2018-10-24 07:00:00,-11.85,11.85,11.85,11.85,-300.0
NHH,2020-04-16 07:00:00,-26.02,27.39,26.02,27.39,-275680.0
NHH,2020-07-28 07:00:00,-30.81,31.57,30.81,31.26,-224860.0
NHH,2020-08-11 07:00:00,-31.85,32.54,31.23,32.4,-219360.0
NHH,2020-08-27 07:00:00,-40.85,43.0,38.77,42.93,-161080.0
NHH,2020-11-30 07:00:00,-35.05,35.05,34.14,34.81,-209800.0
NHH,2021-01-05 07:00:00,-41.01,41.15,39.96,40.66,-349300.0
NHH,2021-03-23 07:00:00,-45.27,45.56,44.13,44.85,-362500.0
NHH,2021-03-30 07:00:00,-45.7,45.84,43.28,44.13,-418900.0
NHH,2021-12-07 07:00:00,-25.73,26.62,25.63,26.34,-278700.0
NHH,2022-04-15 07:00:00,-20.48,19.85,20.85,19.85,-173900.0
NHH,2022-07-13 07:00:00,-12.56,12.84,12.38,12.47,-184400.0
NHH,2022-12-14 07:00:00,-13.11,13.38,13.02,13.2,-195300.0
NHH,2023-10-04 07:00:00,-15.67,16.33,15.62,16.14,-1153800.0
NHH,2024-09-06 07:00:00,-13.45,13.5,13.3,13.35,-406500.0
NHH,2024-10-14 07:00:00,-13.98,13.98,13.88,13.88,-114100.0
NHH,2024-11-26 07:00:00,-12.58,12.58,12.49,12.53,-72500.0
NHH,2025-03-03 07:00:00,-12.68,12.68,12.63,12.68,-71400.0
NHH,2025-05-16 07:00:00,-11.14,11.14,10.94,11.04,-136100.0
NHH,2025-09-09 07:00:00,-12.15,12.3,11.9,12.2,-131700.0
NHH,2026-03-11 07:00:00,-10.15,10.45,9.95,10.45,-100300.0
NHT,2017-12-11 07:00:00,-4.59,4.59,4.59,4.59,-40000.0
NHT,2018-02-26 07:00:00,-7.28,7.87,7.28,7.72,-16252.0
NHT,2018-03-01 07:00:00,-7.69,7.78,7.68,7.72,-16110.0
NHT,2018-06-20 07:00:00,-8.43,8.43,8.39,30.942241602628958,-197600.0
NHT,2018-08-03 07:00:00,-8.9,9.07,8.9,9.07,-3900.0
NHT,2018-11-16 07:00:00,-8.86,10.76,8.86,10.76,-250.0
NHT,2019-03-25 07:00:00,-12.94,12.94,12.94,12.94,-100.0
NHT,2019-10-21 07:00:00,-19.38,19.38,19.38,19.38,-1200.0
NHT,2020-01-21 07:00:00,-17.01,17.01,16.56,17.01,-1220.0
NHT,2020-11-05 07:00:00,-16.99,16.99,16.79,16.79,-1500.0
NHT,2020-11-19 07:00:00,-17.44,17.49,17.44,17.44,-1100.0
NHT,2021-06-07 07:00:00,-18.13,18.19,18.13,18.13,-4000.0
NHT,2021-06-14 07:00:00,-18.45,18.45,18.34,18.34,-3405.0
NHT,2021-09-01 07:00:00,-17.39,17.39,17.29,17.39,-4201.0
NHT,2021-09-21 07:00:00,-17.03,17.03,16.87,16.87,-2200.0
NHT,2022-07-05 07:00:00,-14.59,15.13,14.56,15.13,-6200.0
NHT,2022-08-30 07:00:00,-14.46,15.38,14.46,15.38,-200.0
NHT,2023-03-31 07:00:00,-11.56,11.64,11.52,11.52,-15100.0
NHT,2023-05-10 07:00:00,-11.89,11.89,11.48,11.48,-9700.0
NHT,2024-01-04 07:00:00,-10.7,10.83,10.65,10.7,-5000.0
NHT,2024-11-22 07:00:00,-10.9,11.0,10.9,10.9,-300.0
NHT,2025-05-27 07:00:00,-11.0,11.1,11.0,11.1,-200.0
NHT,2025-11-07 07:00:00,-10.35,10.35,10.3,10.3,-3600.0
NJC,2022-01-12 07:00:00,-12.99,12.99,12.99,12.99,-100.0
NJC,2023-08-22 07:00:00,-15.03,15.03,15.03,15.03,-100.0
NLG,2016-05-27 07:00:00,-10.39,10.48,10.35,10.48,-162950.0
NLG,2016-11-25 07:00:00,-10.23,10.3,10.17,10.26,-140020.0
NLG,2017-12-07 07:00:00,-15.28,15.7,15.08,15.7,-698540.0
NLG,2018-05-03 07:00:00,-18.23,18.99,17.95,18.74,-639480.0
NLG,2018-05-09 07:00:00,-18.47,18.55,18.12,18.42,-326910.0
NLG,2018-10-26 07:00:00,-17.91,17.91,17.3,17.3,-234340.0
NLG,2019-05-06 07:00:00,-17.85,18.16,17.61,17.97,-922890.0
NLG,2019-08-27 07:00:00,-18.83,18.99,18.4,18.53,-581720.0
NLG,2021-03-19 07:00:00,-26.46,27.61,26.42,27.34,-1185300.0
NLG,2021-10-06 07:00:00,-33.01,33.71,33.01,33.71,-3063800.0
NLG,2021-12-21 07:00:00,-54.31,56.91,53.52,56.65,-6608200.0
NLG,2022-06-09 07:00:00,-38.96,39.23,38.22,38.79,-2301400.0
NLG,2022-12-22 07:00:00,-26.49,27.11,25.87,27.11,-1489100.0
NLG,2023-07-18 07:00:00,-32.38,34.3,32.38,33.81,-4421600.0
NLG,2023-12-20 07:00:00,-32.78,32.83,32.47,32.65,-627500.0
NLG,2024-06-13 07:00:00,-39.35,40.12,39.35,39.9,-2433400.0
NLG,2024-11-01 07:00:00,-35.69,36.82,35.51,36.82,-2477000.0
NLG,2024-11-05 07:00:00,-35.74,36.05,35.51,35.69,-477800.0
NLG,2025-04-16 07:00:00,-26.24,26.24,25.47,25.69,-2285400.0
NLG,2025-05-07 07:00:00,-25.96,27.77,25.96,27.77,-6470400.0
NLG,2025-11-11 07:00:00,-36.5,36.75,35.55,36.35,-1639800.0
NLG,2025-12-08 07:00:00,-35.7,35.9,35.0,35.85,-1427700.0
NNT,2015-10-14 07:00:00,-6.61,6.61,6.61,6.61,-200.0
NNT,2017-05-16 07:00:00,-6.59,6.63,6.55,6.63,-1200.0
NNT,2017-06-14 07:00:00,-7.5,7.54,7.5,7.54,-1500.0
NNT,2018-06-18 07:00:00,-8.97,9.07,8.97,9.07,-1000.0
NNT,2021-12-10 07:00:00,-27.57,27.57,27.0,27.0,-300.0
NNT,2023-05-09 07:00:00,-25.21,25.21,25.21,25.21,-100.0
NNT,2024-08-19 07:00:00,-47.35,47.35,47.35,47.35,-1000.0
NNT,2025-11-19 07:00:00,-61.0,61.0,59.2,59.2,-200.0
NNT,2026-01-16 07:00:00,-58.1,60.0,58.1,59.8,-6300.0
NSC,2016-03-04 07:00:00,-56.67,56.67,53.55,54.12,-9780.0
NSC,2016-08-15 07:00:00,-58.89,62.93,57.74,62.35,-3190.0
NSC,2018-05-09 07:00:00,-65.92,66.46,62.87969597370583,65.98,10385.534212695795
NSC,2018-05-28 07:00:00,-65.09,65.09,61.21,65.03,-1910.0
NSC,2018-05-30 07:00:00,-64.49,65.09,64.49,65.09,-310.0
NSC,2018-07-09 07:00:00,-64.49,65.62,64.49,64.49,-3010.0
NSC,2018-11-27 07:00:00,-67.96,68.65,67.34,68.65,-130.0
NSC,2020-06-09 07:00:00,-44.76,44.76,44.54,199.0046760751599,-147700.0
NSC,2020-10-09 07:00:00,-51.57,52.15,51.21,51.79,-23240.0
NSC,2021-01-06 07:00:00,-59.26,60.06,59.11,59.48,-32000.0
NSC,2021-06-04 07:00:00,-60.52,60.52,59.4,60.44,-8911.0
NSC,2021-07-28 07:00:00,-61.23,61.61,61.23,61.61,-1000.0
NSC,2021-11-23 07:00:00,-61.61,61.69,60.39,61.46,-4800.0
NSC,2021-12-17 07:00:00,-62.38,63.98,61.99,63.98,-25800.0
NSC,2022-09-13 07:00:00,-67.94,67.94,67.61,67.94,-7800.0
NSC,2022-11-07 07:00:00,-61.05,61.05,58.43,58.59,-14400.0
NSC,2023-01-13 07:00:00,-61.66,61.66,60.38,60.38,-1300.0
NSC,2023-12-22 07:00:00,-62.73,62.73,62.55,526.1021989877936,-327600.0
NSC,2024-03-14 07:00:00,-67.89,68.71,67.8,67.89,-2000.0
NSC,2024-09-16 07:00:00,-72.91,72.91,72.91,72.91,-200.0
NSC,2025-02-14 07:00:00,-76.47,79.14,74.48,79.14,-4600.0
NSC,2025-10-29 07:00:00,-77.46,77.95,77.46,77.95,-8500.0
NSC,2026-03-27 07:00:00,-71.5,72.9,71.5,72.9,-1000.0
NSG,2017-12-14 07:00:00,-11.05,11.05,11.05,11.05,-400.0
NSG,2018-07-16 07:00:00,-8.46,8.46,8.46,8.46,-100.0
NSG,2018-09-10 07:00:00,-11.53,11.53,11.53,11.53,-100.0
NTF,2021-07-14 07:00:00,-23.17,23.17,23.17,23.17,-100.0
NTF,2025-04-04 07:00:00,-13.82,13.82,13.82,13.82,-1.0
NTF,2025-04-10 07:00:00,-13.82,13.82,13.82,13.82,-3.0
NTH,2019-07-22 07:00:00,-17.88,17.88,17.08,17.08,-2700.0
NTH,2020-09-22 07:00:00,-18.3,18.3,17.1,17.1,-4800.0
NTH,2022-09-22 07:00:00,-31.71,31.71,31.26,31.64,-600.0
NTH,2023-08-07 07:00:00,-42.24,42.24,42.24,42.24,-100.0
NTH,2024-01-25 07:00:00,-44.63,44.63,44.63,44.63,-100.0
NTH,2024-02-05 07:00:00,-41.74,41.74,41.74,41.74,-100.0
NTH,2024-02-21 07:00:00,-40.92,48.27,40.92,48.27,-238.0
NTH,2024-04-17 07:00:00,-53.85,53.85,53.85,53.85,-700.0
NTH,2024-05-08 07:00:00,-50.32,50.32,50.32,50.32,-100.0
NTH,2024-05-20 07:00:00,-53.85,53.85,53.85,53.85,-100.0
NUE,2017-08-25 07:00:00,-3.39,3.39,3.39,3.39,-1200.0
NUE,2019-03-14 07:00:00,-3.72,3.72,3.72,3.72,-100.0
NUE,2019-09-24 07:00:00,-4.74,4.74,4.74,4.74,-700.0
NUE,2019-10-22 07:00:00,-4.25,5.05,4.25,5.05,-700.0
NUE,2020-09-15 07:00:00,-5.22,5.22,5.22,5.22,-3300.0
NUE,2021-04-22 07:00:00,-6.29,6.29,5.68,5.75,-3800.0
NUE,2021-12-09 07:00:00,-6.24,7.83,6.24,6.86,-3000.0
NUE,2022-01-05 07:00:00,-7.48,7.99,7.33,7.33,-6100.0
NUE,2022-01-19 07:00:00,-7.4,7.4,7.4,7.4,-400.0
NUE,2022-04-08 07:00:00,-9.18,9.18,7.62,7.77,-2900.0
NUE,2023-11-08 07:00:00,-6.75,6.75,6.75,6.75,-1600.0
NUE,2024-03-01 07:00:00,-7.95,7.95,7.78,7.78,-200.0
NUE,2024-08-26 07:00:00,-8.32,8.32,8.32,8.32,-100.0
NUE,2024-11-06 07:00:00,-8.78,8.78,8.78,8.69,-1.0
NUE,2024-12-02 07:00:00,-8.88,8.88,8.88,8.88,-1500.0
NUE,2025-01-14 07:00:00,-9.98,9.98,9.98,9.8,-3.0
NUE,2025-05-08 07:00:00,-9.25,9.25,9.25,9.25,-1600.0
NUE,2025-06-25 07:00:00,-9.8,9.8,9.8,9.8,-400.0
NUE,2025-12-12 07:00:00,-10.3,10.3,10.3,10.3,-400.0
NVL,2017-10-31 07:00:00,-26.03,26.07,25.9,25.99,-1286360.0
NVL,2018-12-18 07:00:00,-36.75,36.92,35.64,36.08,-445920.0
NVL,2019-02-15 07:00:00,-32.24,32.46,32.02,32.02,-511960.0
NVL,2019-08-22 07:00:00,-34.91,35.13,34.69,34.97,-287720.0
NVL,2020-06-18 07:00:00,-31.74,32.57,31.63,32.46,-802170.0
NVL,2020-10-21 07:00:00,-34.63,34.74,34.47,34.69,-1218250.0
NVL,2021-05-05 07:00:00,-73.78,75.92,73.56,74.91,-1769200.0
NVL,2021-05-07 07:00:00,-76.6,79.42,76.49,76.49,-2379300.0
NVL,2021-08-12 07:00:00,-79.27,79.66,79.04,79.12,-2232300.0
NVL,2021-08-23 07:00:00,-79.2,81.11,79.04,80.11,-3413100.0
NVL,2021-08-31 07:00:00,-79.43,80.5,78.89,79.73,-2367900.0
NVL,2021-11-08 07:00:00,-80.42,80.8,79.73,79.88,-2638200.0
NVL,2022-02-21 07:00:00,-78.5,78.6,78.0,78.5,-2583200.0
NVL,2022-02-23 07:00:00,-78.0,78.1,77.4,77.4,-2354600.0
NVL,2022-05-05 07:00:00,-81.0,81.7,80.1,81.2,-2172500.0
NVL,2022-12-02 07:00:00,-23.35,24.05,22.3,23.8,-46455600.0
NVL,2023-03-29 07:00:00,-12.45,12.75,12.4,12.55,-10741200.0
NVL,2023-04-21 07:00:00,-14.4,14.45,13.55,13.6,-31618400.0
NVL,2024-04-01 07:00:00,-17.45,17.75,17.3,37.73386733915372,-37560800.0
NVL,2025-01-10 07:00:00,-10.25,10.3,9.92,9.92,-8716100.0
NVL,2025-02-12 07:00:00,-9.22,9.26,9.16,9.16,-3500600.0
OIL,2018-11-01 07:00:00,-13.37,13.37,13.09,13.18,-348188.0
OIL,2019-06-28 07:00:00,-10.86,10.96,10.58,10.96,-274300.0
OIL,2020-12-21 07:00:00,-8.45,9.56,8.36,9.56,-4881230.0
OIL,2021-05-11 07:00:00,-11.14,11.79,11.14,11.42,-989715.0
OIL,2021-12-24 07:00:00,-15.69,16.34,15.69,15.78,-2193770.0
OIL,2022-07-28 07:00:00,-11.7,11.89,11.7,11.8,-802801.0
OIL,2022-12-01 07:00:00,-7.8,8.18,7.71,7.8,-1502560.0
OIL,2025-01-17 07:00:00,-12.6,12.79,12.6,55.69366309057718,-63612608.0
OIL,2026-01-15 07:00:00,-14.0,15.2,13.9,14.5,-13805700.0
OIL,2026-02-05 07:00:00,-17.9,18.3,16.9,16.9,-10884400.0
ONE,2016-08-26 07:00:00,-4.7,4.7,4.12,4.58,-6800.0
ONE,2016-09-27 07:00:00,-4.24,4.64,4.24,4.64,-512.0
ONE,2016-11-30 07:00:00,-4.18,4.24,4.12,4.18,-26412.0
ONE,2017-01-11 07:00:00,-4.18,4.18,4.18,4.18,-100.0
ONE,2017-01-13 07:00:00,-4.24,4.24,4.24,4.24,-182.0
ONE,2017-06-21 07:00:00,-3.6,3.6,3.42,3.42,-10609.0
ONE,2018-12-24 07:00:00,-3.22,3.22,3.14,3.14,-1800.0
ONE,2019-07-24 07:00:00,-3.14,3.14,3.14,3.14,-7200.0
ONE,2019-09-20 07:00:00,-3.07,3.07,2.84,3.07,-323.0
ONE,2020-04-13 07:00:00,-2.56,2.56,2.56,2.56,-100.0
ONE,2020-04-28 07:00:00,-2.56,2.56,2.56,2.56,-1300.0
ONE,2020-06-08 07:00:00,-3.08,3.16,3.08,3.16,-11000.0
ONE,2020-11-18 07:00:00,-3.42,3.42,3.42,3.42,-5500.0
ONE,2020-12-22 07:00:00,-3.93,3.93,3.85,3.85,-8400.0
ONE,2021-06-18 07:00:00,-5.78,5.78,5.68,5.78,-9871.0
ONE,2021-07-20 07:00:00,-4.77,5.13,4.77,5.13,-28710.0
ONE,2021-07-22 07:00:00,-4.95,5.04,4.95,4.95,-9500.0
ONE,2021-10-14 07:00:00,-6.88,6.88,6.78,6.88,-40820.0
ONE,2022-07-29 07:00:00,-6.6,6.69,6.51,6.69,-8500.0
ONE,2022-09-08 07:00:00,-6.51,6.51,6.33,6.51,-11800.0
ONE,2023-05-22 07:00:00,-5.1,5.1,4.9,5.0,-33800.0
ONE,2023-07-05 07:00:00,-5.4,5.5,5.4,5.5,-16400.0
ONE,2023-09-28 07:00:00,-5.5,5.5,5.5,5.5,-5503.0
ONE,2024-06-12 07:00:00,-7.2,7.5,7.1,7.4,-107060.0
ONE,2024-07-05 07:00:00,-7.0,7.0,6.7,6.7,-63155.0
ONE,2024-07-09 07:00:00,-6.7,6.7,6.5,6.6,-79906.0
ONE,2024-10-11 07:00:00,-5.1,5.2,5.1,5.2,-3553.0
ONE,2026-03-19 07:00:00,-12.4,13.2,11.3,11.3,-74300.0
ONE,2026-04-02 07:00:00,-11.4,11.4,10.5,10.5,-3600.0
ONW,2017-02-27 07:00:00,-11.0,11.0,11.0,11.0,-100.0
ONW,2017-03-06 07:00:00,-12.6,12.7,12.6,12.7,-200.0
ONW,2019-04-12 07:00:00,-15.3,15.3,15.3,15.3,-100.0
ONW,2022-04-08 07:00:00,-4.8,4.8,4.8,4.8,-100.0
PAP,2021-11-18 07:00:00,-16.1,16.1,16.1,16.1,-4000.0
PAP,2021-12-02 07:00:00,-15.7,15.7,15.7,15.7,-1200.0
PAP,2022-03-25 07:00:00,-16.4,16.4,14.2,14.2,-2100.0
PAP,2023-08-02 07:00:00,-12.2,12.2,12.2,12.2,-5000.0
PAP,2023-10-25 07:00:00,-13.6,13.6,13.6,13.7,-4.0
PBC,2020-09-29 07:00:00,-12.65,13.01,12.65,13.01,-400.0
PBC,2021-03-08 07:00:00,-14.47,14.47,14.47,14.47,-100.0
PBC,2021-09-13 07:00:00,-17.37,17.37,16.92,17.1,-15100.0
PBC,2021-12-21 07:00:00,-17.73,17.91,16.74,17.19,-201886.0
PBC,2022-01-07 07:00:00,-16.65,16.83,16.28,16.65,-83900.0
PBC,2023-12-28 07:00:00,-8.58,8.68,8.58,8.58,-21301.0
PBC,2025-02-28 07:00:00,-7.33,7.42,7.23,7.42,-14511.0
PBC,2025-07-23 07:00:00,-7.09,7.09,6.89,6.89,-30200.0
PBC,2025-09-12 07:00:00,-6.4,6.5,6.4,6.4,-15800.0
PBC,2025-10-09 07:00:00,-6.2,6.2,6.1,6.2,-21300.0
PBC,2026-03-23 07:00:00,-5.7,5.9,5.7,5.7,-31500.0
PC1,2016-12-14 07:00:00,-8.1,8.5,8.08,8.37,-289320.0
PC1,2017-05-05 07:00:00,-8.45,8.47,8.34,8.47,-168360.0
PC1,2017-09-20 07:00:00,-9.84,9.87,9.75,9.84,-168660.0
PC1,2017-10-03 07:00:00,-10.19,10.19,10.04,10.1,-198990.0
PC1,2018-06-07 07:00:00,-8.89,9.26,8.66,9.24,-104880.0
PC1,2018-12-19 07:00:00,-7.63,7.69,7.59,7.69,-105990.0
PC1,2019-02-19 07:00:00,-8.24,8.29,8.07,8.07,-216540.0
PC1,2019-06-27 07:00:00,-7.61,7.63,7.45,7.45,-13400.0
PC1,2019-10-16 07:00:00,-8.03,8.03,7.75,7.79,-125700.0
PC1,2019-11-07 07:00:00,-7.55,7.71,7.47,7.55,-107380.0
PC1,2019-11-22 07:00:00,-7.51,7.59,7.33,7.39,-316930.0
PC1,2020-03-11 07:00:00,-5.5,5.56,5.24,5.32,-411730.0
PC1,2020-05-25 07:00:00,-6.67,6.71,6.6,6.71,-394950.0
PC1,2020-08-06 07:00:00,-7.11,7.11,7.01,7.05,-201070.0
PC1,2021-06-04 07:00:00,-12.92,13.07,12.78,12.83,-577400.0
PC1,2021-07-14 07:00:00,-11.69,11.9,11.33,11.69,-253700.0
PC1,2022-02-07 07:00:00,-19.55,20.17,19.55,20.0,-514800.0
PC1,2022-03-02 07:00:00,-22.12,22.12,21.46,21.66,-1444200.0
PC1,2023-01-31 07:00:00,-16.83,17.36,16.77,17.16,-1420100.0
PC1,2023-04-20 07:00:00,-18.41,18.57,18.38,18.51,-469900.0
PC1,2023-04-24 07:00:00,-18.18,18.71,18.15,18.64,-700400.0
PC1,2023-09-13 07:00:00,-20.68,20.68,19.53,20.25,-3865300.0
PC1,2023-12-14 07:00:00,-21.14,21.14,20.61,20.69,-1209400.0
PC1,2024-01-30 07:00:00,-21.79,23.26,21.6,23.26,-20138700.0
PC1,2024-04-19 07:00:00,-19.36,19.52,18.53,18.8,-4144500.0
PC1,2024-07-03 07:00:00,-22.47,22.88,22.2,22.54,-6321600.0
PC1,2024-08-23 07:00:00,-22.09,22.43,22.09,22.31,-1898300.0
PC1,2024-10-04 07:00:00,-21.03,21.1,20.84,20.84,-2481300.0
PC1,2024-11-19 07:00:00,-19.42,19.6,18.94,18.94,-1430500.0
PCC,2017-12-25 07:00:00,-10.11,10.64,10.11,10.64,-1100.0
PCC,2020-04-27 07:00:00,-7.16,7.16,7.16,7.16,-1400.0
PCC,2021-06-02 07:00:00,-9.64,9.64,9.57,9.57,-500.0
PCC,2021-10-28 07:00:00,-11.86,11.94,11.86,11.94,-8600.0
PCC,2022-02-15 07:00:00,-14.71,14.71,14.08,14.08,-700.0
PCC,2022-02-23 07:00:00,-13.76,13.84,13.76,13.84,-800.0
PCC,2022-04-06 07:00:00,-14.08,14.08,13.84,13.84,-1300.0
PCC,2022-07-14 07:00:00,-12.65,14.16,12.65,14.0,-900.0
PCC,2022-12-14 07:00:00,-14.87,14.87,14.87,14.87,-200.0
PCC,2023-09-22 07:00:00,-13.58,15.69,13.5,15.6,-17600.0
PCC,2023-10-20 07:00:00,-14.09,14.09,14.09,14.09,-3003.0
PCC,2024-02-07 07:00:00,-16.94,16.94,16.94,16.94,-100.0
PCC,2024-07-17 07:00:00,-22.38,22.38,22.38,22.74,-10.0
PCC,2024-12-19 07:00:00,-23.53,23.53,23.53,23.53,-838.0
PCC,2025-03-27 07:00:00,-22.59,22.59,22.59,22.59,-100.0
PCC,2025-07-11 07:00:00,-22.59,22.59,22.59,22.59,-100.0
PCH,2023-04-05 07:00:00,-3.38,3.38,3.22,3.38,-97200.0
PCH,2023-07-25 07:00:00,-4.55,4.55,4.4,4.47,-41300.0
PCH,2023-10-02 07:00:00,-6.26,6.26,6.09,6.17,-29706.0
PCH,2023-11-02 07:00:00,-6.78,7.39,6.78,7.39,-73686.0
PCH,2024-01-22 07:00:00,-8.43,8.43,8.26,8.35,-4040.0
PCH,2024-01-24 07:00:00,-8.35,8.35,8.26,8.26,-1400.0
PCH,2024-02-07 07:00:00,-8.17,8.7,7.57,8.7,-6519.0
PCH,2025-02-27 07:00:00,-13.24,13.33,13.24,13.33,-84581.0
PCH,2025-05-07 07:00:00,-14.38,14.48,14.29,14.29,-66300.0
PCH,2025-07-09 07:00:00,-18.38,18.48,18.29,18.29,-86100.0
PCH,2025-10-03 07:00:00,-20.1,20.2,20.1,20.2,-94900.0
PCH,2026-01-21 07:00:00,-20.2,20.2,19.8,20.0,-134900.0
PCM,2021-08-05 07:00:00,-9.7,9.7,9.7,9.7,-3200.0
PCM,2021-12-16 07:00:00,-11.6,12.3,11.6,12.3,-3200.0
PCM,2022-09-22 07:00:00,-12.8,12.8,12.8,12.8,-100.0
PCM,2023-03-13 07:00:00,-14.4,14.4,11.679727564102564,14.4,-101.0
PCM,2023-06-09 07:00:00,-11.6,11.6,11.5,11.5,-3750.0
PCT,2016-09-16 07:00:00,-7.48,7.48,7.48,7.48,-100.0
PCT,2016-12-05 07:00:00,-7.48,7.48,6.65,7.48,-2400.0
PCT,2017-06-02 07:00:00,-6.73,6.73,6.73,6.73,-16800.0
PCT,2017-08-29 07:00:00,-7.98,8.06,7.4,8.06,-1100.0
PCT,2019-11-27 07:00:00,-5.73,5.73,5.73,5.73,-700.0
PCT,2021-03-29 07:00:00,-5.98,6.23,5.82,6.23,-10200.0
PCT,2021-08-30 07:00:00,-5.15,5.32,5.15,5.32,-15600.0
PCT,2022-02-15 07:00:00,-7.06,7.06,6.65,6.73,-7460.0
PCT,2022-06-03 07:00:00,-5.98,6.4,5.82,6.15,-31270.0
PCT,2022-06-28 07:00:00,-4.82,4.9,4.74,4.9,-15201.0
PCT,2022-12-22 07:00:00,-4.8,5.0,4.8,5.0,-2400.0
PCT,2023-11-28 07:00:00,-7.2,7.2,7.2,7.2,-2700.0
PCT,2024-08-14 07:00:00,-13.0,13.0,12.1,12.5,-6105.0
PCT,2024-12-12 07:00:00,-12.9,13.0,12.6,13.0,-63400.0
PCT,2025-05-05 07:00:00,-11.4,11.6,11.4,11.6,-16000.0
PCT,2025-05-19 07:00:00,-11.4,11.4,11.4,11.4,-10000.0
PCT,2025-09-24 07:00:00,-10.4,10.5,10.3,10.5,-8100.0
PCT,2025-10-02 07:00:00,-10.5,10.5,10.5,10.5,-5500.0
PEG,2021-10-04 07:00:00,-8.2,8.2,8.1,8.2,-5300.0
PEG,2021-11-30 07:00:00,-9.6,9.6,9.6,9.6,-300.0
PEG,2022-01-04 07:00:00,-9.5,9.5,9.5,9.5,-300.0
PEG,2022-06-28 07:00:00,-7.4,7.4,6.4,6.4,-3400.0
PEG,2022-08-18 07:00:00,-6.4,6.4,6.4,6.4,-500.0
PEG,2024-02-05 07:00:00,-4.0,4.0,4.0,4.0,-1601.0
PGB,2021-04-01 07:00:00,-8.32,8.38,8.07,8.32,-279808.0
PGB,2022-01-17 07:00:00,-16.08,16.6,14.99,15.77,-118108.0
PGB,2023-06-08 07:00:00,-14.99,15.25,14.48,15.25,-277980.0
PGB,2023-11-27 07:00:00,-13.08,13.08,12.51,12.56,-900.0
PGB,2023-11-29 07:00:00,-12.67,13.18,12.56,13.18,-19316.0
PGB,2024-01-15 07:00:00,-13.96,13.96,13.6,13.7,-7213.0
PGB,2024-06-20 07:00:00,-12.85,12.92,12.63,12.77,-16564.0
PGB,2025-08-12 07:00:00,-12.54,12.54,12.24,12.31,-71400.0
PGD,2015-10-01 07:00:00,-13.92,13.92,13.57,13.67,-387200.0
PGD,2016-01-19 07:00:00,-17.51,17.7,17.41,17.7,-402190.0
PGD,2016-07-22 07:00:00,-22.3,22.3,21.52,22.25,-158320.0
PGD,2017-08-11 07:00:00,-24.84,24.84,24.84,24.84,-10.0
PGD,2018-08-23 07:00:00,-21.03,21.31,21.03,21.31,-1060.0
PGD,2018-11-28 07:00:00,-20.3,20.3,20.3,20.3,-1000.0
PGD,2019-07-26 07:00:00,-17.93,18.61,23.174957541447633,18.55,57349.27851672713
PGD,2020-07-03 07:00:00,-17.36,17.36,17.36,17.36,-690.0
PGD,2020-09-03 07:00:00,-18.15,18.15,17.75,17.75,-2460.0
PGD,2020-11-11 07:00:00,-17.62,17.62,17.62,17.62,-100.0
PGD,2021-02-19 07:00:00,-20.35,20.64,20.35,201.42150691202184,-48600.0
PGD,2021-05-05 07:00:00,-19.31,19.31,18.95,19.15,-800.0
PGD,2021-09-06 07:00:00,-21.91,21.91,20.49,20.7,-53900.0
PGD,2021-11-15 07:00:00,-25.16,25.37,24.8,25.3,-16500.0
PGD,2022-03-16 07:00:00,-24.03,24.1,23.46,24.1,-16800.0
PGD,2022-03-30 07:00:00,-23.74,23.95,23.6,23.6,-20300.0
PGD,2022-06-15 07:00:00,-23.67,24.73,23.67,23.81,-3400.0
PGD,2022-10-11 07:00:00,-20.56,21.7,20.56,21.16,-3300.0
PGD,2023-04-04 07:00:00,-24.65,25.19,24.65,25.03,-8200.0
PGD,2023-09-20 07:00:00,-36.32,36.32,35.15,36.14,-7900.0
PGD,2025-08-19 07:00:00,-25.2,25.5,25.1,25.5,-4800.0
PGD,2025-09-10 07:00:00,-24.5,24.5,24.45,24.45,-2400.0
PGT,2015-10-28 07:00:00,-4.8,4.9,4.8,4.9,-5100.0
PGT,2016-01-12 07:00:00,-4.7,4.7,4.1,4.5,-7800.0
PGT,2016-03-14 07:00:00,-4.5,4.7,4.5,4.6,-7025.0
PGT,2017-03-10 07:00:00,-3.4,3.7,3.4,3.7,-800.0
PGT,2017-03-17 07:00:00,-3.3,3.6,3.2,3.6,-700.0
PGT,2017-09-22 07:00:00,-3.6,3.6,3.6,3.6,-8.0
PGT,2018-07-31 07:00:00,-3.6,3.6,3.6,3.6,-100.0
PGT,2019-08-22 07:00:00,-4.3,4.4,4.2,4.2,-66353.0
PGT,2020-10-05 07:00:00,-3.6,3.6,3.6,3.6,-10.0
PGT,2021-03-30 07:00:00,-7.4,8.0,7.2,7.8,-6355.0
PGT,2021-05-14 07:00:00,-4.6,5.0,4.6,5.0,-3000.0
PGT,2021-06-11 07:00:00,-4.6,4.9,4.6,4.9,-6700.0
PGT,2021-06-25 07:00:00,-4.4,4.5,4.3,4.5,-68900.0
PGT,2021-10-06 07:00:00,-11.1,11.7,11.0,11.5,-50865.0
PGT,2021-11-26 07:00:00,-11.3,12.0,11.2,11.3,-47915.0
PGT,2022-03-04 07:00:00,-10.3,10.3,10.0,10.3,-55800.0
PGT,2022-06-17 07:00:00,-5.4,6.4,5.4,6.4,-8500.0
PGT,2022-06-29 07:00:00,-6.1,6.6,6.0,6.4,-5900.0
PGT,2022-08-01 07:00:00,-5.6,5.6,5.4,5.6,-12700.0
PGT,2022-08-03 07:00:00,-6.0,6.5,5.9,6.1,-4800.0
PGT,2022-08-09 07:00:00,-6.1,6.2,6.0,6.2,-13400.0
PGT,2022-11-25 07:00:00,-3.0,3.1,2.9,3.1,-4100.0
PGT,2023-04-18 07:00:00,-2.8,3.0,2.8,3.0,-1308.0
PGT,2024-03-13 07:00:00,-4.1,4.2,4.0,4.0,-12500.0
PGT,2024-03-21 07:00:00,-3.8,3.7,4.0,4.0,-20700.0
PGT,2025-01-16 07:00:00,-6.5,6.8,6.5,6.8,-209.0
PGT,2025-02-04 07:00:00,-6.8,7.0,6.8,7.0,-1000.0
PGT,2025-03-25 07:00:00,-8.5,9.3,8.5,9.3,-56100.0
PGT,2025-04-23 07:00:00,-10.5,10.5,9.9,10.3,-2501.0
PGT,2025-04-24 07:00:00,-10.0,10.2,9.9,10.0,-4500.0
PGT,2025-09-17 07:00:00,-9.3,9.3,9.3,9.3,-100.0
PGT,2025-12-26 07:00:00,-7.5,7.5,7.5,7.5,-100.0
PGV,2018-05-11 07:00:00,-11.61,11.61,11.61,11.61,-100.0
PGV,2019-03-25 07:00:00,-10.05,10.05,10.05,10.05,-100.0
PGV,2020-07-30 07:00:00,-9.12,9.12,8.26,8.26,-9300.0
PGV,2020-08-27 07:00:00,-8.42,9.59,8.42,8.65,-19301.0
PGV,2020-09-15 07:00:00,-9.66,9.82,9.51,9.66,-7930.0
PGV,2021-04-06 07:00:00,-13.25,13.25,13.17,13.17,-6800.0
PGV,2021-06-16 07:00:00,-13.72,13.72,13.09,13.4,-17300.0
PGV,2022-03-16 07:00:00,-30.48,30.48,29.59,29.97,-15600.0
PGV,2022-05-13 07:00:00,-24.82,24.82,23.01,24.11,-5500.0
PGV,2022-12-01 07:00:00,-16.89,16.89,15.87,15.87,-4600.0
PGV,2023-02-01 07:00:00,-17.37,17.55,17.09,17.18,-2700.0
PGV,2023-02-03 07:00:00,-17.09,17.23,16.91,17.18,-6500.0
PGV,2023-06-05 07:00:00,-22.76,23.12,22.39,23.03,-148500.0
PGV,2023-09-22 07:00:00,-25.21,25.69,24.78,25.6,-81700.0
PGV,2024-08-21 07:00:00,-21.7,21.9,21.4,21.9,-33000.0
PGV,2025-03-17 07:00:00,-20.15,20.15,19.9,19.95,-9200.0
PGV,2026-03-26 07:00:00,-24.7,24.85,24.1,24.6,-29000.0
PGV,2026-04-15 07:00:00,-24.2,24.2,23.85,24.0,-3700.0
PHC,2016-03-07 07:00:00,-2.24,2.24,2.18,2.21,-8840.0
PHC,2016-03-15 07:00:00,-2.21,2.24,2.18,2.18,-9200.0
PHC,2016-05-09 07:00:00,-2.37,2.46,2.37,2.46,-18700.0
PHC,2016-10-10 07:00:00,-2.4,2.56,2.4,2.53,-59600.0
PHC,2017-09-15 07:00:00,-7.01,7.16,6.92,7.01,-267305.0
PHC,2017-12-08 07:00:00,-7.16,7.25,7.11,7.16,-528409.0
PHC,2019-01-24 07:00:00,-6.6,6.62,6.36,6.62,-116700.0
PHC,2019-04-01 07:00:00,-7.32,7.43,7.29,7.43,-347310.0
PHC,2019-07-19 07:00:00,-6.92,6.92,6.68,6.76,-175630.0
PHC,2019-09-25 07:00:00,-6.84,7.0,6.84,6.92,-318860.0
PHC,2020-05-11 07:00:00,-6.03,6.17,5.78,6.03,-61430.0
PHC,2020-07-02 07:00:00,-7.12,7.12,6.84,7.06,-189820.0
PHC,2020-11-13 07:00:00,-6.73,6.8,6.71,6.8,-182890.0
PHC,2021-01-29 07:00:00,-6.82,7.23,6.67,7.09,-74800.0
PHC,2021-08-12 07:00:00,-13.73,13.97,13.67,13.94,-553700.0
PHC,2021-10-12 07:00:00,-11.72,11.72,11.45,11.59,-148900.0
PHC,2022-04-26 07:00:00,-8.34,8.42,8.0,8.38,-377600.0
PHC,2022-05-09 07:00:00,-9.09,9.09,8.54,8.54,-774600.0
PHC,2022-08-05 07:00:00,-7.0,7.04,6.85,7.03,-146200.0
PHC,2022-08-26 07:00:00,-7.49,7.5,7.27,7.27,-296500.0
PHC,2022-12-08 07:00:00,-5.51,5.62,5.51,5.51,-119800.0
PHC,2023-03-14 07:00:00,-5.35,5.35,5.2,5.23,-59200.0
PHC,2023-03-17 07:00:00,-5.21,5.31,5.2,5.3,-31300.0
PHC,2023-06-01 07:00:00,-5.83,5.88,5.76,5.83,-142400.0
PHC,2023-12-07 07:00:00,-6.74,6.77,6.43,6.59,-232700.0
PHC,2024-07-08 07:00:00,-6.14,6.14,6.08,6.09,-68300.0
PHC,2024-09-24 07:00:00,-5.47,5.56,5.45,5.49,-16700.0
PHC,2024-10-22 07:00:00,-5.42,5.76,5.42,5.51,-123400.0
PHC,2024-11-13 07:00:00,-5.69,5.69,5.4,5.54,-22500.0
PHC,2024-12-19 07:00:00,-5.35,5.39,5.35,5.38,-13300.0
PHC,2025-03-13 07:00:00,-5.48,5.53,5.42,5.48,-52900.0
PHC,2025-10-28 07:00:00,-5.06,5.06,4.94,4.99,-49200.0
PHC,2026-02-11 07:00:00,-4.88,4.88,4.7,4.8,-183400.0
PIC,2017-08-14 07:00:00,-9.25,10.11,9.25,9.37,-530.0
PIC,2018-03-15 07:00:00,-9.86,9.86,9.86,9.86,-5058.0
PIC,2018-07-02 07:00:00,-9.07,9.07,9.07,9.07,-200.0
PIC,2019-01-18 07:00:00,-9.07,9.07,9.07,9.07,-48.0
PIC,2020-02-27 07:00:00,-6.7,6.7,6.7,6.7,-52.0
PIC,2020-08-28 07:00:00,-6.49,7.78,6.49,7.78,-4201.0
PIC,2020-09-03 07:00:00,-7.32,7.32,7.32,7.32,-100.0
PIC,2020-10-27 07:00:00,-6.42,6.8,6.42,6.57,-1512.0
PIC,2021-03-19 07:00:00,-9.44,9.44,9.44,9.44,-100.0
PIC,2021-04-20 07:00:00,-8.61,8.76,8.61,8.68,-8541.0
PIC,2022-08-02 07:00:00,-13.06,13.06,12.3,12.38,-3816.0
PIC,2022-12-07 07:00:00,-12.64,12.64,12.55,12.55,-1200.0
PIC,2023-01-31 07:00:00,-13.09,13.09,13.09,13.09,-2600.0
PIC,2024-01-10 07:00:00,-14.44,14.53,14.44,14.53,-400.0
PIC,2024-10-21 07:00:00,-18.65,19.13,17.3,19.13,-300.0
PIC,2024-12-25 07:00:00,-19.22,19.22,19.22,19.22,-30.0
PIC,2025-01-13 07:00:00,-18.17,18.17,18.07,18.07,-1300.0
PIC,2025-11-10 07:00:00,-17.0,17.2,17.0,17.2,-7700.0
PIS,2016-06-24 07:00:00,-7.97,7.97,7.97,7.97,-100.0
PIS,2017-10-24 07:00:00,-8.28,8.28,8.28,8.28,-100.0
PIS,2018-06-20 07:00:00,-6.75,6.75,6.75,6.75,-3200.0
PIS,2021-08-19 07:00:00,-9.82,9.82,9.41,9.41,-1400.0
PIS,2022-01-14 07:00:00,-9.57,9.57,9.57,9.57,-100.0
PIS,2025-01-23 07:00:00,-11.55,11.55,11.55,11.55,-100.0
PIS,2025-12-05 07:00:00,-10.7,10.7,10.7,10.7,-100.0
PJC,2018-10-29 07:00:00,-20.66,20.66,20.66,20.66,-100.0
PJC,2019-05-31 07:00:00,-14.87,14.87,14.87,14.87,-200.0
PJC,2020-05-12 07:00:00,-16.95,16.95,16.95,16.95,-10.0
PJC,2021-04-07 07:00:00,-14.25,14.93,14.25,14.39,-4900.0
PJC,2022-05-19 07:00:00,-18.28,18.28,18.28,18.28,-10.0
PJC,2023-06-28 07:00:00,-15.38,15.38,15.38,15.38,-100.0
PJC,2024-12-13 07:00:00,-23.29,23.29,23.29,23.29,-400.0
PJC,2025-08-19 07:00:00,-23.02,23.02,23.02,23.02,-100.0
PLP,2017-10-27 07:00:00,-13.19,14.13,13.19,13.88,-209700.0
PLP,2017-11-21 07:00:00,-12.34,12.34,12.14,12.24,-66310.0
PLP,2018-03-06 07:00:00,-11.29,11.44,11.2,11.44,-27280.0
PLP,2018-05-10 07:00:00,-6.92,6.99,6.72,6.94,-29860.0
PLP,2018-06-07 07:00:00,-8.18,7.96,8.18,7.96,-150780.0
PLP,2018-08-10 07:00:00,-6.62,6.89,6.62,6.84,-45030.0
PLP,2019-03-28 07:00:00,-6.29,6.51,6.29,6.51,-4270.0
PLP,2019-05-15 07:00:00,-6.29,6.4,6.23,6.34,-18990.0
PLP,2019-11-15 07:00:00,-5.52,5.52,5.52,5.52,-10.0
PLP,2020-05-13 07:00:00,-4.76,4.76,4.43,4.58,-8700.0
PLP,2020-11-30 07:00:00,-6.1,6.51,6.08,6.51,-1197240.0
PLP,2021-05-05 07:00:00,-8.75,8.97,8.74,8.93,-116300.0
PLP,2021-07-07 07:00:00,-8.4,8.4,7.98,8.27,-833400.0
PLP,2021-09-01 07:00:00,-11.02,11.11,10.76,10.81,-903900.0
PLP,2021-10-14 07:00:00,-12.69,12.69,12.42,12.56,-713700.0
PLP,2022-01-11 07:00:00,-15.22,15.53,15.01,15.14,-720700.0
PLP,2022-11-03 07:00:00,-4.99,4.99,4.81,4.9,-24700.0
PLP,2023-04-21 07:00:00,-4.48,4.48,4.31,4.36,-75800.0
PLP,2023-05-16 07:00:00,-4.79,4.8,4.65,4.7,-137300.0
PLP,2023-11-13 07:00:00,-4.12,4.12,4.06,4.1,-44100.0
PLP,2023-11-16 07:00:00,-4.07,4.14,4.07,4.14,-24100.0
PLP,2023-11-22 07:00:00,-4.06,4.13,4.06,4.12,-79300.0
PLP,2025-02-05 07:00:00,-5.09,5.13,5.0,5.09,-51200.0
PLP,2025-12-11 07:00:00,-6.91,6.99,6.66,6.7,-211400.0
PLP,2025-12-26 07:00:00,-6.12,6.15,6.0,6.0,-318400.0
PLP,2026-03-20 07:00:00,-5.18,5.29,5.11,5.29,-35300.0
PNC,2015-12-07 07:00:00,-11.06,11.06,11.06,11.06,-950.0
PNC,2016-02-25 07:00:00,-13.28,13.28,13.28,13.28,-10.0
PNC,2017-11-29 07:00:00,-26.35,26.35,24.66,26.31,-7750.0
PNC,2018-01-16 07:00:00,-22.05,22.05,21.42,22.05,-5950.0
PNC,2018-04-13 07:00:00,-14.22,14.22,14.07,14.07,-2200.0
PNC,2019-09-24 07:00:00,-11.21,12.02,11.21,12.02,-1020.0
PNC,2020-03-06 07:00:00,-9.87,10.58,9.87,10.58,-260.0
PNC,2020-03-23 07:00:00,-9.87,9.87,9.87,9.87,-20.0
PNC,2021-01-18 07:00:00,-8.22,8.31,8.22,8.31,-400.0
PNC,2021-07-09 07:00:00,-8.51,8.51,8.51,8.51,-100.0
PNC,2021-12-29 07:00:00,-11.34,12.14,11.34,12.09,-2600.0
PNC,2022-06-01 07:00:00,-10.58,10.58,10.58,10.58,-1000.0
PNC,2023-10-18 07:00:00,-7.86,8.68,7.86,8.5,-400.0
PNC,2023-11-15 07:00:00,-8.7,8.7,8.69,8.69,-1900.0
PNC,2024-02-01 07:00:00,-8.13,8.13,8.13,8.13,-1600.0
PNC,2024-12-05 07:00:00,-16.68,17.17,16.68,17.17,-4100.0
PNC,2025-03-11 07:00:00,-19.63,19.63,18.65,18.65,-2600.0
PNC,2025-06-05 07:00:00,-28.46,28.8,27.28,28.8,-16700.0
PNC,2026-03-05 07:00:00,-24.6,24.6,24.6,24.6,-100.0
PNC,2026-03-25 07:00:00,-28.0,28.0,28.0,28.0,-100.0
PND,2017-12-20 07:00:00,-5.71,5.71,5.71,5.71,-100.0
PND,2021-07-16 07:00:00,-18.5,18.5,14.31,14.31,-500.0
PND,2024-04-11 07:00:00,-6.9,6.9,6.9,6.9,-1.0
PND,2024-11-18 07:00:00,-6.7,6.7,6.7,6.7,-100.0
PND,2024-12-24 07:00:00,-9.0,9.0,7.8,8.9,-18300.0
PND,2026-03-12 07:00:00,-8.9,9.0,8.9,9.0,-1700.0
PNP,2023-11-08 07:00:00,-14.71,14.71,14.71,14.71,-100.0
POS,2018-03-21 07:00:00,-6.5,6.71,6.5,6.55,-7900.0
POS,2018-07-13 07:00:00,-4.51,4.51,4.51,4.51,-100.0
POS,2020-05-14 07:00:00,-5.98,5.98,5.98,5.98,-100.0
POS,2020-10-06 07:00:00,-6.3,6.37,6.3,6.37,-32300.0
POS,2020-11-24 07:00:00,-9.11,9.25,8.56,9.11,-101721.0
POS,2021-03-12 07:00:00,-12.47,10.75585843373494,12.26,11.582101288617814,-30700.0
POS,2021-03-31 07:00:00,-11.3,11.71,10.0,11.64,-19000.0
POS,2021-04-19 07:00:00,-11.37,11.57,11.23,11.51,-44000.0
POS,2021-09-13 07:00:00,-11.37,11.44,11.03,11.3,-88300.0
POS,2021-12-21 07:00:00,-12.98,12.98,12.69,12.91,-51300.0
POS,2022-01-19 07:00:00,-12.69,12.91,12.69,12.69,-14100.0
POS,2022-11-17 07:00:00,-6.69,6.92,6.61,6.92,-11300.0
POS,2024-04-15 07:00:00,-14.63,14.63,13.72,13.97,-31041.0
POS,2024-06-07 07:00:00,-14.88,15.71,14.8,15.71,-72336.0
POV,2019-03-05 07:00:00,-4.2,4.2,4.2,4.2,-1900.0
POV,2020-07-13 07:00:00,-4.1,4.1,4.1,4.1,-25.0
POV,2020-12-28 07:00:00,-4.28,4.28,4.28,4.28,-1.0
POV,2021-03-02 07:00:00,-7.32,7.32,7.01,7.01,-300.0
POV,2021-12-30 07:00:00,-9.73,9.89,9.73,9.89,-30541.0
POV,2022-08-03 07:00:00,-10.52,10.52,8.94,9.9,-28804.0
POV,2023-03-24 07:00:00,-7.45,7.89,7.45,7.89,-6600.0
POV,2024-05-29 07:00:00,-8.19,8.19,8.0,8.0,-8300.0
POV,2024-08-05 07:00:00,-8.09,8.09,8.09,8.09,-2500.0
POV,2024-12-11 07:00:00,-8.18,8.18,7.7,7.8,-500.0
POV,2025-05-23 07:00:00,-7.03,7.6,7.03,7.6,-500.0
POV,2025-06-04 07:00:00,-7.41,7.41,7.41,7.41,-200.0
POV,2025-07-16 07:00:00,-7.7,7.7,7.7,7.7,-100.0
POV,2026-04-15 07:00:00,-7.7,7.9,7.6,7.7,-5800.0
POW,2018-05-25 07:00:00,-11.05,11.37,10.97,11.21,-2197911.0
POW,2019-07-16 07:00:00,-11.6,11.68,11.53,11.53,-1042270.0
POW,2020-01-07 07:00:00,-9.0,9.04,8.84,8.88,-1893960.0
POW,2020-04-08 07:00:00,-6.24,6.74,6.12,6.74,-9412400.0
POW,2020-04-27 07:00:00,-7.64,7.88,7.62,7.82,-7551040.0
POW,2020-06-29 07:00:00,-8.01,8.01,7.67,7.74,-6871990.0
POW,2020-08-20 07:00:00,-8.05,8.05,7.86,7.9,-3244160.0
POW,2021-01-05 07:00:00,-11.36,11.72,11.32,11.56,-9595700.0
POW,2021-02-09 07:00:00,-10.01,10.14,9.69,10.05,-7941500.0
POW,2021-02-23 07:00:00,-10.58,10.62,10.38,10.46,-9370900.0
POW,2021-04-08 07:00:00,-11.4,11.44,11.11,11.23,-13369700.0
POW,2021-04-27 07:00:00,-9.85,10.05,9.69,9.85,-8043200.0
POW,2021-06-15 07:00:00,-9.93,10.05,9.77,9.81,-7093600.0
POW,2021-11-11 07:00:00,-10.88,10.97,10.63,10.68,-16964600.0
POW,2021-11-15 07:00:00,-10.84,11.46,10.59,11.46,-44892800.0
POW,2022-07-19 07:00:00,-11.05,11.26,10.92,11.13,-14638800.0
POW,2023-03-22 07:00:00,-11.01,11.05,10.84,10.88,-4001200.0
POW,2023-04-18 07:00:00,-11.13,11.17,11.01,11.17,-4644300.0
POW,2023-05-16 07:00:00,-11.13,11.26,11.09,11.17,-11136600.0
POW,2023-10-12 07:00:00,-9.56,9.56,9.43,9.48,-3238700.0
POW,2024-01-10 07:00:00,-9.52,9.56,9.39,9.43,-4321200.0
POW,2024-09-12 07:00:00,-10.68,10.8,10.68,10.68,-1649200.0
POW,2024-12-31 07:00:00,-10.06,10.06,9.93,9.93,-1844800.0
POW,2025-02-13 07:00:00,-9.81,10.14,9.81,10.06,-7204700.0
POW,2025-02-26 07:00:00,-10.18,10.18,9.97,10.01,-4522700.0
POW,2025-10-10 07:00:00,-12.17,12.17,12.04,12.08,-5419000.0
POW,2026-04-16 07:00:00,-13.25,13.6,13.2,13.35,-24624300.0
POW,2026-04-22 07:00:00,-13.1,13.15,13.0,13.0,-6087200.0
PPH,2018-06-04 07:00:00,-7.82,7.82,6.59,6.59,-6400.0
PPH,2018-08-06 07:00:00,-6.59,6.59,6.59,6.59,-232161.0
PPH,2018-10-03 07:00:00,-7.03,7.03,6.98,6.98,-2500.0
PPH,2020-06-16 07:00:00,-7.11,7.62,7.11,7.62,-5660.0
PPH,2020-07-08 07:00:00,-9.04,9.04,8.94,8.94,-6500.0
PPH,2021-03-03 07:00:00,-12.49,13.01,12.43,12.49,-46800.0
PPH,2021-03-15 07:00:00,-13.88,14.52,13.53,13.53,-140000.0
PPH,2021-06-16 07:00:00,-16.26,16.32,16.08,16.14,-78818.0
PPH,2021-11-17 07:00:00,-22.85,23.22,22.85,23.04,-66135.0
PPH,2021-11-26 07:00:00,-21.61,21.92,21.36,78.68014077616807,-912417.0
PPH,2022-03-09 07:00:00,-21.18,21.61,20.93,21.36,-44200.0
PPH,2022-05-16 07:00:00,-21.75,23.03,21.75,22.33,-49200.0
PPH,2022-10-07 07:00:00,-17.21,17.55,16.74,16.88,-73600.0
PPH,2022-12-29 07:00:00,-14.56,14.56,14.49,14.56,-29300.0
PPH,2023-01-05 07:00:00,-14.63,15.07,14.63,15.07,-150300.0
PPH,2023-08-22 07:00:00,-19.92,20.15,19.61,19.76,-29491.0
PPH,2023-10-24 07:00:00,-19.69,20.15,19.69,19.76,-28506.0
PPH,2023-12-18 07:00:00,-20.76,20.76,20.26,20.59,-91153.0
PPH,2024-07-08 07:00:00,-27.59,27.95,27.42,27.68,-98019.0
PPH,2024-10-30 07:00:00,-26.26,26.26,26.08,26.17,-48500.0
PPH,2025-03-21 07:00:00,-27.68,27.96,27.4,27.87,-28014.0
PPH,2025-03-28 07:00:00,-27.4,27.4,26.84,27.22,-20500.0
PPH,2025-04-15 07:00:00,-24.88,24.88,24.6,24.7,-84254.0
PPH,2025-11-03 07:00:00,-27.15,27.15,26.86,26.96,-39100.0
PPH,2025-12-15 07:00:00,-27.8,27.8,27.3,27.4,-5500.0
PPH,2026-04-09 07:00:00,-27.2,27.2,26.9,26.9,-11600.0
PPH,2026-04-15 07:00:00,-27.1,27.9,27.0,27.6,-38700.0
PPP,2016-06-16 07:00:00,-4.07,4.11,4.07,4.11,-4300.0
PPP,2017-03-13 07:00:00,-6.97,6.97,6.97,6.97,-100.0
PPP,2018-03-27 07:00:00,-5.61,5.61,5.61,5.61,-302.0
PPP,2018-06-27 07:00:00,-4.44,4.44,4.44,4.44,-1800.0
PPP,2019-10-29 07:00:00,-11.27,11.27,11.27,11.27,-100.0
PPP,2020-06-04 07:00:00,-9.74,11.73,9.74,10.76,-1200.0
PPP,2020-06-29 07:00:00,-8.84,10.64,8.84,8.84,-7000.0
PPP,2020-07-23 07:00:00,-10.12,10.12,10.12,10.12,-100.0
PPP,2020-10-06 07:00:00,-8.33,8.33,7.75,7.75,-4100.0
PPP,2021-06-24 07:00:00,-8.24,8.24,8.24,8.24,-600.0
PPP,2022-01-17 07:00:00,-11.48,11.48,10.8,11.2,-17100.0
PPP,2022-02-11 07:00:00,-10.8,11.0,10.8,10.8,-14500.0
PPP,2023-03-01 07:00:00,-10.06,10.2,9.7,10.13,-12900.0
PPP,2023-04-20 07:00:00,-12.52,12.83,12.52,12.75,-3500.0
PPP,2023-05-11 07:00:00,-11.27,11.82,11.27,77.37028150717185,-273000.0
PPP,2023-09-12 07:00:00,-12.41,12.41,12.41,12.41,-200.0
PPP,2023-10-02 07:00:00,-11.45,11.45,12.17,12.09,-7000.0
PPP,2023-12-22 07:00:00,-12.17,12.33,12.17,12.33,-1800.0
PPP,2024-06-26 07:00:00,-14.86,14.86,14.86,101.32785012744915,-9200.0
PPP,2024-07-29 07:00:00,-14.09,14.09,14.01,14.01,-1500.0
PPP,2025-04-29 07:00:00,-18.54,18.54,18.54,18.54,-121.0
PRE,2021-02-26 07:00:00,-10.52,10.78,10.52,10.78,-2700.0
PRE,2021-06-01 07:00:00,-10.71,10.78,10.71,10.71,-19600.0
PRE,2021-10-25 07:00:00,-14.0,15.29,13.93,14.95,-127700.0
PRE,2021-11-22 07:00:00,-14.95,14.95,14.14,14.14,-23100.0
PRE,2022-03-07 07:00:00,-14.2,14.34,14.2,16.38630046526267,12211.337673611111
PRE,2022-04-04 07:00:00,-14.56,14.77,14.56,14.7,-6300.0
PRE,2022-06-06 07:00:00,-13.92,13.99,13.56,13.92,-1400.0
PRE,2022-09-29 07:00:00,-12.84,13.87,12.76,13.87,-3100.0
PRE,2024-07-25 07:00:00,-16.44,16.44,16.18,16.18,-601.0
PRE,2026-02-13 07:00:00,-22.9,22.9,22.9,22.9,-3000.0
PRO,2016-10-13 07:00:00,-6.6,6.6,6.6,6.6,-1000.0
PRO,2017-12-08 07:00:00,-9.7,9.7,9.7,9.7,-100.0
PRO,2018-01-10 07:00:00,-5.4,5.4,5.4,5.4,-100.0
PRO,2018-07-04 07:00:00,-7.3,7.3,7.3,7.3,-100.0
PRO,2020-02-11 07:00:00,-4.6,4.6,4.6,4.6,-300.0
PRO,2020-10-06 07:00:00,-4.1,4.1,4.1,4.1,-100.0
PRO,2021-07-28 07:00:00,-5.0,5.0,4.7,4.7,-314.0
PRO,2021-08-11 07:00:00,-4.6,4.6,4.6,4.6,-1000.0
PRO,2022-07-27 07:00:00,-7.7,7.8,7.5,7.5,-2000.0
PRO,2022-09-05 07:00:00,-7.3,7.3,7.2,7.2,-500.0
PRO,2022-09-29 07:00:00,-6.8,6.8,6.8,6.8,-400.0
PRO,2022-12-15 07:00:00,-6.2,6.2,5.5,5.5,-1400.0
PRO,2024-03-06 07:00:00,-6.9,6.9,6.9,6.9,-300.0
PRO,2025-09-11 07:00:00,-6.0,6.9,6.0,6.9,-2100.0
PSB,2016-03-16 07:00:00,-3.2,3.58,3.2,3.35,-3025.0
PSB,2016-04-14 07:00:00,-3.73,3.73,3.73,3.73,-100.0
PSB,2016-05-09 07:00:00,-3.43,3.43,3.43,3.43,-1130.0
PSB,2016-11-15 07:00:00,-2.71,2.71,2.71,2.71,-1000.0
PSB,2017-06-15 07:00:00,-6.17,6.17,6.17,6.17,-1011.0
PSB,2018-01-11 07:00:00,-5.5,5.8,5.1,5.4,-1339.0
PSB,2018-06-27 07:00:00,-3.4,3.4,3.0,3.3,-3800.0
PSB,2018-09-17 07:00:00,-3.5,3.5,3.4,3.5,-1135.0
PSB,2018-11-01 07:00:00,-3.2,3.2,3.2,3.2,-325.0
PSB,2019-05-08 07:00:00,-3.2,3.2,3.2,3.3,-50.0
PSB,2019-06-18 07:00:00,-3.0,3.0,3.0,2.9,-75.0
PSB,2019-06-27 07:00:00,-3.0,3.0,3.0,3.0,-700.0
PSB,2020-05-26 07:00:00,-4.1,4.1,3.6,3.6,-4660.0
PSB,2020-07-01 07:00:00,-5.9,5.9,5.8,5.8,-460.0
PSB,2020-07-03 07:00:00,-5.9,6.5,5.9,6.0,-5900.0
PSB,2020-07-10 07:00:00,-6.5,6.5,6.5,5.8535134737947265,-1430.0
PSB,2020-08-26 07:00:00,-8.0,8.0,8.0,8.0,-10676.0
PSB,2021-06-04 07:00:00,-7.7,7.7,6.8,7.0,-12162.0
PSB,2022-01-28 07:00:00,-9.6,10.5,8.9,10.5,-14500.0
PSB,2022-07-27 07:00:00,-7.1,7.1,7.1,7.1,-3400.0
PSB,2023-09-07 07:00:00,-6.4,6.6,6.4,6.6,-19400.0
PSB,2023-11-21 07:00:00,-5.6,5.9,5.6,5.9,-3375.0
PSB,2024-04-19 07:00:00,-5.2,5.6,5.2,5.6,-4375.0
PSB,2024-06-27 07:00:00,-8.8,8.9,8.6,8.8,-137232.0
PSB,2024-10-08 07:00:00,-6.4,6.5,6.3,6.3,-41260.0
PSB,2024-11-04 07:00:00,-6.0,6.0,5.9,5.9,-19500.0
PSB,2024-11-22 07:00:00,-5.6,5.7,5.4,5.6,-223516.0
PSB,2026-01-19 07:00:00,-5.1,5.2,5.0,5.2,-53400.0
PTI,2016-06-01 07:00:00,-11.64,11.66,11.56,11.56,-5600.0
PTI,2017-06-23 07:00:00,-14.1,14.1,14.1,14.1,-56.0
PTI,2017-06-27 07:00:00,-12.82,12.82,12.82,12.82,-199.0
PTI,2017-08-01 07:00:00,-13.05,13.1,12.49,13.05,-6420.0
PTI,2017-08-24 07:00:00,-12.44,12.71,12.44,12.71,-1634.0
PTI,2017-10-05 07:00:00,-12.71,12.71,12.71,12.71,-1000.0
PTI,2017-12-29 07:00:00,-12.99,13.16,12.99,13.16,-4250.0
PTI,2018-04-13 07:00:00,-11.66,11.66,11.66,11.66,-120.0
PTI,2018-05-29 07:00:00,-11.06,11.06,11.06,11.06,-290.0
PTI,2018-07-30 07:00:00,-11.26,11.26,11.26,11.26,-1600.0
PTI,2019-04-04 07:00:00,-11.38,11.38,11.38,11.38,-219.0
PTI,2019-04-11 07:00:00,-10.32,10.32,10.32,10.32,-31.0
PTI,2019-10-28 07:00:00,-8.89,8.89,8.82,8.82,-600.0
PTI,2020-01-16 07:00:00,-9.25,9.25,9.25,9.25,-55.0
PTI,2022-06-30 07:00:00,-47.87,47.87,47.87,47.87,-39100.0
PTI,2024-10-04 07:00:00,-21.93,22.0,21.93,22.0,-2100.0
PTI,2024-12-30 07:00:00,-24.07,24.07,22.87,24.0,-10384.0
PTI,2025-08-20 07:00:00,-29.8,29.8,27.0,29.1,-17000.0
PTI,2025-09-16 07:00:00,-26.1,26.1,25.8,25.8,-900.0
PTL,2015-11-30 07:00:00,-1.8,1.8,1.7,1.7,-193850.0
PTL,2015-12-22 07:00:00,-1.7,1.8,1.6,1.7,-316990.0
PTL,2016-01-25 07:00:00,-1.4,1.4,1.3,1.4,-223750.0
PTL,2016-03-11 07:00:00,-2.0,2.1,1.9,2.0,-247670.0
PTL,2016-06-03 07:00:00,-2.9,2.9,2.9,2.9,-299510.0
PTL,2016-06-21 07:00:00,-2.6,2.7,2.5,2.5,-834450.0
PTL,2016-07-13 07:00:00,-2.3,2.3,2.2,2.3,-453170.0
PTL,2016-08-01 07:00:00,-2.2,2.3,2.2,2.2,-853370.0
PTL,2016-10-31 07:00:00,-2.31,2.31,2.17,2.29,-163690.0
PTL,2017-04-25 07:00:00,-2.47,2.58,2.47,2.54,-118240.0
PTL,2017-06-22 07:00:00,-2.87,3.03,2.83,3.03,-328720.0
PTL,2017-09-14 07:00:00,-3.85,4.02,3.7,3.9,-180960.0
PTL,2018-01-30 07:00:00,-3.98,3.98,3.71,3.74,-43550.0
PTL,2018-05-21 07:00:00,-3.4,3.59,3.4,3.59,-1660.0
PTL,2018-08-01 07:00:00,-3.15,3.15,3.15,3.15,-2910.0
PTL,2018-09-17 07:00:00,-2.68,2.68,2.59,2.65,-2440.0
PTL,2019-09-17 07:00:00,-3.95,3.95,3.68,3.68,-15250.0
PTL,2019-10-22 07:00:00,-4.56,5.2,4.56,4.95,-54970.0
PTL,2020-07-24 07:00:00,-4.5,4.69,4.5,4.65,-100710.0
PTL,2021-02-03 07:00:00,-5.65,5.65,5.6,5.6,-3300.0
PTL,2021-03-18 07:00:00,-6.1,6.15,6.08,6.1,-25500.0
PTL,2021-05-06 07:00:00,-5.3,5.65,5.3,48.67077064726534,-1870000.0
PTL,2021-06-15 07:00:00,-5.41,5.58,5.4,5.56,-15500.0
PTL,2022-01-26 07:00:00,-13.25,14.15,13.2,13.8,-453000.0
PTL,2023-03-21 07:00:00,-3.33,3.34,3.23,3.32,-73400.0
PTL,2023-06-29 07:00:00,-4.49,4.5,4.2,4.47,-685900.0
PTL,2026-01-30 07:00:00,-2.74,2.79,2.74,14.584112383714164,-2675200.0
PTM,2016-06-10 07:00:00,-10.71,11.12,10.71,10.99,-6200.0
PTM,2016-09-29 07:00:00,-12.29,12.36,12.29,12.36,-2000.0
PTO,2021-04-02 07:00:00,-1.89,1.89,1.89,1.89,-100.0
PTO,2021-12-22 07:00:00,-23.44,23.44,17.58,81.64027920919042,-216000.0
PTO,2022-03-17 07:00:00,-17.58,17.58,17.58,17.58,-100.0
PTO,2024-07-23 07:00:00,-16.08,16.08,16.08,16.08,-1.0
PTO,2024-09-24 07:00:00,-17.44,17.44,17.44,17.44,-100.0
PTS,2016-06-08 07:00:00,-2.03,2.03,2.03,2.03,-10000.0
PTS,2016-11-25 07:00:00,-2.73,2.73,2.69,2.69,-600.0
PTS,2016-11-29 07:00:00,-3.14,3.14,2.96,2.96,-300.0
PTS,2019-06-07 07:00:00,-3.21,3.21,3.21,3.21,-1000.0
PTS,2019-08-30 07:00:00,-3.33,3.33,3.33,3.33,-17300.0
PTS,2019-10-28 07:00:00,-3.4,3.4,3.4,3.4,-40.0
PTS,2020-07-28 07:00:00,-3.78,3.91,3.78,3.85,-25400.0
PTS,2020-10-28 07:00:00,-4.94,5.17,4.94,5.17,-16700.0
PTS,2021-04-28 07:00:00,-6.64,6.64,6.57,6.57,-6300.0
PTS,2021-05-18 07:00:00,-6.57,6.64,6.49,6.57,-2800.0
PTS,2021-05-27 07:00:00,-6.79,6.94,6.72,6.94,-31400.0
PTS,2022-05-18 07:00:00,-9.57,10.29,9.57,10.29,-800.0
PTS,2022-12-05 07:00:00,-8.23,8.31,8.23,8.31,-300.0
PTS,2022-12-13 07:00:00,-8.48,8.48,8.48,8.48,-200.0
PTS,2023-06-08 07:00:00,-8.57,8.57,8.57,8.57,-41800.0
PTS,2023-06-13 07:00:00,-8.48,8.57,8.48,8.48,-11101.0
PTS,2024-03-11 07:00:00,-7.77,7.77,7.77,7.77,-100.0
PTS,2024-03-29 07:00:00,-6.94,7.03,6.94,7.03,-200.0
PTS,2025-02-03 07:00:00,-7.5,8.07,7.5,8.07,-800.0
PTS,2025-04-09 07:00:00,-8.45,8.45,8.45,8.45,-100.0
PTS,2025-08-08 07:00:00,-9.3,9.3,9.3,9.3,-4000.0
PV2,2016-01-12 07:00:00,-2.2,2.3,2.1,2.3,-122200.0
PV2,2016-01-15 07:00:00,-2.2,2.3,2.2,2.3,-61500.0
PV2,2016-04-20 07:00:00,-2.2,2.3,2.1,2.3,-230800.0
PV2,2016-05-16 07:00:00,-2.1,2.1,2.8980524978831497,3.146231944719169,219276.27714406422
PV2,2016-12-28 07:00:00,-1.6,1.6,1.6,1.6,-18100.0
PV2,2017-04-05 07:00:00,-1.7,1.7,1.7,1.7,-36900.0
PV2,2017-04-19 07:00:00,-1.7,1.7,1.7,1.7,-48300.0
PV2,2017-09-29 07:00:00,-2.7,2.7,2.6,2.7,-185210.0
PV2,2018-06-18 07:00:00,-3.0,3.1,2.9,2.9,-75200.0
PV2,2018-06-21 07:00:00,-3.1,3.1,2.9,12.828142448054257,-3080000.0
PV2,2018-06-25 07:00:00,-3.1,3.1,2.9,3.1,-9100.0
PV2,2019-03-29 07:00:00,-3.2,3.2,3.2,3.2,-300.0
PV2,2020-03-25 07:00:00,-2.7,2.8,2.6,2.8,-2600.0
PV2,2021-05-12 07:00:00,-3.5,3.7,3.4,3.7,-233300.0
PV2,2021-07-23 07:00:00,-3.0,3.1,3.0,3.1,-36300.0
PV2,2021-09-13 07:00:00,-3.7,4.1,3.6,4.1,-2887600.0
PV2,2021-10-26 07:00:00,-5.6,6.1,5.5,6.1,-1101400.0
PV2,2021-12-30 07:00:00,-10.8,11.4,10.5,10.5,-729900.0
PV2,2022-04-13 07:00:00,-6.2,6.3,5.6,6.2,-181700.0
PV2,2022-05-04 07:00:00,-5.3,5.3,5.1,5.1,-164120.0
PV2,2022-06-29 07:00:00,-3.4,3.7,3.3,3.6,-95500.0
PV2,2022-08-01 07:00:00,-3.4,3.5,3.3,3.3,-52100.0
PV2,2022-10-05 07:00:00,-3.0,3.0,2.9,2.9,-14000.0
PV2,2023-01-06 07:00:00,-2.1,2.1,2.0,2.1,-27400.0
PV2,2023-04-26 07:00:00,-1.9,2.0,1.9,2.0,-13400.0
PV2,2025-02-21 07:00:00,-3.8,4.2,3.8,4.2,-1156834.0
PV2,2025-06-25 07:00:00,-2.4,2.6,2.4,2.5,-63900.0
PV2,2026-01-14 07:00:00,-2.6,2.7,2.5,2.7,-74700.0
PV2,2026-02-24 07:00:00,-2.5,2.6,2.4,2.6,-112300.0
PVH,2017-06-05 07:00:00,-3.0,3.5,3.0,3.0,-20100.0
PVH,2017-07-13 07:00:00,-2.1,2.1,1.9,2.0,-9200.0
PVH,2017-07-14 07:00:00,-2.0,2.0,2.0,2.0,-6700.0
PVH,2018-01-22 07:00:00,-1.4,1.4,1.4,1.4,-2700.0
PVH,2019-05-24 07:00:00,-0.8,0.8,0.8,0.8,-5300.0
PVH,2020-08-07 07:00:00,-0.8,0.8,0.8,0.8,-100.0
PVH,2021-01-22 07:00:00,-0.9,0.9,0.9,0.9,-400.0
PVL,2016-01-05 07:00:00,-1.6,1.7,1.6,1.6,-467200.0
PVL,2016-06-14 07:00:00,-2.4,2.5,2.4,2.5,-368000.0
PVL,2018-04-18 07:00:00,-2.1,2.1,2.0,2.0,-9300.0
PVL,2018-11-15 07:00:00,-2.0,2.1,1.9,6.918106751572379,-3704400.0
PVL,2019-01-30 07:00:00,-1.6,1.8,1.6,1.7,-35200.0
PVL,2019-06-13 07:00:00,-1.8,1.9,1.8,1.9,-11000.0
PVL,2019-10-29 07:00:00,-1.5,1.5,1.5,1.5,-1405.0
PVL,2020-01-21 07:00:00,-1.5,1.5,1.5,1.5,-2100.0
PVL,2020-03-23 07:00:00,-1.3,1.4,1.3,1.4,-20800.0
PVL,2020-05-19 07:00:00,-1.1,1.2,1.1,1.2,-6500.0
PVL,2020-12-22 07:00:00,-1.6,1.6,1.5,1.6,-864230.0
PVL,2021-06-10 07:00:00,-3.9,3.9,3.7,3.7,-546600.0
PVL,2021-09-20 07:00:00,-4.7,4.7,4.0,4.3,-1717824.0
PVL,2021-12-20 07:00:00,-15.0,15.8,14.0,14.3,-2441782.0
ZZZZZZ,2022-03-22 07:00:00,-14.3,14.9,14.0,14.0,-3066970.0
PVL,2022-09-30 07:00:00,-4.8,4.8,4.4,4.7,-401000.0
PVL,2022-11-03 07:00:00,-2.3,2.4,2.2,2.4,-186411.0
PVL,2023-03-06 07:00:00,-2.1,2.5,2.1,2.2,-1453422.0
PVO,2016-09-16 07:00:00,-3.62,3.62,3.62,3.62,-6100.0
PVO,2017-02-09 07:00:00,-2.94,2.94,2.94,2.94,-100.0
PVO,2017-03-17 07:00:00,-5.13,5.28,4.98,5.28,-46350.0
PVO,2018-06-29 07:00:00,-4.83,4.83,4.65,4.65,-2000.0
PVO,2018-08-29 07:00:00,-4.47,4.47,4.47,4.47,-1900.0
PVO,2019-10-23 07:00:00,-3.34,3.53,3.34,3.53,-200.0
PVO,2020-06-16 07:00:00,-2.86,2.86,2.86,2.86,-1200.0
PVO,2021-03-02 07:00:00,-4.77,4.58,4.77,4.58,-64430.0
PVO,2021-09-17 07:00:00,-8.39,8.39,7.72,7.72,-101900.0
PVO,2023-07-05 07:00:00,-6.08,6.17,5.98,6.17,-48600.0
PVO,2024-11-27 07:00:00,-6.21,6.21,6.11,6.21,-8200.0
PVO,2025-12-08 07:00:00,-5.8,5.8,5.7,5.7,-6200.0
PVR,2015-12-24 07:00:00,-2.86,2.86,2.86,2.86,-400.0
PVR,2016-07-19 07:00:00,-2.57,2.67,2.57,2.67,-1100.0
PVR,2016-12-02 07:00:00,-2.29,2.29,2.29,2.29,-66.0
PVR,2017-10-13 07:00:00,-2.0,2.1,2.0,2.0,-3095.0
PVR,2017-11-24 07:00:00,-1.8,1.8,1.8,1.8,-700.0
PVR,2021-03-19 07:00:00,-2.1,2.1,2.1,2.1,-7712.0
PVT,2015-11-11 07:00:00,-4.35,4.39,4.31,4.31,-321280.0
PVT,2016-06-03 07:00:00,-5.18,5.22,5.1,5.1,-836760.0
PVT,2017-10-06 07:00:00,-7.15,7.15,7.05,7.13,-60010.0
PVT,2017-11-28 07:00:00,-8.33,8.43,8.01,8.25,-687010.0
PVT,2017-12-06 07:00:00,-8.43,8.6,8.13,8.43,-466140.0
PVT,2018-02-13 07:00:00,-8.77,8.96,8.72,8.94,-260290.0
PVT,2018-08-07 07:00:00,-8.47,8.57,8.25,8.45,-171630.0
PVT,2018-12-25 07:00:00,-7.77,8.11,7.74,8.0,-236350.0
PVT,2019-01-09 07:00:00,-8.26,8.39,8.26,8.34,-236550.0
PVT,2019-01-17 07:00:00,-8.58,8.58,8.5,8.55,-152010.0
PVT,2019-06-18 07:00:00,-8.55,8.55,8.42,8.5,-53910.0
PVT,2021-04-20 07:00:00,-11.37,11.47,11.08,11.08,-3173500.0
PVT,2021-06-03 07:00:00,-12.35,12.35,12.09,12.19,-4960900.0
PVT,2021-12-06 07:00:00,-15.59,15.72,14.51,14.85,-2959200.0
PVT,2022-03-18 07:00:00,-17.82,17.88,17.41,17.41,-4453900.0
PVT,2022-07-05 07:00:00,-13.83,14.04,13.5,13.66,-2889000.0
PVT,2022-08-03 07:00:00,-13.36,13.97,13.26,13.9,-3177000.0
PVT,2022-09-29 07:00:00,-13.43,13.46,12.89,12.89,-1415300.0
PVT,2022-11-25 07:00:00,-12.05,12.35,11.84,12.35,-1549600.0
PVT,2023-02-03 07:00:00,-12.89,13.09,12.59,13.02,-1853700.0
PVT,2023-02-27 07:00:00,-12.99,13.23,12.79,12.79,-967500.0
PVT,2024-09-10 07:00:00,-21.12,21.23,20.63,20.74,-1885400.0
PVT,2025-01-15 07:00:00,-19.68,20.21,19.68,20.1,-1618000.0
PVT,2025-12-30 07:00:00,-19.1,19.1,18.65,18.8,-1876300.0
PVT,2026-01-15 07:00:00,-20.9,21.1,20.3,20.5,-5422200.0
PVV,2016-02-17 07:00:00,-2.21,2.21,2.12,2.12,-125700.0
PVV,2016-06-07 07:00:00,-2.12,2.12,1.95,1.4879949347550145,-142800.0
PVV,2017-02-09 07:00:00,-0.97,1.06,0.97,0.97,-41000.0
PVV,2017-05-04 07:00:00,-1.15,1.15,1.06,1.06,-10500.0
PVV,2017-07-06 07:00:00,-1.59,1.59,1.5,1.59,-848000.0
PVV,2017-10-05 07:00:00,-1.68,1.77,1.68,1.68,-169400.0
PVV,2018-06-15 07:00:00,-1.1,1.1,1.0,1.0,-80200.0
PVV,2018-11-22 07:00:00,-0.7,0.7,1.3596208530805687,1.4879949347550145,-600.0
PVV,2019-07-08 07:00:00,-0.5,0.6,0.5,0.5,-57800.0
PVV,2019-10-23 07:00:00,-0.6,0.7,0.5,0.6,-321500.0
PVV,2020-05-04 07:00:00,-0.5,0.5,0.5,0.5,-2200.0
PVV,2023-01-06 07:00:00,-4.0,4.2,4.0,4.1,-335500.0
PVV,2025-08-29 07:00:00,-1.2,1.3,1.2,1.3,-99200.0
PVV,2025-11-07 07:00:00,-1.6,1.7,1.6,1.7,-600200.0
PVY,2019-11-15 07:00:00,-1.75,1.75,1.75,1.75,-2400.0
PVY,2024-09-20 07:00:00,-2.5,2.6,2.4,2.4,-2356.0
PVY,2025-11-21 07:00:00,-2.0,2.1,1.8,2.1,-3700.0
PXA,2016-06-14 07:00:00,-2.4,2.4,2.3,2.3,-139000.0
PXA,2016-08-22 07:00:00,-1.8,1.8,1.7,1.7,-229320.0
PXA,2017-05-11 07:00:00,-1.3,1.3,1.2,1.2,-74800.0
PXA,2017-12-18 07:00:00,-1.2,1.3,1.1,1.3,-48010.0
PXA,2021-01-08 07:00:00,-2.0,2.0,1.8,1.8,-13100.0
PXA,2024-08-23 07:00:00,-1.2,1.2,1.2,1.2,-100.0
PXI,2015-11-05 07:00:00,-5.9,6.0,5.9,6.0,-13680.0
PXI,2016-04-20 07:00:00,-5.2,5.3,5.2,5.3,-33590.0
PXI,2016-05-05 07:00:00,-5.6,5.6,5.5,5.6,-344820.0
PXI,2016-05-16 07:00:00,-6.1,6.1,5.8,6.0,-89960.0
PXI,2016-07-15 07:00:00,-5.4,5.4,5.3,5.4,-26120.0
PXI,2016-10-05 07:00:00,-4.4,4.48,4.39,4.48,-40660.0
PXI,2017-10-27 07:00:00,-2.42,2.42,2.3,2.4,-20070.0
PXI,2017-11-30 07:00:00,-2.45,2.51,2.43,2.49,-32470.0
PXI,2019-01-18 07:00:00,-2.67,2.67,2.67,2.67,-28480.0
PXI,2019-01-23 07:00:00,-2.51,2.62,2.51,2.51,-2730.0
PXI,2019-02-18 07:00:00,-2.24,2.24,2.24,2.24,-2600.0
PXI,2019-05-28 07:00:00,-2.29,2.29,2.27,2.27,-5100.0
PXI,2019-07-16 07:00:00,-2.2,2.2,2.2,2.2,-530.0
PXI,2020-02-10 07:00:00,-3.01,3.01,2.99,3.0,-63200.0
PXI,2020-03-16 07:00:00,-2.2,2.2,2.2,2.2,-750.0
PXI,2020-04-08 07:00:00,-2.2,2.29,2.2,2.29,-260.0
PXI,2020-04-20 07:00:00,-2.9,2.9,2.9,2.9,-20510.0
PXI,2021-12-23 07:00:00,-7.6,8.0,6.99,36.79726758769888,-40860600.0
PXI,2022-01-10 07:00:00,-8.98,9.6,8.98,9.43,-1447100.0
PXI,2022-08-05 07:00:00,-3.6,3.6,3.3,3.5,-364346.0
PXI,2022-12-08 07:00:00,-2.3,2.6,2.3,2.5,-187400.0
PXI,2023-04-17 07:00:00,-1.8,1.9,1.8,1.8,-25600.0
PXI,2023-09-11 07:00:00,-4.1,4.3,4.0,4.1,-386317.0
PXI,2023-10-25 07:00:00,-2.9,3.1,2.9,3.0,-23340.0
PXI,2024-02-20 07:00:00,-2.8,2.8,2.7,2.8,-55950.0
PXI,2024-08-20 07:00:00,-2.4,2.4,2.3,2.4,-21900.0
PXI,2025-01-15 07:00:00,-1.7,1.8,1.7,1.8,-42800.0
PXM,2016-04-11 07:00:00,-0.76,0.76,0.76,0.76,-64300.0
PXM,2021-04-16 07:00:00,-0.8,0.8,0.8,0.8,-277366.0
PXM,2022-07-22 07:00:00,-1.1,1.2,1.1,1.2,-190400.0
PXM,2025-09-26 07:00:00,-0.5,0.5,0.7,0.7,-300.0
PXM,2025-12-12 07:00:00,-0.5,0.6,0.4,0.4,-44100.0
PXM,2026-04-10 07:00:00,-0.6,0.6,0.5,0.6,-700.0
PXS,2016-01-12 07:00:00,-8.24,8.41,8.07,8.41,-251200.0
PXS,2016-01-18 07:00:00,-8.16,8.33,7.99,8.16,-727710.0
PXS,2016-11-18 07:00:00,-9.29,9.47,9.29,9.34,-79280.0
PXS,2017-03-20 07:00:00,-8.95,9.03,8.95,8.95,-175930.0
PXS,2017-03-22 07:00:00,-9.08,8.9,9.08,8.95,-343660.0
PXS,2017-03-30 07:00:00,-9.12,9.16,8.99,9.08,-361540.0
PXS,2017-09-25 07:00:00,-8.77,8.86,8.69,8.69,-387670.0
PXS,2018-08-03 07:00:00,-5.0,5.27,5.0,16.983896701959996,-6903160.0
PXS,2019-07-31 07:00:00,-5.81,6.0,5.81,5.99,-150340.0
PXS,2019-09-04 07:00:00,-4.95,5.19,4.95,5.19,-99450.0
PXS,2019-11-08 07:00:00,-5.7,6.3,5.7,6.2,-652490.0
PXS,2019-11-26 07:00:00,-6.0,6.0,5.9,6.0,-70140.0
PXS,2020-01-07 07:00:00,-5.7,5.79,5.7,5.7,-333510.0
PXS,2020-06-01 07:00:00,-4.24,4.4,4.2,4.2,-143880.0
PXS,2020-07-27 07:00:00,-4.35,4.4,4.35,4.35,-91310.0
PXS,2020-10-12 07:00:00,-6.1,6.1,5.79,5.88,-239290.0
PXS,2021-01-18 07:00:00,-8.35,8.45,8.2,8.4,-225300.0
PXS,2021-04-26 07:00:00,-6.9,6.9,6.55,6.56,-191700.0
PXS,2021-06-22 07:00:00,-6.98,7.25,6.9,7.06,-873800.0
PXS,2023-01-13 07:00:00,-3.9,4.0,3.7,3.8,-168600.0
PXS,2023-06-07 07:00:00,-6.2,6.6,6.1,6.4,-1086975.0
PXS,2023-06-20 07:00:00,-6.3,6.4,6.0,6.3,-554800.0
PXS,2023-08-11 07:00:00,-6.8,6.9,6.4,6.7,-659103.0
PXS,2023-12-20 07:00:00,-4.5,4.7,4.5,4.6,-240860.0
PXS,2025-06-06 07:00:00,-2.5,2.8,2.5,2.8,-429700.0
QHD,2016-04-19 07:00:00,-21.1,21.1,19.47,20.27,-20820.0
QHD,2016-06-21 07:00:00,-25.58,26.08,25.38,25.58,-34249.0
QHD,2016-07-25 07:00:00,-23.32,23.32,22.46,23.11,-29220.0
QHD,2016-10-18 07:00:00,-25.92,26.26,25.74,25.74,-6700.0
QHD,2017-02-24 07:00:00,-16.17,16.17,15.94,16.12,-2440.0
QHD,2017-03-09 07:00:00,-15.7,15.94,15.57,15.89,-5800.0
QHD,2017-09-06 07:00:00,-10.16,10.16,17.634824120603014,19.47550502572647,15783.268518518518
QHD,2017-09-07 07:00:00,-10.12,10.53,10.07,10.53,-16800.0
QHD,2020-11-19 07:00:00,-13.79,13.79,13.79,13.79,-100.0
QHD,2021-04-06 07:00:00,-22.83,22.83,22.83,22.83,-1200.0
QHD,2021-12-07 07:00:00,-21.66,21.66,21.66,21.66,-100.0
QHD,2022-06-15 07:00:00,-35.37,35.37,35.37,35.37,-50.0
QNC,2015-10-20 07:00:00,-5.23,5.72,5.23,5.72,-33700.0
QNC,2015-11-24 07:00:00,-5.32,5.42,5.32,5.32,-7006.0
QNC,2015-12-02 07:00:00,-5.52,5.52,5.52,5.52,-3800.0
QNC,2016-08-31 07:00:00,-6.31,6.31,6.31,6.31,-7800.0
QNC,2020-04-23 07:00:00,-2.66,2.66,2.66,2.66,-6.0
QNC,2020-05-18 07:00:00,-3.75,3.75,3.75,3.75,-100.0
QNC,2020-12-03 07:00:00,-5.42,5.52,5.32,5.32,-9650.0
QNC,2021-09-27 07:00:00,-11.3,12.0,10.0,10.5,-165838.0
QNC,2021-11-15 07:00:00,-14.7,14.7,14.0,89.47260974475898,-18046308.0
QNC,2022-01-04 07:00:00,-10.6,11.1,10.3,10.9,-58403.0
QNC,2022-03-09 07:00:00,-11.0,11.2,10.9,11.2,-39300.0
QNC,2022-05-05 07:00:00,-10.7,11.1,10.7,11.1,-55435.0
QNC,2022-08-09 07:00:00,-7.8,7.8,7.7,7.8,-16770.0
QNC,2022-09-15 07:00:00,-7.5,7.6,7.2,7.2,-1842.0
QNC,2022-09-19 07:00:00,-7.3,7.3,7.1,7.1,-7500.0
QNC,2022-12-08 07:00:00,-5.3,5.3,5.3,5.3,-100.0
QNC,2023-02-10 07:00:00,-6.0,6.2,6.0,6.2,-4500.0
QNC,2023-02-20 07:00:00,-6.0,6.1,5.8,6.1,-1300.0
QNC,2023-12-27 07:00:00,-8.0,8.4,8.0,8.4,-8520.0
QNC,2024-03-14 07:00:00,-7.4,7.4,7.3,7.3,-19600.0
QNC,2024-11-20 07:00:00,-5.9,6.5,5.9,6.0,-7201.0
QNC,2025-02-13 07:00:00,-6.5,6.5,6.5,6.5,-810.0
QNC,2025-02-26 07:00:00,-7.0,7.0,7.0,7.0,-103.0
QNC,2025-05-14 07:00:00,-6.0,6.0,6.0,6.0,-7000.0
QNC,2025-07-30 07:00:00,-6.2,6.2,6.1,6.1,-10200.0
QNW,2023-12-04 07:00:00,-6.25,6.25,6.25,6.25,-100.0
QNW,2025-11-20 07:00:00,-18.9,18.9,18.9,18.9,-200.0
QPH,2016-10-05 07:00:00,-4.79,4.79,4.75,4.75,-1800.0
QPH,2019-07-10 07:00:00,-9.81,9.81,9.81,9.81,-1100.0
QPH,2020-12-08 07:00:00,-10.84,10.84,10.84,10.84,-5000.0
QPH,2022-06-27 07:00:00,-19.71,19.71,19.71,19.71,-100.0
QPH,2023-03-16 07:00:00,-19.08,19.08,19.08,19.08,-100.0
QPH,2024-06-14 07:00:00,-20.5,20.5,20.5,20.5,-100.0
QPH,2024-06-19 07:00:00,-19.81,19.81,19.81,19.81,-1000.0
QPH,2025-04-22 07:00:00,-24.71,24.71,24.71,24.71,-300.0
QPH,2025-09-29 07:00:00,-43.63,45.18,43.22,44.04,-29000.0
QPH,2025-11-26 07:00:00,-34.5,34.6,34.1,34.6,-500.0
QST,2016-08-19 07:00:00,-3.16,3.16,3.16,3.16,-200.0
QTC,2016-02-29 07:00:00,-10.17,10.17,9.37,9.37,-400.0
QTC,2016-06-07 07:00:00,-10.34,10.56,10.34,10.52,-7400.0
QTC,2016-10-19 07:00:00,-19.18,19.18,19.13,19.13,-700.0
QTC,2016-12-22 07:00:00,-12.08,12.55,12.08,12.55,-700.0
QTC,2020-08-06 07:00:00,-10.98,10.98,10.98,10.98,-100.0
QTC,2020-12-30 07:00:00,-11.6,11.6,10.65,10.95,-3200.0
QTC,2021-01-15 07:00:00,-10.95,11.02,10.95,11.02,-200.0
QTC,2021-11-08 07:00:00,-12.11,13.06,12.11,13.06,-7400.0
QTC,2022-10-26 07:00:00,-11.81,11.81,11.81,11.81,-8800.0
QTC,2023-03-21 07:00:00,-11.78,11.78,11.78,11.78,-100.0
QTC,2024-01-04 07:00:00,-12.05,12.05,12.05,12.05,-100.0
QTC,2024-05-23 07:00:00,-11.95,11.95,11.95,11.95,-100.0
QTC,2024-08-23 07:00:00,-13.17,13.91,13.17,13.91,-38300.0
QTC,2025-04-11 07:00:00,-13.89,16.61,13.89,16.61,-4200.0
RAT,2022-06-07 07:00:00,-16.17,16.17,16.17,16.17,-800.0
RAT,2022-11-16 07:00:00,-9.72,9.72,8.34,8.34,-900.0
RAT,2023-02-14 07:00:00,-9.63,12.65,9.63,12.65,-400.0
RAT,2025-06-17 07:00:00,-19.39,19.39,19.39,19.39,-100.0
RIC,2016-05-16 07:00:00,-8.8,8.8,8.8,8.8,-3140.0
RIC,2016-06-23 07:00:00,-8.5,8.5,8.5,8.5,-300.0
RIC,2016-08-30 07:00:00,-8.4,8.4,8.0,8.0,-1010.0
RIC,2017-11-17 07:00:00,-7.44,7.44,7.44,7.44,-20.0
RIC,2017-11-20 07:00:00,-6.95,6.95,6.92,6.92,-2550.0
RIC,2017-12-04 07:00:00,-6.9,7.3,6.9,7.3,-170.0
RIC,2018-11-02 07:00:00,-6.78,6.78,6.32,6.32,-1180.0
RIC,2018-11-22 07:00:00,-6.07,6.09,6.07,6.09,-210.0
RIC,2019-08-28 07:00:00,-7.0,7.0,7.0,7.0,-1900.0
RIC,2021-12-08 07:00:00,-19.55,19.95,19.5,19.5,-5900.0
RIC,2021-12-17 07:00:00,-19.95,20.1,19.95,19.95,-11400.0
RIC,2023-02-07 07:00:00,-8.0,8.0,7.8,7.8,-300.0
RIC,2023-02-17 07:00:00,-6.6,7.0,6.5,6.5,-2404.0
RIC,2023-07-13 07:00:00,-6.8,6.9,6.5,6.5,-5153.0
RIC,2023-11-16 07:00:00,-4.2,4.2,4.1,4.1,-5000.0
RIC,2024-01-22 07:00:00,-4.2,4.2,4.0,4.0,-14800.0
RIC,2025-06-30 07:00:00,-4.6,4.6,4.6,4.6,-7900.0
RIC,2025-07-08 07:00:00,-4.5,4.5,4.5,4.5,-9000.0
RIC,2025-11-25 07:00:00,-10.0,10.3,10.0,10.1,-4000.0
RIC,2026-04-14 07:00:00,-10.7,10.9,10.5,10.9,-2000.0
RIC,2026-04-15 07:00:00,-10.5,10.5,10.0,10.0,-21200.0
RYG,2025-03-06 07:00:00,-12.2,12.2,12.05,12.2,-5000.0
RYG,2025-05-08 07:00:00,-12.1,12.45,12.05,12.45,-10200.0
RYG,2025-09-09 07:00:00,-13.2,13.7,12.8,13.7,-634900.0
RYG,2025-11-26 07:00:00,-11.0,10.65,11.1,11.0,-123700.0
RYG,2026-01-26 07:00:00,-10.7,11.4,10.6,11.0,-1546600.0
RYG,2026-04-02 07:00:00,-10.9,11.0,10.55,10.65,-161200.0
S12,2016-08-01 07:00:00,-0.59,0.59,0.59,0.59,-100.0
S12,2017-06-26 07:00:00,-0.41,0.41,0.41,0.41,-6800.0
S12,2018-01-10 07:00:00,-0.78,0.78,0.78,0.78,-19600.0
S72,2021-06-03 07:00:00,-9.8,9.8,9.8,9.8,-100.0
S72,2021-11-09 07:00:00,-7.0,7.5,7.0,7.0,-1500.0
S72,2026-03-04 07:00:00,-7.0,7.0,7.0,7.0,-200.0
S72,2026-03-06 07:00:00,-7.0,7.0,7.0,7.0,-300.0
S99,2015-12-18 07:00:00,-4.14,4.14,4.14,4.14,-168300.0
S99,2016-01-07 07:00:00,-3.87,3.87,3.6,3.6,-364100.0
S99,2016-04-20 07:00:00,-3.94,4.0,3.87,3.87,-327000.0
S99,2016-07-11 07:00:00,-3.54,3.6,3.4,3.47,-234850.0
S99,2016-10-18 07:00:00,-3.48,3.61,3.48,3.54,-309014.0
S99,2017-05-30 07:00:00,-4.17,4.24,3.96,4.1,-286300.0
S99,2018-06-19 07:00:00,-3.89,4.1,3.68,3.68,-91030.0
S99,2018-09-05 07:00:00,-4.1,4.1,3.96,3.96,-3000.0
S99,2019-11-25 07:00:00,-5.73,5.8,5.73,5.8,-1357.0
S99,2021-06-08 07:00:00,-17.94,17.94,16.18,16.26,-3080371.0
S99,2021-06-10 07:00:00,-17.18,17.18,15.5,15.65,-1849732.0
S99,2021-07-28 07:00:00,-12.67,12.67,12.37,12.44,-283400.0
S99,2021-08-04 07:00:00,-12.29,12.37,12.14,12.37,-641925.0
S99,2021-09-17 07:00:00,-14.35,14.89,14.28,14.5,-583075.0
S99,2022-03-28 07:00:00,-15.27,15.34,14.5,14.81,-633690.0
S99,2022-08-31 07:00:00,-10.15,10.72,10.15,10.39,-771100.0
S99,2025-06-27 07:00:00,-6.89,7.08,6.7,6.99,-154400.0
S99,2025-07-08 07:00:00,-7.27,7.37,7.27,7.37,-540000.0
S99,2026-01-16 07:00:00,-8.7,9.1,8.6,9.0,-148000.0
S99,2026-03-13 07:00:00,-8.6,8.6,8.3,8.5,-132500.0
SAC,2016-11-09 07:00:00,-8.16,8.16,8.16,8.16,-200.0
SAC,2017-03-07 07:00:00,-4.98,4.98,4.98,4.98,-3200.0
SAC,2018-04-03 07:00:00,-8.6,8.6,8.6,8.6,-100.0
SAC,2018-07-11 07:00:00,-5.94,5.94,5.94,5.94,-500.0
SAC,2018-11-20 07:00:00,-5.41,5.41,5.41,5.41,-100.0
SAC,2020-05-25 07:00:00,-4.29,4.29,4.29,4.29,-1000.0
SAC,2020-10-09 07:00:00,-5.32,5.44,5.32,5.44,-900.0
SAC,2022-01-25 07:00:00,-8.06,8.06,8.06,8.06,-500.0
SAC,2022-09-20 07:00:00,-6.77,6.77,6.77,6.77,-100.0
SAC,2022-12-16 07:00:00,-5.38,5.38,5.38,5.38,-1000.0
SAC,2023-11-07 07:00:00,-6.39,6.39,6.39,6.39,-100.0
SAC,2024-08-12 07:00:00,-15.98,16.34,15.98,16.2,-2402.0
SAC,2024-11-07 07:00:00,-12.01,12.2,11.73,12.01,-3386.0
SAC,2024-11-25 07:00:00,-11.73,12.2,11.45,12.1,-14641.0
SAC,2024-12-17 07:00:00,-12.01,12.01,12.01,11.92,-3.0
SAC,2025-02-13 07:00:00,-18.11,18.39,17.36,18.11,-19850.0
SAC,2025-11-24 07:00:00,-13.0,13.0,13.0,13.0,-500.0
SAM,2016-01-19 07:00:00,-5.18,5.37,5.18,5.3,-582460.0
SAM,2016-02-25 07:00:00,-5.49,5.56,5.49,5.56,-356900.0
SAM,2016-06-10 07:00:00,-6.13,6.19,6.13,6.19,-414990.0
SAM,2016-07-12 07:00:00,-5.75,5.81,5.68,5.75,-715050.0
SAM,2016-08-11 07:00:00,-5.62,5.68,5.56,5.56,-161850.0
SAM,2016-10-13 07:00:00,-5.2,5.2,5.14,5.18,-159200.0
SAM,2016-10-14 07:00:00,-5.18,5.2,5.17,5.19,-50430.0
SAM,2016-11-09 07:00:00,-5.05,5.05,5.01,5.05,-218070.0
SAM,2017-06-02 07:00:00,-6.13,6.44,6.13,6.44,-2251260.0
SAM,2017-08-10 07:00:00,-6.16,6.44,6.16,6.16,-344910.0
SAM,2017-08-23 07:00:00,-6.0,6.0,5.88,5.94,-96870.0
SAM,2018-02-09 07:00:00,-5.89,6.23,5.89,6.08,-873280.0
SAM,2018-09-07 07:00:00,-6.19,6.36,6.18,6.35,-934980.0
SAM,2019-04-18 07:00:00,-6.46,6.48,6.33,6.46,-89420.0
SAM,2019-06-11 07:00:00,-6.8,6.8,6.93,6.92,-130020.0
SAM,2019-07-10 07:00:00,-7.17,7.19,7.12,7.13,-139090.0
SAM,2020-01-22 07:00:00,-8.4,8.75,8.21,8.75,-279110.0
SAM,2020-03-03 07:00:00,-9.11,9.11,8.97,9.02,-48780.0
SAM,2020-09-18 07:00:00,-9.64,9.87,9.64,9.82,-44120.0
SAM,2020-09-30 07:00:00,-9.51,9.55,9.46,9.55,-38360.0
SAM,2020-12-09 07:00:00,-8.92,8.92,8.72,8.76,-130010.0
SAM,2021-01-20 07:00:00,-11.24,11.51,10.69,11.51,-597200.0
SAM,2021-07-13 07:00:00,-8.28,8.29,8.09,8.09,-111300.0
SAM,2021-12-01 07:00:00,-18.88,18.93,18.29,18.42,-2859600.0
SAM,2022-01-10 07:00:00,-26.67,27.77,25.75,25.75,-6002300.0
SAM,2022-07-25 07:00:00,-11.3,11.3,10.87,11.11,-1076900.0
SAM,2023-03-03 07:00:00,-5.76,5.85,5.73,5.81,-290500.0
SAM,2023-04-26 07:00:00,-5.88,5.85,5.93,5.92,-153800.0
SAM,2023-06-09 07:00:00,-7.3,7.41,7.06,7.22,-1825700.0
SAM,2024-04-10 07:00:00,-6.44,6.49,6.43,6.44,-246900.0
SAM,2024-05-30 07:00:00,-7.22,7.24,7.04,7.15,-1224200.0
SAM,2024-06-12 07:00:00,-7.56,7.85,7.56,7.75,-784000.0
SAM,2026-01-23 07:00:00,-7.36,7.43,7.31,7.35,-135400.0
SAS,2017-07-06 07:00:00,-17.19,17.19,17.19,17.19,-4615.0
SAS,2017-07-14 07:00:00,-16.82,16.82,16.82,16.82,-500.0
SAS,2017-09-11 07:00:00,-17.44,17.44,17.5,17.44,-9301.0
SAS,2018-02-05 07:00:00,-19.38,19.38,18.68,18.68,-7305.0
SAS,2018-03-07 07:00:00,-19.0,19.13,19.0,19.07,-13115.0
SAS,2019-06-28 07:00:00,-19.06,19.06,19.06,19.06,-2700.0
SAS,2019-09-16 07:00:00,-27.04,27.04,25.54,25.54,-15792.0
SAS,2019-10-22 07:00:00,-26.89,27.63,26.89,27.33,-7700.0
SAS,2019-12-11 07:00:00,-25.09,25.09,25.09,25.09,-4701.0
SAS,2020-08-24 07:00:00,-18.98,21.26,18.9,20.87,-47947.0
SAS,2020-12-22 07:00:00,-21.82,21.82,21.26,21.82,-11610.0
SAS,2022-09-19 07:00:00,-22.47,22.55,22.38,22.38,-400.0
SAS,2022-10-19 07:00:00,-20.5,22.79,20.5,22.14,-24700.0
SAS,2023-03-30 07:00:00,-23.31,23.39,23.13,23.13,-500.0
SAS,2024-02-26 07:00:00,-24.16,24.16,24.16,24.16,-227.0
SAS,2024-08-08 07:00:00,-27.65,28.39,26.92,28.2,-21000.0
SAS,2025-05-30 07:00:00,-39.8,40.09,39.71,39.9,-36800.0
SAS,2025-09-23 07:00:00,-36.67,38.05,35.88,37.26,-52800.0
ZZZZZZ,2026-02-09 07:00:00,-37.7,38.6,37.5,38.3,-36400.0
SAV,2016-07-07 07:00:00,-2.54,2.57,2.54,2.57,-3000.0
SAV,2017-03-27 07:00:00,-3.03,3.21,3.03,3.1,-3510.0
SAV,2017-06-12 07:00:00,-4.47,4.47,4.1,4.16,-32750.0
SAV,2017-08-11 07:00:00,-4.33,4.33,3.92,4.26,-1020.0
SAV,2018-03-06 07:00:00,-3.41,3.41,3.41,3.41,-9550.0
SAV,2018-05-21 07:00:00,-3.24,3.24,3.22,3.24,-21920.0
SAV,2018-05-23 07:00:00,-3.53,3.53,3.15,3.15,-8470.0
SAV,2019-01-15 07:00:00,-3.35,3.35,3.35,3.35,-1000.0
SAV,2019-07-22 07:00:00,-4.03,4.03,4.03,4.03,-6850.0
SAV,2019-11-19 07:00:00,-3.86,3.86,3.86,3.86,-10300.0
SAV,2019-11-27 07:00:00,-3.8,3.8,3.79,3.79,-2600.0
SAV,2020-03-02 07:00:00,-3.74,3.74,3.74,3.74,-470.0
SAV,2020-08-26 07:00:00,-6.17,6.36,5.96,6.36,-154270.0
SAV,2020-10-23 07:00:00,-7.28,7.68,7.16,7.54,-136960.0
SAV,2020-11-04 07:00:00,-7.25,7.54,7.25,7.54,-50160.0
SAV,2021-04-15 07:00:00,-22.18,22.37,21.17,21.17,-104700.0
SAV,2021-10-06 07:00:00,-14.43,14.48,14.27,14.38,-29200.0
SAV,2021-10-20 07:00:00,-15.51,14.53,15.51,14.82,-102900.0
SAV,2022-04-13 07:00:00,-15.48,15.48,14.75,15.35,-10700.0
SAV,2022-06-20 07:00:00,-10.39,10.52,9.9,9.9,-29300.0
SAV,2022-10-31 07:00:00,-9.28,9.28,9.28,9.28,-600.0
SAV,2023-04-17 07:00:00,-9.53,9.53,9.28,9.49,-2000.0
SAV,2023-06-30 07:00:00,-10.76,10.76,10.58,10.58,-1400.0
SAV,2024-08-02 07:00:00,-19.43,20.28,19.07,20.24,-193200.0
SAV,2024-10-15 07:00:00,-18.66,18.66,17.99,18.39,-48800.0
SAV,2025-01-13 07:00:00,-18.35,18.44,18.35,18.44,-25500.0
SAV,2025-02-12 07:00:00,-18.75,18.75,18.62,18.62,-2100.0
SAV,2025-06-10 07:00:00,-17.05,18.3,17.05,18.2,-163700.0
SAV,2025-07-22 07:00:00,-16.65,16.8,16.4,16.8,-44000.0
SAV,2026-01-05 07:00:00,-13.55,13.55,13.0,13.4,-13200.0
SBA,2015-10-28 07:00:00,-4.46,4.46,4.42,4.42,-47540.0
SBA,2015-11-06 07:00:00,-4.37,4.46,4.37,4.46,-47400.0
SBA,2016-02-03 07:00:00,-4.42,4.56,4.42,4.56,-24150.0
SBA,2016-07-19 07:00:00,-4.51,4.51,4.51,4.51,-1000.0
SBA,2016-12-06 07:00:00,-5.5,5.52,5.47,5.47,-27750.0
SBA,2016-12-21 07:00:00,-6.04,6.04,5.73,5.73,-64310.0
SBA,2017-01-12 07:00:00,-5.75,5.78,5.75,5.78,-7060.0
SBA,2017-04-27 07:00:00,-6.75,6.85,6.7,6.7,-54720.0
SBA,2017-12-06 07:00:00,-9.33,9.33,9.08,16.37911866399105,41205.70216049383
SBA,2018-06-14 07:00:00,-8.95,8.95,8.95,8.95,-15600.0
SBA,2018-07-16 07:00:00,-8.95,8.98,8.95,8.95,-15960.0
SBA,2018-09-24 07:00:00,-8.77,8.83,8.71,8.83,-12860.0
SBA,2019-01-15 07:00:00,-8.47,8.53,8.47,8.5,-29120.0
SBA,2019-01-29 07:00:00,-8.34,8.37,8.34,8.34,-29920.0
SBA,2019-05-14 07:00:00,-9.19,9.19,8.98,9.16,-14660.0
SBA,2019-06-05 07:00:00,-9.13,9.13,9.1,9.1,-21090.0
SBA,2019-07-11 07:00:00,-8.9,9.1,8.9,8.97,-12400.0
SBA,2019-10-18 07:00:00,-9.66,9.66,9.56,9.59,-20820.0
SBA,2021-07-20 07:00:00,-10.82,11.04,10.82,10.93,-61400.0
SBA,2021-12-31 07:00:00,-14.38,14.49,14.3,14.49,-4500.0
SBA,2022-01-27 07:00:00,-14.16,14.3,14.16,14.3,-11000.0
SBA,2022-04-21 07:00:00,-15.5,15.5,15.2,15.35,-26600.0
SBA,2022-05-31 07:00:00,-15.5,15.65,15.35,15.57,-63000.0
SBA,2022-12-02 07:00:00,-17.44,18.03,17.12,17.63,-33000.0
SBA,2022-12-15 07:00:00,-17.83,18.03,17.83,17.91,-10800.0
SBA,2024-05-27 07:00:00,-30.19,30.54,30.01,30.32,-46100.0
SBA,2024-08-14 07:00:00,-30.18,30.18,30.18,30.18,-12200.0
SBA,2025-04-15 07:00:00,-28.37,28.94,28.28,28.94,-18600.0
SBA,2025-04-24 07:00:00,-28.37,28.56,28.13,28.56,-2400.0
SBA,2025-07-16 07:00:00,-29.9,29.9,29.65,29.65,-1800.0
SBA,2025-10-21 07:00:00,-28.4,28.95,28.2,28.2,-49400.0
SBA,2025-10-31 07:00:00,-28.3,29.05,28.0,28.95,-17600.0
SBA,2025-11-20 07:00:00,-28.5,28.6,28.5,28.6,-8800.0
SBA,2025-12-11 07:00:00,-28.2,28.6,28.2,28.6,-700.0
SBA,2025-12-30 07:00:00,-28.55,28.75,28.55,28.55,-19200.0
SBB,2023-12-20 07:00:00,-13.95,14.98,13.95,14.98,-407300.0
SBB,2024-05-22 07:00:00,-13.79,14.08,13.79,14.08,-2616.0
SBB,2024-09-19 07:00:00,-18.45,18.45,18.35,18.45,-63900.0
SBB,2024-10-16 07:00:00,-17.8,18.0,17.8,17.9,-54501.0
SBB,2024-12-09 07:00:00,-18.9,18.9,18.3,18.3,-37300.0
SBB,2024-12-16 07:00:00,-18.4,18.4,18.0,18.0,-16500.0
SBB,2024-12-24 07:00:00,-18.5,18.5,18.0,18.0,-134300.0
SBB,2025-04-09 07:00:00,-13.0,13.7,13.0,13.7,-8700.0
SBV,2017-11-22 07:00:00,-19.45,19.58,19.39,19.58,-20140.0
SBV,2018-05-16 07:00:00,-17.74,17.74,17.59,17.62,-28170.0
SBV,2018-07-02 07:00:00,-17.91,17.91,17.72,17.72,-7550.0
SBV,2018-09-11 07:00:00,-15.32,15.32,14.82,14.82,-320.0
SBV,2019-02-21 07:00:00,-8.03,8.03,7.72,8.03,-4150.0
SBV,2019-03-27 07:00:00,-7.38,7.38,7.13,7.13,-4510.0
SBV,2019-05-07 07:00:00,-8.12,8.12,7.72,8.03,-9500.0
SBV,2019-05-22 07:00:00,-8.03,8.34,8.03,8.03,-3050.0
SBV,2019-07-04 07:00:00,-7.82,7.82,7.48,7.48,-1510.0
SBV,2019-12-09 07:00:00,-5.24,5.44,5.24,5.44,-850.0
SBV,2020-02-11 07:00:00,-6.8,6.8,6.4,6.4,-1450.0
SBV,2020-03-13 07:00:00,-6.46,6.46,6.12,6.46,-29040.0
SBV,2020-03-26 07:00:00,-6.53,6.53,6.52,6.52,-7600.0
SBV,2020-06-01 07:00:00,-7.76,7.76,7.25,7.76,-39770.0
SBV,2021-08-18 07:00:00,-11.6,11.6,11.42,11.45,-111500.0
SBV,2021-09-01 07:00:00,-12.62,12.85,12.59,12.74,-86400.0
SBV,2021-10-29 07:00:00,-13.15,13.15,12.78,12.98,-154700.0
SBV,2024-01-25 07:00:00,-9.3,9.63,9.21,9.63,-41000.0
SBV,2024-04-01 07:00:00,-10.23,10.23,10.23,10.23,-1500.0
SBV,2024-09-17 07:00:00,-9.95,9.95,9.95,9.95,-100.0
SBV,2025-05-19 07:00:00,-8.38,8.38,8.38,8.38,-100.0
SBV,2025-05-23 07:00:00,-8.38,8.38,8.38,8.38,-100.0
SBV,2026-04-24 07:00:00,-6.99,6.99,6.98,6.99,-10100.0
SC5,2016-01-08 07:00:00,-14.53,14.53,14.53,14.53,-10.0
SC5,2016-06-01 07:00:00,-13.92,13.92,13.92,13.92,-690.0
SC5,2016-06-24 07:00:00,-13.92,13.92,13.92,13.92,-50.0
SC5,2016-10-17 07:00:00,-14.95,14.95,14.95,14.95,-30.0
SC5,2018-01-18 07:00:00,-14.79,15.04,14.79,14.85,-8090.0
SC5,2018-03-05 07:00:00,-15.34,15.34,14.3,14.76,-5460.0
SC5,2018-07-24 07:00:00,-18.36,18.36,18.36,18.36,-10.0
SC5,2019-07-03 07:00:00,-18.47,18.47,18.47,18.47,-20.0
SC5,2020-02-12 07:00:00,-13.63,13.63,13.27,13.27,-2030.0
SC5,2020-02-13 07:00:00,-13.27,13.27,13.27,13.27,-20.0
SC5,2020-10-16 07:00:00,-14.67,14.67,14.28,14.28,-3340.0
ZZZZZZ,2020-11-04 07:00:00,-14.59,14.59,14.44,14.44,-3060.0
SC5,2021-01-06 07:00:00,-15.43,15.47,14.99,14.99,-7200.0
SC5,2021-02-24 07:00:00,-16.1,16.1,16.1,16.1,-100.0
SC5,2021-03-24 07:00:00,-16.26,17.21,16.26,17.21,-1000.0
SC5,2021-11-03 07:00:00,-21.14,21.35,20.12,20.12,-12700.0
SC5,2022-07-18 07:00:00,-16.78,18.27,16.69,18.27,-3700.0
SC5,2022-08-18 07:00:00,-17.15,17.15,17.15,17.15,-100.0
SC5,2023-01-03 07:00:00,-15.85,15.85,15.85,15.85,-200.0
SC5,2023-03-06 07:00:00,-23.31,23.31,23.31,23.31,-700.0
SC5,2025-01-08 07:00:00,-20.6,20.6,20.6,20.6,-200.0
SC5,2025-02-12 07:00:00,-18.6,18.6,18.6,18.6,-800.0
SC5,2026-02-03 07:00:00,-15.5,15.95,15.5,15.95,-700.0
SC5,2026-02-05 07:00:00,-15.6,15.6,15.6,15.6,-100.0
SC5,2026-02-11 07:00:00,-15.45,15.45,15.45,15.45,-100.0
SCG,2021-07-14 07:00:00,-61.0,64.0,60.7,63.9,-442701.0
SCG,2021-12-07 07:00:00,-81.9,82.2,81.4,81.8,-364500.0
SCG,2021-12-10 07:00:00,-78.8,80.5,77.9,79.9,-405950.0
SCG,2022-01-26 07:00:00,-90.5,97.0,89.4,97.0,-307100.0
SCG,2022-01-27 07:00:00,-94.5,96.0,90.0,92.5,-348600.0
SCG,2022-10-05 07:00:00,-67.8,68.4,67.4,68.0,-392703.0
SCG,2023-02-20 07:00:00,-65.5,66.4,65.3,66.3,-171600.0
SCG,2023-04-14 07:00:00,-64.5,65.2,64.5,64.8,-126500.0
SCG,2024-06-05 07:00:00,-65.6,65.6,65.4,65.4,-43700.0
SCG,2024-06-25 07:00:00,-65.3,65.4,65.1,65.1,-39700.0
SCG,2024-10-04 07:00:00,-65.2,65.3,65.0,65.0,-39200.0
SCG,2024-11-11 07:00:00,-65.7,65.8,65.4,65.5,-46100.0
SCG,2025-02-21 07:00:00,-65.5,65.6,65.3,65.3,-38400.0
SCG,2025-05-23 07:00:00,-62.8,62.8,60.8,60.9,-18600.0
SCG,2025-12-19 07:00:00,-64.6,64.7,64.5,64.7,-22700.0
SCL,2015-12-08 07:00:00,-4.19,4.19,4.19,4.19,-13000.0
SCL,2017-03-17 07:00:00,-2.23,2.39,2.07,2.39,-14300.0
SCL,2018-02-27 07:00:00,-1.64,1.64,1.64,1.64,-3000.0
SCL,2018-03-26 07:00:00,-1.59,1.59,1.59,1.59,-15.0
SCL,2018-06-20 07:00:00,-1.38,1.43,1.38,1.43,-300.0
SCL,2018-09-17 07:00:00,-1.27,1.27,1.27,1.27,-200.0
SCL,2019-03-21 07:00:00,-1.64,9.452957875457875,1.64,10.097676885102135,41535.823610473126
SCL,2020-07-13 07:00:00,-1.86,1.86,1.86,1.86,-100.0
SCL,2021-04-19 07:00:00,-7.9,9.07,7.85,9.07,-360612.0
SCL,2021-04-26 07:00:00,-8.38,8.54,7.95,8.38,-75100.0
SCL,2022-01-21 07:00:00,-11.23,11.29,10.83,11.06,-34600.0
SCL,2022-08-16 07:00:00,-7.52,8.47,7.52,8.21,-51800.0
SCL,2023-06-21 07:00:00,-7.78,7.78,7.65,7.78,-500.0
SCL,2023-09-15 07:00:00,-11.54,11.54,11.29,11.54,-24810.0
SCL,2023-10-18 07:00:00,-12.73,13.29,12.73,13.29,-29018.0
SCL,2023-11-27 07:00:00,-12.04,12.23,11.91,11.91,-3900.0
SCL,2024-01-02 07:00:00,-13.37,13.37,12.9,12.9,-4400.0
SCL,2024-03-06 07:00:00,-21.62,21.62,20.94,21.62,-90835.0
SCL,2025-08-18 07:00:00,-19.4,19.4,19.16,138.47016281221963,-460600.0
SCL,2026-04-14 07:00:00,-20.0,20.9,19.8,20.5,-155000.0
SD2,2015-11-24 07:00:00,-4.88,4.88,4.58,4.73,-54200.0
SD2,2016-06-06 07:00:00,-4.51,4.51,4.51,4.51,-5500.0
SD2,2017-08-24 07:00:00,-4.81,4.81,4.73,4.81,-43955.0
SD2,2017-10-30 07:00:00,-5.92,5.92,5.64,5.64,-54200.0
SD2,2018-12-04 07:00:00,-5.37,5.37,5.37,5.37,-1600.0
SD2,2019-02-11 07:00:00,-5.1,5.1,5.1,5.1,-3.0
SD2,2021-08-05 07:00:00,-5.64,5.64,5.55,5.55,-507.0
SD2,2021-08-19 07:00:00,-5.64,5.74,5.55,5.64,-14250.0
SD2,2021-11-11 07:00:00,-13.02,13.2,12.56,12.56,-51899.0
SD2,2021-11-16 07:00:00,-13.66,13.93,12.93,12.93,-13026.0
SD2,2022-01-05 07:00:00,-11.38,11.38,11.02,11.11,-18300.0
SD2,2022-08-23 07:00:00,-5.46,5.55,5.1,5.55,-8300.0
SD2,2023-09-13 07:00:00,-5.3,5.5,5.3,5.5,-300.0
SD2,2023-11-07 07:00:00,-4.6,4.6,4.6,4.6,-100.0
SD2,2024-08-19 07:00:00,-4.7,4.8,4.6,4.7,-2400.0
SD2,2024-11-15 07:00:00,-4.4,4.4,4.4,4.4,-75.0
SD2,2025-03-14 07:00:00,-5.0,5.1,5.0,5.0,-3930.0
SD2,2025-06-27 07:00:00,-3.7,4.0,3.7,4.0,-3800.0
SD2,2025-10-10 07:00:00,-4.1,4.1,4.1,4.1,-200.0
SD2,2025-12-08 07:00:00,-3.7,3.7,3.6,3.6,-400.0
SD3,2016-08-19 07:00:00,-7.36,7.36,7.1,7.1,-33000.0
SD3,2016-11-18 07:00:00,-6.22,6.22,5.95,5.95,-118401.0
SD3,2016-12-29 07:00:00,-6.22,7.1,5.86,5.86,-80900.0
SD3,2017-08-22 07:00:00,-4.0,4.0,4.0,4.0,-10200.0
SD3,2017-09-01 07:00:00,-4.0,4.0,4.0,4.0,-200.0
SD3,2017-10-25 07:00:00,-3.55,3.55,3.55,3.55,-5000.0
SD3,2018-01-18 07:00:00,-3.19,3.19,3.19,3.19,-3000.0
SD3,2019-01-25 07:00:00,-2.5,2.5,2.5,2.5,-47400.0
SD3,2019-05-16 07:00:00,-2.6,2.6,2.6,2.6,-30200.0
SD3,2019-06-27 07:00:00,-2.8,2.8,2.8,2.8,-26200.0
SD3,2020-06-22 07:00:00,-2.1,2.1,2.0,2.1,-50100.0
SD3,2021-03-08 07:00:00,-3.5,4.0,3.5,3.9,-119900.0
SD3,2021-12-07 07:00:00,-9.1,9.9,8.5,9.2,-94000.0
SD3,2022-08-11 07:00:00,-5.2,5.2,4.8,5.2,-23700.0
SD3,2023-04-14 07:00:00,-3.7,3.7,3.7,3.7,-2600.0
SD3,2023-11-06 07:00:00,-4.4,4.4,4.4,4.4,-7400.0
SD3,2024-01-09 07:00:00,-5.3,5.3,5.3,5.3,-2605.0
SD3,2024-03-06 07:00:00,-5.7,5.7,5.7,5.7,-4100.0
SD3,2024-06-17 07:00:00,-7.1,8.0,7.1,7.5,-6342.0
SD3,2024-08-19 07:00:00,-6.2,6.2,6.0,6.0,-2600.0
SD3,2025-07-21 07:00:00,-6.5,6.5,6.5,6.5,-7100.0
SD3,2025-08-07 07:00:00,-6.5,6.5,6.5,6.5,-100.0
SD3,2026-01-22 07:00:00,-7.2,7.2,6.8,7.2,-5100.0
SD4,2016-08-22 07:00:00,-8.34,8.34,8.34,8.34,-5000.0
SD4,2017-03-31 07:00:00,-10.01,10.01,9.74,9.92,-3056.0
SD4,2017-04-12 07:00:00,-9.92,9.92,9.56,9.56,-2300.0
SD4,2017-11-03 07:00:00,-10.36,10.54,10.18,10.54,-6300.0
SD4,2018-03-08 07:00:00,-9.5,9.5,9.5,9.5,-200.0
SD4,2018-07-30 07:00:00,-8.0,8.0,8.0,8.0,-800.0
SD4,2021-07-12 07:00:00,-4.4,4.4,4.0,4.0,-53200.0
SD4,2022-11-01 07:00:00,-4.0,4.3,4.0,4.3,-630.0
SD4,2023-11-10 07:00:00,-2.7,2.8,2.7,2.7,-1400.0
SD4,2024-04-12 07:00:00,-3.9,3.9,3.9,3.9,-108.0
SD4,2024-06-04 07:00:00,-3.4,3.5,3.4,3.5,-11800.0
SD4,2024-11-15 07:00:00,-3.0,3.0,3.0,3.0,-101.0
SD4,2025-02-13 07:00:00,-3.2,3.3,2.8,2.8,-5604.0
SD4,2026-03-06 07:00:00,-2.1,2.1,1.8,1.8,-1300.0
SD6,2015-11-02 07:00:00,-9.73,9.81,9.73,9.73,-19600.0
SD6,2016-07-18 07:00:00,-9.65,9.65,9.57,9.65,-11930.0
SD6,2016-09-06 07:00:00,-8.13,8.22,8.13,8.22,-2950.0
SD6,2016-11-21 07:00:00,-7.7,7.96,7.7,7.87,-29600.0
SD6,2016-12-22 07:00:00,-7.52,7.52,7.26,7.35,-1060.0
SD6,2017-02-23 07:00:00,-8.04,8.22,7.96,8.22,-15950.0
SD6,2017-08-11 07:00:00,-8.04,8.04,7.78,7.96,-32700.0
SD6,2017-10-20 07:00:00,-7.61,7.78,7.61,7.78,-4700.0
SD6,2018-01-08 07:00:00,-6.49,6.57,6.4,6.57,-24000.0
SD6,2018-02-23 07:00:00,-6.14,6.14,6.14,6.14,-20400.0
SD6,2018-06-06 07:00:00,-5.5,5.5,5.5,48.099788150119934,-480200.0
SD6,2018-08-27 07:00:00,-5.1,5.7,5.0,5.7,-5556.0
SD6,2018-12-25 07:00:00,-4.3,4.3,4.0,4.0,-6100.0
SD6,2019-08-01 07:00:00,-3.0,3.1,3.0,3.0,-14200.0
SD6,2019-08-02 07:00:00,-3.0,3.0,3.0,3.0,-1200.0
SD6,2019-11-26 07:00:00,-2.7,3.0,2.7,3.0,-200.0
SD6,2020-02-12 07:00:00,-2.6,2.6,2.5,2.5,-165300.0
SD6,2020-07-17 07:00:00,-2.2,2.2,2.1,2.2,-19800.0
SD6,2023-01-05 07:00:00,-3.0,3.1,3.0,3.1,-2800.0
SD6,2024-05-02 07:00:00,-3.5,3.7,3.5,3.7,-10919.0
SD6,2025-01-23 07:00:00,-3.3,3.3,3.3,3.3,-700.0
SD6,2025-03-14 07:00:00,-3.3,3.4,3.2,3.4,-8301.0
SDU,2018-03-06 07:00:00,-11.7,11.7,11.7,11.7,-14000.0
SDU,2025-10-30 07:00:00,-16.6,16.6,16.6,16.6,-300.0
SFI,2016-08-01 07:00:00,-8.33,8.51,8.33,8.45,-9540.0
SFI,2016-12-01 07:00:00,-9.52,9.76,9.37,9.52,-3790.0
SFI,2017-05-18 07:00:00,-9.23,9.45,9.23,9.39,-12170.0
SFI,2017-06-27 07:00:00,-9.73,10.32,9.73,10.32,-690.0
SFI,2018-04-20 07:00:00,-8.87,9.2,8.87,9.07,-530.0
SFI,2018-05-09 07:00:00,-9.28,9.55,9.28,9.55,-350.0
SFI,2018-07-17 07:00:00,-8.67,8.72,8.67,8.72,-24010.0
SFI,2018-12-24 07:00:00,-8.87,8.87,8.59,8.82,-1530.0
SFI,2019-01-07 07:00:00,-8.39,8.79,8.39,8.72,-100.0
SFI,2019-03-05 07:00:00,-8.82,8.82,8.82,8.82,-10.0
SFI,2019-05-17 07:00:00,-9.12,9.12,9.12,89.09098779444993,-40700.0
SFI,2019-05-29 07:00:00,-8.66,8.69,8.66,8.69,-750.0
SFI,2019-10-25 07:00:00,-9.0,9.0,8.89,8.89,-3190.0
SFI,2020-07-30 07:00:00,-7.19,7.41,7.19,7.19,-1440.0
SFI,2020-12-30 07:00:00,-12.84,13.14,12.64,12.88,-27860.0
SFI,2021-08-18 07:00:00,-19.46,19.98,19.46,19.85,-17500.0
SFI,2022-05-19 07:00:00,-30.29,31.44,30.29,31.44,-4100.0
SFI,2024-08-15 07:00:00,-27.14,27.53,27.14,27.49,-10200.0
SFN,2016-01-13 07:00:00,-9.54,9.54,9.54,9.54,-12.0
SFN,2016-02-25 07:00:00,-9.95,9.95,9.95,9.95,-2.0
SFN,2016-05-05 07:00:00,-11.76,12.0,11.76,95.9569530058009,-160800.0
SFN,2016-07-19 07:00:00,-16.89,16.89,16.29,16.29,-5200.0
SFN,2016-08-12 07:00:00,-16.17,16.17,16.17,16.17,-100.0
SFN,2017-07-17 07:00:00,-19.89,19.89,19.89,19.89,-110.0
SFN,2017-07-25 07:00:00,-20.4,21.93,20.4,21.93,-3500.0
SFN,2018-02-01 07:00:00,-23.78,23.78,23.78,23.78,-92.0
SFN,2018-08-06 07:00:00,-22.4,22.4,22.4,22.4,-100.0
SFN,2020-09-04 07:00:00,-14.75,14.75,14.75,14.75,-200.0
SFN,2020-11-18 07:00:00,-13.06,15.27,13.06,15.27,-400.0
SFN,2021-01-19 07:00:00,-17.41,18.71,17.41,18.71,-2000.0
SFN,2021-03-19 07:00:00,-17.61,17.61,17.61,17.61,-100.0
SFN,2021-05-04 07:00:00,-16.19,16.19,16.19,16.19,-300.0
SFN,2021-06-30 07:00:00,-18.56,18.56,18.56,18.56,-100.0
SFN,2021-09-17 07:00:00,-18.96,18.96,18.96,18.96,-4.0
SFN,2021-09-28 07:00:00,-16.9,17.69,16.9,17.69,-6500.0
SFN,2022-11-01 07:00:00,-21.53,21.61,21.53,21.61,-1200.0
SFN,2023-08-01 07:00:00,-14.09,14.09,14.09,14.09,-100.0
SFN,2024-05-29 07:00:00,-18.46,18.46,18.46,18.46,-400.0
SGD,2017-03-17 07:00:00,-5.61,5.61,5.61,5.61,-4000.0
SGD,2017-04-05 07:00:00,-6.09,6.28,6.09,6.28,-1100.0
SGD,2018-07-25 07:00:00,-5.83,6.29,5.83,6.29,-205.0
SGD,2018-08-14 07:00:00,-6.96,6.96,6.69,6.69,-200.0
SGD,2020-04-15 07:00:00,-8.25,8.33,8.25,8.33,-900.0
SGD,2020-08-06 07:00:00,-8.17,8.17,8.17,8.17,-500.0
SGD,2020-08-24 07:00:00,-8.58,8.58,8.58,8.58,-500.0
SGD,2024-05-21 07:00:00,-9.8,9.8,9.8,9.8,-10.0
SGD,2024-07-19 07:00:00,-13.9,14.6,13.9,14.6,-232.0
SGD,2026-04-14 07:00:00,-19.7,19.7,19.7,19.7,-100.0
SGH,2016-06-27 07:00:00,-8.64,8.64,8.64,8.64,-505.0
SGH,2016-10-26 07:00:00,-28.28,34.4,28.28,28.28,-640.0
SGH,2018-03-28 07:00:00,-27.45,27.45,27.45,27.45,-100.0
SGH,2018-05-30 07:00:00,-46.17,49.46,46.17,49.46,-900.0
SGH,2019-12-03 07:00:00,-41.07,41.07,41.07,41.07,-100.0
SGH,2020-09-16 07:00:00,-34.73,34.73,34.73,34.73,-100.0
SGH,2020-11-17 07:00:00,-30.12,30.12,30.12,30.12,-100.0
SGH,2021-11-29 07:00:00,-31.4,31.4,31.4,31.4,-300.0
SGH,2022-03-11 07:00:00,-34.13,34.13,34.13,34.13,-33.0
SGH,2023-02-27 07:00:00,-33.28,33.28,33.28,33.28,-100.0
SGH,2023-09-20 07:00:00,-22.62,22.62,22.62,22.62,-30.0
SGH,2024-03-14 07:00:00,-20.98,20.98,20.98,20.98,-1.0
SGH,2024-07-15 07:00:00,-34.27,34.27,34.27,34.27,-257.0
SGH,2024-08-23 07:00:00,-24.34,24.34,24.34,24.34,-200.0
SGH,2025-09-09 07:00:00,-27.5,27.5,27.4,27.5,-1700.0
SGI,2021-12-02 07:00:00,-24.63,24.89,24.45,24.63,-53500.0
SGI,2022-03-11 07:00:00,-25.15,25.24,24.89,24.89,-6600.0
SGI,2023-03-15 07:00:00,-16.27,16.27,16.1,16.1,-400.0
SGI,2023-04-24 07:00:00,-14.79,15.58,13.66,14.79,-5300.0
SGI,2023-12-04 07:00:00,-13.09,14.25,13.0,13.45,-61300.0
SGI,2023-12-29 07:00:00,-13.63,13.63,13.63,13.63,-1900.0
SGI,2024-06-05 07:00:00,-12.47,16.335200458190148,12.47,12.82,-97710.0
SGI,2024-06-18 07:00:00,-12.82,12.82,12.82,12.82,-100.0
SGI,2024-08-22 07:00:00,-12.91,13.18,12.91,13.18,-900.0
SGI,2025-10-10 07:00:00,-12.36,12.36,12.36,12.36,-300.0
SGS,2016-01-22 07:00:00,-3.09,3.09,3.09,3.09,-500.0
SGS,2016-05-06 07:00:00,-2.4,2.4,2.4,2.4,-200.0
SGS,2017-03-17 07:00:00,-3.85,3.85,3.85,3.85,-1000.0
SGS,2017-11-03 07:00:00,-4.68,4.72,4.68,4.72,-900.0
SGS,2021-11-22 07:00:00,-11.51,11.51,11.51,11.51,-430.0
SGS,2022-05-12 07:00:00,-11.51,11.51,10.68,10.68,-600.0
SGS,2022-09-28 07:00:00,-9.33,9.33,9.33,9.33,-100.0
SGS,2023-02-16 07:00:00,-9.01,9.08,9.01,9.08,-1100.0
SGS,2024-02-02 07:00:00,-10.55,11.12,10.55,11.12,-5230.0
SGS,2024-02-23 07:00:00,-10.68,10.87,10.68,10.74,-4100.0
SHN,2015-11-13 07:00:00,-10.62,10.79,10.53,10.62,-256600.0
SHN,2016-11-14 07:00:00,-8.56,8.65,8.47,8.65,-643160.0
SHN,2016-11-15 07:00:00,-8.65,8.74,8.56,8.56,-583700.0
SHN,2017-01-23 07:00:00,-9.19,9.28,8.39,9.28,-515714.0
SHN,2017-07-12 07:00:00,-8.92,9.01,8.92,9.01,-1015300.0
SHN,2017-08-07 07:00:00,-8.74,8.83,8.74,8.74,-988932.0
SHN,2018-07-25 07:00:00,-9.31,9.49,9.31,9.49,-59300.0
SHN,2020-08-13 07:00:00,-8.9,9.0,8.5,9.0,-22936.0
SHN,2020-10-06 07:00:00,-8.8,8.8,8.5,8.5,-6051.0
SHN,2020-11-13 07:00:00,-8.2,8.3,8.654789005032907,8.3,-974.0
SHN,2020-12-23 07:00:00,-7.6,8.0,7.6,8.0,-10120.0
SHN,2021-04-08 07:00:00,-12.0,12.1,11.2,11.5,-179350.0
SHN,2021-05-07 07:00:00,-8.3,8.3,8.1,8.2,-23700.0
SHN,2021-09-22 07:00:00,-17.5,17.8,17.0,17.0,-36800.0
SHN,2021-12-08 07:00:00,-15.7,15.8,15.6,15.6,-13100.0
SHN,2021-12-20 07:00:00,-17.3,17.3,16.2,16.4,-18791.0
SHN,2022-05-13 07:00:00,-11.0,11.2,10.7,10.7,-4500.0
SHN,2022-10-24 07:00:00,-8.4,8.4,7.0,7.5,-4400.0
SHN,2022-11-24 07:00:00,-8.6,8.6,7.2,7.6,-5189.0
SHN,2023-06-23 07:00:00,-8.6,8.6,7.9,8.1,-3700.0
SHN,2023-08-28 07:00:00,-8.4,8.4,7.9,7.9,-512.0
SHN,2023-10-13 07:00:00,-7.0,7.1,7.0,7.1,-2607.0
SHN,2024-01-03 07:00:00,-7.9,7.9,6.7,6.7,-1537.0
SHN,2024-06-17 07:00:00,-6.6,6.6,6.6,6.6,-106.0
SHN,2024-09-18 07:00:00,-6.4,6.5,6.4,6.5,-500.0
SHN,2024-09-30 07:00:00,-6.4,6.8,6.4,6.8,-1971.0
SHN,2024-10-04 07:00:00,-6.4,6.6,6.4,6.6,-400.0
SHS,2015-11-26 07:00:00,-1.44,1.57,1.44,1.51,-1903330.0
SHS,2015-12-03 07:00:00,-1.44,1.47,1.44,1.45,-218510.0
SHS,2015-12-07 07:00:00,-1.45,1.45,1.42,1.44,-294110.0
SHS,2016-08-11 07:00:00,-1.21,1.23,1.19,1.23,-49300.0
SHS,2016-10-14 07:00:00,-1.04,1.08,1.04,1.06,-441100.0
SHS,2016-11-01 07:00:00,-1.0,1.04,0.98,1.02,-182503.0
SHS,2017-05-29 07:00:00,-2.39,2.5,2.29,2.31,-3439740.0
SHS,2017-07-26 07:00:00,-2.92,3.11,2.9,3.11,-1326560.0
SHS,2017-11-09 07:00:00,-3.51,3.57,3.49,3.53,-1759140.0
SHS,2017-12-29 07:00:00,-4.26,4.42,4.24,4.3,-2671634.0
SHS,2018-03-14 07:00:00,-4.61,4.83,4.59,4.81,-5355398.0
SHS,2018-12-10 07:00:00,-2.96,2.96,2.9,2.92,-1781910.0
SHS,2019-01-30 07:00:00,-2.63,2.66,2.61,2.61,-460951.0
SHS,2019-11-22 07:00:00,-2.41,2.44,2.32,2.32,-520805.0
SHS,2020-05-13 07:00:00,-2.56,2.73,2.47,2.67,-2838012.0
SHS,2020-06-09 07:00:00,-3.78,4.04,3.51,3.95,-4561366.0
SHS,2020-07-14 07:00:00,-3.83,3.98,3.78,3.95,-3175311.0
SHS,2020-08-24 07:00:00,-3.57,3.63,3.57,3.6,-2235971.0
SHS,2020-09-14 07:00:00,-3.7,3.7,3.63,3.67,-2669368.0
SHS,2022-04-05 07:00:00,-19.21,19.43,18.9,18.9,-3888076.0
SHS,2022-10-25 07:00:00,-5.67,6.35,5.42,6.01,-13287001.0
SHS,2022-12-20 07:00:00,-7.53,8.38,7.53,8.04,-36728851.0
SHS,2023-07-27 07:00:00,-12.86,13.03,12.69,12.86,-15768289.0
SHS,2024-02-29 07:00:00,-14.89,15.32,14.89,14.98,-27899376.0
SHS,2024-10-11 07:00:00,-13.12,13.2,13.03,13.12,-4335039.0
SHS,2026-03-09 07:00:00,-18.0,18.0,16.6,16.6,-22527100.0
SHS,2026-04-22 07:00:00,-17.5,17.6,17.3,17.3,-8067500.0
SID,2017-09-27 07:00:00,-14.01,14.01,14.01,14.01,-601.0
SID,2018-03-13 07:00:00,-18.68,18.68,18.68,18.68,-100.0
SID,2018-05-08 07:00:00,-14.26,14.26,14.26,14.26,-100.0
SID,2018-08-10 07:00:00,-14.59,14.59,14.59,14.59,-100.0
SID,2019-06-27 07:00:00,-14.16,14.16,14.16,14.16,-1000.0
SID,2019-12-16 07:00:00,-10.96,10.96,10.96,11.42,-200.0
SID,2020-06-16 07:00:00,-9.59,9.59,9.5,9.5,-300.0
SID,2021-03-18 07:00:00,-13.97,13.97,13.7,13.97,-5100.0
SID,2021-06-14 07:00:00,-13.28,13.38,13.28,13.38,-1600.0
SID,2022-01-13 07:00:00,-21.15,21.15,18.0,18.0,-19400.0
SID,2022-12-14 07:00:00,-7.48,7.97,7.48,7.87,-53200.0
SID,2022-12-20 07:00:00,-7.97,8.75,7.97,8.16,-11500.0
SID,2023-03-01 07:00:00,-6.98,7.28,6.98,7.18,-13600.0
SID,2023-06-06 07:00:00,-11.61,12.59,11.11,52.833880549533696,-1233045.0
SID,2023-06-08 07:00:00,-12.98,12.98,11.8,11.9,-54700.0
SID,2023-07-19 07:00:00,-11.8,11.8,11.31,11.41,-15320.0
SID,2023-10-30 07:00:00,-12.69,13.97,12.69,13.97,-10157.0
SID,2024-07-11 07:00:00,-16.03,16.13,16.03,16.13,-4300.0
SID,2024-07-15 07:00:00,-15.54,15.54,15.44,15.44,-600.0
SID,2024-09-06 07:00:00,-12.98,13.18,12.98,13.18,-4300.0
SID,2024-12-11 07:00:00,-11.9,11.9,11.8,11.8,-14100.0
SID,2025-02-13 07:00:00,-12.39,12.49,11.9,12.39,-29400.0
SID,2025-06-20 07:00:00,-16.23,16.33,14.95,16.33,-6200.0
SID,2025-08-06 07:00:00,-18.8,18.8,18.8,18.8,-1100.0
SID,2025-12-16 07:00:00,-14.0,15.3,14.0,15.0,-5200.0
SID,2025-12-26 07:00:00,-15.1,15.1,14.5,14.5,-300.0
SID,2026-03-25 07:00:00,-14.5,15.1,14.5,15.1,-1400.0
SJM,2016-09-13 07:00:00,-1.47,1.47,1.47,1.47,-100.0
SJM,2017-03-28 07:00:00,-0.74,0.74,0.74,0.74,-800.0
SJM,2018-01-25 07:00:00,-1.0,1.0,0.8,0.8,-4310.0
SJM,2018-03-13 07:00:00,-0.8,0.9,0.8,0.9,-4700.0
SJM,2018-06-22 07:00:00,-0.7,0.7,0.7,0.7,-42600.0
SJM,2018-10-16 07:00:00,-0.8,0.8,0.8,0.8,-100.0
SJM,2020-01-14 07:00:00,-1.3,1.3,1.3,1.3,-500.0
SJM,2020-02-26 07:00:00,-1.5,1.5,1.3,1.3,-2000.0
SJM,2021-02-26 07:00:00,-2.0,2.0,2.0,2.0,-3000.0
SJM,2021-06-14 07:00:00,-4.0,4.3,3.8,4.1,-46510.0
SJM,2021-06-29 07:00:00,-3.5,3.5,3.3,3.5,-24400.0
SJM,2022-03-09 07:00:00,-8.0,8.4,6.8,8.1,-55900.0
SJM,2022-04-27 07:00:00,-8.7,8.7,8.0,8.0,-500.0
SJM,2022-06-07 07:00:00,-8.7,8.8,8.7,8.8,-300.0
SJM,2024-05-29 07:00:00,-6.7,6.7,6.7,6.7,-4300.0
SJM,2024-10-02 07:00:00,-6.6,6.7,6.0,6.6,-7000.0
SJM,2024-11-04 07:00:00,-6.0,6.3,6.0,6.3,-9200.0
SJM,2025-04-28 07:00:00,-6.7,6.7,6.7,6.7,-1308.0
SJM,2025-08-18 07:00:00,-5.5,5.7,5.4,5.4,-6900.0
SJM,2025-12-19 07:00:00,-7.5,7.5,7.3,7.3,-4900.0
SMA,2015-12-29 07:00:00,-3.38,3.44,3.38,3.44,-40440.0
SMA,2016-03-09 07:00:00,-3.08,3.08,3.08,3.08,-1000.0
SMA,2018-03-02 07:00:00,-7.68,7.68,6.78,6.78,-20.0
SMA,2018-10-10 07:00:00,-13.09,13.17,13.09,13.17,-1500.0
SMA,2019-02-20 07:00:00,-10.74,10.83,10.74,10.83,-1290.0
SMA,2019-04-03 07:00:00,-12.85,12.85,12.85,12.85,-170.0
SMA,2020-07-13 07:00:00,-8.74,8.74,8.09,8.09,-9350.0
SMA,2020-11-30 07:00:00,-7.2,7.2,7.2,7.2,-1000.0
SMA,2021-01-13 07:00:00,-7.79,8.25,7.79,8.25,-2800.0
SMA,2021-11-24 07:00:00,-10.81,11.45,10.35,11.18,-20100.0
SMA,2021-12-20 07:00:00,-9.99,10.44,9.99,10.4,-21200.0
SMA,2023-05-12 07:00:00,-7.33,7.39,6.92,7.39,-15200.0
SMA,2023-05-16 07:00:00,-7.42,6.89,7.74,7.74,-21200.0
SMA,2024-06-21 07:00:00,-8.87,8.87,8.87,8.87,-200.0
SMA,2024-11-05 07:00:00,-9.21,9.21,9.21,9.21,-1100.0
SMA,2025-06-10 07:00:00,-9.28,9.28,9.28,9.28,-100.0
SMA,2026-03-06 07:00:00,-8.0,8.0,8.0,8.0,-100.0
SMT,2015-10-12 07:00:00,-12.3,12.3,11.13,12.3,-1600.0
SMT,2015-10-19 07:00:00,-12.14,12.14,12.14,12.14,-400.0
SMT,2016-07-28 07:00:00,-14.79,14.79,13.2,13.67,-500.0
SMT,2017-02-06 07:00:00,-14.13,14.13,11.61,14.13,-10800.0
SMT,2017-12-01 07:00:00,-13.98,13.98,13.98,13.98,-100.0
SMT,2018-05-21 07:00:00,-16.19,16.19,15.48,15.48,-500.0
SMT,2020-01-21 07:00:00,-9.38,11.15,9.38,52.74209633518202,-46552.0
SMT,2021-03-01 07:00:00,-7.01,7.4,6.77,7.24,-5210.0
SMT,2021-03-03 07:00:00,-7.48,7.56,7.24,7.56,-36710.0
SMT,2021-09-15 07:00:00,-27.07,27.31,27.07,27.31,-70400.0
SMT,2021-11-03 07:00:00,-14.17,14.17,13.14,13.14,-101924.0
SMT,2021-12-24 07:00:00,-13.69,14.97,12.74,14.25,-160660.0
SMT,2022-04-01 07:00:00,-15.13,17.75,15.13,16.16,-78449.0
SMT,2022-05-13 07:00:00,-9.55,11.23,9.39,10.91,-45600.0
SMT,2022-05-30 07:00:00,-11.54,11.54,10.67,11.46,-25600.0
SMT,2022-11-16 07:00:00,-7.56,8.36,7.56,8.2,-17300.0
SMT,2022-12-27 07:00:00,-5.89,5.89,5.73,5.73,-200.0
SMT,2023-08-31 07:00:00,-5.73,5.73,5.49,5.49,-7797.0
SMT,2023-10-06 07:00:00,-4.7,4.7,4.38,4.62,-5509.0
SMT,2024-02-01 07:00:00,-5.02,5.02,4.54,4.54,-700.0
SMT,2024-05-24 07:00:00,-4.38,4.62,4.38,4.62,-900.0
SMT,2025-03-28 07:00:00,-7.09,7.09,6.77,6.77,-20400.0
SMT,2025-11-13 07:00:00,-12.6,12.9,12.6,12.9,-13100.0
SMT,2026-04-15 07:00:00,-9.9,10.0,9.9,9.9,-400.0
SPD,2016-06-17 07:00:00,-6.07,6.07,6.07,6.07,-3000.0
SPD,2016-12-21 07:00:00,-4.36,4.36,4.36,4.36,-100.0
SPD,2017-03-27 07:00:00,-5.76,5.76,5.76,5.76,-20000.0
SPD,2024-06-20 07:00:00,-8.0,8.0,8.0,8.0,-1800.0
SRF,2015-10-12 07:00:00,-6.14,6.14,6.14,6.14,-100.0
SRF,2016-01-07 07:00:00,-6.32,6.32,6.32,6.32,-120.0
SRF,2016-04-15 07:00:00,-8.97,8.97,8.6,8.79,-4690.0
SRF,2016-10-31 07:00:00,-13.7,14.04,13.46,13.99,-35410.0
SRF,2017-03-09 07:00:00,-15.43,15.86,15.29,15.29,-10200.0
SRF,2017-07-03 07:00:00,-13.11,13.31,13.11,13.31,-15890.0
SRF,2017-07-06 07:00:00,-13.18,13.24,13.04,13.14,-23160.0
SRF,2017-11-13 07:00:00,-12.44,12.44,12.37,12.44,-9690.0
SRF,2017-12-19 07:00:00,-12.72,12.86,12.65,12.65,-8810.0
SRF,2018-05-29 07:00:00,-10.95,11.46,10.91,10.95,-2050.0
SRF,2018-11-13 07:00:00,-9.49,9.56,9.41,9.49,-2160.0
SRF,2019-04-23 07:00:00,-12.17,12.17,11.63,12.13,-6290.0
SRF,2019-05-21 07:00:00,-11.73,11.77,11.73,11.77,-500.0
SRF,2019-06-21 07:00:00,-10.18,10.95,10.18,10.18,-2210.0
SRF,2020-03-24 07:00:00,-10.63,10.63,9.64,10.5,-1080.0
SRF,2020-03-26 07:00:00,-11.79,12.0,11.79,12.0,-40.0
SRF,2020-04-29 07:00:00,-10.8,12.0,10.8,10.8,-10020.0
SRF,2020-05-04 07:00:00,-10.89,11.53,10.89,11.49,-2790.0
SRF,2020-08-06 07:00:00,-12.55,12.82,12.55,12.82,-2240.0
SRF,2020-08-26 07:00:00,-12.14,12.14,11.68,12.0,-8530.0
SRF,2020-10-01 07:00:00,-11.77,11.77,11.73,63.187349291408765,-55440.0
SRF,2021-04-07 07:00:00,-12.36,12.36,12.27,12.36,-2200.0
SRF,2022-08-24 07:00:00,-13.05,13.7,13.05,13.7,-5800.0
SRF,2022-11-07 07:00:00,-10.1,10.6,10.0,10.55,-10200.0
SRF,2023-12-15 07:00:00,-7.8,8.3,7.5,7.81,-19100.0
SRF,2024-02-05 07:00:00,-7.98,8.58,7.88,8.1,-99800.0
SRF,2025-03-05 07:00:00,-9.5,10.1,9.35,10.0,-4800.0
SRF,2025-04-23 07:00:00,-9.22,9.86,9.03,9.7,-3000.0
SRF,2025-12-30 07:00:00,-8.44,8.48,8.0,8.45,-7200.0
SSB,2021-07-21 07:00:00,-19.32,19.4,18.9,19.3,-1753900.0
SSB,2022-08-12 07:00:00,-22.99,23.06,22.84,22.99,-1773500.0
SSB,2026-01-29 07:00:00,-17.45,17.45,17.25,17.45,-1856000.0
SSB,2026-03-18 07:00:00,-16.7,16.8,16.6,16.8,-1828900.0
SSF,2015-10-27 07:00:00,-22.2,29.7,22.2,29.7,-2400.0
SSH,2021-09-21 07:00:00,-71.48,72.51,70.44,70.99,-279900.0
SSH,2021-10-06 07:00:00,-74.58,74.58,70.44,70.58,-252807.0
SSH,2021-10-25 07:00:00,-73.34,78.24,73.34,78.17,-252700.0
SSH,2021-11-15 07:00:00,-79.21,79.9,79.21,79.56,-295300.0
SSH,2022-03-25 07:00:00,-101.5,102.9,101.0,102.4,-413100.0
SSH,2022-09-16 07:00:00,-81.0,81.2,80.3,80.8,-450000.0
SSH,2022-09-27 07:00:00,-80.2,82.0,79.7,81.8,-485000.0
SSH,2022-09-29 07:00:00,-80.8,81.5,80.4,81.5,-338002.0
SSH,2023-02-09 07:00:00,-65.5,65.5,64.4,64.5,-92900.0
SSH,2023-12-05 07:00:00,-64.1,64.6,64.0,64.3,-67100.0
SSH,2024-05-22 07:00:00,-65.7,65.7,65.4,65.5,-51400.0
SSH,2024-06-12 07:00:00,-69.0,69.2,68.9,69.2,-48403.0
SSH,2025-01-08 07:00:00,-66.7,66.8,66.6,66.8,-56900.0
SSH,2025-08-13 07:00:00,-96.2,96.5,94.0,95.2,-24700.0
SSH,2025-09-08 07:00:00,-95.0,95.0,95.5,95.0,-6700.0
SSN,2015-10-20 07:00:00,-10.8,10.8,10.53,10.53,-68800.0
SSN,2016-04-14 07:00:00,-7.0,7.18,6.9,7.0,-8300.0
SSN,2016-07-13 07:00:00,-15.42,16.35,15.42,15.7,-117200.0
SSN,2017-11-20 07:00:00,-18.8,18.9,18.61,18.8,-213000.0
SSN,2018-03-09 07:00:00,-17.0,18.6,17.0,18.6,-60800.0
SSN,2018-03-15 07:00:00,-18.2,18.2,17.0,17.0,-28000.0
SSN,2018-09-10 07:00:00,-15.3,15.3,14.9,14.9,-57200.0
SSN,2018-10-12 07:00:00,-14.8,15.4,14.8,14.9,-89200.0
SSN,2019-10-09 07:00:00,-4.7,5.0,4.6,4.7,-54600.0
SSN,2020-06-19 07:00:00,-4.8,5.0,4.8,5.0,-33925.0
SSN,2022-04-05 07:00:00,-14.9,15.3,14.5,15.2,-149200.0
SSN,2022-04-15 07:00:00,-13.3,14.2,13.3,14.1,-27600.0
SSN,2022-08-31 07:00:00,-7.6,7.9,7.2,7.2,-81100.0
SSN,2023-04-28 07:00:00,-1.6,1.7,1.5,1.6,-77500.0
SSN,2024-09-20 07:00:00,-1.4,1.5,1.4,1.4,-9100.0
STB,2017-02-07 07:00:00,-9.9,9.96,9.76,9.87,-1725610.0
STB,2018-06-27 07:00:00,-12.0,12.2,11.8,11.8,-1747560.0
STB,2018-10-24 07:00:00,-12.6,12.85,12.55,12.6,-6594420.0
STB,2019-03-20 07:00:00,-12.65,12.85,12.65,12.8,-4222210.0
STB,2019-06-26 07:00:00,-11.6,11.65,11.5,11.5,-2815950.0
STB,2019-12-04 07:00:00,-9.8,10.1,9.8,10.1,-2851860.0
STB,2020-07-03 07:00:00,-11.15,11.2,11.0,11.0,-3885370.0
STB,2021-03-01 07:00:00,-18.6,19.15,18.5,19.1,-35781100.0
STB,2021-04-26 07:00:00,-22.9,23.2,22.45,22.55,-41629500.0
STB,2021-08-25 07:00:00,-27.35,27.55,27.1,27.35,-8164000.0
STB,2022-06-10 07:00:00,-21.8,22.7,21.75,21.9,-17446000.0
STB,2022-07-14 07:00:00,-22.9,23.35,22.8,23.3,-12876400.0
STB,2022-07-29 07:00:00,-24.65,24.9,24.3,24.7,-17762000.0
STB,2023-02-28 07:00:00,-23.95,24.0,23.6,23.75,-6462100.0
STB,2023-03-23 07:00:00,-24.55,25.15,24.5,25.0,-12242200.0
STB,2023-06-01 07:00:00,-27.65,28.0,27.65,28.0,-8842400.0
STB,2023-12-27 07:00:00,-27.5,27.65,27.35,27.4,-10685200.0
STB,2024-07-15 07:00:00,-29.8,29.95,29.6,29.75,-3659300.0
STB,2025-02-07 07:00:00,-37.35,38.1,37.2,37.45,-11948300.0
STB,2025-08-07 07:00:00,-54.8,55.2,52.9,54.6,-14247000.0
STB,2025-09-09 07:00:00,-53.9,54.3,53.1,54.2,-6237400.0
STB,2025-12-18 07:00:00,-47.0,48.0,46.9,48.0,-5520600.0
STB,2026-04-03 07:00:00,-60.8,62.3,60.6,60.8,-4610800.0
STC,2016-03-29 07:00:00,-10.25,10.59,9.9,9.9,-500.0
STC,2016-08-19 07:00:00,-10.94,11.58,10.94,11.48,-7000.0
STC,2018-11-08 07:00:00,-12.82,12.82,12.82,12.82,-100.0
STC,2018-12-21 07:00:00,-9.26,9.26,9.26,9.26,-100.0
STC,2019-02-28 07:00:00,-9.22,9.22,9.22,9.22,-100.0
STC,2020-02-18 07:00:00,-10.65,10.65,10.65,10.65,-100.0
STC,2020-03-12 07:00:00,-10.98,10.98,10.98,10.98,-400.0
STC,2020-10-02 07:00:00,-8.51,8.51,8.51,8.51,-100.0
STC,2020-12-10 07:00:00,-9.42,9.42,9.09,9.09,-900.0
STC,2021-02-09 07:00:00,-10.62,10.76,10.62,10.76,-1012.0
STC,2021-02-19 07:00:00,-11.11,11.18,11.11,11.18,-300.0
STC,2021-11-25 07:00:00,-14.46,15.37,14.46,15.37,-9500.0
STC,2023-02-28 07:00:00,-13.76,13.76,13.76,13.76,-800.0
STC,2023-09-11 07:00:00,-15.16,15.16,15.08,15.08,-1700.0
STC,2025-09-22 07:00:00,-16.56,16.56,16.56,16.56,-1000.0
STG,2016-02-05 07:00:00,-6.67,7.16,6.67,7.16,-1480.0
STG,2016-06-21 07:00:00,-7.93,8.02,7.52,7.98,-361240.0
STG,2016-09-07 07:00:00,-15.82,17.39,15.82,17.39,-136950.0
STG,2016-11-15 07:00:00,-19.74,20.04,19.56,20.04,-207740.0
STG,2018-05-03 07:00:00,-17.3,17.39,16.26,16.52,-101970.0
STG,2018-07-13 07:00:00,-17.13,17.13,16.17,16.17,-4610.0
STG,2018-12-11 07:00:00,-17.04,17.04,17.0,17.0,-1050.0
STG,2019-01-15 07:00:00,-17.6,18.0,17.5,18.0,-470.0
STG,2019-08-28 07:00:00,-12.65,12.65,12.55,12.55,-4860.0
STG,2020-02-24 07:00:00,-16.3,17.0,16.3,17.0,-30.0
STG,2020-07-20 07:00:00,-15.0,15.0,14.9,15.0,-2620.0
STG,2021-03-08 07:00:00,-16.0,16.2,15.6,15.6,-9800.0
STG,2021-10-25 07:00:00,-25.8,25.8,25.0,25.7,-63000.0
STG,2022-02-28 07:00:00,-29.6,29.6,28.7,28.7,-1300.0
STG,2023-01-04 07:00:00,-35.3,39.8,35.3,35.6,-3000.0
STG,2023-04-10 07:00:00,-48.0,48.95,48.0,48.65,-4100.0
STG,2024-10-09 07:00:00,-42.65,42.65,42.65,42.65,-300.0
STG,2024-11-28 07:00:00,-41.0,41.0,40.0,40.0,-800.0
STG,2025-04-22 07:00:00,-35.05,35.05,35.05,35.05,-300.0
STL,2016-04-22 07:00:00,-3.38,3.67,2.82,3.67,-10000.0
STL,2022-05-13 07:00:00,-3.4,3.4,2.6,2.7,-118100.0
STT,2016-08-16 07:00:00,-9.26,10.02,9.26,10.02,-12950.0
STT,2020-10-16 07:00:00,-1.72,1.72,1.43,1.43,-23427.0
SVC,2016-05-10 07:00:00,-8.0,8.0,7.87,7.98,-31900.0
SVC,2017-03-07 07:00:00,-11.86,11.86,11.46,11.79,-125520.0
SVC,2017-05-24 07:00:00,-11.86,11.86,11.61,11.73,-5480.0
SVC,2017-06-26 07:00:00,-11.91,12.13,11.41,11.79,-40590.0
SVC,2018-04-17 07:00:00,-10.73,10.83,10.73,10.83,-1210.0
SVC,2018-06-04 07:00:00,-11.54,11.54,10.86,11.08,-6010.0
SVC,2018-06-25 07:00:00,-10.16,10.8,10.16,10.8,-50.0
SVC,2018-07-16 07:00:00,-9.92,9.92,9.92,9.92,-1370.0
SVC,2018-11-16 07:00:00,-10.2,10.68,10.2,10.54,-1700.0
SVC,2019-06-12 07:00:00,-10.42,10.42,10.42,10.42,-50.0
SVC,2020-03-24 07:00:00,-10.38,10.57,10.38,10.38,-14300.0
SVC,2020-05-04 07:00:00,-14.75,14.97,14.01,14.9,-46070.0
SVC,2020-12-18 07:00:00,-22.94,23.73,22.94,23.73,-70.0
SVC,2021-04-07 07:00:00,-23.63,23.63,23.23,23.23,-1000.0
SVC,2021-06-22 07:00:00,-22.77,23.07,22.77,22.77,-900.0
SVC,2025-05-15 07:00:00,-13.28,14.13,13.28,14.13,-44100.0
SVC,2025-07-03 07:00:00,-14.49,14.56,14.49,14.56,-3900.0
SVC,2025-08-29 07:00:00,-18.2,18.52,17.92,18.52,-4700.0
SVC,2026-03-16 07:00:00,-19.5,19.5,18.1,18.3,-8300.0
SVG,2021-07-20 07:00:00,-12.9,12.9,12.9,12.9,-3100.0
SVG,2021-09-21 07:00:00,-29.5,35.0,29.5,33.4,-29600.0
SVG,2022-12-21 07:00:00,-4.1,4.7,4.0,4.6,-1500.0
SVG,2023-10-02 07:00:00,-4.5,4.5,4.5,4.5,-200.0
SVG,2023-10-03 07:00:00,-5.0,5.0,5.0,5.0,-300.0
SVG,2023-10-04 07:00:00,-5.4,5.6,5.4,5.5,-2300.0
SVG,2026-03-03 07:00:00,-6.9,6.9,6.9,6.9,-100.0
SWC,2016-06-07 07:00:00,-6.62,6.75,6.62,6.71,-149900.0
SWC,2016-11-23 07:00:00,-7.01,7.67,7.01,7.23,-94300.0
SWC,2016-12-06 07:00:00,-7.01,7.06,7.01,7.01,-18500.0
SWC,2017-05-19 07:00:00,-7.88,8.96,7.88,8.62,-274800.0
SWC,2017-06-29 07:00:00,-7.13,7.13,7.02,7.08,-65100.0
SWC,2017-09-13 07:00:00,-7.58,7.98,7.58,7.86,-697975.0
SWC,2017-09-26 07:00:00,-8.04,8.04,7.52,7.69,-125900.0
SWC,2017-10-06 07:00:00,-7.46,7.46,7.41,7.46,-16200.0
SWC,2018-01-05 07:00:00,-7.18,7.12,7.23,7.18,-40110.0
SWC,2018-09-13 07:00:00,-9.25,9.25,9.25,9.25,-1000.0
SWC,2018-10-22 07:00:00,-10.71,10.71,10.49,10.49,-21100.0
SWC,2019-10-31 07:00:00,-11.69,11.69,11.24,11.69,-4200.0
SWC,2020-03-27 07:00:00,-9.61,12.14,9.24,12.14,-7900.0
SWC,2020-08-25 07:00:00,-14.05,15.68,14.05,15.5,-264812.0
SWC,2020-12-02 07:00:00,-14.77,14.77,14.41,14.5,-70990.0
SWC,2020-12-16 07:00:00,-14.5,14.59,14.41,14.5,-22900.0
SWC,2021-11-19 07:00:00,-30.72,30.9,27.73,29.9,-94922.0
SWC,2021-12-16 07:00:00,-29.9,30.08,29.27,29.9,-12200.0
SWC,2022-06-01 07:00:00,-24.01,24.38,24.01,24.38,-2900.0
SWC,2022-06-09 07:00:00,-25.28,17.647766295707473,24.47,24.83,-10000.0
SWC,2022-09-15 07:00:00,-21.48,22.2,20.93,21.39,-15250.0
SWC,2022-12-22 07:00:00,-18.67,18.67,17.76,18.3,-8100.0
SWC,2023-08-09 07:00:00,-22.84,22.84,22.84,22.84,-300.0
SWC,2024-04-01 07:00:00,-23.83,23.92,23.56,23.74,-5500.0
SWC,2024-05-28 07:00:00,-26.82,27.09,26.01,27.09,-11409.0
SWC,2025-02-12 07:00:00,-28.63,29.0,28.63,28.82,-1510.0
SWC,2025-08-28 07:00:00,-33.9,33.9,31.7,32.0,-38100.0
SZG,2022-10-24 07:00:00,-26.69,30.83,26.69,30.83,-200.0
SZG,2023-05-10 07:00:00,-29.51,29.51,29.51,29.51,-100.0
SZG,2024-11-21 07:00:00,-32.65,32.65,32.65,32.65,-1800.0
SZG,2025-01-02 07:00:00,-32.65,32.65,32.65,32.65,-200.0
SZG,2025-12-31 07:00:00,-37.0,37.0,37.0,37.0,-5100.0
TAN,2025-04-10 07:00:00,-36.1,36.1,36.1,36.1,-900.0
TAN,2025-06-02 07:00:00,-37.0,37.0,37.0,37.0,-900.0
TAN,2025-08-12 07:00:00,-41.0,41.0,41.0,41.0,-1900.0
TAN,2026-01-14 07:00:00,-43.5,43.5,43.5,43.5,-3400.0
TAN,2026-01-22 07:00:00,-44.1,44.1,44.1,44.1,-3500.0
TAR,2019-05-27 07:00:00,-20.76,20.83,20.62,20.83,-67400.0
TAR,2019-06-11 07:00:00,-20.55,20.76,20.55,20.69,-95500.0
TAR,2019-12-16 07:00:00,-20.35,20.49,19.25,19.87,-78700.0
TAR,2020-04-01 07:00:00,-21.72,22.47,21.45,22.27,-236200.0
TAR,2020-06-11 07:00:00,-15.96,16.17,15.0,15.0,-478473.0
TAR,2020-07-02 07:00:00,-13.36,13.63,13.22,13.43,-408780.0
TAR,2021-01-27 07:00:00,-18.12,18.37,17.13,17.13,-556136.0
TAR,2023-02-01 07:00:00,-13.9,14.2,12.6,12.6,-2277730.0
TAR,2023-02-16 07:00:00,-12.6,13.4,12.6,13.4,-2407051.0
TAR,2023-04-05 07:00:00,-13.2,13.5,13.0,13.2,-1951304.0
TAR,2023-06-19 07:00:00,-15.6,15.7,15.2,15.3,-1407326.0
TAR,2023-10-13 07:00:00,-13.1,13.1,12.5,12.8,-1201404.0
TAR,2025-09-05 07:00:00,-5.6,5.9,5.5,5.6,-184900.0
TAR,2026-02-13 07:00:00,-3.7,3.8,3.6,3.7,-84100.0
TBC,2017-05-11 07:00:00,-11.72,11.72,11.72,11.72,-1000.0
TBC,2017-07-05 07:00:00,-12.23,12.49,12.23,12.49,-1280.0
TBC,2017-07-28 07:00:00,-13.0,13.0,13.0,13.0,-500.0
TBC,2017-09-06 07:00:00,-13.36,13.36,13.36,13.36,-10.0
TBC,2017-12-15 07:00:00,-12.83,12.94,12.13,12.88,-920.0
TBC,2018-04-10 07:00:00,-12.83,13.1,12.83,13.1,-2760.0
TBC,2018-10-15 07:00:00,-13.88,13.88,13.88,13.88,-230.0
TBC,2018-12-06 07:00:00,-14.08,14.08,14.08,14.08,-1240.0
TBC,2019-01-02 07:00:00,-14.96,14.96,14.96,14.96,-1280.0
TBC,2019-03-15 07:00:00,-16.03,16.03,15.97,15.97,-400.0
TBC,2020-03-06 07:00:00,-14.73,14.76,14.73,14.76,-70.0
TBC,2021-08-27 07:00:00,-20.59,20.73,20.42,20.45,-12000.0
TBC,2022-08-03 07:00:00,-23.1,23.1,23.1,23.1,-700.0
TBC,2022-09-29 07:00:00,-24.36,24.52,24.21,24.21,-2700.0
TBC,2022-09-30 07:00:00,-23.82,24.21,23.58,24.21,-3500.0
TBC,2023-05-09 07:00:00,-27.84,27.84,27.84,27.84,-5100.0
TBC,2023-06-23 07:00:00,-28.78,30.1,28.78,30.1,-1500.0
TBC,2024-01-23 07:00:00,-33.49,33.49,33.27,33.4,-2200.0
TBC,2024-06-10 07:00:00,-34.98,35.99,34.98,35.91,-1000.0
TBC,2024-07-16 07:00:00,-37.38,37.38,37.38,37.38,-1000.0
TBC,2025-06-03 07:00:00,-36.41,36.41,36.41,36.41,-7800.0
TBC,2026-02-05 07:00:00,-34.24,34.29,34.24,34.24,-1800.0
TBR,2022-08-25 07:00:00,-8.54,8.54,8.37,8.37,-1008.0
TBR,2024-09-12 07:00:00,-6.44,6.44,6.44,6.44,-600.0
TBR,2024-10-11 07:00:00,-6.62,6.62,6.62,6.62,-300.0
TBR,2025-06-06 07:00:00,-7.29,7.29,6.91,7.1,-24000.0
TBR,2025-12-15 07:00:00,-8.1,8.1,8.1,55.30260314300784,-7100.0
TCI,2018-10-04 07:00:00,-4.82,4.82,4.82,4.82,-3000.0
TCI,2019-05-22 07:00:00,-3.58,3.58,2.74,11.428182696257135,-15000.0
TCI,2021-05-10 07:00:00,-6.84,7.36,6.65,7.36,-372300.0
TCI,2021-07-16 07:00:00,-8.99,8.99,8.67,8.73,-62450.0
TCI,2021-11-03 07:00:00,-17.44,18.66,17.44,18.13,-1092296.0
TCI,2021-11-22 07:00:00,-25.72,27.03,23.54,23.97,-1013800.0
TCI,2022-04-27 07:00:00,-10.64,11.07,10.55,11.07,-344956.0
TCI,2022-12-23 07:00:00,-5.93,6.02,5.93,6.02,-105300.0
TCI,2024-03-19 07:00:00,-11.2,11.29,10.94,11.03,-453100.0
TCI,2024-10-11 07:00:00,-8.57,8.57,8.48,8.5,-42400.0
TCI,2024-12-27 07:00:00,-8.87,8.87,8.72,8.8,-39400.0
TCI,2025-02-17 07:00:00,-10.4,10.5,10.0,10.3,-539900.0
TCI,2026-04-07 07:00:00,-10.2,10.2,9.86,9.92,-217400.0
TCJ,2020-12-25 07:00:00,-4.0,4.0,4.0,4.0,-5000.0
TCW,2018-09-24 07:00:00,-6.84,6.84,6.84,6.84,-3925.0
TCW,2019-02-20 07:00:00,-7.98,7.98,7.98,7.98,-500.0
TCW,2019-04-12 07:00:00,-8.44,8.82,8.44,8.82,-6373.0
TCW,2019-09-17 07:00:00,-11.09,11.09,10.9,10.9,-37556.0
TCW,2019-10-31 07:00:00,-10.9,11.09,10.72,11.09,-8061.0
TCW,2020-04-24 07:00:00,-11.14,11.14,11.14,11.14,-37100.0
TCW,2020-04-27 07:00:00,-11.14,11.45,10.95,11.45,-19670.0
TCW,2021-02-18 07:00:00,-19.44,19.44,19.23,19.23,-2600.0
TCW,2021-07-22 07:00:00,-20.82,21.12,20.82,21.12,-29025.0
TCW,2021-10-15 07:00:00,-24.72,25.17,24.64,25.17,-63400.0
TCW,2023-03-31 07:00:00,-21.65,21.65,21.65,21.65,-201.0
TCW,2024-04-17 07:00:00,-24.85,25.29,24.85,25.29,-1542.0
TCW,2024-08-07 07:00:00,-28.42,28.42,27.49,28.24,-15231.0
TCW,2025-02-24 07:00:00,-33.74,33.74,32.9,33.27,-37554.0
TCW,2025-04-23 07:00:00,-28.8,28.8,27.87,28.52,-1553.0
TCW,2025-10-13 07:00:00,-31.4,31.4,31.0,135.7288201766565,-27500.0
TCW,2025-11-12 07:00:00,-31.6,31.7,31.5,31.7,-5400.0
TD6,2025-07-03 07:00:00,-8.59,8.69,8.4,8.5,-82100.0
TD6,2025-11-10 07:00:00,-7.3,7.5,7.0,7.4,-101900.0
TD6,2026-01-14 07:00:00,-7.1,7.1,6.9,7.0,-21500.0
TDC,2015-12-14 07:00:00,-3.09,3.09,3.0,3.04,-41260.0
TDC,2016-01-18 07:00:00,-3.29,3.29,3.09,3.09,-407720.0
TDC,2016-08-26 07:00:00,-3.22,3.28,3.22,3.28,-81510.0
TDC,2016-11-24 07:00:00,-3.08,3.1,3.08,3.1,-65120.0
TDC,2017-10-27 07:00:00,-4.64,4.64,4.44,4.64,-13760.0
TDC,2018-04-03 07:00:00,-5.71,5.83,5.62,5.78,-480400.0
TDC,2019-04-05 07:00:00,-6.37,6.72,6.36,6.61,-249810.0
TDC,2019-05-22 07:00:00,-6.03,6.09,6.02,6.03,-52650.0
TDC,2019-08-20 07:00:00,-7.01,7.4,7.01,7.4,-922120.0
TDC,2020-08-04 07:00:00,-6.48,6.6,6.48,47.838248321562986,-6037440.0
TDC,2021-04-27 07:00:00,-15.63,16.04,15.54,15.54,-423700.0
TDC,2022-02-23 07:00:00,-23.31,24.23,23.31,23.94,-539600.0
TDC,2022-12-05 07:00:00,-12.35,12.35,11.25,11.25,-1712900.0
TDC,2023-04-04 07:00:00,-10.2,10.2,9.91,9.95,-288700.0
TDC,2024-04-23 07:00:00,-8.12,8.6,8.1,8.2,-239400.0
TDC,2024-12-06 07:00:00,-10.3,10.45,10.25,10.3,-424000.0
TDC,2025-04-01 07:00:00,-12.2,12.45,12.15,12.15,-1129700.0
TDC,2025-11-11 07:00:00,-11.7,11.8,11.6,11.75,-125900.0
TDF,2023-10-02 07:00:00,-14.84,14.84,14.84,14.84,-200.0
TDF,2024-04-19 07:00:00,-14.65,14.65,14.65,14.65,-400.0
TDF,2024-06-13 07:00:00,-14.65,14.65,14.65,14.65,-200.0
TDF,2025-07-15 07:00:00,-8.9,9.0,8.9,9.0,-200.0
TDF,2025-09-11 07:00:00,-8.9,8.9,8.9,8.9,-1300.0
TDF,2025-10-09 07:00:00,-9.0,9.0,9.0,9.0,-4200.0
TDS,2016-02-17 07:00:00,-4.32,4.32,4.32,4.32,-100.0
TDS,2016-05-06 07:00:00,-5.48,5.48,4.9,4.9,-2100.0
TDS,2018-04-18 07:00:00,-6.58,6.63,6.58,6.58,-1010.0
TDS,2018-07-04 07:00:00,-5.48,6.44,5.48,6.44,-230.0
TDS,2018-10-03 07:00:00,-6.69,6.69,6.69,6.69,-48.0
TDS,2018-12-17 07:00:00,-6.29,6.29,6.29,6.29,-900.0
TDS,2019-08-16 07:00:00,-6.58,7.68,6.58,7.68,-600.0
TDS,2019-10-14 07:00:00,-6.7,6.7,6.7,6.7,-6500.0
TDS,2020-10-27 07:00:00,-8.23,8.37,8.16,8.23,-5200.0
TDS,2020-12-02 07:00:00,-8.51,8.51,8.51,8.51,-100.0
TDS,2022-02-10 07:00:00,-17.22,17.22,17.22,17.22,-1200.0
TDS,2022-04-05 07:00:00,-16.85,16.85,16.7,16.7,-610.0
TDS,2023-05-29 07:00:00,-8.31,8.31,7.94,8.31,-7700.0
TDS,2024-05-08 07:00:00,-16.17,16.17,15.8,15.95,-6000.0
TDS,2025-08-19 07:00:00,-8.7,8.7,8.6,8.6,-10200.0
TDT,2018-11-29 07:00:00,-5.81,5.95,5.72,5.72,-55400.0
TDT,2019-06-25 07:00:00,-5.22,5.31,5.22,5.31,-4800.0
TDT,2020-07-29 07:00:00,-6.23,6.74,5.97,6.1,-314710.0
TDT,2020-11-25 07:00:00,-7.38,7.51,7.38,7.44,-58200.0
TDT,2021-03-25 07:00:00,-8.98,8.98,8.6,8.92,-366400.0
TDT,2021-11-30 07:00:00,-10.77,11.17,10.61,11.09,-306085.0
TDT,2022-05-19 07:00:00,-7.82,7.98,7.82,7.98,-67800.0
TDT,2022-07-27 07:00:00,-7.66,7.74,7.66,7.66,-48775.0
TDT,2022-12-22 07:00:00,-6.89,7.16,6.89,7.07,-11443.0
TDT,2023-03-03 07:00:00,-7.16,7.16,6.98,7.16,-10020.0
TDT,2023-07-28 07:00:00,-6.89,6.89,6.8,6.8,-17622.0
TDT,2023-12-18 07:00:00,-6.25,6.25,6.16,6.16,-29924.0
TDT,2024-03-29 07:00:00,-6.72,6.72,6.63,6.63,-62124.0
TDT,2024-07-24 07:00:00,-6.53,6.63,6.44,6.63,-68284.0
TDT,2025-01-20 07:00:00,-6.53,6.63,6.53,6.63,-15400.0
TDT,2025-04-17 07:00:00,-6.44,6.44,6.35,6.44,-29317.0
TDT,2025-05-16 07:00:00,-6.44,6.44,6.35,6.44,-76300.0
TDT,2025-08-14 07:00:00,-6.44,6.53,6.44,6.53,-51500.0
TDT,2025-08-20 07:00:00,-6.53,6.63,6.44,6.63,-144600.0
TDT,2025-09-15 07:00:00,-6.7,6.8,6.7,6.8,-36700.0
TDT,2026-03-27 07:00:00,-7.0,7.0,6.9,6.9,-26900.0
TDT,2026-04-13 07:00:00,-7.6,7.6,7.6,7.6,-115200.0
TDW,2017-02-06 07:00:00,-19.14,19.14,26.4158126330731,19.14,-1120.0
TDW,2017-06-13 07:00:00,-16.54,16.54,15.63,15.63,-1170.0
TDW,2017-08-28 07:00:00,-14.54,15.63,14.54,15.63,-1020.0
TDW,2017-12-08 07:00:00,-15.63,15.97,14.95,15.97,-1040.0
TDW,2020-12-08 07:00:00,-17.5,19.36,17.5,18.66,-730.0
TDW,2023-05-18 07:00:00,-36.08,36.08,36.08,36.08,-1500.0
TDW,2023-07-25 07:00:00,-37.86,41.78,37.86,41.78,-700.0
TDW,2025-09-17 07:00:00,-48.89,48.98,48.74,48.74,-4000.0
TDW,2025-11-12 07:00:00,-48.0,48.0,48.0,48.0,-100.0
TDW,2025-12-02 07:00:00,-50.5,50.5,50.5,50.5,-600.0
TDW,2025-12-31 07:00:00,-49.0,49.0,49.0,49.0,-500.0
TDW,2026-03-13 07:00:00,-44.25,45.8,44.25,45.8,-400.0
TET,2016-11-08 07:00:00,-12.28,12.28,12.28,12.28,-1600.0
TET,2018-10-11 07:00:00,-21.5,21.5,21.5,21.5,-500.0
TET,2022-09-16 07:00:00,-28.06,28.06,28.06,28.06,-119.0
TET,2026-04-07 07:00:00,-29.2,29.2,29.2,29.2,-100.0
TFC,2016-02-17 07:00:00,-11.92,11.92,11.88,11.92,-5500.0
TFC,2016-03-04 07:00:00,-11.48,11.66,11.48,11.66,-10500.0
TFC,2016-03-11 07:00:00,-11.88,12.8,11.04,12.45,-22851.0
TFC,2016-05-26 07:00:00,-10.68,10.95,9.63,9.63,-17800.0
TFC,2017-04-12 07:00:00,-4.5,4.5,4.5,4.5,-250.0
TFC,2017-04-24 07:00:00,-4.37,4.37,4.3,4.37,-6100.0
TFC,2017-11-13 07:00:00,-4.11,4.11,4.11,4.11,-300.0
TFC,2018-04-23 07:00:00,-3.51,3.51,3.51,3.51,-82.0
TFC,2018-11-07 07:00:00,-3.46,3.46,3.46,3.46,-2000.0
TFC,2019-03-29 07:00:00,-4.31,4.66,4.31,4.66,-400.0
TFC,2019-04-08 07:00:00,-4.73,4.73,4.73,4.73,-300.0
TFC,2020-05-21 07:00:00,-3.47,3.47,3.47,3.47,-100.0
TFC,2021-01-13 07:00:00,-6.49,6.81,6.49,6.65,-6200.0
TFC,2021-03-16 07:00:00,-5.61,5.61,5.61,5.61,-200.0
TFC,2022-03-25 07:00:00,-7.24,7.33,7.24,7.33,-2820.0
TFC,2022-05-26 07:00:00,-6.36,6.62,6.18,6.62,-700.0
TFC,2022-06-10 07:00:00,-6.18,6.18,6.18,6.18,-2.0
TFC,2023-01-16 07:00:00,-5.74,6.0,5.74,6.0,-4900.0
TFC,2023-02-16 07:00:00,-5.65,5.65,5.65,5.65,-500.0
TFC,2023-10-12 07:00:00,-6.0,6.0,6.0,6.0,-100.0
TFC,2024-04-01 07:00:00,-9.53,9.62,9.53,9.62,-10100.0
TFC,2024-05-22 07:00:00,-11.77,11.77,11.49,11.77,-25506.0
TFC,2024-05-23 07:00:00,-12.15,12.15,11.77,11.77,-11100.0
TFC,2024-06-14 07:00:00,-17.29,17.29,16.73,16.73,-8400.0
TFC,2024-08-27 07:00:00,-23.36,23.73,23.17,23.36,-9400.0
TFC,2025-03-17 07:00:00,-68.88,68.88,67.91,67.91,-12500.0
TFC,2025-06-24 07:00:00,-75.57,75.57,75.57,75.57,-600.0
TGG,2019-07-01 07:00:00,-2.98,3.01,2.97,3.0,-315390.0
TGG,2020-05-28 07:00:00,-0.87,0.88,0.85,0.88,-244130.0
TGG,2021-06-15 07:00:00,-5.3,5.3,5.18,5.2,-104900.0
TGG,2021-06-25 07:00:00,-7.9,7.9,7.9,7.9,-224400.0
TGG,2023-03-31 07:00:00,-4.71,4.71,4.71,4.71,-820600.0
TH1,2016-11-28 07:00:00,-6.4,6.4,6.4,6.4,-900.0
TH1,2022-03-04 07:00:00,-12.0,12.1,11.9,12.1,-37000.0
THG,2016-07-08 07:00:00,-8.88,9.05,8.88,9.05,-1110.0
THG,2016-08-15 07:00:00,-9.46,9.55,9.38,9.38,-10180.0
THG,2016-11-15 07:00:00,-12.0,12.1,11.6,11.9,-5400.0
THG,2016-11-25 07:00:00,-11.7,11.7,11.6,11.62,-1160.0
THG,2017-01-18 07:00:00,-9.85,10.03,9.83,9.85,-13480.0
THG,2017-03-06 07:00:00,-9.22,9.32,9.06,9.12,-9990.0
THG,2017-06-29 07:00:00,-10.6,10.77,10.44,10.54,-21220.0
THG,2018-01-09 07:00:00,-8.81,8.81,8.45,8.66,-24250.0
THG,2018-10-15 07:00:00,-7.35,7.35,6.83,6.83,-14520.0
THG,2019-06-06 07:00:00,-11.0,11.0,10.45,10.45,-1460.0
THG,2019-10-07 07:00:00,-11.11,11.83,11.11,11.28,-1290.0
THG,2019-11-22 07:00:00,-11.8,11.8,11.8,11.8,-10.0
THG,2020-05-26 07:00:00,-14.36,14.7,14.36,14.57,-3610.0
THG,2020-11-24 07:00:00,-18.51,18.74,18.51,18.58,-10440.0
THG,2020-12-18 07:00:00,-18.68,19.18,18.68,19.18,-21490.0
THG,2022-03-17 07:00:00,-34.34,34.34,34.06,34.1,-25700.0
THG,2022-05-06 07:00:00,-33.86,33.86,33.18,33.26,-45700.0
THG,2023-01-06 07:00:00,-22.04,22.87,22.04,22.69,-50700.0
THG,2023-02-27 07:00:00,-21.71,21.71,20.9,21.29,-14100.0
THG,2023-05-19 07:00:00,-23.54,23.91,23.48,23.8,-32600.0
THG,2024-11-01 07:00:00,-33.2,33.46,32.93,33.38,-8600.0
THG,2025-02-07 07:00:00,-40.58,41.5,40.5,195.76336867595276,-7265300.0
THG,2025-05-21 07:00:00,-42.91,43.62,42.6,42.6,-32500.0
THG,2025-11-03 07:00:00,-47.8,48.14,46.94,46.94,-35600.0
THP,2020-06-26 07:00:00,-8.65,8.65,8.49,8.49,-800.0
THP,2020-08-10 07:00:00,-8.9,8.9,8.9,8.9,-1000.0
THP,2020-10-07 07:00:00,-8.49,8.49,8.49,8.49,-1400.0
THP,2021-01-29 07:00:00,-9.14,9.23,9.14,9.14,-14200.0
THP,2021-11-16 07:00:00,-12.27,12.27,12.27,12.27,-3000.0
THP,2022-03-28 07:00:00,-11.05,12.52,11.05,12.35,-27900.0
THP,2022-06-27 07:00:00,-10.36,10.45,10.36,10.45,-1600.0
THP,2023-01-04 07:00:00,-10.02,10.02,8.72,8.72,-1200.0
THP,2023-08-16 07:00:00,-9.08,9.08,9.08,9.08,-100.0
THP,2023-11-30 07:00:00,-8.1,8.1,8.1,8.1,-300.0
THP,2024-06-17 07:00:00,-7.37,7.37,7.37,7.37,-6200.0
THT,2015-10-28 07:00:00,-2.75,2.75,2.75,2.75,-100.0
THT,2017-03-07 07:00:00,-2.84,2.84,2.79,2.84,-18000.0
THT,2017-03-15 07:00:00,-2.84,2.84,2.79,2.79,-49900.0
THT,2017-09-21 07:00:00,-3.53,3.58,3.38,3.58,-600.0
THT,2018-04-02 07:00:00,-3.27,3.27,3.27,3.27,-1300.0
THT,2018-10-15 07:00:00,-3.73,3.78,3.73,3.78,-13800.0
THT,2018-11-15 07:00:00,-4.46,4.46,4.35,4.46,-30200.0
THT,2019-01-02 07:00:00,-4.4,4.4,4.35,4.35,-10300.0
THT,2019-04-18 07:00:00,-4.69,4.8,4.69,4.8,-5400.0
THT,2019-11-26 07:00:00,-4.39,4.39,4.39,4.39,-300.0
THT,2020-10-06 07:00:00,-5.41,5.26,5.41,5.33,-8500.0
THT,2020-11-26 07:00:00,-5.33,5.41,5.33,5.41,-11230.0
THT,2021-06-29 07:00:00,-8.85,8.93,8.38,8.93,-908870.0
THT,2021-08-17 07:00:00,-8.22,8.3,7.83,7.83,-102700.0
THT,2021-12-17 07:00:00,-10.26,10.5,10.26,10.42,-83100.0
THT,2023-02-14 07:00:00,-10.14,10.39,10.05,10.22,-7000.0
THT,2023-04-19 07:00:00,-10.56,11.66,10.47,10.98,-206700.0
THT,2023-08-03 07:00:00,-12.42,12.42,11.89,11.89,-121700.0
THT,2023-11-27 07:00:00,-10.99,11.08,10.99,11.08,-3330.0
THT,2024-03-25 07:00:00,-11.62,11.62,11.62,11.62,-700.0
THT,2024-04-09 07:00:00,-12.33,12.33,11.97,12.06,-5231.0
THT,2024-06-03 07:00:00,-11.68,11.87,11.68,11.87,-5124.0
THT,2025-01-07 07:00:00,-11.97,11.97,11.97,11.97,-100.0
THT,2025-02-25 07:00:00,-11.87,11.87,11.68,11.87,-64823.0
THT,2025-09-11 07:00:00,-8.2,8.4,8.2,8.4,-13500.0
THT,2026-01-13 07:00:00,-7.9,8.1,7.3,8.1,-62400.0
THW,2016-03-24 07:00:00,-7.91,7.91,7.91,7.91,-100.0
THW,2017-12-11 07:00:00,-13.19,13.19,13.19,13.19,-100.0
THW,2017-12-13 07:00:00,-9.64,9.64,9.64,9.64,-100.0
THW,2022-07-28 07:00:00,-7.67,7.67,7.67,7.67,-3400.0
TJC,2016-08-12 07:00:00,-3.99,4.03,3.99,3.99,-13220.0
TJC,2016-10-14 07:00:00,-3.85,3.85,3.71,3.85,-6740.0
TJC,2017-05-04 07:00:00,-3.94,3.94,3.94,3.94,-10000.0
TJC,2017-07-24 07:00:00,-3.71,3.85,3.62,3.85,-4200.0
TJC,2017-11-21 07:00:00,-3.43,3.43,3.43,22.12125732214625,-8700.0
TJC,2018-03-13 07:00:00,-2.88,3.06,2.88,2.92,-840.0
TJC,2019-03-26 07:00:00,-3.64,3.64,3.08,3.08,-200.0
TJC,2019-09-24 07:00:00,-3.86,3.86,3.86,3.86,-1000.0
TJC,2020-12-08 07:00:00,-6.55,6.55,6.06,6.55,-41000.0
TJC,2021-01-19 07:00:00,-5.95,6.33,5.95,6.33,-900.0
TJC,2021-03-04 07:00:00,-6.39,6.5,6.0,6.0,-3800.0
TJC,2024-08-02 07:00:00,-11.58,11.58,10.65,10.65,-26300.0
TJC,2026-04-28 07:00:00,-16.3,17.9,16.3,17.9,-95800.0
TL4,2016-01-22 07:00:00,-5.39,5.39,4.84,4.84,-61064.0
TL4,2016-12-06 07:00:00,-4.46,4.46,4.59,4.59,-8100.0
TL4,2017-03-07 07:00:00,-4.99,4.99,4.99,4.99,-200.0
TL4,2017-07-20 07:00:00,-4.79,4.86,4.79,4.86,-27500.0
TL4,2017-11-06 07:00:00,-5.02,5.02,5.02,5.02,-21100.0
TL4,2018-06-14 07:00:00,-5.24,5.24,5.24,5.24,-6000.0
TL4,2020-10-28 07:00:00,-7.26,7.35,7.26,7.26,-8950.0
TL4,2021-01-25 07:00:00,-8.03,8.03,8.03,8.03,-100.0
TL4,2022-01-20 07:00:00,-19.6,20.4,19.0,19.9,-48700.0
TL4,2022-02-16 07:00:00,-17.5,19.5,17.5,18.8,-97000.0
TL4,2022-05-12 07:00:00,-10.6,10.6,9.1,10.4,-111100.0
TL4,2022-07-12 07:00:00,-9.5,9.5,8.1,8.3,-15100.0
TL4,2022-12-23 07:00:00,-5.6,5.6,5.4,5.4,-5200.0
TL4,2024-04-12 07:00:00,-6.0,6.4,6.0,6.0,-7700.0
TLP,2018-08-08 07:00:00,-9.21,9.46,8.39,8.39,-3600.0
TLP,2019-02-20 07:00:00,-8.23,8.23,8.23,8.23,-5100.0
TLP,2019-04-09 07:00:00,-9.13,9.13,9.13,9.13,-5830.0
TLP,2020-07-16 07:00:00,-6.49,6.49,6.49,6.49,-500.0
TLP,2020-08-25 07:00:00,-6.58,7.62,6.58,7.36,-400.0
TLP,2021-05-05 07:00:00,-8.95,9.57,8.95,9.39,-1300.0
TLP,2021-06-14 07:00:00,-9.21,9.21,9.21,9.21,-1700.0
TLP,2021-08-02 07:00:00,-8.86,8.86,8.86,8.86,-100.0
TLP,2021-08-24 07:00:00,-8.95,8.95,8.77,8.77,-3200.0
TLP,2022-01-17 07:00:00,-11.18,11.36,10.74,11.36,-12400.0
TLP,2023-01-11 07:00:00,-7.15,7.15,7.05,7.15,-300.0
TLP,2023-10-16 07:00:00,-6.31,6.31,6.31,6.31,-1600.0
TLP,2024-06-12 07:00:00,-6.22,6.22,6.22,6.22,-10100.0
TLP,2024-10-25 07:00:00,-6.22,6.22,6.22,6.22,-1000.0
TLP,2025-04-08 07:00:00,-5.83,5.83,5.63,5.63,-4900.0
TLP,2025-06-24 07:00:00,-7.09,7.38,6.8,7.38,-6100.0
TMB,2019-04-12 07:00:00,-5.01,5.01,5.01,5.01,-200.0
TMB,2020-04-15 07:00:00,-7.38,7.38,7.38,7.38,-100.0
TMB,2020-11-26 07:00:00,-12.48,12.48,12.48,37.90645164542392,-184000.0
TMB,2020-12-04 07:00:00,-11.42,12.18,11.42,12.18,-600.0
TMB,2021-03-09 07:00:00,-12.18,12.18,11.42,12.03,-3500.0
TMB,2021-11-19 07:00:00,-15.27,15.76,14.94,14.94,-17100.0
TMB,2022-01-14 07:00:00,-13.14,13.8,13.14,13.8,-700.0
TMB,2022-08-12 07:00:00,-21.11,21.2,21.11,21.11,-1500.0
TMB,2023-02-20 07:00:00,-23.47,23.47,22.51,22.51,-9100.0
TMB,2023-05-30 07:00:00,-25.56,25.56,24.53,24.53,-7800.0
TMB,2023-11-08 07:00:00,-35.47,36.41,35.28,35.94,-4470.0
TMB,2023-12-21 07:00:00,-38.11,38.2,37.83,37.92,-11050.0
TMB,2025-07-03 07:00:00,-70.2,70.2,70.0,70.0,-10100.0
TMB,2026-01-08 07:00:00,-54.0,54.5,53.0,53.9,-10700.0
TMB,2026-03-31 07:00:00,-56.6,59.0,56.6,58.0,-15600.0
TMT,2016-01-11 07:00:00,-40.24,41.04,39.84,39.84,-12370.0
TMT,2016-10-07 07:00:00,-22.51,22.78,21.18,22.05,-23810.0
TMT,2017-08-14 07:00:00,-10.75,10.93,10.75,10.93,-1570.0
TMT,2017-12-29 07:00:00,-8.27,8.68,8.18,8.18,-4600.0
TMT,2018-01-15 07:00:00,-8.26,8.43,8.26,8.43,-6300.0
TMT,2018-05-02 07:00:00,-9.0,9.51,9.0,9.37,-28120.0
TMT,2019-01-30 07:00:00,-6.88,6.88,6.34,6.84,-11060.0
TMT,2019-03-12 07:00:00,-7.07,7.17,6.94,6.94,-6090.0
TMT,2020-06-01 07:00:00,-5.1,5.24,4.96,17.32670346814779,-50400.0
TMT,2020-12-23 07:00:00,-4.8,5.04,4.78,5.03,-16560.0
TMT,2020-12-30 07:00:00,-4.89,4.93,4.87,4.93,-19610.0
TMT,2021-03-19 07:00:00,-8.51,8.91,8.51,8.51,-161500.0
TMT,2021-05-25 07:00:00,-7.99,7.99,7.9,7.9,-3000.0
TMT,2021-08-17 07:00:00,-8.68,8.99,8.54,8.73,-12600.0
TMT,2022-06-30 07:00:00,-22.75,23.15,22.7,22.75,-14300.0
TMT,2022-11-22 07:00:00,-8.67,8.67,8.1,8.1,-4400.0
TMT,2024-03-26 07:00:00,-12.7,12.95,12.65,12.9,-8000.0
TMT,2024-05-30 07:00:00,-10.5,10.85,10.4,10.85,-2200.0
TMT,2024-06-24 07:00:00,-12.85,12.85,12.0,12.6,-13500.0
TMT,2024-11-11 07:00:00,-7.21,7.21,6.94,7.2,-66100.0
TMT,2025-03-07 07:00:00,-15.6,15.6,14.55,15.4,-25200.0
TNB,2016-06-16 07:00:00,-4.4,4.55,4.29,4.55,-47800.0
TNB,2017-03-21 07:00:00,-3.76,3.76,3.5,3.5,-233.0
TNB,2017-04-04 07:00:00,-3.5,3.5,3.5,3.5,-100.0
TNB,2017-07-05 07:00:00,-4.0,4.0,4.0,4.0,-100.0
TNB,2017-07-10 07:00:00,-4.06,4.17,4.0,4.0,-7800.0
TNB,2017-07-24 07:00:00,-3.83,4.06,3.83,4.06,-5100.0
TNB,2017-08-16 07:00:00,-3.19,3.19,3.19,3.19,-100.0
TNB,2017-09-15 07:00:00,-3.48,7.865766215253029,3.48,8.305365899575616,-1200.0
TNB,2018-03-28 07:00:00,-3.19,3.19,3.19,3.19,-100.0
TNB,2018-08-09 07:00:00,-2.49,2.49,2.49,2.49,-100.0
TNB,2019-11-07 07:00:00,-4.93,4.93,4.93,4.93,-100.0
TNB,2019-11-15 07:00:00,-5.06,5.06,4.99,4.99,-8300.0
TNB,2020-01-06 07:00:00,-6.82,6.82,6.41,6.41,-21700.0
TNB,2020-05-11 07:00:00,-8.17,8.17,8.17,8.17,-43.0
TNB,2021-01-12 07:00:00,-10.91,10.91,10.91,10.91,-3430.0
TNB,2021-04-19 07:00:00,-12.22,13.89,12.22,13.74,-4905.0
TNB,2022-04-26 07:00:00,-16.99,17.45,15.51,17.07,-15900.0
TNB,2023-01-19 07:00:00,-15.3,15.3,15.3,15.3,-100.0
TNB,2024-03-08 07:00:00,-13.5,13.5,13.5,13.5,-24.0
TNB,2024-10-28 07:00:00,-10.5,10.5,10.5,10.5,-2.0
TNB,2025-07-04 07:00:00,-8.5,8.5,8.5,8.5,-1800.0
TNC,2016-03-08 07:00:00,-6.03,6.03,5.85,5.91,-23880.0
TNC,2016-06-27 07:00:00,-5.32,5.32,5.2,5.2,-9660.0
TNC,2016-07-11 07:00:00,-5.56,5.56,5.5,5.5,-1510.0
TNC,2016-07-28 07:00:00,-5.49,5.55,5.49,5.55,-2010.0
TNC,2017-03-17 07:00:00,-8.3,8.3,7.86,8.23,-67510.0
TNC,2017-09-05 07:00:00,-7.81,7.94,7.74,7.74,-40.0
TNC,2017-09-22 07:00:00,-7.28,8.01,7.28,8.01,-1080.0
TNC,2017-10-11 07:00:00,-7.98,7.98,7.98,7.98,-80.0
TNC,2018-03-20 07:00:00,-8.68,8.68,8.01,8.68,-25610.0
TNC,2019-01-18 07:00:00,-9.32,9.32,9.32,9.32,-120.0
TNC,2019-05-31 07:00:00,-10.73,10.73,10.73,10.73,-1000.0
TNC,2021-10-22 07:00:00,-30.23,32.39,30.23,32.39,-3800.0
TNC,2022-04-06 07:00:00,-39.82,39.82,39.82,39.82,-100.0
TNC,2022-04-26 07:00:00,-41.59,41.59,41.59,41.59,-200.0
TNC,2022-05-13 07:00:00,-45.78,48.89,42.58,42.67,-10300.0
TNC,2025-01-22 07:00:00,-32.87,32.87,32.87,32.87,-700.0
TNP,2023-05-15 07:00:00,-16.68,16.68,16.68,16.68,-1600.0
TNS,2017-03-24 07:00:00,-2.21,2.21,2.21,2.21,-100.0
TNS,2017-11-08 07:00:00,-5.84,5.93,5.75,5.75,-32472.0
TNS,2018-03-29 07:00:00,-3.4,3.4,3.0,3.0,-1100.0
TNS,2018-04-19 07:00:00,-3.3,3.4,3.3,3.4,-3000.0
TNS,2018-06-14 07:00:00,-2.5,2.8,2.5,2.8,-4700.0
TNS,2018-11-23 07:00:00,-2.0,2.0,2.0,2.0,-3000.0
TNS,2019-03-04 07:00:00,-2.1,2.1,2.1,2.1,-100.0
TNS,2020-04-24 07:00:00,-3.0,3.0,3.0,3.0,-1000.0
TNS,2021-03-29 07:00:00,-4.9,5.1,4.8,5.0,-88302.0
TNS,2021-04-23 07:00:00,-6.0,6.0,5.3,5.7,-160600.0
TNS,2021-05-06 07:00:00,-5.5,5.7,5.2,35.67067107815467,-2239622.0
TNS,2021-06-17 07:00:00,-5.7,5.8,5.6,5.8,-44400.0
TNS,2021-06-21 07:00:00,-6.2,6.2,5.9,6.0,-100108.0
TNS,2021-07-13 07:00:00,-4.2,4.5,4.2,4.4,-15200.0
TNS,2021-09-24 07:00:00,-9.6,9.6,9.0,9.3,-314825.0
TNS,2022-09-15 07:00:00,-5.5,5.6,5.4,5.4,-36400.0
TNS,2023-03-10 07:00:00,-2.9,3.0,2.8,2.9,-4400.0
TNS,2023-05-19 07:00:00,-2.3,2.3,2.2,2.2,-96101.0
TNS,2025-02-07 07:00:00,-5.0,5.1,4.6,4.6,-204152.0
TNT,2015-12-09 07:00:00,-13.43,14.29,13.32,13.32,-220420.0
TNT,2015-12-21 07:00:00,-14.01,14.98,13.72,14.98,-295430.0
TNT,2016-04-25 07:00:00,-23.5,23.7,22.9,23.6,-493540.0
TNT,2016-05-30 07:00:00,-25.4,25.9,25.2,25.9,-643490.0
TNT,2016-12-09 07:00:00,-2.65,2.73,2.56,2.56,-1394200.0
TNT,2017-01-13 07:00:00,-2.18,2.19,2.12,2.16,-152970.0
TNT,2017-01-17 07:00:00,-2.13,2.13,2.0,2.0,-133480.0
TNT,2017-05-09 07:00:00,-2.56,2.73,2.56,2.67,-779750.0
TNT,2017-05-16 07:00:00,-2.81,2.97,2.8,2.85,-374390.0
TNT,2017-06-14 07:00:00,-3.91,4.19,3.65,3.65,-2145950.0
TNT,2017-07-11 07:00:00,-4.0,3.92,4.0,3.98,-360760.0
TNT,2017-08-03 07:00:00,-4.38,4.98,4.38,4.65,-634970.0
TNT,2017-12-06 07:00:00,-2.91,3.1,2.91,3.1,-233080.0
TNT,2017-12-13 07:00:00,-2.86,2.97,2.8,2.85,-104660.0
TNT,2018-05-15 07:00:00,-2.13,2.14,2.09,2.14,-54380.0
TNT,2018-07-02 07:00:00,-1.86,1.86,1.82,1.83,-9430.0
TNT,2019-01-08 07:00:00,-2.63,2.68,2.62,2.65,-23360.0
TNT,2019-07-25 07:00:00,-2.06,2.08,2.06,2.06,-15510.0
TNT,2019-09-04 07:00:00,-2.03,1.93,1.8,1.92,-39810.0
TNT,2019-10-03 07:00:00,-1.83,1.83,1.77,1.83,-2410.0
TNT,2019-10-31 07:00:00,-1.61,1.64,1.6,1.6,-59920.0
TNT,2020-05-06 07:00:00,-1.46,1.51,1.46,1.46,-46110.0
TNT,2020-05-15 07:00:00,-1.55,1.57,1.53,1.55,-84920.0
TNT,2020-06-03 07:00:00,-1.61,1.69,1.6,1.66,-326930.0
TNT,2021-04-27 07:00:00,-8.3,8.3,7.3,7.86,-216600.0
TNT,2021-12-16 07:00:00,-18.8,19.0,18.05,18.7,-468800.0
TNT,2022-02-14 07:00:00,-17.8,18.2,17.35,18.0,-415400.0
TNT,2022-06-28 07:00:00,-7.2,7.45,7.12,7.38,-551700.0
TNT,2023-01-09 07:00:00,-3.4,3.4,3.29,3.3,-110400.0
TNT,2023-02-27 07:00:00,-4.0,4.05,3.82,3.99,-238000.0
TNT,2023-05-05 07:00:00,-3.83,3.92,3.83,3.91,-104300.0
TNT,2023-05-17 07:00:00,-4.12,4.13,4.02,4.06,-235200.0
TNT,2023-05-18 07:00:00,-4.09,4.09,4.03,4.04,-145000.0
TNT,2023-05-31 07:00:00,-4.5,4.78,4.49,4.78,-374300.0
TNT,2023-12-12 07:00:00,-4.83,4.85,4.78,4.82,-246500.0
TNT,2023-12-25 07:00:00,-4.68,4.68,4.59,4.65,-144500.0
TNT,2024-04-15 07:00:00,-6.04,6.06,5.7,5.7,-1121700.0
TNT,2025-01-07 07:00:00,-4.27,4.3,4.2,4.28,-26300.0
TNT,2025-05-21 07:00:00,-4.66,4.72,4.61,4.71,-57300.0
TNT,2025-11-04 07:00:00,-7.88,8.2,7.88,8.1,-106700.0
TNT,2025-12-31 07:00:00,-8.15,8.69,8.15,8.66,-124900.0
TNT,2026-03-25 07:00:00,-8.18,8.76,8.18,8.2,-75300.0
TNT,2026-04-20 07:00:00,-10.4,11.05,10.1,11.05,-988000.0
TNV,2025-10-14 07:00:00,-10.2,10.2,10.1,10.1,-3600.0
TNV,2026-01-29 07:00:00,-21.5,22.4,20.5,113.4614897980054,-149600.0
TNW,2018-03-06 07:00:00,-6.8,6.8,6.8,6.8,-400.0
TNW,2022-01-04 07:00:00,-9.32,9.32,9.15,9.15,-300.0
TNW,2022-02-16 07:00:00,-8.63,8.72,8.63,8.63,-700.0
TNW,2022-07-15 07:00:00,-9.84,10.01,9.66,9.66,-3000.0
TNW,2024-02-27 07:00:00,-9.23,9.23,9.23,9.23,-600.0
TNW,2024-08-22 07:00:00,-9.14,9.14,9.04,9.04,-400.0
TNW,2025-02-20 07:00:00,-13.09,13.19,13.09,13.19,-1500.0
TNW,2025-07-31 07:00:00,-11.51,11.51,11.41,11.51,-2000.0
TOP,2016-02-19 07:00:00,-2.0,2.08,1.93,9.03405222346783,-8432000.0
TOP,2017-02-14 07:00:00,-1.8,1.98,1.63,1.89,-2005600.0
TOP,2017-06-28 07:00:00,-1.55,1.63,1.55,1.63,-187100.0
TOP,2018-04-03 07:00:00,-1.1,1.2,1.1,1.2,-36110.0
TOP,2018-08-06 07:00:00,-1.1,1.1,1.0,1.1,-19100.0
TOP,2018-10-15 07:00:00,-1.2,1.2,1.0,1.1,-287200.0
TOP,2019-03-04 07:00:00,-0.8,0.8,0.7,0.8,-50210.0
TOP,2019-04-03 07:00:00,-1.0,1.1,1.0,1.0,-2286200.0
TOP,2019-11-21 07:00:00,-0.8,0.8,0.7,0.7,-12900.0
TOP,2019-12-05 07:00:00,-0.7,0.7,0.7,0.8,-104000.0
TOP,2022-09-16 07:00:00,-2.3,2.4,2.3,2.3,-144500.0
TOP,2022-10-28 07:00:00,-1.7,1.7,1.5,1.7,-82900.0
TPB,2018-06-11 07:00:00,-6.4,6.4,6.25,6.31,-38710.0
TPB,2018-09-18 07:00:00,-5.78,5.78,5.66,5.78,-341310.0
TPB,2018-10-26 07:00:00,-5.46,5.54,5.46,5.51,-269600.0
TPB,2019-02-21 07:00:00,-6.0,6.01,5.89,5.9,-475180.0
TPB,2019-03-21 07:00:00,-6.04,6.04,5.93,6.0,-504960.0
TPB,2019-10-10 07:00:00,-6.37,6.37,6.3,6.35,-211140.0
TPB,2020-12-18 07:00:00,-8.29,8.63,8.15,8.62,-3473990.0
TPB,2021-01-04 07:00:00,-9.57,9.66,9.41,9.62,-3721100.0
TPB,2021-08-11 07:00:00,-12.53,12.98,12.39,12.8,-13559700.0
TPB,2022-11-23 07:00:00,-9.51,9.72,9.3,9.34,-2889500.0
TPB,2023-02-10 07:00:00,-11.33,11.45,11.0,11.0,-4093100.0
TPB,2023-07-24 07:00:00,-13.49,13.56,13.31,13.45,-7040500.0
TPB,2023-10-20 07:00:00,-11.61,11.94,11.61,11.9,-2685900.0
TPB,2024-05-28 07:00:00,-12.84,12.91,12.77,12.88,-4456600.0
TPB,2025-02-26 07:00:00,-15.19,15.19,15.02,15.06,-12927200.0
TPB,2025-11-28 07:00:00,-17.35,17.4,17.0,17.3,-3772500.0
TPB,2026-01-20 07:00:00,-17.4,17.8,17.4,17.45,-19291000.0
TPB,2026-04-29 07:00:00,-16.25,16.4,16.15,16.25,-4029500.0
TPP,2015-12-15 07:00:00,-9.03,7.99,7.94,7.99,-1000.0
TPP,2015-12-28 07:00:00,-9.35,9.36,8.03,9.36,-46060.0
TPP,2016-04-06 07:00:00,-12.46,11.87,10.95,11.87,-9600.0
TPP,2017-07-27 07:00:00,-12.98,12.98,12.98,12.98,-1000.0
TPP,2017-09-18 07:00:00,-11.56,11.56,11.56,11.56,-30.0
TPP,2018-04-24 07:00:00,-7.87,7.87,7.87,7.87,-110.0
TPP,2019-10-28 07:00:00,-8.03,8.28,8.03,8.28,-1200.0
TPP,2020-03-02 07:00:00,-8.45,8.45,8.45,8.45,-54.0
TPP,2022-03-28 07:00:00,-15.56,15.93,14.83,14.83,-31600.0
TPP,2022-04-28 07:00:00,-10.53,10.9,10.53,10.9,-7800.0
TPP,2022-06-14 07:00:00,-10.07,10.44,10.07,10.44,-9100.0
TPP,2023-06-01 07:00:00,-11.09,11.09,11.09,11.09,-28.0
TPP,2024-08-29 07:00:00,-9.74,9.74,9.74,9.74,-34.0
TPP,2025-02-17 07:00:00,-10.13,10.13,10.13,10.13,-13600.0
TQN,2024-10-31 07:00:00,-22.42,22.42,22.42,22.42,-100.0
TRC,2016-01-27 07:00:00,-11.19,11.19,11.19,101.31912040110092,-610.0
TRC,2016-03-29 07:00:00,-13.74,14.16,13.55,13.86,-50450.0
TRC,2016-09-05 07:00:00,-13.56,13.56,13.5,13.5,-8200.0
TRC,2017-10-03 07:00:00,-18.62,18.79,18.46,18.59,-94490.0
TRC,2017-10-06 07:00:00,-19.08,19.18,18.76,18.76,-34540.0
TRC,2017-10-20 07:00:00,-18.85,18.85,18.66,18.79,-22660.0
TRC,2017-10-31 07:00:00,-18.39,18.53,18.39,18.39,-9990.0
TRC,2017-11-10 07:00:00,-18.07,18.46,18.07,18.46,-16410.0
TRC,2018-10-19 07:00:00,-16.88,16.88,16.88,16.88,-20.0
TRC,2018-11-16 07:00:00,-16.37,17.42,16.26,16.37,-25320.0
TRC,2019-04-09 07:00:00,-19.88,20.34,19.88,20.19,-108400.0
TRC,2019-05-28 07:00:00,-20.8,21.57,20.65,21.57,-76070.0
TRC,2020-03-27 07:00:00,-19.18,20.29,19.18,20.29,-1620.0
TRC,2020-06-16 07:00:00,-24.74,25.15,24.12,24.12,-13680.0
TRC,2020-06-22 07:00:00,-25.11,25.28,24.41,25.15,-28450.0
TRC,2020-10-30 07:00:00,-31.24,31.24,31.24,31.24,-50.0
TRC,2022-10-18 07:00:00,-30.27,31.46,30.27,31.0,-4100.0
TRC,2023-11-21 07:00:00,-29.47,29.47,29.47,29.47,-2300.0
TRC,2024-10-17 07:00:00,-40.85,41.42,40.17,40.46,-55600.0
TRC,2025-09-25 07:00:00,-70.0,70.5,69.5,69.6,-17700.0
TRC,2026-04-20 07:00:00,-72.5,72.8,72.0,244.0264812113469,-1729000.0
TRS,2016-02-05 07:00:00,-14.44,14.44,14.44,14.44,-200.0
TRS,2016-06-06 07:00:00,-15.82,15.82,15.82,15.82,-100.0
TRS,2016-08-31 07:00:00,-14.61,14.61,13.41,13.41,-300.0
TRS,2017-05-16 07:00:00,-14.12,14.12,14.12,14.12,-2024.0
TRS,2018-10-26 07:00:00,-13.48,13.48,13.48,13.48,-100.0
TRS,2019-04-12 07:00:00,-13.67,13.67,13.67,13.67,-3200.0
TRS,2020-07-07 07:00:00,-14.27,14.27,14.27,14.27,-1000.0
TRS,2020-09-03 07:00:00,-17.19,17.81,17.19,17.81,-1200.0
TRS,2021-06-14 07:00:00,-21.37,22.32,21.37,22.32,-1120.0
TRS,2021-12-21 07:00:00,-18.33,18.33,17.57,17.57,-2500.0
TRS,2023-11-09 07:00:00,-15.36,15.36,15.36,15.36,-4.0
TRS,2024-11-18 07:00:00,-19.91,19.91,19.91,19.91,-100.0
TRV,2025-08-26 07:00:00,-15.6,14.842056074766354,14.326760563380281,16.0,-90800.0
TRV,2025-09-26 07:00:00,-15.0,15.1,14.9,15.1,-20100.0
TRV,2026-03-05 07:00:00,-14.2,14.3,13.7,14.0,-23300.0
TS3,2021-11-29 07:00:00,-11.0,11.0,11.0,11.0,-2500.0
TS3,2022-03-22 07:00:00,-8.6,8.8,8.6,8.6,-3300.0
TS3,2022-07-12 07:00:00,-5.7,5.7,5.7,5.7,-100.0
TS3,2023-04-12 07:00:00,-4.3,4.0,4.3,4.0,-600.0
TS3,2023-04-18 07:00:00,-4.0,4.0,4.0,4.0,-2200.0
TS3,2023-05-23 07:00:00,-4.0,4.0,4.0,4.0,-1400.0
TS3,2024-04-23 07:00:00,-5.5,5.9,5.5,5.9,-221400.0
TS3,2024-04-24 07:00:00,-6.7,6.7,6.0,6.7,-194952.0
TS3,2024-06-05 07:00:00,-7.7,7.7,6.9,7.3,-6100.0
TS3,2025-01-14 07:00:00,-5.5,5.5,5.5,5.5,-8300.0
TS3,2025-02-26 07:00:00,-5.5,5.8,5.5,5.8,-20923.0
TS3,2025-04-23 07:00:00,-5.7,5.7,5.6,5.7,-15700.0
TS3,2025-12-16 07:00:00,-5.8,5.8,5.8,5.8,-11000.0
TS3,2025-12-30 07:00:00,-6.0,6.0,5.9,6.0,-50000.0
TS3,2026-03-05 07:00:00,-5.9,5.9,5.9,5.9,-1900.0
TSG,2024-12-25 07:00:00,-18.7,18.7,18.7,18.7,-3.0
TST,2015-11-18 07:00:00,-4.61,4.98,4.61,4.98,-1200.0
TST,2016-06-09 07:00:00,-4.89,4.98,4.89,4.89,-8400.0
TST,2016-08-31 07:00:00,-5.82,5.82,5.07,21.93499597292662,-45600.0
TST,2017-02-16 07:00:00,-5.26,5.54,5.26,5.44,-1700.0
TST,2017-02-27 07:00:00,-5.26,5.26,4.69,4.88,-3800.0
TST,2018-03-01 07:00:00,-4.5,4.5,4.22,4.22,-8100.0
TST,2020-03-11 07:00:00,-6.88,6.88,6.88,6.88,-200.0
TST,2020-05-04 07:00:00,-6.98,6.98,6.98,6.98,-1500.0
TST,2020-07-01 07:00:00,-8.06,9.24,8.06,9.24,-200.0
TST,2020-09-25 07:00:00,-11.9,11.9,11.9,11.9,-6001.0
TST,2020-12-10 07:00:00,-12.4,14.5,12.4,14.5,-660.0
TST,2021-03-18 07:00:00,-9.5,10.7,9.5,10.7,-63000.0
TST,2021-06-24 07:00:00,-10.5,10.5,9.4,9.4,-200.0
TST,2021-11-08 07:00:00,-11.5,11.8,11.5,11.8,-6100.0
TST,2021-11-16 07:00:00,-13.0,13.0,12.0,13.0,-300.0
TST,2023-04-21 07:00:00,-6.8,6.8,6.8,6.8,-400.0
TST,2024-03-15 07:00:00,-4.0,4.0,4.0,4.0,-1000.0
TT6,2025-03-07 07:00:00,-6.2,6.2,6.02,6.02,-31700.0
TT6,2025-07-11 07:00:00,-5.57,5.57,5.48,5.48,-14500.0
TTC,2016-05-18 07:00:00,-8.68,8.98,8.68,8.76,-15200.0
TTC,2017-11-13 07:00:00,-8.6,8.6,8.47,8.47,-5100.0
TTC,2018-10-09 07:00:00,-8.72,8.96,8.37,8.96,-9900.0
TTC,2019-04-10 07:00:00,-6.96,7.07,6.96,7.07,-8100.0
TTC,2020-07-15 07:00:00,-6.72,6.72,6.72,6.72,-3.0
TTC,2021-01-04 07:00:00,-8.57,8.57,8.57,8.57,-2000.0
TTC,2021-01-12 07:00:00,-8.14,8.39,8.14,8.39,-3600.0
TTC,2021-01-27 07:00:00,-8.64,8.64,8.64,8.64,-200.0
TTC,2021-03-19 07:00:00,-9.92,9.92,9.45,9.45,-3300.0
TTC,2025-02-11 07:00:00,-8.17,8.17,7.83,7.83,-7401.0
TTC,2025-09-17 07:00:00,-7.29,7.47,7.29,7.47,-2400.0
TTF,2016-06-10 07:00:00,-39.4,39.9,39.4,39.7,-272620.0
TTF,2016-08-10 07:00:00,-13.1,13.1,13.1,13.1,-180.0
TTF,2016-10-04 07:00:00,-9.2,9.2,8.65,8.9,-1309900.0
TTF,2016-11-03 07:00:00,-7.13,7.13,7.13,7.13,-24240.0
TTF,2016-12-23 07:00:00,-6.0,6.3,6.0,6.26,-388980.0
TTF,2016-12-27 07:00:00,-6.0,6.1,5.9,6.0,-80740.0
TTF,2017-02-23 07:00:00,-7.14,7.14,6.8,7.06,-987180.0
TTF,2017-05-16 07:00:00,-9.0,9.1,8.71,8.71,-579630.0
TTF,2017-05-26 07:00:00,-8.36,8.5,8.3,8.36,-167310.0
TTF,2017-07-17 07:00:00,-7.39,7.4,7.0,7.25,-344910.0
TTF,2017-11-15 07:00:00,-6.81,6.9,6.73,6.88,-93810.0
TTF,2017-11-20 07:00:00,-7.0,7.2,6.8,6.88,-453180.0
TTF,2019-07-01 07:00:00,-3.4,3.44,3.39,3.39,-957020.0
TTF,2019-08-07 07:00:00,-2.99,3.0,2.9,2.95,-367980.0
TTF,2020-02-27 07:00:00,-2.75,2.84,2.75,2.82,-872850.0
TTF,2020-12-31 07:00:00,-6.22,6.38,6.11,56.58410014990244,-257451430.0
TTF,2021-02-05 07:00:00,-5.0,5.07,4.86,4.99,-3503300.0
TTF,2021-08-02 07:00:00,-7.05,7.3,7.01,7.16,-4225800.0
TTF,2022-03-24 07:00:00,-16.5,17.3,16.5,16.85,-6813800.0
TTF,2022-07-12 07:00:00,-8.4,8.66,8.21,8.4,-2616000.0
TTF,2022-07-19 07:00:00,-8.73,8.8,8.6,8.63,-1481800.0
TTF,2024-05-16 07:00:00,-3.99,4.02,3.99,4.0,-1208600.0
TTF,2024-12-09 07:00:00,-3.03,3.15,3.03,3.08,-1057300.0
TTF,2025-06-06 07:00:00,-2.56,2.56,2.52,2.52,-537100.0
TTF,2025-06-26 07:00:00,-2.69,2.69,2.6,2.62,-835300.0
TTF,2025-07-14 07:00:00,-2.99,3.08,2.94,3.01,-1593000.0
TTF,2025-08-14 07:00:00,-3.4,3.41,3.31,3.35,-2747500.0
TTF,2026-01-05 07:00:00,-3.15,3.15,3.0,3.06,-1442400.0
TTF,2026-03-24 07:00:00,-2.56,2.61,2.56,2.57,-458400.0
ZZZZZZ,2017-04-19 07:00:00,-3.72,3.72,3.72,3.72,-300.0
TTN,2017-07-25 07:00:00,-2.04,9.482742014742016,2.04,9.978599374357445,172853.78796844181
TTN,2017-11-15 07:00:00,-2.33,2.33,2.33,2.33,-2000.0
TTN,2018-03-02 07:00:00,-2.38,2.38,2.38,2.38,-27.0
TTN,2018-06-18 07:00:00,-2.98,2.98,2.98,2.98,-4000.0
TTN,2019-01-09 07:00:00,-3.58,3.58,3.58,3.58,-100.0
TTN,2019-05-07 07:00:00,-3.97,3.97,3.87,3.92,-5300.0
TTN,2019-09-16 07:00:00,-5.02,5.02,4.77,4.92,-47000.0
TTN,2020-04-09 07:00:00,-3.86,4.02,3.81,3.92,-74300.0
TTN,2020-06-22 07:00:00,-4.18,4.23,4.07,4.12,-20520.0
TTN,2020-06-25 07:00:00,-4.07,4.07,4.07,4.07,-7900.0
TTN,2020-07-16 07:00:00,-4.18,4.18,4.12,4.12,-12300.0
TTN,2020-10-13 07:00:00,-4.49,4.49,4.43,4.49,-24230.0
TTN,2022-06-13 07:00:00,-10.41,10.41,9.54,9.69,-33100.0
TTN,2022-07-18 07:00:00,-9.54,9.54,9.14,9.38,-19800.0
TTN,2023-08-25 07:00:00,-7.48,7.48,7.39,7.48,-39100.0
TTN,2023-10-17 07:00:00,-7.03,7.12,7.03,7.03,-89100.0
TTN,2024-01-18 07:00:00,-7.21,7.3,7.12,7.21,-45000.0
TTN,2024-05-09 07:00:00,-11.99,12.26,11.27,11.54,-328371.0
TTN,2024-10-24 07:00:00,-14.25,14.25,13.58,13.58,-198057.0
TTN,2024-11-04 07:00:00,-14.06,14.44,14.06,14.34,-181653.0
TTN,2025-02-14 07:00:00,-21.09,21.09,20.71,20.9,-215733.0
TTN,2025-02-28 07:00:00,-19.86,20.05,19.66,19.86,-151847.0
TTN,2025-03-12 07:00:00,-19.95,9.482742014742016,19.95,20.05,-300802.0
TTN,2025-04-28 07:00:00,-15.68,15.68,15.3,15.39,-79566.0
TTN,2026-03-23 07:00:00,-15.4,15.4,15.1,15.3,-103500.0
TTN,2026-04-03 07:00:00,-16.1,16.2,15.8,15.8,-7800.0
TTZ,2015-09-30 07:00:00,-5.54,5.72,5.54,5.72,-3800.0
TTZ,2016-01-29 07:00:00,-4.56,4.65,4.56,4.56,-33500.0
TTZ,2016-05-10 07:00:00,-4.74,4.74,4.47,4.65,-9600.0
TTZ,2017-02-14 07:00:00,-2.68,2.77,2.59,2.68,-64500.0
TTZ,2017-03-01 07:00:00,-2.68,2.68,2.59,2.59,-69500.0
TTZ,2017-05-11 07:00:00,-2.86,2.86,2.77,2.77,-24100.0
TTZ,2017-10-20 07:00:00,-2.95,2.95,2.77,2.77,-59300.0
TTZ,2017-12-19 07:00:00,-4.11,4.11,3.67,3.84,-30100.0
TTZ,2018-02-28 07:00:00,-4.5,4.59,4.5,4.59,-65500.0
TTZ,2018-06-05 07:00:00,-7.56,7.56,7.37,7.46,-47329.0
TTZ,2019-04-23 07:00:00,-7.5,7.5,7.5,7.5,-900.0
TTZ,2019-06-04 07:00:00,-8.0,8.0,7.5,7.9,-9010.0
TTZ,2019-06-05 07:00:00,-7.3,7.9,7.2,7.9,-1104.0
TTZ,2020-03-05 07:00:00,-2.4,2.5,2.2,11.332147423934895,-1589980.0
TTZ,2020-10-05 07:00:00,-4.6,4.7,4.1,4.4,-160320.0
TTZ,2020-12-21 07:00:00,-3.6,3.6,3.4,3.5,-7000.0
TTZ,2021-06-18 07:00:00,-3.1,3.2,3.1,3.2,-71400.0
TTZ,2022-05-16 07:00:00,-4.6,4.9,4.6,4.8,-16300.0
TTZ,2022-08-11 07:00:00,-4.1,4.1,3.8,3.8,-68500.0
TTZ,2022-10-10 07:00:00,-3.6,3.6,3.3,3.6,-2700.0
TV1,2016-01-14 07:00:00,-12.26,12.26,11.64,12.08,-6340.0
TV1,2016-09-21 07:00:00,-13.52,13.78,13.52,13.52,-860.0
TV1,2016-11-01 07:00:00,-14.78,15.3,14.78,15.3,-30410.0
TV1,2018-06-08 07:00:00,-12.35,12.4,11.63,11.63,-2010.0
TV1,2022-11-23 07:00:00,-10.3,10.3,10.3,10.3,-100.0
TV1,2023-09-28 07:00:00,-14.21,14.49,13.83,14.11,-16100.0
TV1,2024-01-08 07:00:00,-18.02,18.5,17.16,17.64,-35500.0
TV1,2024-05-21 07:00:00,-19.07,19.07,18.78,19.07,-500.0
TV1,2026-01-23 07:00:00,-25.6,25.7,25.0,25.6,-56200.0
TVN,2016-07-11 07:00:00,-6.25,6.25,5.88,5.88,-2200.0
TVN,2016-11-04 07:00:00,-5.07,5.25,5.07,5.25,-11000.0
TVN,2017-01-25 07:00:00,-6.25,6.25,6.25,6.25,-200.0
TVN,2017-05-25 07:00:00,-6.34,6.34,6.34,6.34,-10.0
TVN,2017-07-13 07:00:00,-6.97,6.97,6.97,6.97,-300.0
TVN,2018-05-24 07:00:00,-9.34,9.34,9.34,9.34,-100.0
TVN,2018-07-04 07:00:00,-9.05,8.96,9.15,9.15,-8100.0
TVN,2018-11-23 07:00:00,-8.58,8.58,8.29,8.29,-13300.0
TVN,2019-05-29 07:00:00,-7.62,7.72,7.62,7.62,-800.0
TVN,2020-05-11 07:00:00,-5.81,5.91,5.72,5.72,-3700.0
TVN,2020-10-29 07:00:00,-6.19,6.29,6.0,6.0,-199400.0
TVN,2021-06-21 07:00:00,-14.39,14.96,14.2,14.48,-1970008.0
TVN,2022-09-30 07:00:00,-7.24,7.43,6.77,7.24,-149600.0
TVN,2023-04-04 07:00:00,-4.95,5.05,4.86,5.05,-282700.0
TVN,2023-08-01 07:00:00,-7.15,7.34,7.05,7.05,-687703.0
TVN,2024-04-04 07:00:00,-6.2,8.427530759439966,6.1,8.811058870280482,-124110.0
TVN,2024-04-10 07:00:00,-6.1,6.2,6.0,6.1,-136718.0
TVN,2024-07-23 07:00:00,-9.3,9.5,8.4,8.5,-1565217.0
TVN,2024-10-21 07:00:00,-7.9,8.0,7.6,7.7,-485583.0
TVN,2024-12-19 07:00:00,-7.8,7.8,7.5,7.7,-274588.0
TVN,2025-10-02 07:00:00,-8.2,8.3,8.1,8.1,-141700.0
TVN,2026-01-12 07:00:00,-7.9,8.5,7.8,8.5,-2034300.0
TXM,2016-03-10 07:00:00,-9.29,9.29,8.85,9.29,-200.0
TXM,2016-06-02 07:00:00,-6.02,6.55,6.02,6.46,-1700.0
TXM,2016-09-26 07:00:00,-5.49,5.66,5.31,5.31,-300.0
TXM,2017-04-13 07:00:00,-9.03,9.03,7.7,8.76,-800.0
TXM,2018-03-08 07:00:00,-9.33,9.33,8.95,8.95,-200.0
TXM,2018-11-22 07:00:00,-8.8,9.68,8.8,9.68,-200.0
TXM,2019-01-15 07:00:00,-8.41,8.41,8.41,8.41,-100.0
TXM,2019-04-09 07:00:00,-8.41,9.19,8.41,9.09,-300.0
TXM,2019-04-10 07:00:00,-8.21,9.09,8.21,9.0,-300.0
TXM,2019-10-09 07:00:00,-2.44,2.44,2.44,2.44,-200.0
TXM,2020-05-15 07:00:00,-2.64,2.64,2.64,2.64,-1100.0
TXM,2020-05-26 07:00:00,-2.54,2.74,2.54,2.74,-25100.0
TXM,2021-03-15 07:00:00,-4.8,5.0,4.8,4.9,-5200.0
TXM,2021-12-01 07:00:00,-9.6,9.8,8.8,9.0,-81309.0
TXM,2022-02-16 07:00:00,-7.3,7.3,7.1,7.3,-2600.0
TXM,2022-08-04 07:00:00,-5.0,5.2,5.0,5.2,-4800.0
TXM,2023-09-05 07:00:00,-3.7,3.9,3.7,3.9,-14600.0
TXM,2026-03-19 07:00:00,-4.8,4.8,4.8,4.8,-200.0
UDC,2016-01-15 07:00:00,-3.34,3.34,3.34,3.34,-11570.0
UDC,2016-10-11 07:00:00,-2.38,2.45,2.37,2.45,-4120.0
UDC,2017-04-25 07:00:00,-3.39,3.5,3.37,3.37,-10030.0
UDC,2017-11-22 07:00:00,-3.63,3.77,3.63,3.65,-33000.0
UDC,2017-12-25 07:00:00,-3.63,3.67,3.63,3.67,-1010.0
UDC,2018-01-10 07:00:00,-3.63,3.72,3.63,3.67,-35580.0
UDC,2018-03-15 07:00:00,-3.58,3.58,3.43,3.58,-2160.0
UDC,2019-07-18 07:00:00,-4.61,4.8,4.61,4.8,-3120.0
UDC,2019-11-26 07:00:00,-4.31,4.6,4.31,4.6,-1480.0
UDC,2019-12-24 07:00:00,-5.0,5.0,4.37,4.37,-140.0
UDC,2020-04-20 07:00:00,-2.75,2.8,2.75,2.8,-2020.0
UDC,2021-03-09 07:00:00,-7.8,7.8,7.26,7.6,-76100.0
UDC,2021-05-27 07:00:00,-6.0,6.24,5.9,5.9,-20400.0
UDC,2022-04-14 07:00:00,-13.4,13.6,12.6,13.25,-61300.0
UDC,2022-07-27 07:00:00,-8.17,8.18,8.0,8.18,-29400.0
UDC,2023-03-03 07:00:00,-4.48,4.49,4.33,4.48,-11800.0
UDC,2023-08-02 07:00:00,-5.5,5.5,5.1,5.4,-18800.0
UDC,2023-09-27 07:00:00,-4.4,4.6,4.3,4.6,-43713.0
UDC,2024-04-04 07:00:00,-3.5,3.5,3.3,3.5,-27935.0
UDC,2024-04-22 07:00:00,-3.3,3.3,3.0,3.2,-11600.0
UDC,2024-06-24 07:00:00,-4.0,4.1,3.8,4.0,-87600.0
UDC,2024-06-25 07:00:00,-4.0,4.1,3.8,4.0,-28700.0
UDC,2025-10-22 07:00:00,-3.8,3.8,3.6,3.8,-9500.0
UDC,2026-04-13 07:00:00,-3.3,3.3,3.0,3.1,-39100.0
UEM,2023-09-15 07:00:00,-7.65,7.65,7.65,7.65,-500.0
UIC,2016-01-07 07:00:00,-10.9,10.9,10.74,10.74,-11180.0
UIC,2016-02-19 07:00:00,-10.68,10.74,10.68,10.74,-14640.0
UIC,2016-05-17 07:00:00,-11.97,12.13,11.97,12.13,-12310.0
UIC,2016-11-30 07:00:00,-16.9,17.13,16.85,17.13,-20400.0
UIC,2017-05-22 07:00:00,-20.19,20.19,20.07,20.07,-2470.0
UIC,2017-09-27 07:00:00,-22.03,22.03,21.72,21.91,-3470.0
UIC,2017-10-04 07:00:00,-22.88,22.88,21.91,22.52,-4530.0
UIC,2017-11-17 07:00:00,-21.54,21.54,20.53,20.8,-4770.0
UIC,2018-02-05 07:00:00,-18.48,19.15,17.99,19.12,-2810.0
UIC,2019-05-15 07:00:00,-26.32,26.32,26.32,26.32,-40.0
UIC,2019-06-11 07:00:00,-26.12,26.88,26.12,26.12,-270.0
UIC,2019-07-08 07:00:00,-26.09,26.12,26.09,26.12,-570.0
UIC,2019-08-16 07:00:00,-26.5,27.03,25.74,27.03,-1380.0
UIC,2019-09-05 07:00:00,-31.42,31.42,30.29,31.05,-550.0
UIC,2019-09-24 07:00:00,-29.15,29.53,29.08,29.53,-400.0
UIC,2019-09-25 07:00:00,-29.46,29.53,28.13,29.53,-670.0
UIC,2019-12-10 07:00:00,-28.7,28.7,28.7,28.7,-60.0
UIC,2020-11-16 07:00:00,-36.6,37.53,36.34,37.35,-1530.0
UIC,2020-12-29 07:00:00,-42.56,42.56,41.64,41.64,-8300.0
UIC,2021-12-07 07:00:00,-56.75,59.4,56.75,58.08,-32600.0
UIC,2022-06-10 07:00:00,-48.0,50.4,48.0,50.4,-2100.0
UIC,2022-07-11 07:00:00,-43.8,44.0,43.5,44.0,-2400.0
UIC,2022-12-23 07:00:00,-36.7,37.5,36.0,36.95,-2800.0
UIC,2024-04-03 07:00:00,-39.0,40.25,39.0,40.25,-33800.0
UIC,2024-09-05 07:00:00,-37.7,37.7,37.7,37.7,-1000.0
UIC,2025-03-03 07:00:00,-49.25,48.7,49.25,49.25,-1000.0
UIC,2025-03-18 07:00:00,-43.5,46.45,43.5,46.45,-700.0
UIC,2025-06-02 07:00:00,-38.1,38.1,38.0,38.05,-2500.0
UIC,2025-07-03 07:00:00,-39.0,39.35,39.0,39.05,-900.0
UIC,2025-10-14 07:00:00,-47.0,47.5,47.0,47.5,-7000.0
UNI,2015-11-17 07:00:00,-10.5,9.74,9.46,9.65,-2400.0
UNI,2016-02-02 07:00:00,-9.8,9.09,9.09,9.09,-100.0
UNI,2016-02-16 07:00:00,-9.4,9.18,8.72,9.18,-300.0
UNI,2016-04-28 07:00:00,-8.52,8.53,7.7,8.07,-8400.0
UNI,2016-09-14 07:00:00,-6.9,8.886681053085887,6.9,9.292903536947584,-11200.0
UNI,2016-11-15 07:00:00,-4.0,4.2,3.9,4.1,-33650.0
UNI,2017-03-14 07:00:00,-3.7,3.7,3.6,3.6,-1687.0
UNI,2017-05-17 07:00:00,-4.0,4.2,4.0,4.2,-12044.0
UNI,2018-06-26 07:00:00,-9.3,9.4,9.3,9.4,-1660.0
UNI,2019-01-22 07:00:00,-8.9,8.9,8.2,8.3,-8701.0
UNI,2019-01-28 07:00:00,-8.2,7.9,8.4,83.93107974842192,-522900.0
UNI,2019-10-17 07:00:00,-5.4,5.8,5.4,5.8,-310.0
UNI,2020-02-21 07:00:00,-3.4,3.5,3.2,3.4,-3100.0
UNI,2020-09-08 07:00:00,-4.8,4.8,4.8,4.8,-60.0
UNI,2020-09-14 07:00:00,-4.6,5.0,4.5,5.0,-6700.0
UNI,2021-07-20 07:00:00,-13.6,13.6,13.6,13.6,-200.0
UNI,2021-11-03 07:00:00,-13.3,13.3,13.3,13.3,-100.0
UNI,2021-11-09 07:00:00,-13.0,13.0,13.0,13.0,-7400.0
UNI,2022-12-21 07:00:00,-9.2,9.2,9.2,9.2,-1100.0
UNI,2023-01-03 07:00:00,-9.4,9.6,9.4,9.6,-400.0
UNI,2024-02-26 07:00:00,-7.3,7.5,7.2,7.3,-9200.0
UNI,2024-08-30 07:00:00,-7.7,7.8,7.5,7.8,-21900.0
UNI,2024-12-05 07:00:00,-6.7,6.8,6.7,6.8,-2807.0
UNI,2025-08-15 07:00:00,-10.0,10.0,10.0,10.0,-3000.0
UPH,2017-10-03 07:00:00,-24.33,24.33,24.33,24.33,-550.0
UPH,2021-09-15 07:00:00,-13.9,14.5,13.9,14.5,-400.0
UPH,2021-12-01 07:00:00,-13.1,13.1,13.1,13.1,-100.0
UPH,2022-03-04 07:00:00,-11.4,11.4,11.4,11.4,-500.0
UPH,2022-07-01 07:00:00,-9.4,9.4,9.4,9.4,-600.0
UPH,2023-03-01 07:00:00,-11.6,11.6,11.6,11.6,-1.0
UPH,2025-03-17 07:00:00,-9.9,9.9,9.9,9.9,-50.0
UPH,2025-05-29 07:00:00,-8.6,9.8,8.6,9.5,-1200.0
VBB,2020-08-19 07:00:00,-7.67,7.73,7.56,7.73,-5300.0
VBB,2020-12-04 07:00:00,-6.63,6.63,6.63,6.63,-3400.0
VBB,2020-12-29 07:00:00,-7.21,7.27,7.15,7.15,-10000.0
VBB,2021-03-03 07:00:00,-7.73,7.73,7.27,7.27,-20700.0
VBB,2021-04-26 07:00:00,-8.14,8.14,7.73,7.73,-27720.0
VBB,2021-06-11 07:00:00,-14.57,14.57,12.92,13.51,-93797.0
VBB,2021-08-17 07:00:00,-12.25,12.72,12.19,12.25,-99278.0
VBB,2022-03-11 07:00:00,-11.13,11.26,10.99,11.26,-35312.0
VBB,2022-08-31 07:00:00,-7.15,7.15,7.09,7.09,-2101.0
VBB,2022-09-05 07:00:00,-7.15,7.15,6.89,6.95,-4302.0
VBB,2023-03-10 07:00:00,-7.22,7.22,6.95,7.22,-9284.0
VBB,2023-07-12 07:00:00,-7.02,7.02,6.95,7.02,-5731.0
VBB,2023-11-17 07:00:00,-6.56,6.62,6.56,6.56,-9475.0
VBB,2024-04-08 07:00:00,-6.66,6.66,6.66,6.66,-229.0
VBB,2024-04-12 07:00:00,-6.73,6.73,6.66,6.73,-11833.0
VBB,2024-08-12 07:00:00,-6.66,6.66,6.53,6.53,-1411.0
VBB,2025-04-28 07:00:00,-8.03,8.03,7.94,7.94,-3819.0
VBB,2026-02-11 07:00:00,-10.4,10.5,10.3,10.5,-38100.0
VC6,2015-10-13 07:00:00,-3.04,2.98,2.98,2.98,-5300.0
VC6,2016-01-20 07:00:00,-2.29,2.65,2.24,2.24,-200.0
VC6,2016-10-24 07:00:00,-3.08,3.08,3.08,16.494564540603932,-170000.0
VC6,2017-08-23 07:00:00,-3.33,3.33,3.33,3.33,-7000.0
VC6,2017-09-26 07:00:00,-3.33,3.33,3.33,3.33,-200.0
VC6,2017-11-29 07:00:00,-2.99,2.99,2.99,2.99,-1000.0
VC6,2019-05-06 07:00:00,-4.68,4.89,4.63,4.89,-6100.0
VC6,2019-05-15 07:00:00,-4.63,4.84,4.63,4.84,-200.0
VC6,2019-12-17 07:00:00,-3.97,4.33,3.97,4.22,-3300.0
VC6,2020-12-22 07:00:00,-4.47,4.47,4.47,4.47,-3000.0
VC6,2021-06-01 07:00:00,-5.51,5.51,5.51,5.51,-4000.0
VC6,2021-11-24 07:00:00,-6.92,7.71,6.92,6.98,-1800.0
VC6,2022-11-23 07:00:00,-4.6,5.07,4.4,5.07,-2100.0
VC6,2024-09-16 07:00:00,-19.56,21.39,19.56,21.39,-2900.0
VC6,2025-02-18 07:00:00,-20.34,20.34,20.34,20.34,-150.0
VC6,2025-11-27 07:00:00,-25.0,25.0,25.0,25.0,-1000.0
VCA,2016-07-15 07:00:00,-3.83,3.83,3.83,3.83,-3200.0
VCA,2017-02-03 07:00:00,-3.46,3.46,3.27,3.27,-5000.0
VCA,2017-04-12 07:00:00,-4.06,4.06,4.02,31.35743363013946,-1201200.0
VCA,2017-07-18 07:00:00,-4.91,5.48,4.91,5.48,-600.0
VCA,2018-01-05 07:00:00,-5.86,5.86,5.81,5.81,-10400.0
VCA,2018-10-23 07:00:00,-7.24,7.24,7.13,7.13,-1500.0
VCA,2019-08-05 07:00:00,-7.44,7.44,7.44,7.44,-600.0
VCA,2020-11-20 07:00:00,-8.34,8.34,8.26,8.26,-2600.0
VCA,2021-01-08 07:00:00,-10.17,10.33,9.77,10.17,-97300.0
VCA,2021-03-25 07:00:00,-11.95,12.31,11.68,11.87,-13200.0
VCA,2021-06-24 07:00:00,-11.59,11.59,11.55,11.55,-6300.0
VCA,2021-08-11 07:00:00,-11.93,12.66,11.93,12.66,-133600.0
VCA,2021-10-12 07:00:00,-16.45,16.66,16.02,16.45,-245600.0
VCA,2022-04-12 07:00:00,-17.3,18.24,17.3,17.6,-126300.0
VCA,2022-04-25 07:00:00,-17.26,17.34,16.62,17.13,-105500.0
VCA,2022-09-22 07:00:00,-14.0,14.8,14.0,14.8,-4600.0
VCA,2022-11-01 07:00:00,-10.2,10.2,10.2,10.2,-200.0
VCA,2023-04-24 07:00:00,-9.3,9.33,9.26,9.33,-3400.0
VCA,2024-03-08 07:00:00,-9.49,9.5,9.45,9.5,-9900.0
VCA,2024-10-08 07:00:00,-9.11,9.11,8.75,8.75,-500.0
VCA,2025-09-08 07:00:00,-10.05,10.1,9.82,9.82,-9500.0
VCA,2025-12-30 07:00:00,-8.16,8.47,8.16,8.18,-9700.0
VCA,2026-01-28 07:00:00,-8.05,8.05,8.0,8.0,-3700.0
VCC,2015-11-03 07:00:00,-6.61,5.98,5.94,5.98,-1600.0
VCC,2016-06-30 07:00:00,-8.97,9.1,8.63,9.1,-212940.0
VCC,2016-07-01 07:00:00,-9.1,9.18,8.63,9.1,-57450.0
VCC,2017-01-19 07:00:00,-6.38,6.38,6.38,6.38,-1000.0
VCC,2017-03-02 07:00:00,-7.16,7.27,7.16,7.27,-10100.0
VCC,2017-10-18 07:00:00,-7.43,7.43,7.31,7.31,-7200.0
VCC,2017-11-21 07:00:00,-7.13,7.43,7.13,7.43,-57500.0
VCC,2018-03-28 07:00:00,-7.01,7.49,7.01,7.43,-12500.0
VCC,2020-03-11 07:00:00,-6.83,6.83,6.83,6.83,-8400.0
VCC,2020-04-16 07:00:00,-6.83,6.83,6.83,6.83,-100.0
VCC,2021-08-17 07:00:00,-10.99,11.7,10.91,11.15,-27201.0
VCC,2022-01-06 07:00:00,-26.75,29.86,26.36,29.62,-170585.0
VCC,2022-02-22 07:00:00,-25.56,25.56,24.68,25.48,-2000.0
VCC,2022-04-18 07:00:00,-21.42,21.5,19.91,21.5,-28200.0
VCC,2023-11-28 07:00:00,-14.19,15.75,14.0,14.49,-13700.0
VCC,2024-08-20 07:00:00,-9.8,9.9,9.6,9.8,-13600.0
VCC,2024-11-18 07:00:00,-9.5,9.6,9.0,9.6,-4200.0
VCC,2024-12-04 07:00:00,-9.5,9.7,9.5,9.7,-2200.0
VCC,2025-11-12 07:00:00,-9.0,9.5,9.0,9.3,-10400.0
VCC,2026-03-30 07:00:00,-10.2,10.6,10.2,10.4,-9600.0
VCG,2016-03-24 07:00:00,-5.11,5.11,5.11,5.11,-836855.0
VCG,2016-03-25 07:00:00,-5.06,5.11,5.01,5.01,-660450.0
VCG,2016-06-14 07:00:00,-6.67,6.67,6.42,6.47,-1052510.0
VCG,2017-01-19 07:00:00,-7.04,7.09,6.89,6.99,-584322.0
VCG,2017-06-13 07:00:00,-8.63,9.56,8.63,9.56,-989763.0
VCG,2017-07-13 07:00:00,-10.75,10.96,10.69,10.8,-1306300.0
VCG,2017-09-06 07:00:00,-12.62,12.62,11.23,11.23,-3803915.0
VCG,2017-11-06 07:00:00,-11.55,11.6,11.44,11.55,-1167916.0
VCG,2017-11-30 07:00:00,-15.4,15.5,15.02,15.24,-1903710.0
VCG,2018-02-13 07:00:00,-12.66,12.94,12.66,62.37872959804893,-98283696.0
VCG,2018-05-09 07:00:00,-10.1,10.16,9.94,9.99,-537635.0
VCG,2018-05-15 07:00:00,-10.1,10.72,10.1,10.55,-1125230.0
VCG,2018-05-22 07:00:00,-9.72,9.83,9.27,9.33,-681640.0
VCG,2018-08-08 07:00:00,-9.62,9.85,9.56,9.68,-410166.0
VCG,2018-10-18 07:00:00,-10.65,10.76,10.53,10.7,-632261.0
VCG,2019-06-06 07:00:00,-15.71,15.83,15.53,15.53,-287000.0
VCG,2020-07-14 07:00:00,-16.54,16.78,15.94,16.06,-56036.0
VCG,2020-12-11 07:00:00,-24.19,24.42,24.07,24.19,-120236.0
VCG,2021-10-18 07:00:00,-25.4,25.59,25.21,25.34,-343700.0
VCG,2021-12-27 07:00:00,-33.41,34.29,32.46,34.04,-10140300.0
VCG,2022-01-27 07:00:00,-27.04,27.1,25.28,26.16,-9810000.0
VCG,2022-02-15 07:00:00,-27.1,27.48,26.91,27.39,-3131700.0
VCG,2022-04-01 07:00:00,-26.98,27.48,26.73,27.26,-2594700.0
VCG,2022-05-23 07:00:00,-17.65,17.71,16.64,17.33,-3355300.0
VCG,2022-06-09 07:00:00,-17.0,17.43,17.0,17.14,-2285400.0
VCG,2022-06-29 07:00:00,-13.28,13.45,13.08,13.41,-3378900.0
VCG,2022-12-08 07:00:00,-11.96,12.61,11.85,12.25,-8366200.0
VCG,2023-03-31 07:00:00,-14.9,14.97,14.46,14.75,-9515400.0
VCG,2023-07-07 07:00:00,-16.92,17.8,16.92,17.68,-18830100.0
VCG,2023-09-22 07:00:00,-21.15,21.43,20.15,20.27,-14881400.0
VCG,2025-04-21 07:00:00,-19.56,20.27,19.56,19.65,-14208100.0
VCG,2025-06-10 07:00:00,-19.76,20.13,19.76,19.85,-9075100.0
VCG,2025-12-30 07:00:00,-22.9,23.15,22.8,22.85,-3659200.0
VCG,2026-01-23 07:00:00,-23.15,23.4,22.7,22.8,-4409700.0
VCG,2026-02-26 07:00:00,-19.5,19.55,19.15,19.3,-6064100.0
VCG,2026-03-16 07:00:00,-24.0,24.5,22.95,23.6,-18812700.0
VCG,2026-04-15 07:00:00,-23.0,23.15,22.3,22.4,-11555700.0
VCI,2018-07-30 07:00:00,-9.52,9.71,9.35,9.69,-121450.0
VCI,2018-08-13 07:00:00,-9.61,10.03,9.61,10.03,-210370.0
VCI,2018-09-14 07:00:00,-10.32,10.54,10.32,10.46,-306240.0
VCI,2019-07-12 07:00:00,-5.75,5.96,5.73,5.89,-207920.0
VCI,2019-07-19 07:00:00,-6.07,6.07,5.84,6.0,-46520.0
VCI,2020-01-15 07:00:00,-5.04,5.28,5.04,5.13,-1050.0
VCI,2021-07-09 07:00:00,-21.3,22.45,21.14,21.82,-2738000.0
VCI,2021-07-26 07:00:00,-18.43,18.72,17.85,18.25,-4380200.0
VCI,2021-07-27 07:00:00,-18.64,19.02,18.49,18.84,-3575500.0
VCI,2022-07-28 07:00:00,-15.73,16.13,15.67,15.69,-5701300.0
VCI,2023-02-27 07:00:00,-13.95,14.11,13.62,13.62,-3597800.0
VCI,2024-06-28 07:00:00,-25.23,25.86,25.2,25.31,-3801000.0
VCI,2024-09-09 07:00:00,-25.17,25.2,24.81,24.84,-2501200.0
VCK,2026-01-16 07:00:00,-29.35,29.38,28.88,29.04,-3000100.0
VCK,2026-02-12 07:00:00,-29.04,29.04,28.54,28.98,-2232400.0
VCM,2016-01-22 07:00:00,-4.94,4.68,4.18,4.18,-17100.0
VCM,2016-08-31 07:00:00,-5.23,5.23,5.23,5.23,-200.0
VCM,2018-09-24 07:00:00,-7.01,7.01,7.01,7.01,-100.0
VCM,2021-10-20 07:00:00,-7.78,7.78,7.36,7.4,-3100.0
VCM,2022-11-02 07:00:00,-9.85,9.85,9.85,9.85,-100.0
VCM,2025-06-13 07:00:00,-7.2,7.9,7.2,7.9,-5100.0
VCM,2025-12-23 07:00:00,-9.2,9.2,9.2,9.2,-100.0
VCM,2026-01-16 07:00:00,-9.4,9.4,9.3,9.3,-1100.0
VCP,2017-08-02 07:00:00,-9.29,9.39,9.29,9.34,-23200.0
VCP,2017-10-02 07:00:00,-10.37,10.37,10.33,10.33,-3000.0
VCP,2017-10-17 07:00:00,-10.56,10.56,10.47,10.47,-2000.0
VCP,2018-01-18 07:00:00,-12.32,12.37,12.32,12.37,-6600.0
VCP,2018-03-07 07:00:00,-14.46,14.66,14.46,14.66,-7636.0
VCP,2018-07-18 07:00:00,-17.88,17.88,17.88,17.88,-500.0
VCP,2019-06-14 07:00:00,-25.18,25.18,25.18,25.18,-3073.0
VCP,2020-05-29 07:00:00,-30.85,33.17,30.85,33.17,-10300.0
VCP,2020-10-19 07:00:00,-31.91,32.04,31.18,31.84,-85600.0
VCP,2021-04-12 07:00:00,-30.85,30.85,30.52,30.85,-7600.0
VCP,2021-06-10 07:00:00,-30.24,31.91,30.24,31.91,-3600.0
VCP,2021-09-16 07:00:00,-27.17,27.17,27.17,27.17,-200.0
VCP,2021-09-20 07:00:00,-27.17,27.44,27.17,27.44,-1500.0
VCP,2021-10-15 07:00:00,-27.79,27.88,27.61,27.61,-6652.0
VCP,2021-11-08 07:00:00,-27.96,27.96,27.7,27.7,-2300.0
VCP,2022-03-25 07:00:00,-25.71,25.71,25.52,25.52,-1200.0
VCP,2023-01-16 07:00:00,-22.09,22.09,22.09,22.09,-800.0
VCP,2024-04-25 07:00:00,-19.45,19.55,19.36,19.45,-6100.0
VCP,2024-08-27 07:00:00,-22.29,22.39,22.0,22.39,-11746.0
VCP,2024-09-23 07:00:00,-22.29,22.29,21.51,21.9,-18800.0
VCP,2024-12-17 07:00:00,-26.2,26.69,25.71,26.49,-52468.0
VCP,2024-12-24 07:00:00,-27.67,27.67,26.79,27.37,-11417.0
VCP,2025-01-02 07:00:00,-26.98,26.98,26.2,26.3,-29300.0
VCP,2025-04-04 07:00:00,-20.92,23.66,23.09821836228288,25.506022584795872,-26581.0
VDS,2016-01-27 07:00:00,-3.02,3.02,3.02,3.02,-17900.0
VDS,2016-05-10 07:00:00,-2.98,2.98,2.98,2.98,-3120.0
VDS,2016-12-30 07:00:00,-3.17,3.17,3.17,3.17,-21600.0
VDS,2017-07-21 07:00:00,-4.71,4.91,4.63,4.63,-15160.0
VDS,2017-07-31 07:00:00,-4.2,4.32,4.2,4.32,-17130.0
VDS,2018-03-07 07:00:00,-5.54,5.7,5.48,5.5,-312250.0
VDS,2019-07-02 07:00:00,-3.68,3.68,3.67,3.67,-700.0
VDS,2019-08-28 07:00:00,-3.81,3.9,3.81,3.86,-9490.0
VDS,2019-10-23 07:00:00,-3.76,9.400642424242424,9.110941649899395,9.94811039115907,-90.0
VDS,2020-09-29 07:00:00,-3.37,3.46,3.37,3.37,-10260.0
VDS,2021-06-04 07:00:00,-11.7,11.9,11.4,11.47,-1610800.0
VDS,2021-09-24 07:00:00,-18.03,18.03,17.6,17.6,-642600.0
VDS,2021-12-10 07:00:00,-18.56,18.88,18.37,18.61,-467200.0
VDS,2022-01-20 07:00:00,-18.0,18.4,17.74,18.08,-160200.0
VDS,2022-10-12 07:00:00,-7.06,7.54,6.57,7.34,-180300.0
VDS,2023-05-05 07:00:00,-8.48,8.28,8.65,8.32,-1284100.0
VDS,2023-07-11 07:00:00,-12.23,12.68,12.15,12.56,-1196100.0
VDS,2023-07-12 07:00:00,-12.6,12.64,12.27,12.48,-576700.0
VDS,2023-08-07 07:00:00,-12.64,13.25,12.56,13.25,-2656000.0
VDS,2024-03-29 07:00:00,-18.47,18.6,18.31,18.47,-1522000.0
VDS,2024-07-26 07:00:00,-19.49,19.49,18.81,19.36,-1070200.0
VDS,2024-08-08 07:00:00,-17.72,18.04,17.54,17.81,-1375500.0
VDS,2024-10-28 07:00:00,-18.08,17.99,18.36,18.22,-986400.0
VDS,2024-11-07 07:00:00,-18.45,18.45,18.04,18.08,-807300.0
VDS,2025-01-03 07:00:00,-18.45,18.63,17.81,18.08,-2873100.0
VDS,2025-05-21 07:00:00,-13.63,13.63,13.27,13.36,-1287900.0
VDS,2025-06-23 07:00:00,-14.0,14.1,13.8,14.0,-1135400.0
VDS,2025-09-10 07:00:00,-23.35,23.35,21.9,22.1,-4957700.0
VDS,2026-02-25 07:00:00,-18.25,18.65,18.1,18.35,-1782500.0
VDS,2026-04-20 07:00:00,-14.95,15.1,14.8,15.0,-492800.0
VE8,2016-06-02 07:00:00,-9.31,9.56,9.17,9.56,-10300.0
VE8,2017-04-03 07:00:00,-11.29,12.0,11.29,12.0,-500.0
VE8,2017-04-19 07:00:00,-10.67,10.76,10.67,104.02510005648236,-734700.0
VE8,2017-04-24 07:00:00,-10.93,10.93,10.93,10.93,-200.0
VE8,2019-08-02 07:00:00,-9.0,9.0,9.0,9.0,-100.0
VE8,2022-03-03 07:00:00,-9.2,9.2,9.0,9.2,-15600.0
VE8,2023-03-14 07:00:00,-5.1,5.1,5.1,5.1,-400.0
VE8,2023-04-18 07:00:00,-4.4,4.4,4.4,4.4,-100.0
VE8,2023-10-16 07:00:00,-4.5,4.5,4.2,4.3,-15300.0
VE8,2025-04-08 07:00:00,-4.1,4.1,3.8,3.8,-16800.0
VE9,2016-09-27 07:00:00,-3.58,3.58,3.29,3.29,-300.0
VE9,2016-09-29 07:00:00,-3.48,3.73,3.48,3.73,-3800.0
VE9,2016-11-10 07:00:00,-3.19,3.19,3.19,3.19,-2500.0
VE9,2017-12-01 07:00:00,-4.15,4.25,4.15,4.25,-43400.0
VE9,2018-10-18 07:00:00,-3.51,3.51,3.51,3.51,-600.0
VE9,2019-07-16 07:00:00,-1.75,1.85,1.75,1.85,-28200.0
VE9,2020-03-12 07:00:00,-1.2,1.29,1.2,1.29,-11800.0
VE9,2020-04-22 07:00:00,-1.11,1.2,1.11,1.2,-85506.0
VE9,2020-08-03 07:00:00,-1.11,1.2,1.11,1.2,-1100.0
VE9,2021-06-15 07:00:00,-3.2,3.4,3.2,3.4,-9852.0
VE9,2022-06-14 07:00:00,-3.3,3.4,2.9,3.3,-18600.0
VE9,2023-03-24 07:00:00,-1.6,1.6,1.6,1.6,-2100.0
VE9,2024-01-11 07:00:00,-2.1,2.1,2.1,2.1,-1105.0
VE9,2024-02-06 07:00:00,-2.1,2.1,2.0,2.1,-12200.0
VE9,2024-03-06 07:00:00,-2.2,2.2,2.0,2.1,-38000.0
VE9,2024-05-07 07:00:00,-1.9,1.9,1.8,1.9,-3100.0
VE9,2024-12-12 07:00:00,-1.9,2.0,1.8,1.9,-47799.0
VE9,2025-05-20 07:00:00,-1.9,2.0,1.8,2.0,-62400.0
VE9,2025-12-03 07:00:00,-4.2,4.2,4.0,4.2,-19000.0
VE9,2025-12-15 07:00:00,-4.0,4.0,3.9,3.9,-5700.0
VE9,2026-02-24 07:00:00,-3.9,4.0,3.9,4.0,-2100.0
VEF,2016-02-17 07:00:00,-21.06,23.42,21.06,23.36,-230300.0
VEF,2016-02-26 07:00:00,-24.67,25.99,23.82,25.92,-116000.0
VEF,2016-03-09 07:00:00,-26.98,27.31,26.58,26.91,-48000.0
VEF,2016-06-17 07:00:00,-53.48,53.94,53.08,53.54,-35205.0
VEF,2016-08-23 07:00:00,-40.42,40.49,39.76,40.09,-21100.0
VEF,2017-09-08 07:00:00,-38.54,38.68,38.21,38.68,-4400.0
VEF,2018-01-15 07:00:00,-39.1,39.24,38.77,38.77,-6800.0
VEF,2018-05-02 07:00:00,-34.21,37.02,34.14,34.21,-14400.0
VEF,2018-10-30 07:00:00,-42.17,42.17,42.17,42.17,-13600.0
VEF,2018-12-11 07:00:00,-65.6,66.27,64.93,65.33,-35900.0
VEF,2019-04-11 07:00:00,-79.99,81.66,79.99,81.66,-2300.0
VEF,2021-04-27 07:00:00,-75.1,77.58,74.64,75.77,-6100.0
VEF,2021-05-10 07:00:00,-87.02,89.63,85.61,88.36,-11000.0
VEF,2021-06-25 07:00:00,-86.42,87.35,86.42,87.02,-16000.0
VEF,2021-08-13 07:00:00,-88.02,89.03,88.02,89.03,-14360.0
VEF,2022-08-16 07:00:00,-76.64,77.65,76.31,77.65,-4000.0
VEF,2023-03-14 07:00:00,-45.85,50.0,44.85,44.98,-1100.0
VEF,2023-07-31 07:00:00,-87.02,90.23,86.35,90.03,-17715.0
VEF,2024-02-22 07:00:00,-99.07,99.07,96.06,96.73,-13600.0
VEF,2024-07-16 07:00:00,-143.65,144.59,143.25,143.58,-2609.0
VEF,2024-11-29 07:00:00,-116.54,119.35,116.47,118.08,-3102.0
VEF,2024-12-03 07:00:00,-115.33,115.2,117.01,116.94,-1204.0
VEF,2025-04-11 07:00:00,-115.8,119.75,113.13,119.15,-6232.0
VEF,2025-12-08 07:00:00,-136.0,136.0,134.0,134.0,-7300.0
VEF,2026-03-05 07:00:00,-104.4,109.5,104.4,104.6,-10000.0
VEF,2026-04-23 07:00:00,-106.8,106.8,100.1,101.9,-29100.0
VES,2016-08-25 07:00:00,-1.42,1.42,1.34,1.34,-600.0
VES,2022-03-11 07:00:00,-3.6,3.8,3.1,3.8,-3116.0
VES,2023-07-14 07:00:00,-2.5,2.5,2.5,12.640490908556457,-184.0
VET,2018-12-13 07:00:00,-74.53,100.61,74.53,94.55,-4100.0
VET,2019-02-25 07:00:00,-76.03,76.03,76.03,46.879366922353796,-50.0
VET,2019-09-11 07:00:00,-55.23,55.23,54.55,54.55,-600.0
VET,2020-03-30 07:00:00,-50.36,50.36,50.36,50.36,-800.0
VET,2020-09-03 07:00:00,-42.8,43.64,42.8,43.22,-300.0
VET,2021-02-26 07:00:00,-84.09,84.09,76.22,79.67,-400.0
VET,2021-03-02 07:00:00,-75.77,78.34,73.91,74.36,-3300.0
VET,2021-09-10 07:00:00,-56.3,58.42,54.44,57.54,-5104.0
VET,2022-02-14 07:00:00,-68.22,76.92,68.22,74.82,-900.0
VET,2022-02-17 07:00:00,-76.92,76.92,76.92,76.92,-100.0
VET,2022-03-11 07:00:00,-72.35,73.17,72.35,73.17,-1700.0
VET,2022-03-18 07:00:00,-72.35,75.92,68.77,75.92,-300.0
VET,2022-07-08 07:00:00,-63.46,66.48,63.46,66.48,-400.0
VET,2022-07-18 07:00:00,-63.37,63.37,63.37,63.37,-100.0
VET,2023-10-05 07:00:00,-41.0,42.0,40.1,40.1,-1500.0
VET,2024-01-16 07:00:00,-31.3,31.8,31.0,31.1,-4900.0
VET,2025-03-04 07:00:00,-22.1,22.6,21.9,22.3,-28756.0
VET,2025-09-04 07:00:00,-17.5,17.5,17.0,17.0,-400.0
VET,2025-09-11 07:00:00,-16.1,16.8,16.1,71.86301359405806,-42600.0
VFC,2016-07-22 07:00:00,-11.53,33.29856864654333,31.30221359223301,33.813286914121754,-800.0
VFC,2017-11-30 07:00:00,-8.84,8.84,8.84,8.84,-100.0
VFC,2020-11-12 07:00:00,-13.45,13.45,10.28,10.28,-600.0
VFC,2021-04-26 07:00:00,-16.14,16.24,12.2,12.59,-11033.0
VFC,2021-06-25 07:00:00,-16.91,17.78,16.91,17.78,-3700.0
VFC,2021-09-27 07:00:00,-14.03,14.03,14.03,14.03,-100.0
VFC,2022-03-07 07:00:00,-22.1,25.85,22.1,22.39,-13100.0
VFC,2023-06-22 07:00:00,-51.32,51.32,51.32,51.32,-109.0
VFC,2024-11-18 07:00:00,-103.83,103.83,103.83,88.94,-15.0
VFG,2016-10-19 07:00:00,-22.8,22.8,22.8,22.8,-30.0
VFG,2016-12-22 07:00:00,-20.83,20.83,19.65,20.62,-2970.0
VFG,2017-08-11 07:00:00,-20.65,20.65,20.62,20.65,-10550.0
VFG,2017-08-24 07:00:00,-21.18,21.18,20.3,20.48,-8030.0
VFG,2017-12-01 07:00:00,-14.49,14.49,14.14,14.49,-12360.0
VFG,2018-05-21 07:00:00,-17.15,17.88,16.97,17.69,-39130.0
VFG,2019-09-04 07:00:00,-21.36,21.88,21.36,21.36,-10660.0
VFG,2020-02-18 07:00:00,-21.46,22.42,21.46,22.42,-9030.0
VFG,2020-06-23 07:00:00,-20.34,20.82,20.34,20.82,-310.0
VFG,2020-09-21 07:00:00,-24.89,25.27,24.89,25.27,-1670.0
VFG,2020-10-01 07:00:00,-25.7,26.24,25.7,26.24,-8810.0
VFG,2021-03-01 07:00:00,-25.96,27.62,25.96,25.96,-7600.0
VFG,2021-06-02 07:00:00,-33.14,34.24,32.58,32.58,-10400.0
VFG,2021-12-02 07:00:00,-33.77,35.46,33.77,34.99,-50500.0
VFG,2022-07-26 07:00:00,-29.35,29.35,29.35,29.35,-800.0
VFG,2022-08-19 07:00:00,-36.83,37.02,36.43,37.02,-400.0
VFG,2022-11-30 07:00:00,-29.02,30.01,29.02,30.01,-6200.0
VFG,2023-01-27 07:00:00,-30.88,31.6,30.88,31.28,-5700.0
VFG,2023-03-13 07:00:00,-29.22,29.22,29.17,29.17,-300.0
VFG,2024-04-08 07:00:00,-55.68,58.43,54.98,55.51,-33200.0
VFG,2024-04-19 07:00:00,-57.28,57.28,54.89,55.24,-230900.0
VFG,2024-06-13 07:00:00,-66.3,66.93,65.49,65.76,-25900.0
VFG,2024-09-04 07:00:00,-65.18,65.18,64.63,64.63,-9700.0
VFG,2025-04-28 07:00:00,-62.87,63.79,62.5,63.61,-12700.0
VFG,2025-10-30 07:00:00,-53.32,53.51,52.93,53.02,-2700.0
VFG,2026-04-10 07:00:00,-50.0,50.0,49.5,50.0,-3100.0
VGV,2017-12-04 07:00:00,-7.63,7.63,7.63,18.731625586147384,-100.0
VGV,2020-05-20 07:00:00,-7.35,8.26,7.35,7.35,-4000.0
VGV,2020-12-03 07:00:00,-8.69,8.69,8.69,8.69,-7000.0
VGV,2020-12-07 07:00:00,-7.04,8.35,7.04,8.35,-600.0
VGV,2021-07-23 07:00:00,-9.39,9.39,9.39,9.39,-1100.0
VGV,2021-10-07 07:00:00,-9.77,9.77,9.13,9.13,-14500.0
VGV,2022-11-10 07:00:00,-8.48,8.48,8.48,8.48,-12000.0
VGV,2023-03-08 07:00:00,-14.41,14.41,14.32,14.32,-32100.0
VGV,2025-11-19 07:00:00,-33.0,33.0,32.5,32.5,-2600.0
VGV,2026-01-23 07:00:00,-47.9,47.9,47.9,47.9,-500.0
VGV,2026-01-29 07:00:00,-48.0,48.0,38.8,44.0,-7800.0
VHC,2015-12-08 07:00:00,-10.4,10.67,10.4,10.67,-24510.0
VHC,2016-05-13 07:00:00,-8.76,8.76,8.61,8.73,-41700.0
VHC,2016-05-25 07:00:00,-9.42,9.42,9.24,9.33,-113170.0
VHC,2016-07-21 07:00:00,-15.55,15.7,15.02,15.02,-85700.0
VHC,2016-11-15 07:00:00,-15.86,16.11,15.67,16.01,-202690.0
VHC,2017-10-11 07:00:00,-15.83,16.12,15.83,15.93,-22660.0
VHC,2019-01-29 07:00:00,-30.37,31.27,29.66,31.21,-232500.0
VHC,2019-03-12 07:00:00,-31.21,31.51,30.87,30.87,-266850.0
VHC,2019-07-26 07:00:00,-30.14,30.32,30.11,30.14,-118270.0
VHC,2019-10-09 07:00:00,-26.92,27.06,26.51,26.58,-289100.0
VHC,2019-10-30 07:00:00,-27.54,27.91,27.54,27.78,-123710.0
VHC,2020-12-02 07:00:00,-32.08,32.3,31.58,31.9,-977630.0
VHC,2020-12-07 07:00:00,-31.58,32.01,31.58,31.8,-377790.0
VHC,2021-09-28 07:00:00,-34.24,36.46,34.24,36.46,-1761500.0
VHC,2021-11-08 07:00:00,-46.65,48.16,46.51,48.09,-2107300.0
VHC,2021-12-10 07:00:00,-45.22,46.44,45.22,45.93,-1413400.0
VHC,2022-07-28 07:00:00,-60.22,60.96,59.92,60.96,-787500.0
VHC,2022-12-26 07:00:00,-51.12,51.19,50.05,50.81,-405400.0
VHC,2023-06-02 07:00:00,-45.5,45.5,44.21,44.28,-788100.0
VHC,2024-02-05 07:00:00,-59.26,59.72,59.17,59.62,-453900.0
VHC,2024-02-07 07:00:00,-59.99,60.26,59.99,59.99,-467300.0
VHC,2024-05-13 07:00:00,-72.37,73.12,69.64,70.21,-1987700.0
VHC,2025-01-21 07:00:00,-68.9,69.48,67.74,67.84,-1357500.0
VHC,2025-02-26 07:00:00,-67.74,68.52,67.55,68.03,-668600.0
VHL,2016-03-18 07:00:00,-17.1,17.2,17.16,17.2,-1000.0
VHL,2016-04-11 07:00:00,-17.1,17.96,17.16,17.96,-3600.0
VHL,2016-08-02 07:00:00,-19.57,19.57,19.57,19.57,-800.0
VHL,2016-11-04 07:00:00,-20.82,22.9,20.82,22.9,-11300.0
VHL,2017-02-16 07:00:00,-25.82,25.82,25.82,25.82,-110.0
VHL,2017-05-04 07:00:00,-29.15,29.15,29.15,29.15,-100.0
VHL,2017-09-14 07:00:00,-32.93,32.93,32.72,32.72,-1500.0
VHL,2018-06-26 07:00:00,-28.79,28.86,28.79,28.79,-8900.0
VHL,2018-07-09 07:00:00,-27.28,27.28,27.28,27.28,-20.0
VHL,2018-12-25 07:00:00,-20.82,20.82,20.82,20.82,-100.0
VHL,2019-06-14 07:00:00,-23.55,23.55,22.98,22.98,-2500.0
VHL,2020-12-17 07:00:00,-22.47,24.54,22.47,24.54,-10431.0
VHL,2021-08-19 07:00:00,-22.83,22.93,22.83,22.83,-6500.0
VHL,2022-05-12 07:00:00,-26.0,26.0,24.14,24.14,-700.0
VHL,2022-09-08 07:00:00,-21.0,21.0,21.0,21.0,-500.0
VHL,2022-11-02 07:00:00,-14.8,14.9,14.8,14.9,-200.0
VHL,2023-04-28 07:00:00,-20.0,20.9,20.0,20.9,-1145.0
VHL,2023-09-19 07:00:00,-15.1,15.1,15.1,15.1,-2.0
VHL,2023-11-23 07:00:00,-15.6,15.6,15.6,15.6,-100.0
VHL,2024-01-24 07:00:00,-13.9,13.9,13.9,13.9,-800.0
VHL,2024-05-16 07:00:00,-11.4,11.4,11.4,11.4,-506.0
VHL,2024-12-19 07:00:00,-9.9,9.9,9.9,9.9,-1178.0
VHM,2018-07-13 07:00:00,-62.56,64.71,62.56,63.72,-57420.0
VHM,2018-07-17 07:00:00,-63.55,64.71,61.8,61.8,-410540.0
VHM,2019-03-19 07:00:00,-69.21,69.36,68.12,68.49,-1100900.0
VHM,2019-04-11 07:00:00,-67.61,68.34,67.17,68.12,-233360.0
VHM,2019-07-22 07:00:00,-61.56,61.64,61.05,61.64,-471720.0
VHM,2019-09-23 07:00:00,-66.07,66.29,65.48,65.99,-267270.0
VHM,2020-06-25 07:00:00,-55.15,55.96,54.79,55.67,-1241690.0
VHM,2022-03-14 07:00:00,-72.48,72.58,71.32,72.39,-3437200.0
VHM,2022-09-13 07:00:00,-61.5,61.5,60.7,60.7,-2252100.0
VHM,2022-10-11 07:00:00,-52.6,52.6,50.8,51.8,-4080700.0
VHM,2023-03-24 07:00:00,-48.0,49.85,48.0,49.0,-2609300.0
VHM,2023-05-29 07:00:00,-55.0,56.3,55.0,55.5,-1606200.0
VHM,2023-06-26 07:00:00,-55.6,55.8,54.8,55.5,-1422100.0
VHM,2023-10-03 07:00:00,-45.0,45.25,44.05,44.05,-4660300.0
VHM,2023-12-01 07:00:00,-41.3,41.4,40.4,40.9,-6970800.0
VHM,2024-04-19 07:00:00,-40.95,41.5,40.3,41.5,-12526800.0
VHM,2025-01-24 07:00:00,-39.5,39.8,39.4,39.5,-4838500.0
VHM,2025-02-04 07:00:00,-38.95,39.15,38.55,191.7081703718442,-472902400.0
VHM,2025-07-01 07:00:00,-76.4,76.7,74.8,76.3,-3857900.0
VIE,2016-11-28 07:00:00,-2.4,2.4,2.4,2.4,-100.0
VIE,2017-08-15 07:00:00,-5.3,5.3,5.3,5.3,-2030.0
VIE,2018-01-17 07:00:00,-12.2,13.3,10.9,10.9,-1100.0
VIE,2021-07-19 07:00:00,-7.2,7.2,7.2,7.2,-100.0
VIE,2021-11-22 07:00:00,-10.3,10.3,10.1,10.1,-15100.0
VIE,2021-12-21 07:00:00,-7.5,7.5,7.0,7.1,-3600.0
VIE,2022-12-14 07:00:00,-5.3,5.3,5.3,5.3,-700.0
VIE,2024-04-01 07:00:00,-5.5,5.9,5.5,5.9,-1400.0
VIF,2017-05-08 07:00:00,-8.68,8.68,8.68,8.68,-100.0
VIF,2017-06-20 07:00:00,-7.53,8.31,7.53,8.31,-300.0
VIF,2017-07-10 07:00:00,-8.67,8.67,8.07,8.43,-54600.0
VIF,2017-07-13 07:00:00,-8.19,8.19,8.13,8.13,-15300.0
VIF,2019-02-01 07:00:00,-9.87,9.87,8.5,8.5,-1100.0
VIF,2019-07-15 07:00:00,-13.14,13.73,13.07,13.73,-4700.0
VIF,2019-09-05 07:00:00,-16.14,16.14,15.71,15.71,-1000.0
VIF,2020-09-21 07:00:00,-13.76,13.76,13.76,13.76,-100.0
VIF,2021-01-26 07:00:00,-14.16,14.16,13.92,13.92,-2900.0
VIF,2021-06-22 07:00:00,-13.62,13.79,13.37,13.79,-3800.0
VIF,2023-10-24 07:00:00,-16.56,16.56,16.29,16.29,-500.0
VIF,2024-01-11 07:00:00,-15.74,15.74,15.28,15.28,-200.0
VIF,2024-04-24 07:00:00,-15.46,15.55,13.25,13.25,-2400.0
VIF,2025-02-12 07:00:00,-16.69,16.88,16.69,16.88,-7700.0
VIF,2025-04-16 07:00:00,-16.4,16.4,15.15,16.3,-6400.0
VIF,2025-04-23 07:00:00,-15.63,16.88,15.63,16.88,-200.0
VIF,2025-08-15 07:00:00,-16.1,14.067512661789534,15.9,15.9,-7400.0
VIF,2026-04-28 07:00:00,-15.3,15.5,15.3,15.5,-14200.0
VIG,2015-10-19 07:00:00,-3.3,3.4,3.3,3.4,-64100.0
VIG,2015-10-29 07:00:00,-3.2,3.3,3.2,3.3,-21400.0
VIG,2016-06-28 07:00:00,-2.6,2.6,2.5,2.5,-716200.0
VIG,2016-07-26 07:00:00,-2.1,2.2,2.0,2.1,-74200.0
VIG,2017-03-10 07:00:00,-1.5,1.5,1.4,1.4,-39000.0
VIG,2018-05-16 07:00:00,-2.8,2.8,2.7,2.8,-63000.0
VIG,2018-08-14 07:00:00,-2.0,2.0,1.9,1.9,-71800.0
VIG,2018-09-17 07:00:00,-1.8,1.8,1.7,1.7,-30400.0
VIG,2019-03-08 07:00:00,-1.5,1.5,1.4,1.5,-413700.0
VIG,2019-06-11 07:00:00,-1.2,1.3,1.2,1.2,-22500.0
VIG,2021-03-04 07:00:00,-4.4,4.7,4.1,4.4,-3564345.0
VIG,2021-09-27 07:00:00,-8.3,8.8,7.8,8.4,-2156137.0
VIG,2022-06-10 07:00:00,-8.1,8.1,7.8,8.0,-201300.0
VIG,2022-06-24 07:00:00,-6.1,6.2,6.0,6.0,-132500.0
VIG,2022-08-30 07:00:00,-8.9,9.0,8.6,8.6,-318019.0
VIG,2022-11-21 07:00:00,-3.9,4.2,3.9,4.1,-147903.0
VIG,2023-01-13 07:00:00,-4.8,4.9,4.8,4.8,-152800.0
VIG,2023-03-16 07:00:00,-5.4,5.4,5.2,5.2,-146600.0
VIG,2023-06-20 07:00:00,-8.0,8.2,8.0,8.2,-243341.0
VIG,2023-10-05 07:00:00,-7.9,8.0,7.7,7.7,-515191.0
VIG,2024-09-16 07:00:00,-6.7,6.8,6.6,6.7,-63000.0
VIG,2024-10-09 07:00:00,-6.7,6.8,6.6,6.7,-148200.0
VIG,2024-10-29 07:00:00,-6.0,6.2,6.0,6.2,-146460.0
VIG,2025-07-08 07:00:00,-6.4,6.5,6.4,55.061202444666016,-48758800.0
VIG,2025-09-05 07:00:00,-8.1,7.8,4.375972540045766,7.8,-1030700.0
VIG,2025-09-30 07:00:00,-6.9,7.0,6.8,7.0,-251800.0
VIN,2015-10-19 07:00:00,-4.56,4.56,4.56,4.56,-100.0
VIN,2016-07-18 07:00:00,-6.31,6.31,12.17166425470333,13.66363174963732,-1400.0
VIN,2017-11-08 07:00:00,-5.4,5.4,5.4,5.4,-100.0
VIN,2019-09-17 07:00:00,-8.15,8.15,8.15,8.15,-1700.0
VIN,2021-06-29 07:00:00,-11.15,11.31,11.15,11.31,-1900.0
VIN,2021-07-21 07:00:00,-11.39,11.39,11.39,11.39,-2700.0
VIN,2023-02-03 07:00:00,-16.62,16.62,16.62,16.62,-100.0
VIN,2024-01-05 07:00:00,-17.69,17.69,17.69,17.69,-100.0
VIN,2025-07-25 07:00:00,-16.0,16.0,16.0,16.0,-100.0
VIN,2025-09-03 07:00:00,-16.0,16.0,16.0,16.0,-6200.0
VIN,2025-11-11 07:00:00,-17.0,17.0,17.0,17.0,-1000.0
VIN,2025-12-31 07:00:00,-18.0,18.0,17.8,17.8,-3200.0
VJC,2017-03-22 07:00:00,-71.34,71.86,70.43,71.34,-380360.0
VJC,2017-09-27 07:00:00,-86.25,86.82,85.04,86.66,-730420.0
VJC,2017-11-13 07:00:00,-95.16,95.41,94.19,94.84,-1404700.0
VJC,2018-03-13 07:00:00,-170.29,170.77,163.07,167.12,-931120.0
VJC,2018-11-12 07:00:00,-129.76,129.76,127.78,128.08,-457730.0
VJC,2020-01-22 07:00:00,-147.0,147.0,146.5,146.5,-365030.0
VJC,2020-02-03 07:00:00,-121.1,125.5,121.1,125.5,-1089690.0
VJC,2020-06-01 07:00:00,-113.0,114.0,112.9,113.3,-406510.0
VJC,2020-06-17 07:00:00,-107.7,109.8,107.5,109.8,-479940.0
VJC,2020-07-01 07:00:00,-108.0,108.5,107.1,108.0,-313260.0
VJC,2020-08-11 07:00:00,-100.0,100.1,99.1,99.5,-240830.0
VJC,2020-11-06 07:00:00,-105.7,105.8,104.8,105.7,-560540.0
VJC,2021-02-08 07:00:00,-130.5,130.6,122.0,124.6,-1310700.0
VJC,2021-03-19 07:00:00,-134.4,134.6,130.5,130.5,-934300.0
VJC,2021-05-04 07:00:00,-124.9,125.0,123.0,124.0,-515300.0
VJC,2021-05-05 07:00:00,-124.0,124.8,123.4,124.5,-507100.0
VJC,2021-06-30 07:00:00,-120.0,121.7,119.8,121.5,-595200.0
VJC,2021-07-20 07:00:00,-113.6,114.5,110.0,114.5,-515500.0
VJC,2022-01-12 07:00:00,-123.0,123.2,120.8,123.2,-624600.0
VJC,2023-05-24 07:00:00,-98.7,99.0,97.9,98.4,-811100.0
VJC,2023-07-12 07:00:00,-93.9,94.0,93.4,93.9,-842800.0
VJC,2023-11-10 07:00:00,-107.5,110.0,105.5,109.0,-934500.0
VJC,2023-12-19 07:00:00,-105.0,105.0,103.7,104.3,-728300.0
VJC,2024-05-31 07:00:00,-107.5,108.8,107.1,107.1,-719200.0
VJC,2024-09-11 07:00:00,-104.2,105.8,103.9,105.0,-891500.0
VJC,2024-11-19 07:00:00,-102.0,102.2,100.3,101.7,-579900.0
VJC,2024-11-27 07:00:00,-103.0,103.3,102.1,102.4,-568800.0
VJC,2024-12-27 07:00:00,-101.6,101.8,101.0,101.2,-650900.0
VJC,2025-07-30 07:00:00,-118.3,123.9,117.5,118.7,-2121100.0
VJC,2026-01-20 07:00:00,-185.5,186.0,181.3,181.8,-1416900.0
VJC,2026-03-27 07:00:00,-155.0,157.5,153.3,157.0,-1004300.0
VKC,2015-12-15 07:00:00,-7.64,7.79,7.64,7.71,-30000.0
VKC,2018-10-26 07:00:00,-4.8,5.0,4.8,5.0,-78600.0
VKC,2019-07-12 07:00:00,-3.8,3.8,3.6,3.6,-600.0
VKC,2019-08-13 07:00:00,-3.8,3.8,3.7,3.8,-65800.0
VKC,2019-12-12 07:00:00,-2.9,3.0,2.9,3.0,-4200.0
VKC,2020-01-14 07:00:00,-2.8,2.8,2.8,2.8,-1100.0
VKC,2020-11-13 07:00:00,-3.9,3.9,3.8,3.8,-6800.0
VKC,2020-12-22 07:00:00,-4.3,4.6,4.3,4.6,-51610.0
VKC,2021-12-31 07:00:00,-13.8,13.8,12.9,12.9,-223001.0
VKC,2022-05-19 07:00:00,-5.4,5.4,5.1,22.443222777221816,-8873900.0
VKC,2022-09-20 07:00:00,-3.8,4.0,3.6,3.6,-1076600.0
VKC,2022-11-02 07:00:00,-1.9,1.9,1.8,1.8,-173705.0
VKP,2015-12-10 07:00:00,-0.94,1.03,0.94,0.94,-2800.0
VKP,2016-04-27 07:00:00,-0.77,0.77,0.77,0.77,-39400.0
VLB,2017-06-19 07:00:00,-21.07,21.07,21.07,21.07,-500.0
VLB,2017-07-12 07:00:00,-27.51,27.51,27.51,27.51,-900.0
VLB,2017-11-23 07:00:00,-18.05,18.05,16.33,16.33,-2200.0
VLB,2019-07-10 07:00:00,-20.48,20.48,20.48,20.48,-700.0
VLB,2019-10-14 07:00:00,-22.11,22.11,22.11,22.11,-100.0
VLB,2020-01-16 07:00:00,-20.76,20.76,20.48,20.48,-11000.0
VLB,2021-05-12 07:00:00,-30.38,30.67,30.17,30.67,-5100.0
VLB,2021-06-09 07:00:00,-29.24,31.18,29.24,31.18,-5800.0
VLB,2021-09-01 07:00:00,-35.83,37.31,35.83,37.16,-53800.0
VLB,2021-10-28 07:00:00,-35.05,38.95,35.05,37.31,-74700.0
VLB,2022-03-23 07:00:00,-41.28,41.28,40.58,40.58,-58400.0
VLB,2022-04-12 07:00:00,-40.51,40.51,39.73,39.8,-62100.0
VLB,2022-07-27 07:00:00,-27.26,27.42,27.26,27.42,-9300.0
VLB,2022-09-30 07:00:00,-28.06,28.14,27.24,28.14,-15300.0
VLB,2023-03-17 07:00:00,-24.51,25.01,23.94,24.35,-319800.0
VLB,2023-03-23 07:00:00,-24.1,24.43,24.1,24.43,-88800.0
VLB,2023-06-28 07:00:00,-31.45,31.45,30.62,30.79,-294430.0
VLB,2023-08-15 07:00:00,-34.34,35.24,34.17,34.42,-215401.0
VLB,2023-09-21 07:00:00,-34.01,34.66,33.26,33.34,-173399.0
VLB,2024-11-14 07:00:00,-35.39,35.65,34.96,35.13,-41700.0
VLB,2025-05-30 07:00:00,-41.11,42.3,40.56,41.84,-187300.0
VLB,2025-09-05 07:00:00,-43.72,43.72,43.06,43.06,-32200.0
VLB,2026-01-06 07:00:00,-48.4,48.7,47.8,48.2,-26700.0
VLC,2016-05-18 07:00:00,-14.25,14.25,12.9,12.9,-111600.0
VLC,2016-08-02 07:00:00,-11.9,11.9,11.33,11.47,-213200.0
VLC,2016-09-09 07:00:00,-11.76,11.76,11.47,11.47,-27000.0
VLC,2016-12-07 07:00:00,-11.83,12.97,11.83,12.47,-324610.0
VLC,2017-09-19 07:00:00,-12.3,12.3,12.3,12.3,-41400.0
VLC,2017-09-27 07:00:00,-12.3,12.38,12.3,12.38,-52100.0
VLC,2017-11-29 07:00:00,-13.53,15.38,13.46,15.15,-2900.0
VLC,2017-12-25 07:00:00,-13.3,13.3,13.23,13.23,-2000.0
VLC,2018-02-05 07:00:00,-13.99,13.99,12.69,105.05090945010224,-2010690.0
VLC,2018-03-27 07:00:00,-12.15,12.23,12.15,12.23,-1500.0
VLC,2019-03-28 07:00:00,-14.86,15.27,14.86,14.86,-3000.0
VLC,2019-11-04 07:00:00,-13.54,13.54,12.79,12.79,-2300.0
VLC,2019-11-14 07:00:00,-14.03,14.03,14.03,14.03,-100.0
VLC,2019-11-18 07:00:00,-14.03,14.03,14.03,14.03,-100.0
VLC,2019-12-06 07:00:00,-13.54,13.54,12.88,13.21,-2300.0
VLC,2020-02-17 07:00:00,-13.54,14.86,13.54,14.03,-3307.0
VLC,2020-06-05 07:00:00,-21.17,23.45,21.17,23.19,-58040.0
VLC,2020-10-02 07:00:00,-23.36,23.53,21.84,23.19,-70220.0
VLC,2021-07-28 07:00:00,-23.36,23.78,23.36,23.45,-2600.0
VLC,2021-09-06 07:00:00,-26.57,26.57,25.47,26.4,-55750.0
VLC,2021-11-02 07:00:00,-29.26,29.69,28.93,29.52,-124327.0
VLC,2022-10-21 07:00:00,-14.44,14.61,13.58,13.84,-178519.0
VLC,2022-11-04 07:00:00,-15.04,15.55,14.09,14.44,-158504.0
VLC,2022-12-14 07:00:00,-13.73,13.91,13.55,13.64,-129102.0
VLC,2023-03-30 07:00:00,-13.37,13.46,13.28,13.37,-39932.0
VLC,2023-05-29 07:00:00,-15.17,15.35,14.9,14.9,-482643.0
VLC,2023-11-02 07:00:00,-13.75,14.04,13.56,13.85,-69328.0
VLC,2024-01-03 07:00:00,-14.91,15.2,14.62,15.11,-98373.0
VLC,2024-06-25 07:00:00,-21.69,21.88,20.53,20.82,-1064002.0
VLC,2024-10-17 07:00:00,-17.8,17.8,17.4,17.6,-63728.0
VLC,2025-07-11 07:00:00,-15.8,15.9,15.6,15.8,-127900.0
VLC,2025-07-18 07:00:00,-15.8,16.0,15.6,15.7,-147900.0
VLC,2025-11-03 07:00:00,-14.1,14.3,13.9,14.0,-88300.0
VLS,2025-12-31 07:00:00,-21.9,17.7,21.9,19.9,-25700.0
VLS,2026-03-24 07:00:00,-16.6,16.7,16.5,16.7,-2200.0
VMA,2017-03-24 07:00:00,-3.8,3.8,3.8,3.8,-100.0
VMD,2016-02-15 07:00:00,-15.45,15.84,14.95,15.35,-201060.0
VMD,2016-09-16 07:00:00,-15.77,15.77,15.77,15.77,-10.0
VMD,2017-09-25 07:00:00,-14.2,14.46,14.2,14.46,-310.0
VMD,2017-12-22 07:00:00,-14.47,14.47,14.47,14.47,-100.0
VMD,2018-01-19 07:00:00,-14.98,14.98,14.98,14.98,-10.0
VMD,2018-03-22 07:00:00,-11.59,11.87,11.59,11.87,-30.0
VMD,2018-07-03 07:00:00,-11.59,11.59,10.74,10.74,-130.0
VMD,2018-11-09 07:00:00,-12.0,12.0,12.0,12.0,-10.0
VMD,2020-03-13 07:00:00,-12.86,13.89,12.83,13.89,-410.0
VMD,2020-08-03 07:00:00,-13.29,13.29,13.29,13.29,-10.0
VMD,2020-10-26 07:00:00,-17.08,17.94,17.08,17.08,-370.0
VMD,2021-05-21 07:00:00,-18.02,18.02,17.94,17.94,-600.0
VMD,2021-06-01 07:00:00,-18.05,18.23,18.05,18.23,-2000.0
VMD,2023-08-28 07:00:00,-17.23,17.28,17.15,17.28,-8800.0
VMD,2023-09-26 07:00:00,-16.87,16.91,16.79,16.87,-8600.0
VMD,2024-04-09 07:00:00,-15.25,15.25,14.58,15.21,-2400.0
VMD,2024-12-30 07:00:00,-16.6,16.65,16.6,16.65,-5500.0
VMD,2025-05-15 07:00:00,-16.55,16.55,16.55,16.55,-600.0
VMG,2018-05-04 07:00:00,-2.8,3.0,2.8,3.0,-3300.0
VMG,2019-05-09 07:00:00,-2.3,2.3,2.3,2.3,-300.0
VMG,2019-11-25 07:00:00,-2.5,2.5,2.5,2.5,-500.0
VMG,2021-04-23 07:00:00,-8.0,8.0,8.0,8.0,-2400.0
VMG,2021-10-12 07:00:00,-9.0,9.5,9.0,9.3,-9900.0
VMG,2021-10-15 07:00:00,-10.0,11.6,10.0,10.1,-17900.0
VMG,2022-03-28 07:00:00,-9.8,9.8,9.6,9.8,-24800.0
VMG,2022-04-13 07:00:00,-8.9,8.9,8.5,8.5,-4100.0
VMG,2023-11-10 07:00:00,-3.2,3.2,3.1,3.1,-5100.0
VMG,2024-01-19 07:00:00,-3.2,3.2,3.2,3.2,-35100.0
VMG,2024-05-13 07:00:00,-3.2,3.2,3.2,3.2,-3900.0
VMG,2024-05-31 07:00:00,-3.4,3.6,3.4,3.6,-29700.0
VMG,2024-08-21 07:00:00,-4.9,5.0,4.9,5.0,-30300.0
VMG,2024-12-06 07:00:00,-4.4,4.4,4.4,4.6,-1.0
VMG,2025-05-20 07:00:00,-3.6,3.7,3.6,3.6,-3900.0
VMG,2025-06-19 07:00:00,-3.6,3.6,3.6,3.6,-17300.0
VMG,2025-08-26 07:00:00,-4.6,5.4,4.6,5.2,-18100.0
VMG,2026-03-04 07:00:00,-3.7,3.8,3.5,3.7,-71400.0
VNG,2015-11-30 07:00:00,-10.0,10.47,9.82,9.91,-103070.0
VNG,2015-12-30 07:00:00,-12.99,13.09,12.9,13.09,-24550.0
VNG,2016-09-06 07:00:00,-12.53,12.62,12.53,12.53,-81700.0
VNG,2016-10-24 07:00:00,-10.05,10.66,10.05,10.47,-3960.0
VNG,2016-11-14 07:00:00,-8.88,9.34,8.88,9.33,-2920.0
VNG,2017-02-10 07:00:00,-9.66,9.76,9.52,9.52,-60100.0
VNG,2017-07-07 07:00:00,-14.25,14.64,13.76,13.76,-144440.0
VNG,2017-09-12 07:00:00,-11.37,11.91,11.37,11.76,-231600.0
VNG,2017-11-29 07:00:00,-13.67,13.91,13.67,13.86,-295890.0
VNG,2018-05-04 07:00:00,-13.47,13.47,13.57,13.57,-105920.0
VNG,2018-05-23 07:00:00,-14.15,14.25,13.86,14.25,-180190.0
VNG,2018-06-15 07:00:00,-14.84,14.93,14.59,14.89,-359540.0
VNG,2018-11-13 07:00:00,-18.4,18.59,18.4,18.55,-431320.0
VNG,2019-01-09 07:00:00,-20.3,20.4,20.25,20.4,-443560.0
VNG,2019-01-29 07:00:00,-20.9,20.9,20.8,20.9,-435270.0
VNG,2019-07-16 07:00:00,-22.1,22.2,22.0,22.05,-228540.0
VNG,2020-01-16 07:00:00,-19.4,19.6,19.25,19.6,-308490.0
VNG,2021-08-25 07:00:00,-12.4,12.45,12.25,12.45,-204200.0
VNG,2022-01-27 07:00:00,-13.1,13.3,12.9,13.05,-92600.0
VNG,2022-06-15 07:00:00,-11.05,11.05,10.3,10.4,-60700.0
VNG,2022-08-12 07:00:00,-11.95,11.95,11.75,11.9,-40200.0
VNG,2023-03-07 07:00:00,-8.9,8.9,8.55,8.87,-3300.0
VNG,2023-04-03 07:00:00,-8.83,8.97,8.61,8.82,-24100.0
VNG,2025-03-04 07:00:00,-8.0,8.01,8.0,8.01,-600.0
VNG,2025-05-07 07:00:00,-7.99,8.0,7.85,8.0,-2700.0
VNH,2015-10-14 07:00:00,-0.88,0.88,0.8,0.8,-174660.0
VNH,2015-12-14 07:00:00,-0.8,0.88,0.8,0.8,-23330.0
VNH,2016-01-15 07:00:00,-0.8,0.8,0.73,0.73,-5560.0
VNH,2016-01-25 07:00:00,-0.66,0.66,0.58,0.66,-11780.0
VNH,2016-11-17 07:00:00,-1.24,1.31,1.24,1.31,-12010.0
VNH,2016-12-07 07:00:00,-1.15,1.15,1.01,1.12,-10520.0
VNH,2017-06-28 07:00:00,-1.09,1.24,1.09,1.24,-26500.0
VNH,2017-08-08 07:00:00,-1.24,1.24,1.17,1.17,-113400.0
VNH,2017-08-11 07:00:00,-1.53,1.53,1.31,1.31,-108700.0
VNH,2017-12-15 07:00:00,-1.0,1.07,0.92,0.92,-62610.0
VNH,2018-02-01 07:00:00,-1.0,1.0,0.9,0.9,-57308.0
VNH,2020-06-19 07:00:00,-1.2,1.3,1.1,1.3,-58000.0
VNH,2020-06-30 07:00:00,-1.1,1.1,1.0,1.0,-96700.0
VNH,2020-07-03 07:00:00,-1.0,1.1,1.0,1.1,-16400.0
VNH,2021-10-15 07:00:00,-10.5,11.3,10.0,10.0,-403568.0
VNH,2021-10-26 07:00:00,-10.8,10.8,9.2,9.5,-118116.0
VNH,2022-03-17 07:00:00,-7.7,8.5,7.6,7.9,-200321.0
VNH,2022-10-13 07:00:00,-2.5,2.5,2.4,2.5,-12100.0
VNH,2023-01-16 07:00:00,-2.2,2.4,2.2,2.3,-19400.0
VNH,2023-08-24 07:00:00,-2.6,2.6,2.5,2.6,-26700.0
VNH,2023-11-06 07:00:00,-2.9,2.9,2.6,2.6,-369603.0
VNH,2023-12-18 07:00:00,-2.4,2.4,2.3,2.3,-8300.0
VNH,2024-02-06 07:00:00,-2.3,2.3,2.2,2.2,-38700.0
VNH,2024-07-19 07:00:00,-1.5,1.6,1.4,1.6,-60477.0
VNH,2024-10-04 07:00:00,-1.4,1.4,1.3,1.4,-27900.0
VNH,2026-03-06 07:00:00,-1.5,1.8,1.5,1.7,-108300.0
VNI,2015-10-07 07:00:00,-3.69,3.69,3.69,3.69,-500.0
VNI,2015-11-27 07:00:00,-3.87,3.87,3.87,3.87,-100.0
VNI,2016-08-17 07:00:00,-4.25,5.1,4.25,5.1,-45000.0
VNI,2017-05-12 07:00:00,-8.73,8.73,8.73,8.73,-8300.0
VNI,2020-10-02 07:00:00,-10.8,10.8,10.8,10.8,-2.0
VNI,2021-09-10 07:00:00,-13.0,13.0,13.0,13.0,-46.0
VNI,2025-02-21 07:00:00,-13.9,14.1,13.9,14.1,-410.0
VNI,2025-03-20 07:00:00,-16.0,16.0,14.3,15.1,-1271.0
VNI,2025-03-25 07:00:00,-13.3,13.5,13.3,13.5,-1068.0
VNI,2026-03-02 07:00:00,-7.1,8.0,7.1,7.3,-4800.0
VNI,2026-04-17 07:00:00,-7.6,7.6,7.5,7.5,-3700.0
VNL,2016-03-18 07:00:00,-7.74,7.74,7.74,7.74,-10.0
VNL,2018-02-26 07:00:00,-5.87,6.33,5.87,6.33,-20.0
VNL,2018-07-11 07:00:00,-5.93,5.93,5.93,5.93,-10.0
VNL,2018-10-16 07:00:00,-5.74,6.17,5.74,6.17,-20.0
VNL,2019-09-13 07:00:00,-5.56,5.56,5.56,5.56,-120.0
VNL,2020-03-16 07:00:00,-5.24,5.24,5.24,5.24,-910.0
VNL,2020-03-23 07:00:00,-5.58,5.99,5.21,5.21,-1330.0
VNL,2020-04-07 07:00:00,-5.49,5.52,5.49,5.52,-5670.0
VNL,2021-09-21 07:00:00,-13.34,14.06,12.91,13.66,-230600.0
VNL,2022-02-14 07:00:00,-11.63,11.81,11.63,11.74,-16200.0
VNL,2023-08-03 07:00:00,-12.77,12.77,12.49,12.57,-54400.0
VNL,2024-07-10 07:00:00,-14.22,14.22,14.0,14.13,-11700.0
VNL,2024-10-22 07:00:00,-13.72,13.94,13.67,13.76,-5200.0
VNL,2025-09-30 07:00:00,-20.97,20.97,20.97,20.97,-500.0
VNL,2026-04-13 07:00:00,-19.4,19.4,19.05,19.35,-2500.0
VNP,2017-11-24 07:00:00,-4.05,4.05,4.05,4.05,-6200.0
VNP,2019-05-13 07:00:00,-4.26,4.26,3.99,4.26,-3800.0
VNP,2019-09-23 07:00:00,-4.44,4.44,4.44,4.44,-10900.0
VNP,2020-03-09 07:00:00,-3.99,3.99,3.46,3.46,-28000.0
VNP,2020-04-20 07:00:00,-3.46,3.73,3.46,3.73,-23000.0
VNP,2020-05-29 07:00:00,-3.91,3.91,3.91,3.91,-26700.0
VNP,2020-06-04 07:00:00,-3.73,3.73,3.73,3.73,-3100.0
VNP,2021-02-18 07:00:00,-8.34,8.88,8.08,8.43,-218240.0
VNP,2021-04-13 07:00:00,-8.88,8.88,8.52,8.52,-120100.0
VNP,2021-08-23 07:00:00,-14.2,14.38,13.31,14.29,-340050.0
VNP,2022-04-22 07:00:00,-19.17,19.17,16.51,17.75,-52700.0
VNP,2022-09-13 07:00:00,-14.47,14.47,14.47,14.47,-6500.0
VNP,2022-09-29 07:00:00,-14.2,14.2,13.76,13.76,-6100.0
VNP,2023-02-01 07:00:00,-9.5,9.59,8.97,9.14,-16500.0
VNP,2023-09-29 07:00:00,-11.18,11.18,11.18,11.18,-200.0
VNP,2024-03-07 07:00:00,-11.81,11.81,11.27,11.27,-1000.0
VNP,2025-02-14 07:00:00,-8.97,9.85,8.97,9.32,-17000.0
VNP,2025-03-07 07:00:00,-10.3,10.3,10.03,10.12,-17500.0
VNP,2025-03-24 07:00:00,-10.65,10.65,10.3,10.3,-12200.0
VNP,2025-03-27 07:00:00,-10.74,10.74,10.56,10.74,-7201.0
VNP,2025-07-14 07:00:00,-14.7,14.7,14.4,14.6,-18700.0
VNP,2025-11-17 07:00:00,-18.5,19.3,18.0,19.0,-141700.0
VNP,2025-11-27 07:00:00,-18.1,19.2,17.9,18.9,-182000.0
VNR,2016-04-11 07:00:00,-6.96,7.4,7.36,7.36,-7200.0
VNR,2017-04-13 07:00:00,-9.52,9.56,9.52,9.56,-5200.0
VNR,2018-04-23 07:00:00,-10.5,10.76,10.5,10.76,-2003.0
VNR,2018-06-07 07:00:00,-10.5,10.5,10.5,10.5,-190.0
VNR,2018-08-22 07:00:00,-9.66,9.74,9.61,9.61,-2100.0
VNR,2018-08-30 07:00:00,-9.66,9.74,9.66,9.74,-14100.0
VNR,2018-12-11 07:00:00,-9.97,9.97,9.97,9.97,-9.0
VNR,2019-07-30 07:00:00,-9.84,9.84,9.42,9.42,-10700.0
VNR,2019-09-20 07:00:00,-9.37,9.37,9.37,9.37,-100.0
VNR,2020-10-01 07:00:00,-10.1,10.3,10.1,10.3,-1100.0
VNR,2021-08-23 07:00:00,-14.9,15.15,14.71,15.09,-130455.0
VNR,2021-09-21 07:00:00,-26.27,27.03,24.95,25.77,-439545.0
VNR,2021-11-05 07:00:00,-22.94,24.26,22.69,24.26,-148338.0
VNR,2022-06-21 07:00:00,-15.09,15.09,14.58,15.09,-52300.0
VNR,2022-08-10 07:00:00,-16.64,16.97,16.44,16.97,-89501.0
VNR,2023-09-06 07:00:00,-19.5,19.64,19.5,19.64,-11610.0
VNR,2023-11-01 07:00:00,-17.49,17.79,16.65,17.71,-25426.0
VNR,2023-11-06 07:00:00,-18.17,18.4,17.79,17.87,-6600.0
VNR,2023-12-20 07:00:00,-17.11,17.34,17.11,17.34,-1204.0
VNR,2024-02-21 07:00:00,-18.02,18.09,17.87,18.02,-11500.0
VNR,2024-03-25 07:00:00,-18.17,18.24,18.09,18.24,-9645.0
VNR,2024-04-05 07:00:00,-18.7,18.77,18.47,18.47,-12136.0
VNR,2024-11-29 07:00:00,-18.27,19.37,18.19,18.59,-55096.0
VNR,2026-04-28 07:00:00,-20.6,20.7,20.5,20.7,-15300.0
VNX,2017-07-04 07:00:00,0.0,0.0,0.0,0.0,100.0
VNX,2017-08-23 07:00:00,0.0,0.0,0.0,0.0,100.0
VNX,2017-09-12 07:00:00,0.0,0.0,0.0,0.0,75.0
VNX,2018-03-13 07:00:00,0.0,0.0,0.0,0.0,100.0
VNX,2018-07-20 07:00:00,0.0,0.0,0.0,0.0,2000.0
VNX,2018-07-24 07:00:00,0.0,0.0,0.0,0.0,2.0
VNX,2018-07-27 07:00:00,-0.0,0.0,0.0,0.0,-1.0
VNX,2018-08-03 07:00:00,0.0,0.0,0.0,0.0,1.0
VNX,2018-08-16 07:00:00,0.0,0.0,0.0,0.0,97.0
VNX,2018-11-06 07:00:00,0.0,0.0,0.0,0.0,100.0
VNX,2019-03-22 07:00:00,0.0,0.0,0.0,0.0,100.0
VNX,2019-03-25 07:00:00,0.0,0.0,0.0,0.0,100.0
VNX,2019-03-26 07:00:00,0.0,0.0,0.0,0.0,100.0
VNX,2019-03-27 07:00:00,0.0,0.0,0.0,0.0,100.0
VNX,2019-03-28 07:00:00,0.0,0.0,0.0,0.0,100.0
VNX,2019-03-29 07:00:00,0.0,0.0,0.0,0.0,100.0
VNX,2019-04-01 07:00:00,0.0,0.0,0.0,0.0,100.0
VNX,2019-04-02 07:00:00,0.0,0.0,0.0,0.0,100.0
VNX,2019-04-03 07:00:00,0.0,0.0,0.0,0.0,100.0
VNX,2019-04-04 07:00:00,0.0,0.0,0.0,0.0,100.0
VNX,2019-04-05 07:00:00,0.0,0.0,0.0,0.0,100.0
VNX,2020-05-26 07:00:00,-0.12,0.12,0.12,0.12,-1200.0
VNX,2021-05-26 07:00:00,-0.1,0.1,0.1,0.1,-100.0
VNY,2022-04-18 07:00:00,-8.1,8.1,8.0,8.1,-4800.0
VNY,2022-08-08 07:00:00,-5.2,5.2,4.6,4.6,-11200.0
VNY,2023-08-11 07:00:00,-5.3,5.3,5.3,5.3,-100.0
VNY,2024-06-14 07:00:00,-7.3,7.3,7.3,7.3,-100.0
VNY,2025-10-03 07:00:00,-6.0,6.0,6.0,6.0,-1000.0
VOS,2016-03-30 07:00:00,-2.7,2.7,2.51,2.51,-307390.0
VOS,2016-05-30 07:00:00,-2.05,2.05,1.95,1.95,-12380.0
VOS,2016-06-10 07:00:00,-2.14,2.23,2.05,2.05,-103070.0
VOS,2016-12-20 07:00:00,-1.02,1.05,0.98,0.98,-62470.0
VOS,2017-01-25 07:00:00,-1.01,1.04,1.01,1.02,-20720.0
VOS,2017-07-19 07:00:00,-1.86,1.87,1.84,1.84,-488950.0
VOS,2017-07-28 07:00:00,-1.78,1.79,1.7,1.73,-305900.0
VOS,2017-09-01 07:00:00,-1.69,1.75,1.63,1.75,-272530.0
VOS,2017-09-26 07:00:00,-1.72,1.72,1.68,1.68,-275710.0
VOS,2017-11-08 07:00:00,-2.18,2.22,2.05,2.15,-433030.0
VOS,2018-01-08 07:00:00,-3.06,3.21,2.96,3.21,-422780.0
VOS,2018-12-18 07:00:00,-1.65,1.65,1.55,1.63,-590400.0
VOS,2018-12-19 07:00:00,-1.64,1.64,1.53,1.58,-32930.0
VOS,2019-11-08 07:00:00,-1.6,1.63,1.58,1.58,-35290.0
VOS,2020-01-20 07:00:00,-1.41,1.51,1.41,1.48,-107140.0
VOS,2020-02-06 07:00:00,-1.69,1.73,1.62,1.69,-865950.0
VOS,2020-05-07 07:00:00,-1.27,1.27,1.25,1.27,-99920.0
VOS,2020-07-13 07:00:00,-1.4,1.35,1.41,1.38,-431570.0
VOS,2020-07-21 07:00:00,-1.35,1.38,1.33,1.38,-305940.0
VOS,2020-12-23 07:00:00,-2.29,2.29,2.17,2.28,-4017210.0
VOS,2021-08-09 07:00:00,-9.82,9.87,9.59,9.87,-1725700.0
VOS,2021-10-13 07:00:00,-19.64,20.57,19.41,20.48,-2465900.0
VOS,2021-11-19 07:00:00,-20.2,19.17,20.43,19.27,-6273900.0
VOS,2023-02-01 07:00:00,-11.31,11.31,10.19,10.19,-2253500.0
VOS,2023-02-20 07:00:00,-9.12,9.54,8.95,9.54,-1225600.0
VOS,2023-06-16 07:00:00,-11.64,11.77,11.26,11.31,-2199200.0
VOS,2024-01-02 07:00:00,-10.8,10.8,10.43,10.52,-1316900.0
VOS,2024-08-05 07:00:00,-14.85,14.89,14.15,14.15,-3005800.0
VOS,2024-11-15 07:00:00,-15.59,15.59,14.71,14.75,-5028300.0
VOS,2024-11-22 07:00:00,-13.96,14.24,13.78,13.78,-1597800.0
VOS,2025-02-06 07:00:00,-15.36,15.36,14.99,15.03,-2084100.0
VOS,2025-04-21 07:00:00,-12.29,12.29,11.59,11.91,-1922300.0
VPA,2017-09-07 07:00:00,-5.7,5.7,5.7,5.7,-200.0
VPA,2020-09-24 07:00:00,-2.3,2.3,2.3,2.3,-1000.0
VPA,2021-03-11 07:00:00,-3.5,3.5,3.5,3.5,-7000.0
VPA,2021-04-09 07:00:00,-4.0,4.3,4.0,4.3,-3000.0
VPA,2021-06-21 07:00:00,-3.0,3.2,3.0,3.2,-3700.0
VPA,2021-10-18 07:00:00,-5.2,5.2,5.2,5.2,-2300.0
VPA,2021-12-29 07:00:00,-6.7,6.8,6.7,6.7,-6700.0
VPA,2022-04-20 07:00:00,-6.8,7.3,6.8,6.9,-5313.0
VPA,2022-08-26 07:00:00,-4.8,4.8,3.9,3.9,-3900.0
VPA,2023-10-09 07:00:00,-3.8,3.8,3.8,24.546294181479468,-7400.0
VPA,2024-01-18 07:00:00,-3.1,3.1,3.1,3.1,-20.0
VPG,2018-03-15 07:00:00,-5.12,5.14,14.001425085407515,5.12,-40180.0
VPG,2018-08-31 07:00:00,-5.62,5.71,5.53,5.68,-101440.0
VPG,2018-12-19 07:00:00,-6.31,6.49,6.31,6.49,-223640.0
VPG,2019-08-06 07:00:00,-7.11,7.18,7.0,7.18,-153640.0
VPG,2020-02-26 07:00:00,-7.9,7.9,7.87,7.9,-94750.0
VPG,2020-08-03 07:00:00,-6.08,6.32,6.08,6.18,-121850.0
VPG,2020-12-08 07:00:00,-8.66,8.68,8.49,8.6,-784940.0
VPG,2021-06-18 07:00:00,-20.69,20.77,20.42,20.53,-381700.0
VPG,2021-06-24 07:00:00,-19.98,20.04,19.68,19.82,-646500.0
VPG,2021-08-19 07:00:00,-30.49,31.39,30.31,31.09,-465800.0
VPG,2022-03-17 07:00:00,-49.6,49.92,49.36,49.36,-367900.0
VPG,2022-09-22 07:00:00,-22.62,23.16,21.81,23.16,-1365300.0
VPG,2022-09-29 07:00:00,-20.99,21.17,20.63,20.86,-897600.0
VPG,2023-08-09 07:00:00,-19.35,19.92,19.35,19.73,-2269200.0
VPG,2023-10-03 07:00:00,-17.34,17.34,16.25,16.68,-2840600.0
VPG,2023-10-30 07:00:00,-12.39,13.63,12.39,13.1,-661100.0
VPG,2023-12-04 07:00:00,-15.87,16.68,15.82,16.58,-2025700.0
VPG,2023-12-05 07:00:00,-16.68,16.68,16.34,16.34,-802800.0
VPG,2023-12-11 07:00:00,-16.82,16.82,16.2,16.39,-738900.0
VPG,2025-03-12 07:00:00,-12.8,12.9,12.55,12.7,-248100.0
VPG,2026-01-19 07:00:00,-5.9,5.9,5.6,5.7,-345500.0
VPH,2015-10-06 07:00:00,-2.85,2.96,2.85,2.92,-118210.0
VPH,2016-06-13 07:00:00,-3.74,3.77,3.7,3.7,-374560.0
VPH,2016-08-16 07:00:00,-3.22,3.22,3.14,3.14,-37590.0
VPH,2016-10-12 07:00:00,-3.14,3.31,3.07,3.27,-66640.0
VPH,2017-02-22 07:00:00,-4.55,4.55,4.35,4.41,-617220.0
VPH,2017-05-08 07:00:00,-5.36,5.61,5.18,5.49,-505420.0
VPH,2017-09-13 07:00:00,-5.95,5.95,5.88,5.92,-213010.0
VPH,2018-11-22 07:00:00,-3.62,3.62,3.53,3.59,-9860.0
VPH,2019-07-23 07:00:00,-4.17,4.28,4.16,4.28,-4390.0
VPH,2019-10-24 07:00:00,-3.59,3.7,3.59,3.69,-29880.0
VPH,2019-11-25 07:00:00,-3.39,3.46,3.39,3.46,-38470.0
VPH,2019-12-27 07:00:00,-3.39,3.39,3.26,3.36,-19220.0
VPH,2022-02-24 07:00:00,-14.35,14.35,13.3,13.47,-1408300.0
VPH,2022-04-05 07:00:00,-14.17,14.7,14.17,14.57,-720200.0
VPH,2023-03-15 07:00:00,-3.67,3.7,3.6,3.67,-110700.0
VPH,2023-06-27 07:00:00,-6.97,7.07,6.6,6.83,-488600.0
VPH,2024-02-06 07:00:00,-7.24,7.49,7.21,7.24,-191400.0
VPH,2024-07-12 07:00:00,-8.6,8.6,8.39,8.5,-416500.0
VPH,2025-12-05 07:00:00,-4.95,5.2,4.85,4.85,-117600.0
VPH,2026-04-09 07:00:00,-3.71,3.72,3.6,3.65,-29000.0
VPW,2022-01-21 07:00:00,-5.81,5.81,5.81,5.81,-16600.0
VQC,2017-05-25 07:00:00,-5.38,5.38,5.38,5.38,-100.0
VQC,2021-04-12 07:00:00,-12.46,12.46,12.46,12.46,-600.0
VQC,2023-03-07 07:00:00,-13.44,13.44,13.44,13.44,-500.0
VQC,2023-08-31 07:00:00,-11.86,11.86,11.86,11.86,-1.0
VQC,2024-04-12 07:00:00,-12.89,12.89,12.89,12.89,-1800.0
VQC,2024-09-04 07:00:00,-11.98,11.98,11.98,11.98,-400.0
VRE,2018-04-18 07:00:00,-39.79,40.02,38.04,38.04,-2055070.0
VRE,2018-04-27 07:00:00,-36.62,37.09,35.98,36.69,-1568390.0
VRE,2018-06-26 07:00:00,-31.7,32.26,31.46,32.26,-833120.0
VRE,2018-12-28 07:00:00,-28.36,28.46,27.1,27.1,-2200470.0
VRE,2019-01-08 07:00:00,-27.1,27.1,26.71,26.81,-687890.0
VRE,2019-03-26 07:00:00,-32.93,32.93,31.03,31.96,-3098380.0
VRE,2019-10-10 07:00:00,-32.1,32.5,32.1,32.4,-3104270.0
VRE,2020-03-03 07:00:00,-29.05,29.05,28.45,108.5249116672596,-120185240.0
VRE,2020-04-29 07:00:00,-23.1,23.35,22.6,23.1,-2661700.0
VRE,2020-06-05 07:00:00,-28.4,28.8,28.0,28.45,-2162490.0
VRE,2020-07-10 07:00:00,-27.35,27.55,26.95,214.3786145174283,-66358600.0
VRE,2020-08-20 07:00:00,-26.35,26.8,26.2,26.35,-2174600.0
VRE,2020-10-20 07:00:00,-27.35,27.6,27.25,27.45,-1879310.0
VRE,2020-12-07 07:00:00,-28.3,28.3,27.85,28.3,-3617660.0
VRE,2022-04-27 07:00:00,-31.0,31.0,29.6,30.5,-4010600.0
VRE,2022-07-29 07:00:00,-28.4,28.55,27.6,28.0,-2024600.0
VRE,2022-12-07 07:00:00,-29.5,30.2,28.6,29.5,-2217500.0
VRE,2025-04-23 07:00:00,-20.95,22.0,20.7,21.95,-26859000.0
VRE,2026-02-02 07:00:00,-29.8,29.9,28.1,28.1,-13210300.0
VRE,2026-04-08 07:00:00,-26.8,27.6,26.5,27.6,-7005000.0
VRG,2016-09-15 07:00:00,-1.25,1.25,1.25,1.25,-100.0
VRG,2017-02-13 07:00:00,-4.02,4.02,4.02,4.02,-100.0
VRG,2017-03-03 07:00:00,-3.36,3.36,3.36,3.36,-100.0
VRG,2018-02-05 07:00:00,-5.21,5.41,4.81,4.81,-22128.0
VRG,2018-03-05 07:00:00,-4.75,4.75,4.35,4.48,-6900.0
VRG,2018-06-18 07:00:00,-3.1,3.1,3.1,3.1,-100.0
VRG,2018-07-12 07:00:00,-2.97,2.97,2.97,2.97,-200.0
VRG,2020-02-04 07:00:00,-5.63,5.91,5.49,5.49,-26850.0
VRG,2020-02-07 07:00:00,-5.84,5.91,5.84,5.91,-15900.0
VRG,2020-06-15 07:00:00,-8.76,9.52,8.62,9.04,-310400.0
VRG,2020-07-15 07:00:00,-12.51,12.51,11.68,12.1,-85656.0
VRG,2020-07-27 07:00:00,-11.65,11.08,11.72,11.58,-43272.0
VRG,2021-11-26 07:00:00,-17.12,18.06,17.12,18.06,-1506.0
VRG,2022-04-25 07:00:00,-22.83,22.83,20.95,20.95,-2700.0
VRG,2022-04-26 07:00:00,-24.56,24.56,21.67,21.67,-3700.0
VRG,2022-12-08 07:00:00,-17.34,19.14,16.76,18.78,-19100.0
VRG,2023-10-09 07:00:00,-18.82,21.31,18.82,21.31,-2000.0
VRG,2023-12-07 07:00:00,-19.44,19.44,19.44,186.86706362594944,-218400.0
VRG,2025-01-24 07:00:00,-20.55,20.55,19.84,19.84,-20280.0
VRG,2025-02-06 07:00:00,-19.76,19.93,19.67,19.76,-23511.0
VRG,2025-06-13 07:00:00,-19.05,19.05,18.61,19.05,-53400.0
VRG,2025-06-20 07:00:00,-19.05,19.05,18.88,18.97,-12600.0
VSF,2018-10-30 07:00:00,-7.5,7.5,6.9,6.9,-1800.0
VSF,2020-04-14 07:00:00,-7.3,7.4,7.3,7.4,-6100.0
VSF,2020-05-15 07:00:00,-7.2,7.2,7.2,7.2,-3900.0
VSF,2021-10-22 07:00:00,-7.0,7.5,7.0,7.5,-14700.0
VSF,2023-12-11 07:00:00,-37.5,37.5,36.0,36.0,-6701.0
VSF,2024-01-18 07:00:00,-39.1,39.1,38.0,38.0,-3807.0
VSF,2024-08-16 07:00:00,-32.0,32.0,32.0,32.0,-3909.0
VSF,2024-10-17 07:00:00,-31.5,32.0,31.5,31.8,-4301.0
VSF,2025-02-21 07:00:00,-35.3,35.5,35.3,35.5,-8391.0
VSF,2025-11-28 07:00:00,-25.0,25.4,24.7,24.7,-15400.0
VSF,2026-01-23 07:00:00,-25.8,26.9,25.0,25.8,-25900.0
VSH,2016-02-16 07:00:00,-9.4,9.4,9.22,9.4,-76650.0
VSH,2016-05-27 07:00:00,-8.94,9.25,8.94,9.25,-24690.0
VSH,2017-10-04 07:00:00,-12.2,12.2,12.03,12.06,-41840.0
VSH,2018-12-05 07:00:00,-11.94,12.09,11.94,12.01,-34780.0
VSH,2019-04-19 07:00:00,-12.8,12.87,12.52,12.52,-122810.0
VSH,2019-07-10 07:00:00,-13.3,13.59,13.3,13.41,-12210.0
VSH,2020-01-22 07:00:00,-16.09,16.09,15.16,15.16,-3130.0
VSH,2020-09-30 07:00:00,-15.38,15.73,15.38,15.66,-77300.0
VSH,2021-01-19 07:00:00,-14.09,14.09,13.67,13.67,-37100.0
VSH,2021-01-29 07:00:00,-12.3,13.52,12.3,13.29,-16200.0
VSH,2021-02-25 07:00:00,-13.6,13.67,13.52,13.52,-33000.0
VSH,2021-04-02 07:00:00,-14.28,14.43,14.2,14.39,-50500.0
VSH,2021-07-26 07:00:00,-15.72,15.88,15.65,15.88,-13700.0
VSH,2022-03-17 07:00:00,-21.65,21.88,21.53,21.88,-27600.0
VSH,2022-09-12 07:00:00,-34.84,34.84,33.94,34.13,-402800.0
VSH,2022-09-30 07:00:00,-27.4,29.28,26.69,28.65,-365000.0
VSH,2022-11-25 07:00:00,-22.7,23.48,22.39,23.25,-41200.0
VSH,2023-01-19 07:00:00,-26.89,27.12,26.89,26.89,-33400.0
VSH,2023-04-24 07:00:00,-31.0,31.62,31.0,31.31,-28900.0
VSH,2023-04-26 07:00:00,-31.31,31.51,30.3,31.51,-32100.0
VSH,2023-05-18 07:00:00,-32.8,32.88,32.45,32.53,-12700.0
VSH,2023-10-25 07:00:00,-36.66,37.41,36.32,36.99,-66800.0
VSH,2024-03-19 07:00:00,-44.32,44.5,44.32,44.5,-8400.0
VSH,2024-05-21 07:00:00,-44.41,44.5,44.05,44.05,-4100.0
VSH,2024-07-15 07:00:00,-46.12,47.65,46.12,47.65,-1000.0
VSH,2024-10-22 07:00:00,-45.31,45.4,44.95,45.13,-7400.0
VSH,2024-11-04 07:00:00,-44.32,45.31,44.23,44.23,-16700.0
VSH,2025-01-06 07:00:00,-45.07,45.86,45.07,45.81,-8700.0
VSH,2025-03-06 07:00:00,-48.18,49.2,48.18,49.2,-72000.0
VSH,2025-03-31 07:00:00,-49.57,49.57,48.18,49.1,-26900.0
VSH,2025-12-11 07:00:00,-43.5,43.5,43.45,43.45,-500.0
VSH,2025-12-18 07:00:00,-43.01,43.01,43.01,43.01,-100.0
ZZZZZZ,2026-02-23 07:00:00,-43.65,43.65,43.3,43.6,-5700.0
VSH,2026-02-27 07:00:00,-43.5,43.5,43.3,43.4,-5800.0
VSI,2016-04-15 07:00:00,-5.83,5.87,5.41,5.79,-89990.0
VSI,2016-10-07 07:00:00,-4.56,4.56,4.56,4.56,-20.0
VSI,2016-11-21 07:00:00,-5.5,5.5,5.41,5.41,-13100.0
VSI,2016-11-28 07:00:00,-5.54,5.54,5.62,5.54,-29050.0
VSI,2017-02-23 07:00:00,-5.79,5.92,5.75,5.75,-7460.0
VSI,2017-05-15 07:00:00,-6.52,6.52,6.41,6.41,-320.0
VSI,2017-09-27 07:00:00,-7.48,7.48,7.25,7.25,-670.0
VSI,2018-01-02 07:00:00,-6.83,6.83,6.83,6.83,-10.0
VSI,2018-04-02 07:00:00,-9.59,9.66,9.17,9.17,-18130.0
VSI,2018-04-11 07:00:00,-9.4,9.78,9.35,9.35,-7320.0
VSI,2020-01-17 07:00:00,-11.77,11.77,10.82,10.82,-460.0
VSI,2020-03-05 07:00:00,-12.72,12.77,12.23,12.23,-2360.0
VSI,2020-10-12 07:00:00,-10.5,10.5,10.44,10.44,-430.0
VSI,2021-05-14 07:00:00,-13.02,13.02,11.66,12.76,-16300.0
VSI,2021-05-19 07:00:00,-13.4,13.4,13.05,13.05,-600.0
VSI,2021-07-20 07:00:00,-10.59,10.59,10.59,10.59,-800.0
VSI,2021-11-30 07:00:00,-16.28,16.28,16.22,16.22,-2700.0
VSI,2022-06-23 07:00:00,-16.36,16.57,16.36,16.57,-200.0
VSI,2023-02-01 07:00:00,-13.82,13.82,13.52,13.52,-2100.0
VSI,2023-05-31 07:00:00,-12.76,12.76,12.76,12.76,-200.0
VSI,2023-06-05 07:00:00,-12.76,12.84,12.76,12.84,-4800.0
VSI,2023-07-31 07:00:00,-12.44,12.44,12.44,12.44,-500.0
VSI,2025-03-18 07:00:00,-16.47,17.95,16.47,17.95,-200.0
VSI,2025-06-24 07:00:00,-17.23,17.28,17.23,17.28,-5000.0
VSI,2025-10-27 07:00:00,-18.24,18.34,18.24,18.34,-2600.0
VST,2015-12-28 07:00:00,-1.61,1.61,1.51,1.51,-10400.0
VST,2019-09-06 07:00:00,-0.5,0.5,0.5,0.5,-15208.0
VST,2020-04-03 07:00:00,-0.5,0.5,0.4,0.5,-4174.0
VST,2024-05-10 07:00:00,-2.8,2.8,2.5,2.6,-72515.0
VST,2025-01-24 07:00:00,-2.9,3.2,2.9,3.0,-153776.0
VTA,2015-11-05 07:00:00,-5.95,6.04,5.95,5.95,-13000.0
VTA,2016-03-14 07:00:00,-4.42,4.42,4.42,4.42,-5500.0
VTA,2016-07-15 07:00:00,-6.92,6.92,6.3,6.65,-10500.0
VTA,2018-03-29 07:00:00,-6.5,6.5,6.5,6.5,-1050.0
VTA,2020-04-03 07:00:00,-4.09,4.09,4.09,4.09,-1500.0
VTA,2020-12-23 07:00:00,-4.64,4.64,4.64,23.861238046095405,-2800.0
VTA,2021-02-22 07:00:00,-5.94,6.31,5.11,5.94,-5100.0
VTA,2021-04-26 07:00:00,-7.89,7.89,7.89,7.89,-900.0
VTA,2022-01-21 07:00:00,-6.5,7.15,6.5,7.15,-700.0
VTA,2022-03-30 07:00:00,-6.87,6.87,6.78,6.78,-450.0
VTA,2022-04-27 07:00:00,-5.76,6.41,5.57,6.41,-13600.0
VTA,2022-06-20 07:00:00,-5.2,5.2,5.11,5.11,-8100.0
VTA,2022-07-18 07:00:00,-5.01,5.01,5.01,5.01,-4003.0
VTA,2022-10-12 07:00:00,-4.74,5.29,4.74,5.29,-5100.0
VTA,2022-11-23 07:00:00,-3.81,4.18,3.81,4.18,-3800.0
VTA,2022-12-28 07:00:00,-3.9,3.9,3.9,3.9,-300.0
VTA,2023-09-21 07:00:00,-5.4,5.4,4.9,5.2,-8138.0
VTA,2024-01-26 07:00:00,-3.6,3.8,3.6,3.8,-4800.0
VTA,2024-06-24 07:00:00,-3.7,3.9,3.7,3.7,-300.0
VTA,2024-08-01 07:00:00,-3.5,3.5,3.5,3.5,-101.0
VTA,2025-08-22 07:00:00,-3.2,3.2,3.1,3.1,-3800.0
VTA,2026-03-19 07:00:00,-2.5,2.5,2.3,2.3,-15600.0
VTA,2026-03-26 07:00:00,-2.2,2.2,2.2,2.2,-500.0
VTA,2026-04-08 07:00:00,-2.0,2.0,1.9,1.9,-10100.0
VTD,2020-03-27 07:00:00,-25.67,25.91,25.67,25.83,-86800.0
VTD,2020-07-22 07:00:00,-14.25,14.49,13.78,14.49,-132627.0
VTD,2021-06-18 07:00:00,-12.29,12.52,12.29,12.44,-119355.0
VTD,2021-08-30 07:00:00,-10.24,10.32,10.08,73.00025710118246,-567600.0
VTD,2021-09-07 07:00:00,-10.79,11.89,10.79,11.5,-203186.0
VTD,2022-03-18 07:00:00,-19.85,20.24,19.69,19.85,-151150.0
VTD,2022-11-09 07:00:00,-10.0,10.5,11.003557632398753,10.0,-78902.0
VTD,2022-12-16 07:00:00,-9.7,9.7,9.3,9.5,-56100.0
VTD,2023-11-09 07:00:00,-8.1,8.1,7.9,8.0,-50133.0
VTD,2024-11-05 07:00:00,-6.8,6.8,6.6,6.7,-11503.0
VTD,2024-12-11 07:00:00,-7.0,7.2,7.0,7.2,-12001.0
VTD,2025-02-11 07:00:00,-8.4,8.4,8.0,8.2,-37545.0
VTD,2025-10-03 07:00:00,-7.5,7.5,7.3,7.4,-18400.0
VTD,2025-11-12 07:00:00,-6.6,6.9,6.6,6.9,-33900.0
VTD,2025-12-29 07:00:00,-6.4,6.5,6.3,6.4,-53600.0
VTH,2016-04-06 07:00:00,-9.37,9.63,9.16,9.16,-1800.0
VTH,2016-07-06 07:00:00,-8.79,8.79,8.79,8.79,-1800.0
VTH,2016-10-17 07:00:00,-6.68,6.68,6.68,6.68,-200.0
VTH,2017-03-29 07:00:00,-6.74,6.74,6.15,6.21,-11400.0
VTH,2017-06-19 07:00:00,-7.46,7.46,7.28,7.28,-8800.0
VTH,2017-08-07 07:00:00,-7.59,7.65,7.1,7.1,-75100.0
VTH,2017-08-17 07:00:00,-7.4,7.4,6.12,6.85,-10800.0
VTH,2018-02-01 07:00:00,-9.18,9.18,8.81,8.81,-4300.0
VTH,2018-10-05 07:00:00,-6.36,6.36,6.3,6.36,-5100.0
VTH,2023-05-16 07:00:00,-7.1,7.6,7.1,7.6,-810.0
VTH,2023-05-30 07:00:00,-6.8,6.9,6.8,6.9,-200.0
VTH,2023-11-17 07:00:00,-7.2,7.6,7.2,7.2,-500.0
VTH,2024-01-19 07:00:00,-8.7,8.9,8.7,8.7,-3635.0
VTH,2024-07-03 07:00:00,-8.0,8.4,8.0,8.4,-200.0
VTH,2024-10-07 07:00:00,-7.7,7.9,7.7,7.9,-200.0
VTH,2024-12-09 07:00:00,-7.9,7.9,7.9,7.9,-100.0
VTH,2025-09-08 07:00:00,-9.3,9.3,8.6,8.9,-300.0
VTH,2025-11-04 07:00:00,-9.0,9.0,9.0,9.0,-100.0
VTH,2025-12-10 07:00:00,-7.9,8.4,7.8,8.3,-4400.0
VTH,2026-03-25 07:00:00,-9.1,9.1,9.1,9.1,-600.0
VTH,2026-03-31 07:00:00,-8.9,8.9,8.7,8.7,-500.0
VTX,2019-12-06 07:00:00,-8.3,8.3,8.3,8.3,-700.0
VTX,2021-07-09 07:00:00,-14.7,14.7,14.7,14.7,-4500.0
VTX,2022-08-11 07:00:00,-10.3,10.3,10.3,10.3,-300.0
VTX,2022-10-06 07:00:00,-15.6,15.6,15.6,15.6,-100.0
VTX,2025-04-17 07:00:00,-8.1,8.1,8.1,8.1,-50.0
VVS,2023-05-19 07:00:00,-17.25,17.25,17.25,17.25,-600.0
VVS,2023-06-20 07:00:00,-18.8,20.05,18.8,19.95,-4500.0
VVS,2023-07-03 07:00:00,-18.99,18.99,18.99,18.99,-500.0
VVS,2025-04-02 07:00:00,-17.35,17.83,17.35,17.83,-200.0
VVS,2025-04-04 07:00:00,-17.64,17.74,17.35,17.35,-1500.0
VVS,2025-05-13 07:00:00,-20.24,20.24,20.24,20.24,-100.0
VVS,2025-08-14 07:00:00,-35.1,35.5,32.6,34.9,-243700.0
VVS,2025-11-21 07:00:00,-64.2,65.0,63.8,64.2,-132800.0
VVS,2025-11-27 07:00:00,-60.4,61.3,59.3,61.1,-108200.0
VXB,2016-10-20 07:00:00,-8.17,8.17,8.17,8.17,-1300.0
VXB,2017-07-04 07:00:00,-9.35,9.45,9.35,9.35,-1100.0
VXB,2018-05-15 07:00:00,-12.16,12.16,12.16,12.16,-900.0
VXB,2020-06-15 07:00:00,-6.8,6.8,6.8,6.8,-400.0
VXB,2022-01-28 07:00:00,-40.1,40.1,38.0,40.1,-9601.0
X20,2018-08-28 07:00:00,-7.07,7.07,7.07,7.07,-100.0
X20,2018-12-04 07:00:00,-7.6,7.6,7.6,7.6,-1000.0
X20,2019-02-20 07:00:00,-6.61,6.61,6.61,6.61,-400.0
X20,2020-03-10 07:00:00,-7.52,7.52,7.52,7.52,-100.0
X20,2020-11-17 07:00:00,-5.03,5.03,5.03,5.03,-100.0
X20,2021-02-04 07:00:00,-7.33,7.33,7.33,7.33,-1000.0
X20,2021-02-22 07:00:00,-5.4,5.4,5.4,5.4,-100.0
X20,2022-04-07 07:00:00,-9.1,9.1,9.02,9.02,-800.0
X20,2023-05-15 07:00:00,-6.85,6.85,6.85,6.85,-100.0
X20,2024-03-06 07:00:00,-9.16,9.16,9.16,9.16,-1500.0
X20,2024-12-04 07:00:00,-10.32,10.32,10.32,10.32,-110.0
X26,2019-07-03 07:00:00,-11.77,11.85,11.77,11.85,-700.0
X26,2022-10-24 07:00:00,-16.15,16.15,16.15,16.15,-1.0
XMC,2020-05-19 07:00:00,-6.54,6.98,6.54,6.98,-7500.0
XMC,2020-12-22 07:00:00,-9.11,9.11,8.74,8.89,-67321.0
XMC,2021-03-19 07:00:00,-10.36,10.52,10.2,10.52,-24400.0
XMC,2021-07-08 07:00:00,-8.89,8.89,8.65,8.73,-11300.0
XMC,2021-09-10 07:00:00,-8.73,8.97,8.73,8.81,-2600.0
XMC,2022-04-14 07:00:00,-12.0,12.17,11.91,12.08,-26600.0
XMC,2022-06-16 07:00:00,-8.41,8.76,8.41,8.76,-1100.0
XMC,2022-10-10 07:00:00,-6.22,6.39,6.13,6.39,-5398.0
XMC,2024-03-27 07:00:00,-7.3,7.4,7.3,7.3,-2902.0
XMC,2024-10-03 07:00:00,-7.0,7.0,6.8,6.9,-11900.0
XMC,2025-07-14 07:00:00,-6.0,6.3,6.0,6.0,-7700.0
XMC,2026-03-04 07:00:00,-9.3,9.3,9.0,9.0,-2200.0
XPH,2016-06-08 07:00:00,-7.89,8.45,7.89,8.17,-46800.0
XPH,2017-02-07 07:00:00,-6.07,6.45,6.07,6.07,-5000.0
XPH,2017-05-22 07:00:00,-6.45,6.74,6.45,6.74,-19300.0
XPH,2017-12-14 07:00:00,-6.01,7.1,6.01,7.1,-5000.0
XPH,2018-08-28 07:00:00,-5.4,6.0,5.3,6.0,-3100.0
XPH,2019-05-23 07:00:00,-6.6,7.3,6.6,6.6,-17000.0
XPH,2019-05-24 07:00:00,-6.9,6.9,6.9,6.9,-300.0
XPH,2019-06-03 07:00:00,-6.3,6.3,6.3,6.3,-6400.0
XPH,2021-01-27 07:00:00,-8.2,8.2,8.2,8.2,-1000.0
XPH,2021-01-29 07:00:00,-8.1,8.1,8.0,8.0,-2500.0
XPH,2021-11-05 07:00:00,-12.6,12.7,11.7,11.7,-3534.0
XPH,2024-04-23 07:00:00,-7.2,7.2,5.6,6.5,-500.0
XPH,2024-06-04 07:00:00,-7.3,7.8,6.2,6.5,-12700.0
XPH,2024-06-20 07:00:00,-6.4,6.4,6.4,6.4,-3200.0
XPH,2024-07-10 07:00:00,-7.1,7.1,7.1,7.1,-1000.0
XPH,2025-03-20 07:00:00,-7.9,8.6,7.7,8.6,-23600.0
XPH,2025-04-09 07:00:00,-6.3,7.0,6.3,7.0,-3600.0
XPH,2025-05-30 07:00:00,-9.5,9.5,9.5,9.5,-1400.0
YTC,2017-09-08 07:00:00,-17.15,17.15,17.15,17.15,-100.0
YTC,2021-06-17 07:00:00,-38.32,38.32,38.32,38.32,-1.0
YTC,2023-03-22 07:00:00,-32.49,32.49,32.49,32.49,-5.0
YTC,2023-12-05 07:00:00,-28.04,37.26,28.04,35.83,-1200.0
YTC,2024-05-20 07:00:00,-53.53,53.53,48.49,48.49,-400.0
VNR,2017-03-02 07:00:00,-8.96,9.0,8.8,8.8,-9320.0
IMP,2022-05-06 07:00:00,-27.01,29.37,27.01,26.27763989993691,-1700.0
IDI,2025-03-13 07:00:00,-7.64,6.970482019892884,7.52,30.248454938781254,-16182000.0
FCN,2020-10-21 07:00:00,-9.55,13.271265083690151,9.16,9.16,3075819.583008574
STG,2021-12-23 07:00:00,-30.8,24.213249772105744,23.48655797101449,29.55,98396.22727272728
BTP,2021-03-05 07:00:00,-9.17,9.17,8.801262250098,9.14,-7000.0
MSB,2021-11-02 07:00:00,-11.52,11.54,11.4,11.54,12346549.162264151
TPB,2023-02-06 07:00:00,-11.12,11.31,11.063734398402396,12.219015568375209,-4563500.0
SSH,2025-07-22 07:00:00,-93.0,76.0865009380863,74.61757746478874,80.38253256237701,261515.8426013195
NFC,2022-07-08 07:00:00,-15.23,15.23,23.18267394270123,13.05,-2200.0
VCI,2020-12-16 07:00:00,-8.42,8.62,8.35,18.166802399627798,8397918.783721993
SSH,2024-12-11 07:00:00,-66.9,67.2,74.61757746478874,66.9,-56200.0
IJC,2016-08-25 07:00:00,-2.88,8.343338632750397,2.84,8.53916946614588,-124550.0
MCO,2023-01-03 07:00:00,-4.0,4.0,3.8,3.8,-5500.0
UNI,2019-06-03 07:00:00,-7.0,7.9,6.9,7.9,-2400.0
VTH,2021-09-08 07:00:00,-5.92,7.878586345381526,7.6027133655394525,5.92,-300.0
PVT,2023-10-23 07:00:00,-18.98,12.126235741444868,18.36,18.77,-2969900.0
EIN,2024-06-27 07:00:00,-3.5,3.5,3.4,5.899264266029404,-6417.0
IDV,2019-10-29 07:00:00,-11.82,11.82,11.61,18.54889499466815,-5715.0
TDT,2021-06-16 07:00:00,-7.7,7.017113402061856,6.789221991701245,7.64,-90122.0
DBD,2023-01-10 07:00:00,-29.64,29.64,28.94,29.46,-71000.0
DNH,2017-12-15 07:00:00,-12.5,29.900632911392407,29.43147151898734,12.5,-10000.0
TLP,2023-07-12 07:00:00,-6.68,6.68,8.076566383257031,6.68,-200.0
SAC,2018-06-21 07:00:00,-5.36,8.592383233532935,8.292890484739678,5.8,-700.0
AGX,2024-06-26 07:00:00,-58.76,61.32,58.76,61.32,-200.0
GND,2018-08-10 07:00:00,-12.74,12.74,18.94037711313394,11.43,4518.608441558442
POS,2025-10-01 07:00:00,-15.7,15.7,15.7,11.582101288617814,27982.83851554664
DXV,2021-05-24 07:00:00,-4.8,5.4,4.75,4.599272832914668,26813.608602150536
PCH,2022-10-03 07:00:00,-4.63,11.08721329046088,10.758137782561894,4.24,-55200.0
HAC,2018-09-25 07:00:00,-2.71,7.086506912442396,6.780621260929591,2.71,-16200.0
GMH,2025-08-01 07:00:00,-7.83,8.856742502585314,7.5,7.82,-1400.0
PIC,2021-08-03 07:00:00,-7.42,7.66,7.1,7.66,-13883.0
SID,2020-05-07 07:00:00,-9.22,14.003272519954391,9.13,9.5,-1900.0
UNI,2016-01-06 07:00:00,-10.0,9.28,8.468066179630425,9.28,-1300.0
VTD,2025-03-03 07:00:00,-9.2,11.561544665012406,8.9,9.0,-46306.0
PXM,2015-11-16 07:00:00,-0.51,0.58,0.51,0.58,-52800.0
KST,2022-09-30 07:00:00,-7.66,8.886630170316302,8.755149700598803,7.66,3054.034897713598
VNH,2016-08-17 07:00:00,-1.24,2.452330911123533,1.24,1.24,-83940.0
TNT,2019-02-25 07:00:00,-2.07,2.09,2.06,2.06,410056.5089660435
PVR,2016-08-23 07:00:00,-2.38,2.1750212765957446,2.064964438122333,2.349624934667921,-1100.0
TNB,2016-08-10 07:00:00,-4.45,4.66,7.681039145907474,4.66,-5200.0
PBC,2026-03-02 07:00:00,-5.9,6.1,5.8,5.8,-15100.0
VTH,2025-10-31 07:00:00,-8.8,8.8,8.5,8.268448584674239,9085.146752205294
GMC,2019-11-28 07:00:00,-12.65,14.286766125493639,12.65,12.74,-32090.0
ABR,2019-08-02 07:00:00,-10.31,11.558208269525268,11.106903127383676,11.9,10775.523300229182
CKD,2026-04-13 07:00:00,-29.6,17.179092409240926,29.6,30.0,5428.384995877988
GSP,2017-06-13 07:00:00,-5.03,5.13,5.01,5.13,-56920.0
GMC,2020-05-22 07:00:00,-12.18,12.31,12.12,12.18,-10650.0
