symbol,date,volume,volume_rounded
ABR,2023-02-27 07:00:00,10775.523300229182,10776.0
ABT,2018-09-11 07:00:00,6330.066760695816,6330.0
ABT,2022-06-22 07:00:00,6330.066760695816,6330.0
ABT,2023-02-09 07:00:00,6330.066760695816,6330.0
ABT,2025-04-09 07:00:00,6330.066760695816,6330.0
ACB,2018-03-19 07:00:00,8032011.533536585,8032012.0
ACB,2020-03-03 07:00:00,8032011.533536585,8032012.0
ACB,2021-08-26 07:00:00,8032011.533536585,8032012.0
ACB,2022-01-12 07:00:00,8032011.533536585,8032012.0
ACB,2023-07-06 07:00:00,8032011.533536585,8032012.0
ACB,2024-05-03 07:00:00,8032011.533536585,8032012.0
ACB,2025-08-05 07:00:00,8032011.533536585,8032012.0
ACC,2021-01-05 07:00:00,89371.18091451292,89371.0
ACC,2021-10-11 07:00:00,89371.18091451292,89371.0
ACL,2016-12-23 07:00:00,110874.03046521202,110874.0
ACL,2017-10-12 07:00:00,110874.03046521202,110874.0
ACL,2018-10-24 07:00:00,110874.03046521202,110874.0
ACL,2021-06-10 07:00:00,110874.03046521202,110874.0
ACL,2022-08-15 07:00:00,110874.03046521202,110874.0
ACL,2024-09-18 07:00:00,110874.03046521202,110874.0
ACL,2026-04-21 07:00:00,110874.03046521202,110874.0
ACM,2016-02-03 07:00:00,1526439.874423963,1526440.0
ACM,2017-03-14 07:00:00,1526439.874423963,1526440.0
ACM,2025-11-07 07:00:00,1526439.874423963,1526440.0
ACV,2017-12-05 07:00:00,449639.8459563543,449640.0
ACV,2024-05-15 07:00:00,449639.8459563543,449640.0
ACV,2025-03-05 07:00:00,449639.8459563543,449640.0
ADC,2018-08-29 07:00:00,2436.797349961029,2437.0
ADC,2019-10-30 07:00:00,2436.797349961029,2437.0
ADC,2021-09-06 07:00:00,2436.797349961029,2437.0
ADC,2024-10-11 07:00:00,2436.797349961029,2437.0
ADC,2025-07-02 07:00:00,2436.797349961029,2437.0
AFX,2019-05-24 07:00:00,137782.39732142858,137782.0
AFX,2021-05-27 07:00:00,137782.39732142858,137782.0
AFX,2022-06-01 07:00:00,137782.39732142858,137782.0
AFX,2025-02-04 07:00:00,137782.39732142858,137782.0
AFX,2025-03-11 07:00:00,137782.39732142858,137782.0
AGG,2020-05-26 07:00:00,1469914.9043367347,1469915.0
AGP,2016-06-10 07:00:00,8278.40070713023,8278.0
AGP,2016-09-16 07:00:00,8278.40070713023,8278.0
AGP,2017-10-20 07:00:00,8278.40070713023,8278.0
AGP,2019-11-29 07:00:00,8278.40070713023,8278.0
AGP,2025-02-10 07:00:00,8278.40070713023,8278.0
AGX,2022-12-15 07:00:00,4744.190476190476,4744.0
AGX,2023-12-01 07:00:00,4744.190476190476,4744.0
AGX,2025-08-25 07:00:00,4744.190476190476,4744.0
ALV,2016-01-04 07:00:00,46670.96702068194,46671.0
ALV,2018-07-18 07:00:00,46670.96702068194,46671.0
ALV,2018-09-21 07:00:00,46670.96702068194,46671.0
ALV,2019-08-30 07:00:00,46670.96702068194,46671.0
ALV,2025-06-24 07:00:00,46670.96702068194,46671.0
ANT,2021-08-02 07:00:00,24161.047865459248,24161.0
ANT,2025-11-14 07:00:00,24161.047865459248,24161.0
ANV,2017-11-08 07:00:00,1807875.4485692189,1807875.0
ANV,2019-06-20 07:00:00,1807875.4485692189,1807875.0
ANV,2019-10-01 07:00:00,1807875.4485692189,1807875.0
ANV,2021-07-26 07:00:00,1807875.4485692189,1807875.0
ANV,2022-06-14 07:00:00,1807875.4485692189,1807875.0
ANV,2023-02-22 07:00:00,1807875.4485692189,1807875.0
APF,2018-05-29 07:00:00,23861.466804979253,23861.0
APF,2022-10-04 07:00:00,23861.466804979253,23861.0
APF,2025-07-15 07:00:00,23861.466804979253,23861.0
APG,2018-08-30 07:00:00,1257664.9679907444,1257665.0
APG,2020-10-13 07:00:00,1257664.9679907444,1257665.0
APG,2022-03-24 07:00:00,1257664.9679907444,1257665.0
APG,2024-05-13 07:00:00,1257664.9679907444,1257665.0
APG,2025-01-21 07:00:00,1257664.9679907444,1257665.0
APG,2025-09-03 07:00:00,1257664.9679907444,1257665.0
ARM,2024-09-16 07:00:00,2008.6246200607902,2009.0
ASM,2016-07-05 07:00:00,5170101.299456944,5170101.0
ATS,2016-09-19 07:00:00,26592.350506756757,26592.0
ATS,2019-01-04 07:00:00,26592.350506756757,26592.0
ATS,2019-06-07 07:00:00,26592.350506756757,26592.0
ATS,2024-12-20 07:00:00,26592.350506756757,26592.0
AVC,2018-12-05 07:00:00,3181.4335169158144,3181.0
AVC,2024-03-01 07:00:00,3181.4335169158144,3181.0
AVC,2024-07-19 07:00:00,3181.4335169158144,3181.0
AVC,2024-09-20 07:00:00,3181.4335169158144,3181.0
BAB,2023-04-19 07:00:00,37822.418685121105,37822.0
BAB,2023-09-18 07:00:00,37822.418685121105,37822.0
BAB,2024-09-18 07:00:00,37822.418685121105,37822.0
BAF,2023-05-16 07:00:00,4913312.983425414,4913313.0
BAF,2025-02-25 07:00:00,4913312.983425414,4913313.0
BAF,2025-05-13 07:00:00,4913312.983425414,4913313.0
BAF,2025-10-28 07:00:00,4913312.983425414,4913313.0
BAF,2026-04-14 07:00:00,4913312.983425414,4913313.0
BAL,2022-11-03 07:00:00,1381.6526576019778,1382.0
BAL,2026-04-13 07:00:00,1381.6526576019778,1382.0
BBH,2024-12-26 07:00:00,6003.3020527859235,6003.0
BBS,2019-08-21 07:00:00,23450.375105842508,23450.0
BBS,2025-01-14 07:00:00,23450.375105842508,23450.0
BCA,2023-02-15 07:00:00,124468.78446771379,124469.0
BCA,2024-02-23 07:00:00,124468.78446771379,124469.0
BCM,2018-10-24 07:00:00,508134.5526838966,508135.0
BCM,2023-05-08 07:00:00,508134.5526838966,508135.0
BCM,2023-08-09 07:00:00,508134.5526838966,508135.0
BCM,2023-08-23 07:00:00,508134.5526838966,508135.0
BCP,2018-01-23 07:00:00,5346.80118694362,5347.0
BCP,2018-05-09 07:00:00,5346.80118694362,5347.0
BCP,2020-09-22 07:00:00,5346.80118694362,5347.0
BHA,2019-05-22 07:00:00,16601.358921161827,16601.0
BHN,2019-09-19 07:00:00,10312.826530612245,10313.0
BHN,2023-07-14 07:00:00,10312.826530612245,10313.0
BHN,2025-03-18 07:00:00,10312.826530612245,10313.0
BHP,2016-01-20 07:00:00,4180.321746160064,4180.0
BHP,2016-11-29 07:00:00,4180.321746160064,4180.0
BHP,2018-10-03 07:00:00,4180.321746160064,4180.0
BHP,2024-01-22 07:00:00,4180.321746160064,4180.0
BHP,2024-08-01 07:00:00,4180.321746160064,4180.0
BLI,2020-01-03 07:00:00,22348.951058823528,22349.0
BLI,2021-01-22 07:00:00,22348.951058823528,22349.0
BLI,2025-03-19 07:00:00,22348.951058823528,22349.0
BMG,2021-12-09 07:00:00,2640.3294797687863,2640.0
BMS,2020-03-18 07:00:00,279139.36772151897,279139.0
BMS,2021-07-29 07:00:00,279139.36772151897,279139.0
BMS,2021-12-14 07:00:00,279139.36772151897,279139.0
BMS,2024-06-17 07:00:00,279139.36772151897,279139.0
BMS,2024-09-12 07:00:00,279139.36772151897,279139.0
BMS,2024-10-25 07:00:00,279139.36772151897,279139.0
BMS,2025-10-30 07:00:00,279139.36772151897,279139.0
BT1,2021-06-16 07:00:00,4993.754826254826,4994.0
BTN,2021-09-29 07:00:00,88009.20459440058,88009.0
BTN,2022-11-15 07:00:00,88009.20459440058,88009.0
BTN,2024-06-14 07:00:00,88009.20459440058,88009.0
BTN,2025-02-10 07:00:00,88009.20459440058,88009.0
BTN,2025-05-08 07:00:00,88009.20459440058,88009.0
BTP,2018-02-23 07:00:00,55560.01969279244,55560.0
BTP,2020-07-23 07:00:00,55560.01969279244,55560.0
BTP,2020-10-26 07:00:00,55560.01969279244,55560.0
BTP,2023-11-14 07:00:00,55560.01969279244,55560.0
BTP,2024-06-17 07:00:00,55560.01969279244,55560.0
BTP,2024-07-10 07:00:00,55560.01969279244,55560.0
BTP,2024-09-20 07:00:00,55560.01969279244,55560.0
BTS,2020-08-31 07:00:00,94253.16053357866,94253.0
BTS,2021-09-09 07:00:00,94253.16053357866,94253.0
BTS,2022-06-03 07:00:00,94253.16053357866,94253.0
BTS,2023-01-03 07:00:00,94253.16053357866,94253.0
BTU,2017-08-18 07:00:00,3023.1135693215338,3023.0
BTU,2021-03-24 07:00:00,3023.1135693215338,3023.0
BTU,2022-01-14 07:00:00,3023.1135693215338,3023.0
BVL,2021-07-08 07:00:00,10858.187122736419,10858.0
BVL,2021-12-20 07:00:00,10858.187122736419,10858.0
BVL,2023-08-08 07:00:00,10858.187122736419,10858.0
BVL,2024-02-20 07:00:00,10858.187122736419,10858.0
BVL,2025-05-05 07:00:00,10858.187122736419,10858.0
BVS,2016-07-18 07:00:00,672698.5615325078,672699.0
BVS,2021-02-26 07:00:00,672698.5615325078,672699.0
C21,2017-11-24 07:00:00,16064.699354838709,16065.0
C21,2020-09-24 07:00:00,16064.699354838709,16065.0
C21,2021-11-22 07:00:00,16064.699354838709,16065.0
C21,2022-04-04 07:00:00,16064.699354838709,16065.0
CCI,2017-02-15 07:00:00,7182.915587778353,7183.0
CCR,2022-10-06 07:00:00,5354.550736497545,5355.0
CCR,2023-01-19 07:00:00,5354.550736497545,5355.0
CCR,2023-09-28 07:00:00,5354.550736497545,5355.0
CCR,2025-05-15 07:00:00,5354.550736497545,5355.0
CDN,2022-10-20 07:00:00,13857.189810640217,13857.0
CDO,2018-10-26 07:00:00,939682.0397820163,939682.0
CDP,2019-11-05 07:00:00,25302.474507138002,25302.0
CDP,2024-08-09 07:00:00,25302.474507138002,25302.0
CIA,2018-08-06 07:00:00,31261.935483870966,31262.0
CIA,2018-11-26 07:00:00,31261.935483870966,31262.0
CIA,2018-12-14 07:00:00,31261.935483870966,31262.0
CLM,2023-09-18 07:00:00,2284.4661016949153,2284.0
CLM,2026-03-30 07:00:00,2284.4661016949153,2284.0
CLX,2019-05-13 07:00:00,157999.83461736003,158000.0
CLX,2021-04-22 07:00:00,157999.83461736003,158000.0
CLX,2021-05-27 07:00:00,157999.83461736003,158000.0
CLX,2021-09-08 07:00:00,157999.83461736003,158000.0
CLX,2025-07-30 07:00:00,157999.83461736003,158000.0
CMM,2025-02-13 07:00:00,26285.356951871658,26285.0
CMN,2022-11-29 07:00:00,5882.098484848485,5882.0
CMN,2023-05-05 07:00:00,5882.098484848485,5882.0
CQN,2022-09-23 07:00:00,9813.467670504871,9813.0
CQN,2024-06-25 07:00:00,9813.467670504871,9813.0
CQN,2026-01-06 07:00:00,9813.467670504871,9813.0
CQN,2026-02-25 07:00:00,9813.467670504871,9813.0
CQT,2025-11-06 07:00:00,6553.038043478261,6553.0
CRE,2020-04-20 07:00:00,1197335.775907417,1197336.0
CRE,2023-07-14 07:00:00,1197335.775907417,1197336.0
CRE,2024-06-20 07:00:00,1197335.775907417,1197336.0
CRE,2025-01-09 07:00:00,1197335.775907417,1197336.0
CRE,2025-08-21 07:00:00,1197335.775907417,1197336.0
CRV,2025-10-27 07:00:00,6305.0847457627115,6305.0
CSC,2023-06-08 07:00:00,70790.98238747554,70791.0
CSM,2019-10-16 07:00:00,407626.3063407181,407626.0
CSM,2021-09-15 07:00:00,407626.3063407181,407626.0
CSM,2022-05-24 07:00:00,407626.3063407181,407626.0
CSM,2023-07-10 07:00:00,407626.3063407181,407626.0
CSM,2025-04-09 07:00:00,407626.3063407181,407626.0
CST,2022-01-14 07:00:00,241336.5294592413,241337.0
CST,2022-03-22 07:00:00,241336.5294592413,241337.0
CST,2024-03-05 07:00:00,241336.5294592413,241337.0
CSV,2016-01-29 07:00:00,946978.8334612433,946979.0
CSV,2016-04-08 07:00:00,946978.8334612433,946979.0
CSV,2018-01-02 07:00:00,946978.8334612433,946979.0
CSV,2019-10-07 07:00:00,946978.8334612433,946979.0
CSV,2023-02-28 07:00:00,946978.8334612433,946979.0
CSV,2025-02-11 07:00:00,946978.8334612433,946979.0
CTB,2016-03-28 07:00:00,7162.163780663781,7162.0
CTB,2020-07-17 07:00:00,7162.163780663781,7162.0
CTB,2024-09-04 07:00:00,7162.163780663781,7162.0
CTG,2016-11-07 07:00:00,9613649.072124757,9613649.0
CTG,2023-11-14 07:00:00,9613649.072124757,9613649.0
CTG,2025-06-30 07:00:00,9613649.072124757,9613649.0
CTI,2016-05-31 07:00:00,1299987.0906321402,1299987.0
CTI,2019-06-20 07:00:00,1299987.0906321402,1299987.0
CTI,2024-01-16 07:00:00,1299987.0906321402,1299987.0
CTI,2024-11-26 07:00:00,1299987.0906321402,1299987.0
CTP,2017-07-28 07:00:00,163055.09018789144,163055.0
CTP,2019-11-29 07:00:00,163055.09018789144,163055.0
CTP,2022-04-01 07:00:00,163055.09018789144,163055.0
CTP,2022-08-05 07:00:00,163055.09018789144,163055.0
CTP,2026-04-20 07:00:00,163055.09018789144,163055.0
CTR,2019-08-02 07:00:00,800053.1551642076,800053.0
CTR,2019-08-09 07:00:00,800053.1551642076,800053.0
CTR,2020-12-08 07:00:00,800053.1551642076,800053.0
CTR,2021-02-05 07:00:00,800053.1551642076,800053.0
CTR,2025-11-07 07:00:00,800053.1551642076,800053.0
CTW,2025-01-02 07:00:00,1665.0826161790017,1665.0
CTX,2026-02-23 07:00:00,63983.62557427259,63984.0
CVT,2016-09-16 07:00:00,405095.22044728434,405095.0
CVT,2021-10-13 07:00:00,405095.22044728434,405095.0
CVT,2022-06-22 07:00:00,405095.22044728434,405095.0
CVT,2025-03-06 07:00:00,405095.22044728434,405095.0
CVT,2025-06-02 07:00:00,405095.22044728434,405095.0
CVT,2026-04-21 07:00:00,405095.22044728434,405095.0
CYC,2017-03-23 07:00:00,8637.138392857143,8637.0
CYC,2018-03-02 07:00:00,8637.138392857143,8637.0
D2D,2016-02-22 07:00:00,224042.58887171562,224043.0
D2D,2016-11-11 07:00:00,224042.58887171562,224043.0
D2D,2016-12-30 07:00:00,224042.58887171562,224043.0
D2D,2019-07-12 07:00:00,224042.58887171562,224043.0
D2D,2020-11-03 07:00:00,224042.58887171562,224043.0
D2D,2023-07-05 07:00:00,224042.58887171562,224043.0
D2D,2024-05-22 07:00:00,224042.58887171562,224043.0
D2D,2025-02-03 07:00:00,224042.58887171562,224043.0
DAG,2015-12-01 07:00:00,705320.4972875227,705320.0
DAG,2019-04-16 07:00:00,705320.4972875227,705320.0
DAG,2020-04-22 07:00:00,705320.4972875227,705320.0
DAG,2021-02-25 07:00:00,705320.4972875227,705320.0
DAG,2022-06-08 07:00:00,705320.4972875227,705320.0
DAG,2023-09-07 07:00:00,705320.4972875227,705320.0
DAS,2019-10-10 07:00:00,3660.9881556683586,3661.0
DAT,2024-10-02 07:00:00,7376.721497447533,7377.0
DBC,2016-10-24 07:00:00,5184058.072239032,5184058.0
DBC,2018-02-27 07:00:00,5184058.072239032,5184058.0
DBC,2019-12-27 07:00:00,5184058.072239032,5184058.0
DBC,2020-12-14 07:00:00,5184058.072239032,5184058.0
DBD,2017-09-01 07:00:00,149304.10121633363,149304.0
DBD,2021-01-25 07:00:00,149304.10121633363,149304.0
DBD,2021-02-03 07:00:00,149304.10121633363,149304.0
DBD,2024-02-28 07:00:00,149304.10121633363,149304.0
DC1,2022-08-16 07:00:00,6517.890750670242,6518.0
DC1,2025-09-18 07:00:00,6517.890750670242,6518.0
DC1,2026-04-14 07:00:00,6517.890750670242,6518.0
DCL,2017-09-06 07:00:00,324667.2903963415,324667.0
DCL,2019-04-17 07:00:00,324667.2903963415,324667.0
DCL,2020-10-02 07:00:00,324667.2903963415,324667.0
DCL,2021-09-22 07:00:00,324667.2903963415,324667.0
DCL,2021-11-16 07:00:00,324667.2903963415,324667.0
DCL,2024-07-29 07:00:00,324667.2903963415,324667.0
DCL,2024-09-30 07:00:00,324667.2903963415,324667.0
DCL,2024-12-13 07:00:00,324667.2903963415,324667.0
DGC,2017-11-09 07:00:00,1990020.7952138092,1990021.0
DGC,2018-01-23 07:00:00,1990020.7952138092,1990021.0
DGC,2023-07-12 07:00:00,1990020.7952138092,1990021.0
DGW,2016-10-25 07:00:00,1898223.6439710916,1898224.0
DGW,2016-11-28 07:00:00,1898223.6439710916,1898224.0
DGW,2018-08-24 07:00:00,1898223.6439710916,1898224.0
DGW,2019-09-17 07:00:00,1898223.6439710916,1898224.0
DGW,2020-02-20 07:00:00,1898223.6439710916,1898224.0
DGW,2025-01-20 07:00:00,1898223.6439710916,1898224.0
DGW,2026-02-25 07:00:00,1898223.6439710916,1898224.0
DHA,2017-06-27 07:00:00,112685.45701006972,112685.0
DHA,2020-08-20 07:00:00,112685.45701006972,112685.0
DHA,2022-03-01 07:00:00,112685.45701006972,112685.0
DHA,2022-10-04 07:00:00,112685.45701006972,112685.0
DHA,2024-01-18 07:00:00,112685.45701006972,112685.0
DHA,2026-03-31 07:00:00,112685.45701006972,112685.0
DHB,2024-06-04 07:00:00,29710.40807799443,29710.0
DHB,2024-09-25 07:00:00,29710.40807799443,29710.0
DHB,2025-01-07 07:00:00,29710.40807799443,29710.0
DHD,2021-12-23 07:00:00,3168.013062409289,3168.0
DHD,2023-05-12 07:00:00,3168.013062409289,3168.0
DHD,2025-07-09 07:00:00,3168.013062409289,3168.0
DHD,2025-07-15 07:00:00,3168.013062409289,3168.0
DHM,2016-06-16 07:00:00,459663.7984496124,459664.0
DHM,2017-09-15 07:00:00,459663.7984496124,459664.0
DHM,2017-12-04 07:00:00,459663.7984496124,459664.0
DHM,2021-02-23 07:00:00,459663.7984496124,459664.0
DHM,2023-07-18 07:00:00,459663.7984496124,459664.0
DHM,2025-08-12 07:00:00,459663.7984496124,459664.0
DIH,2017-05-15 07:00:00,24086.986931521173,24087.0
DIH,2020-03-23 07:00:00,24086.986931521173,24087.0
DIH,2021-09-08 07:00:00,24086.986931521173,24087.0
DIH,2022-10-27 07:00:00,24086.986931521173,24087.0
DLG,2016-11-16 07:00:00,6469977.41207951,6469977.0
DLG,2017-12-28 07:00:00,6469977.41207951,6469977.0
DLG,2018-02-09 07:00:00,6469977.41207951,6469977.0
DLG,2020-02-05 07:00:00,6469977.41207951,6469977.0
DLG,2025-04-04 07:00:00,6469977.41207951,6469977.0
DLG,2025-04-16 07:00:00,6469977.41207951,6469977.0
DNC,2020-12-16 07:00:00,3566.832394366197,3567.0
DNC,2026-02-02 07:00:00,3566.832394366197,3567.0
DPC,2019-10-30 07:00:00,3135.9382352941175,3136.0
DPR,2017-08-02 07:00:00,485513.02521008404,485513.0
DPR,2017-08-23 07:00:00,485513.02521008404,485513.0
DPR,2017-10-17 07:00:00,485513.02521008404,485513.0
DPR,2019-02-01 07:00:00,485513.02521008404,485513.0
DPR,2023-07-26 07:00:00,485513.02521008404,485513.0
DPR,2024-04-19 07:00:00,485513.02521008404,485513.0
DPR,2024-08-15 07:00:00,485513.02521008404,485513.0
DRH,2016-02-26 07:00:00,2649197.955823293,2649198.0
DRH,2018-05-21 07:00:00,2649197.955823293,2649198.0
DRH,2021-06-29 07:00:00,2649197.955823293,2649198.0
DRH,2024-08-02 07:00:00,2649197.955823293,2649198.0
DRH,2025-08-21 07:00:00,2649197.955823293,2649198.0
DRH,2025-10-17 07:00:00,2649197.955823293,2649198.0
DRI,2019-03-04 07:00:00,961657.0310670868,961657.0
DRI,2023-11-22 07:00:00,961657.0310670868,961657.0
DRI,2025-11-18 07:00:00,961657.0310670868,961657.0
DSC,2018-04-09 07:00:00,160388.97634408603,160389.0
DSC,2021-08-18 07:00:00,160388.97634408603,160389.0
DSC,2021-12-23 07:00:00,160388.97634408603,160389.0
DSC,2022-10-10 07:00:00,160388.97634408603,160389.0
DSC,2025-05-22 07:00:00,160388.97634408603,160389.0
DSC,2025-07-25 07:00:00,160388.97634408603,160389.0
DSG,2022-07-14 07:00:00,18448.866103739445,18449.0
DSG,2023-04-06 07:00:00,18448.866103739445,18449.0
DST,2017-04-11 07:00:00,984166.3377125193,984166.0
DST,2019-02-11 07:00:00,984166.3377125193,984166.0
DST,2025-03-12 07:00:00,984166.3377125193,984166.0
DST,2026-02-05 07:00:00,984166.3377125193,984166.0
DST,2026-02-23 07:00:00,984166.3377125193,984166.0
DTI,2018-08-27 07:00:00,80517.1876465989,80517.0
DTI,2022-01-20 07:00:00,80517.1876465989,80517.0
DTI,2022-10-28 07:00:00,80517.1876465989,80517.0
DTI,2024-06-12 07:00:00,80517.1876465989,80517.0
DTL,2016-08-18 07:00:00,7368.400191021968,7368.0
DTL,2017-10-24 07:00:00,7368.400191021968,7368.0
DTL,2019-01-14 07:00:00,7368.400191021968,7368.0
DTL,2020-07-16 07:00:00,7368.400191021968,7368.0
DTL,2021-03-09 07:00:00,7368.400191021968,7368.0
DTL,2022-02-18 07:00:00,7368.400191021968,7368.0
DTL,2024-10-02 07:00:00,7368.400191021968,7368.0
DTL,2025-02-06 07:00:00,7368.400191021968,7368.0
DVG,2022-07-05 07:00:00,536988.9154175589,536989.0
DVG,2022-07-07 07:00:00,536988.9154175589,536989.0
DVG,2026-02-13 07:00:00,536988.9154175589,536989.0
DVN,2022-01-12 07:00:00,585472.7611336033,585473.0
DVN,2023-12-20 07:00:00,585472.7611336033,585473.0
DVN,2024-04-10 07:00:00,585472.7611336033,585473.0
DVN,2025-05-13 07:00:00,585472.7611336033,585473.0
DWC,2022-03-28 07:00:00,1561.7878787878788,1562.0
DWC,2024-07-31 07:00:00,1561.7878787878788,1562.0
DWS,2021-06-02 07:00:00,4960.671957671958,4961.0
DXV,2019-12-30 07:00:00,26813.608602150536,26814.0
DXV,2020-07-31 07:00:00,26813.608602150536,26814.0
DXV,2022-10-28 07:00:00,26813.608602150536,26814.0
DXV,2023-01-04 07:00:00,26813.608602150536,26814.0
E12,2023-12-05 07:00:00,8083.712781954887,8084.0
E12,2024-07-17 07:00:00,8083.712781954887,8084.0
EBS,2021-10-22 07:00:00,6176.221886336155,6176.0
EBS,2023-12-07 07:00:00,6176.221886336155,6176.0
EBS,2025-10-13 07:00:00,6176.221886336155,6176.0
EIN,2018-08-03 07:00:00,71186.62388943731,71187.0
EIN,2021-11-02 07:00:00,71186.62388943731,71187.0
EIN,2025-03-21 07:00:00,71186.62388943731,71187.0
ELC,2018-08-23 07:00:00,715341.8333333334,715342.0
ELC,2018-12-25 07:00:00,715341.8333333334,715342.0
ELC,2019-07-11 07:00:00,715341.8333333334,715342.0
ELC,2022-05-24 07:00:00,715341.8333333334,715342.0
ELC,2022-12-15 07:00:00,715341.8333333334,715342.0
ELC,2025-05-07 07:00:00,715341.8333333334,715342.0
EVG,2017-09-21 07:00:00,2463727.2953414745,2463727.0
EVG,2020-05-29 07:00:00,2463727.2953414745,2463727.0
EVG,2020-12-08 07:00:00,2463727.2953414745,2463727.0
EVG,2020-12-09 07:00:00,2463727.2953414745,2463727.0
EVG,2025-06-10 07:00:00,2463727.2953414745,2463727.0
EVG,2025-11-21 07:00:00,2463727.2953414745,2463727.0
EVG,2026-01-09 07:00:00,2463727.2953414745,2463727.0
EVS,2020-11-19 07:00:00,359620.96453519614,359621.0
EVS,2023-11-10 07:00:00,359620.96453519614,359621.0
EVS,2023-12-12 07:00:00,359620.96453519614,359621.0
EVS,2024-01-18 07:00:00,359620.96453519614,359621.0
EVS,2024-12-25 07:00:00,359620.96453519614,359621.0
FCM,2017-05-17 07:00:00,303703.5422451408,303704.0
FCM,2017-06-06 07:00:00,303703.5422451408,303704.0
FCM,2018-01-09 07:00:00,303703.5422451408,303704.0
FCM,2021-04-29 07:00:00,303703.5422451408,303704.0
FCM,2021-11-19 07:00:00,303703.5422451408,303704.0
FCM,2022-02-17 07:00:00,303703.5422451408,303704.0
FCM,2022-05-20 07:00:00,303703.5422451408,303704.0
FCM,2022-11-11 07:00:00,303703.5422451408,303704.0
FCM,2023-05-29 07:00:00,303703.5422451408,303704.0
FCM,2024-11-01 07:00:00,303703.5422451408,303704.0
FCN,2017-01-20 07:00:00,3075819.583008574,3075820.0
FCN,2020-01-16 07:00:00,3075819.583008574,3075820.0
FCN,2020-10-21 07:00:00,3075819.583008574,3075820.0
FCN,2021-08-12 07:00:00,3075819.583008574,3075820.0
FCN,2022-05-25 07:00:00,3075819.583008574,3075820.0
FCN,2023-10-12 07:00:00,3075819.583008574,3075820.0
FCN,2024-08-07 07:00:00,3075819.583008574,3075820.0
FCN,2025-07-14 07:00:00,3075819.583008574,3075820.0
FCN,2025-10-29 07:00:00,3075819.583008574,3075820.0
FDC,2016-02-18 07:00:00,8681.001118568232,8681.0
FDC,2018-01-03 07:00:00,8681.001118568232,8681.0
FDC,2019-03-12 07:00:00,8681.001118568232,8681.0
FDC,2019-08-06 07:00:00,8681.001118568232,8681.0
FDC,2021-04-12 07:00:00,8681.001118568232,8681.0
FDC,2022-06-16 07:00:00,8681.001118568232,8681.0
FDC,2022-08-22 07:00:00,8681.001118568232,8681.0
FDC,2023-03-27 07:00:00,8681.001118568232,8681.0
FDC,2023-05-15 07:00:00,8681.001118568232,8681.0
FRT,2018-07-30 07:00:00,1422805.944723618,1422806.0
FRT,2022-07-19 07:00:00,1422805.944723618,1422806.0
FRT,2023-12-25 07:00:00,1422805.944723618,1422806.0
FTM,2017-06-15 07:00:00,999760.4544371649,999760.0
FTM,2017-09-18 07:00:00,999760.4544371649,999760.0
FTM,2020-03-10 07:00:00,999760.4544371649,999760.0
FTM,2020-03-27 07:00:00,999760.4544371649,999760.0
FTM,2021-11-15 07:00:00,999760.4544371649,999760.0
G20,2016-05-31 07:00:00,191122.2693032015,191122.0
GDA,2024-07-25 07:00:00,312555.97396630934,312556.0
GDA,2025-10-06 07:00:00,312555.97396630934,312556.0
GEE,2024-02-29 07:00:00,691797.4149043303,691797.0
GHC,2016-07-29 07:00:00,30641.33389261745,30641.0
GHC,2024-06-05 07:00:00,30641.33389261745,30641.0
GMC,2016-07-07 07:00:00,33396.89806678383,33397.0
GMC,2017-06-13 07:00:00,33396.89806678383,33397.0
GMC,2019-11-29 07:00:00,33396.89806678383,33397.0
GMC,2022-09-06 07:00:00,33396.89806678383,33397.0
GMC,2023-04-26 07:00:00,33396.89806678383,33397.0
GMC,2023-12-27 07:00:00,33396.89806678383,33397.0
GMC,2024-07-25 07:00:00,33396.89806678383,33397.0
GMH,2022-02-24 07:00:00,108026.29399585922,108026.0
GND,2024-07-23 07:00:00,4518.608441558442,4519.0
GSM,2017-08-14 07:00:00,37358.28817891374,37358.0
GSM,2022-09-12 07:00:00,37358.28817891374,37358.0
GSP,2018-10-22 07:00:00,163084.24207269915,163084.0
GSP,2018-12-18 07:00:00,163084.24207269915,163084.0
GTT,2019-05-03 07:00:00,603959.1553030303,603959.0
GTT,2021-08-27 07:00:00,603959.1553030303,603959.0
HAC,2018-01-26 07:00:00,39842.887970615244,39843.0
HAC,2022-01-21 07:00:00,39842.887970615244,39843.0
HAC,2022-07-28 07:00:00,39842.887970615244,39843.0
HAC,2023-04-18 07:00:00,39842.887970615244,39843.0
HAC,2024-05-21 07:00:00,39842.887970615244,39843.0
HAC,2026-01-26 07:00:00,39842.887970615244,39843.0
HAG,2021-12-09 07:00:00,19441751.338403042,19441751.0
HAG,2022-03-21 07:00:00,19441751.338403042,19441751.0
HAG,2025-11-03 07:00:00,19441751.338403042,19441751.0
HAP,2016-11-02 07:00:00,504144.6322234979,504145.0
HAP,2018-06-21 07:00:00,504144.6322234979,504145.0
HAP,2018-09-26 07:00:00,504144.6322234979,504145.0
HAP,2018-09-27 07:00:00,504144.6322234979,504145.0
HAP,2019-10-24 07:00:00,504144.6322234979,504145.0
HAP,2020-04-24 07:00:00,504144.6322234979,504145.0
HAP,2024-07-17 07:00:00,504144.6322234979,504145.0
HAP,2026-04-15 07:00:00,504144.6322234979,504145.0
HAS,2016-04-26 07:00:00,19014.47087378641,19014.0
HAS,2016-06-28 07:00:00,19014.47087378641,19014.0
HAS,2016-09-07 07:00:00,19014.47087378641,19014.0
HAS,2018-08-24 07:00:00,19014.47087378641,19014.0
HAS,2020-11-09 07:00:00,19014.47087378641,19014.0
HAS,2022-12-26 07:00:00,19014.47087378641,19014.0
HAV,2022-07-20 07:00:00,4257.902750491159,4258.0
HAV,2022-08-24 07:00:00,4257.902750491159,4258.0
HBH,2022-11-15 07:00:00,6730.151479289941,6730.0
HBS,2016-12-07 07:00:00,100301.54667905248,100302.0
HBS,2017-08-25 07:00:00,100301.54667905248,100302.0
HBS,2019-11-11 07:00:00,100301.54667905248,100302.0
HBS,2020-06-24 07:00:00,100301.54667905248,100302.0
HBS,2023-06-30 07:00:00,100301.54667905248,100302.0
HBS,2023-09-20 07:00:00,100301.54667905248,100302.0
HC3,2022-02-10 07:00:00,7319.534409515718,7320.0
HCD,2019-08-16 07:00:00,802545.737100737,802546.0
HCD,2021-05-06 07:00:00,802545.737100737,802546.0
HCD,2024-02-05 07:00:00,802545.737100737,802546.0
HCD,2025-03-26 07:00:00,802545.737100737,802546.0
HCD,2025-05-26 07:00:00,802545.737100737,802546.0
HDB,2024-05-16 07:00:00,9764467.852998067,9764468.0
HDB,2025-09-22 07:00:00,9764467.852998067,9764468.0
HDB,2025-12-02 07:00:00,9764467.852998067,9764468.0
HDG,2017-01-06 07:00:00,2899986.729083665,2899987.0
HDG,2017-11-23 07:00:00,2899986.729083665,2899987.0
HDG,2023-01-06 07:00:00,2899986.729083665,2899987.0
HEJ,2020-01-14 07:00:00,10224.601097178684,10225.0
HEJ,2020-08-21 07:00:00,10224.601097178684,10225.0
HEJ,2024-01-30 07:00:00,10224.601097178684,10225.0
HEP,2021-03-24 07:00:00,1684.0230769230768,1684.0
HEV,2021-04-29 07:00:00,2352.0756533700137,2352.0
HEV,2022-02-24 07:00:00,2352.0756533700137,2352.0
HEV,2023-01-04 07:00:00,2352.0756533700137,2352.0
HEV,2025-07-03 07:00:00,2352.0756533700137,2352.0
HHG,2016-03-03 07:00:00,486198.6342397549,486199.0
HHG,2018-04-19 07:00:00,486198.6342397549,486199.0
HHG,2018-09-24 07:00:00,486198.6342397549,486199.0
HHG,2018-10-12 07:00:00,486198.6342397549,486199.0
HHG,2018-12-19 07:00:00,486198.6342397549,486199.0
HHG,2023-02-27 07:00:00,486198.6342397549,486199.0
HHG,2024-02-27 07:00:00,486198.6342397549,486199.0
HHG,2025-07-18 07:00:00,486198.6342397549,486199.0
HID,2020-04-22 07:00:00,637443.847728203,637444.0
HIO,2025-05-07 07:00:00,187694.29105691056,187694.0
HIO,2025-06-19 07:00:00,187694.29105691056,187694.0
HKT,2021-04-26 07:00:00,40429.52713661884,40430.0
HKT,2021-05-07 07:00:00,40429.52713661884,40430.0
HKT,2021-11-30 07:00:00,40429.52713661884,40430.0
HKT,2024-04-24 07:00:00,40429.52713661884,40430.0
HKT,2026-04-21 07:00:00,40429.52713661884,40430.0
HMR,2023-06-16 07:00:00,59684.35533980583,59684.0
HMR,2025-08-11 07:00:00,59684.35533980583,59684.0
HMS,2023-02-14 07:00:00,14793.489795918367,14793.0
HOT,2020-07-23 07:00:00,1322.0201048951049,1322.0
HOT,2022-08-29 07:00:00,1322.0201048951049,1322.0
HOT,2023-07-12 07:00:00,1322.0201048951049,1322.0
HPD,2022-04-19 07:00:00,8917.809134287661,8918.0
HPD,2024-12-18 07:00:00,8917.809134287661,8918.0
HPD,2025-07-10 07:00:00,8917.809134287661,8918.0
HPD,2025-10-07 07:00:00,8917.809134287661,8918.0
HPH,2021-12-17 07:00:00,1724.6241134751774,1725.0
HPM,2016-03-25 07:00:00,2280.3727272727274,2280.0
HPM,2017-01-03 07:00:00,2280.3727272727274,2280.0
HPM,2018-01-05 07:00:00,2280.3727272727274,2280.0
HPX,2021-01-28 07:00:00,2843778.053244592,2843778.0
HPX,2026-04-13 07:00:00,2843778.053244592,2843778.0
HSP,2021-05-26 07:00:00,2236.170132325142,2236.0
HSP,2026-02-05 07:00:00,2236.170132325142,2236.0
HT1,2018-10-12 07:00:00,1084257.6374903177,1084258.0
HT1,2022-10-12 07:00:00,1084257.6374903177,1084258.0
HT1,2024-01-15 07:00:00,1084257.6374903177,1084258.0
HT1,2024-05-07 07:00:00,1084257.6374903177,1084258.0
HT1,2024-09-05 07:00:00,1084257.6374903177,1084258.0
HTC,2017-12-15 07:00:00,8567.719966859984,8568.0
HTT,2017-09-15 07:00:00,416828.0795228628,416828.0
HTT,2019-07-09 07:00:00,416828.0795228628,416828.0
HTT,2024-11-01 07:00:00,416828.0795228628,416828.0
HU3,2015-11-05 07:00:00,12133.486940298508,12133.0
HU3,2019-01-31 07:00:00,12133.486940298508,12133.0
HU3,2021-10-05 07:00:00,12133.486940298508,12133.0
HU3,2023-01-04 07:00:00,12133.486940298508,12133.0
HU3,2024-08-02 07:00:00,12133.486940298508,12133.0
ICG,2017-02-24 07:00:00,31363.02398989899,31363.0
ICG,2020-05-11 07:00:00,31363.02398989899,31363.0
ICG,2025-05-22 07:00:00,31363.02398989899,31363.0
ICG,2025-12-15 07:00:00,31363.02398989899,31363.0
ICG,2026-02-13 07:00:00,31363.02398989899,31363.0
ICG,2026-03-12 07:00:00,31363.02398989899,31363.0
IDI,2016-06-13 07:00:00,4229732.785632404,4229733.0
IDI,2020-05-06 07:00:00,4229732.785632404,4229733.0
IDI,2022-01-10 07:00:00,4229732.785632404,4229733.0
IDI,2022-08-18 07:00:00,4229732.785632404,4229733.0
IDI,2022-10-18 07:00:00,4229732.785632404,4229733.0
IDI,2023-07-04 07:00:00,4229732.785632404,4229733.0
IDI,2024-09-16 07:00:00,4229732.785632404,4229733.0
IDV,2016-10-21 07:00:00,36277.54600241061,36278.0
IDV,2022-04-07 07:00:00,36277.54600241061,36278.0
IDV,2022-04-12 07:00:00,36277.54600241061,36278.0
IDV,2022-08-26 07:00:00,36277.54600241061,36278.0
IDV,2025-12-11 07:00:00,36277.54600241061,36278.0
IHK,2021-08-11 07:00:00,1782.9173913043478,1783.0
IJC,2016-06-13 07:00:00,3102649.4934705184,3102649.0
IJC,2016-09-19 07:00:00,3102649.4934705184,3102649.0
IJC,2021-09-09 07:00:00,3102649.4934705184,3102649.0
IJC,2023-03-28 07:00:00,3102649.4934705184,3102649.0
ILA,2021-05-27 07:00:00,154667.34977799703,154667.0
ILA,2021-06-10 07:00:00,154667.34977799703,154667.0
ILA,2022-10-31 07:00:00,154667.34977799703,154667.0
ILA,2023-10-02 07:00:00,154667.34977799703,154667.0
ILA,2024-04-19 07:00:00,154667.34977799703,154667.0
ILC,2020-08-05 07:00:00,5624.310599078341,5624.0
ILC,2025-07-25 07:00:00,5624.310599078341,5624.0
IME,2016-06-22 07:00:00,5595.232824427481,5595.0
IMP,2016-07-21 07:00:00,76893.20718654434,76893.0
IMP,2018-04-24 07:00:00,76893.20718654434,76893.0
IMP,2022-12-20 07:00:00,76893.20718654434,76893.0
IMP,2024-08-26 07:00:00,76893.20718654434,76893.0
IMP,2026-02-11 07:00:00,76893.20718654434,76893.0
ITD,2017-10-19 07:00:00,184242.83018867925,184243.0
ITD,2021-05-27 07:00:00,184242.83018867925,184243.0
JOS,2021-10-29 07:00:00,29771.19172932331,29771.0
JOS,2024-10-18 07:00:00,29771.19172932331,29771.0
JOS,2025-02-07 07:00:00,29771.19172932331,29771.0
JVC,2016-03-01 07:00:00,1347295.935483871,1347296.0
JVC,2018-11-21 07:00:00,1347295.935483871,1347296.0
JVC,2020-03-30 07:00:00,1347295.935483871,1347296.0
JVC,2020-08-27 07:00:00,1347295.935483871,1347296.0
JVC,2021-02-17 07:00:00,1347295.935483871,1347296.0
KDC,2017-03-15 07:00:00,1086951.8541748335,1086952.0
KDC,2017-12-12 07:00:00,1086951.8541748335,1086952.0
KDC,2019-05-30 07:00:00,1086951.8541748335,1086952.0
KDC,2019-07-08 07:00:00,1086951.8541748335,1086952.0
KDC,2020-11-03 07:00:00,1086951.8541748335,1086952.0
KDC,2021-04-02 07:00:00,1086951.8541748335,1086952.0
KDC,2021-08-02 07:00:00,1086951.8541748335,1086952.0
KDC,2023-06-06 07:00:00,1086951.8541748335,1086952.0
KDC,2024-10-03 07:00:00,1086951.8541748335,1086952.0
KGM,2022-06-14 07:00:00,44289.52215189873,44290.0
KGM,2024-03-22 07:00:00,44289.52215189873,44290.0
KMR,2017-02-24 07:00:00,275170.92649310874,275171.0
KMR,2018-02-12 07:00:00,275170.92649310874,275171.0
KMR,2018-04-24 07:00:00,275170.92649310874,275171.0
KMR,2020-10-28 07:00:00,275170.92649310874,275171.0
KMR,2022-07-20 07:00:00,275170.92649310874,275171.0
KMR,2023-09-07 07:00:00,275170.92649310874,275171.0
KMR,2023-12-12 07:00:00,275170.92649310874,275171.0
KSQ,2017-11-17 07:00:00,234748.36600544536,234748.0
KSQ,2017-12-01 07:00:00,234748.36600544536,234748.0
KSQ,2025-05-07 07:00:00,234748.36600544536,234748.0
KST,2018-01-24 07:00:00,3054.034897713598,3054.0
KTT,2019-04-10 07:00:00,24247.443470639788,24247.0
KTT,2022-07-19 07:00:00,24247.443470639788,24247.0
L14,2018-07-18 07:00:00,251603.1443298969,251603.0
L14,2019-04-08 07:00:00,251603.1443298969,251603.0
L14,2022-04-22 07:00:00,251603.1443298969,251603.0
L14,2022-08-15 07:00:00,251603.1443298969,251603.0
L14,2024-07-11 07:00:00,251603.1443298969,251603.0
L61,2018-04-10 07:00:00,6759.581227436823,6760.0
L61,2021-03-04 07:00:00,6759.581227436823,6760.0
L62,2021-07-12 07:00:00,24531.819773429455,24532.0
L62,2025-02-07 07:00:00,24531.819773429455,24532.0
LAI,2024-05-17 07:00:00,52332.48764769066,52332.0
LBM,2018-09-11 07:00:00,27008.565488565488,27009.0
LBM,2025-04-15 07:00:00,27008.565488565488,27009.0
LBM,2025-04-28 07:00:00,27008.565488565488,27009.0
LBM,2025-07-04 07:00:00,27008.565488565488,27009.0
LBM,2025-08-22 07:00:00,27008.565488565488,27009.0
LDP,2019-12-11 07:00:00,85671.61654135339,85672.0
LG9,2018-10-23 07:00:00,2693.2829912023462,2693.0
LG9,2022-08-15 07:00:00,2693.2829912023462,2693.0
LG9,2026-04-24 07:00:00,2693.2829912023462,2693.0
LHC,2015-12-25 07:00:00,31624.8822044594,31625.0
LHC,2018-05-24 07:00:00,31624.8822044594,31625.0
LHC,2020-05-19 07:00:00,31624.8822044594,31625.0
LMH,2018-12-24 07:00:00,1612173.2551271534,1612173.0
LMH,2019-02-19 07:00:00,1612173.2551271534,1612173.0
LMH,2019-02-21 07:00:00,1612173.2551271534,1612173.0
LSG,2025-07-04 07:00:00,99592.916496945,99593.0
MAC,2015-12-01 07:00:00,129541.45481798715,129541.0
MAC,2020-01-09 07:00:00,129541.45481798715,129541.0
MAC,2022-08-09 07:00:00,129541.45481798715,129541.0
MAC,2023-04-17 07:00:00,129541.45481798715,129541.0
MAC,2024-01-25 07:00:00,129541.45481798715,129541.0
MBB,2015-10-09 07:00:00,19598118.016685627,19598118.0
MBB,2024-01-29 07:00:00,19598118.016685627,19598118.0
MBT,2026-04-08 07:00:00,7233.475609756098,7233.0
MCC,2017-05-08 07:00:00,16037.420361247947,16037.0
MCC,2022-03-25 07:00:00,16037.420361247947,16037.0
MCF,2016-05-16 07:00:00,24895.162790697676,24895.0
MCF,2017-06-05 07:00:00,24895.162790697676,24895.0
MCF,2020-10-06 07:00:00,24895.162790697676,24895.0
MCF,2020-10-28 07:00:00,24895.162790697676,24895.0
MCF,2023-05-22 07:00:00,24895.162790697676,24895.0
MCF,2023-07-20 07:00:00,24895.162790697676,24895.0
MCG,2017-10-13 07:00:00,236910.5261106781,236911.0
MCG,2023-12-14 07:00:00,236910.5261106781,236911.0
MCG,2024-06-03 07:00:00,236910.5261106781,236911.0
MCM,2025-12-24 07:00:00,100125.92325056433,100126.0
MCO,2019-11-28 07:00:00,56212.47737355812,56212.0
MCO,2020-07-02 07:00:00,56212.47737355812,56212.0
MCO,2022-02-10 07:00:00,56212.47737355812,56212.0
MCO,2022-08-08 07:00:00,56212.47737355812,56212.0
MCO,2024-01-23 07:00:00,56212.47737355812,56212.0
MH3,2021-09-17 07:00:00,6349.159077109897,6349.0
MH3,2023-10-03 07:00:00,6349.159077109897,6349.0
MIC,2021-11-18 07:00:00,7628.328335832084,7628.0
MIC,2024-07-23 07:00:00,7628.328335832084,7628.0
MIC,2024-12-09 07:00:00,7628.328335832084,7628.0
MIC,2025-12-04 07:00:00,7628.328335832084,7628.0
MIG,2020-04-29 07:00:00,684662.9783099864,684663.0
MIG,2020-09-10 07:00:00,684662.9783099864,684663.0
MIG,2021-07-29 07:00:00,684662.9783099864,684663.0
MIG,2024-04-25 07:00:00,684662.9783099864,684663.0
MML,2021-12-17 07:00:00,137965.19858611826,137965.0
MML,2023-03-22 07:00:00,137965.19858611826,137965.0
MML,2025-09-18 07:00:00,137965.19858611826,137965.0
MPC,2019-05-24 07:00:00,314350.67910090863,314351.0
MPC,2021-09-13 07:00:00,314350.67910090863,314351.0
MPC,2021-11-19 07:00:00,314350.67910090863,314351.0
MPC,2022-04-05 07:00:00,314350.67910090863,314351.0
MPC,2024-07-15 07:00:00,314350.67910090863,314351.0
MPC,2026-01-26 07:00:00,314350.67910090863,314351.0
MPT,2017-12-25 07:00:00,655701.1814073595,655701.0
MPT,2019-06-19 07:00:00,655701.1814073595,655701.0
MPT,2020-05-19 07:00:00,655701.1814073595,655701.0
MPT,2020-08-10 07:00:00,655701.1814073595,655701.0
MPT,2020-11-03 07:00:00,655701.1814073595,655701.0
MPT,2021-09-10 07:00:00,655701.1814073595,655701.0
MSB,2021-11-02 07:00:00,12346549.162264151,12346549.0
MSN,2020-01-08 07:00:00,4625923.57766806,4625924.0
MSN,2021-03-02 07:00:00,4625923.57766806,4625924.0
MSN,2023-07-24 07:00:00,4625923.57766806,4625924.0
MSN,2024-12-05 07:00:00,4625923.57766806,4625924.0
MTP,2017-04-20 07:00:00,3239.3260437375748,3239.0
MTP,2022-03-08 07:00:00,3239.3260437375748,3239.0
NAB,2022-01-12 07:00:00,1389963.167031364,1389963.0
NAB,2022-02-11 07:00:00,1389963.167031364,1389963.0
NAB,2023-03-31 07:00:00,1389963.167031364,1389963.0
NAB,2025-04-14 07:00:00,1389963.167031364,1389963.0
NAB,2026-02-13 07:00:00,1389963.167031364,1389963.0
NAF,2017-07-03 07:00:00,440231.2104857363,440231.0
NAF,2017-09-28 07:00:00,440231.2104857363,440231.0
NAG,2018-01-08 07:00:00,247275.25746268657,247275.0
NAG,2019-06-04 07:00:00,247275.25746268657,247275.0
NAG,2021-03-24 07:00:00,247275.25746268657,247275.0
NAG,2024-05-16 07:00:00,247275.25746268657,247275.0
NAG,2024-10-25 07:00:00,247275.25746268657,247275.0
NAG,2025-10-31 07:00:00,247275.25746268657,247275.0
NAG,2026-02-05 07:00:00,247275.25746268657,247275.0
NAS,2017-03-02 07:00:00,7992.922246220302,7993.0
NAS,2018-02-28 07:00:00,7992.922246220302,7993.0
NAS,2020-12-16 07:00:00,7992.922246220302,7993.0
NAS,2021-03-18 07:00:00,7992.922246220302,7993.0
NAS,2021-03-19 07:00:00,7992.922246220302,7993.0
NAS,2024-07-22 07:00:00,7992.922246220302,7993.0
NAS,2024-09-12 07:00:00,7992.922246220302,7993.0
ND2,2016-08-02 07:00:00,13185.906576521205,13186.0
ND2,2017-06-13 07:00:00,13185.906576521205,13186.0
ND2,2017-06-29 07:00:00,13185.906576521205,13186.0
ND2,2017-11-27 07:00:00,13185.906576521205,13186.0
ND2,2019-08-12 07:00:00,13185.906576521205,13186.0
NDC,2015-10-12 07:00:00,2750.9757225433527,2751.0
NDP,2023-07-03 07:00:00,5709.215988779803,5709.0
NDT,2023-02-08 07:00:00,37194.1676975945,37194.0
NDT,2023-08-09 07:00:00,37194.1676975945,37194.0
NDX,2022-01-12 07:00:00,45067.43946376204,45067.0
NDX,2025-03-13 07:00:00,45067.43946376204,45067.0
NDX,2026-04-10 07:00:00,45067.43946376204,45067.0
NFC,2021-12-07 07:00:00,7200.102040816327,7200.0
NHA,2016-12-01 07:00:00,440174.4373291683,440174.0
NHA,2016-12-13 07:00:00,440174.4373291683,440174.0
NHA,2018-08-08 07:00:00,440174.4373291683,440174.0
NHA,2020-12-04 07:00:00,440174.4373291683,440174.0
NHA,2022-05-04 07:00:00,440174.4373291683,440174.0
NHA,2022-08-17 07:00:00,440174.4373291683,440174.0
NHA,2024-02-16 07:00:00,440174.4373291683,440174.0
NHA,2024-11-06 07:00:00,440174.4373291683,440174.0
NHA,2025-02-21 07:00:00,440174.4373291683,440174.0
NHA,2025-04-10 07:00:00,440174.4373291683,440174.0
NHH,2020-03-17 07:00:00,478895.6292756539,478896.0
NHH,2021-05-19 07:00:00,478895.6292756539,478896.0
NHH,2021-08-18 07:00:00,478895.6292756539,478896.0
NHH,2022-03-11 07:00:00,478895.6292756539,478896.0
NHH,2022-07-27 07:00:00,478895.6292756539,478896.0
NHH,2022-12-26 07:00:00,478895.6292756539,478896.0
NHT,2018-04-05 07:00:00,12936.707275803723,12937.0
NHT,2020-05-06 07:00:00,12936.707275803723,12937.0
NHT,2021-01-04 07:00:00,12936.707275803723,12937.0
NHT,2025-09-30 07:00:00,12936.707275803723,12937.0
NJC,2022-04-20 07:00:00,3231.769230769231,3232.0
NLG,2016-04-12 07:00:00,3657295.8798613786,3657296.0
NLG,2017-09-19 07:00:00,3657295.8798613786,3657296.0
NLG,2021-05-10 07:00:00,3657295.8798613786,3657296.0
NLG,2024-01-16 07:00:00,3657295.8798613786,3657296.0
NNT,2025-06-03 07:00:00,2551.9626955475333,2552.0
NSC,2019-11-08 07:00:00,10385.534212695795,10386.0
NSC,2022-08-25 07:00:00,10385.534212695795,10386.0
NSC,2025-04-14 07:00:00,10385.534212695795,10386.0
NSC,2025-04-28 07:00:00,10385.534212695795,10386.0
NSC,2025-06-24 07:00:00,10385.534212695795,10386.0
NSG,2016-07-05 07:00:00,6754.347926267281,6754.0
NSG,2017-02-28 07:00:00,6754.347926267281,6754.0
NTF,2026-01-12 07:00:00,2063.6917808219177,2064.0
NTH,2020-09-09 07:00:00,4007.389135254989,4007.0
NUE,2020-03-20 07:00:00,3451.4165137614677,3451.0
NUE,2023-09-28 07:00:00,3451.4165137614677,3451.0
NVL,2017-01-05 07:00:00,14564289.420665802,14564289.0
NVL,2019-05-20 07:00:00,14564289.420665802,14564289.0
NVL,2021-01-22 07:00:00,14564289.420665802,14564289.0
NVL,2021-10-15 07:00:00,14564289.420665802,14564289.0
NVL,2022-05-10 07:00:00,14564289.420665802,14564289.0
NVL,2026-02-05 07:00:00,14564289.420665802,14564289.0
NVL,2026-04-07 07:00:00,14564289.420665802,14564289.0
OIL,2019-12-12 07:00:00,2531502.7810182897,2531503.0
OIL,2020-02-21 07:00:00,2531502.7810182897,2531503.0
OIL,2022-07-20 07:00:00,2531502.7810182897,2531503.0
OIL,2023-07-07 07:00:00,2531502.7810182897,2531503.0
OIL,2024-07-12 07:00:00,2531502.7810182897,2531503.0
OIL,2025-03-10 07:00:00,2531502.7810182897,2531503.0
OIL,2025-09-17 07:00:00,2531502.7810182897,2531503.0
OIL,2026-01-14 07:00:00,2531502.7810182897,2531503.0
ONE,2016-09-09 07:00:00,36436.12131567706,36436.0
ONE,2018-10-24 07:00:00,36436.12131567706,36436.0
ONE,2021-04-13 07:00:00,36436.12131567706,36436.0
ONE,2023-01-05 07:00:00,36436.12131567706,36436.0
ONE,2023-09-12 07:00:00,36436.12131567706,36436.0
ONW,2019-01-18 07:00:00,11874.155251141552,11874.0
PBC,2021-06-17 07:00:00,97217.86241134752,97218.0
PBC,2021-10-11 07:00:00,97217.86241134752,97218.0
PBC,2023-10-03 07:00:00,97217.86241134752,97218.0
PBC,2024-05-13 07:00:00,97217.86241134752,97218.0
PC1,2018-05-11 07:00:00,2782014.9680986814,2782015.0
PC1,2019-07-23 07:00:00,2782014.9680986814,2782015.0
PC1,2021-07-05 07:00:00,2782014.9680986814,2782015.0
PC1,2023-05-17 07:00:00,2782014.9680986814,2782015.0
PC1,2025-05-22 07:00:00,2782014.9680986814,2782015.0
PCC,2021-03-12 07:00:00,3553.3670212765956,3553.0
PCC,2023-08-10 07:00:00,3553.3670212765956,3553.0
PCH,2023-12-04 07:00:00,207159.41612903227,207159.0
PCH,2026-01-29 07:00:00,207159.41612903227,207159.0
PCM,2022-01-06 07:00:00,5911.00796178344,5911.0
PCM,2022-10-18 07:00:00,5911.00796178344,5911.0
PCT,2019-06-13 07:00:00,29079.150615901457,29079.0
PCT,2022-05-18 07:00:00,29079.150615901457,29079.0
PCT,2022-08-30 07:00:00,29079.150615901457,29079.0
PGB,2022-11-09 07:00:00,163682.17045454544,163682.0
PGB,2023-02-01 07:00:00,163682.17045454544,163682.0
PGB,2023-10-18 07:00:00,163682.17045454544,163682.0
PGB,2025-06-16 07:00:00,163682.17045454544,163682.0
PGB,2026-01-22 07:00:00,163682.17045454544,163682.0
PGD,2017-09-26 07:00:00,57349.27851672713,57349.0
PGD,2017-10-17 07:00:00,57349.27851672713,57349.0
PGD,2022-07-26 07:00:00,57349.27851672713,57349.0
PGD,2024-01-05 07:00:00,57349.27851672713,57349.0
PGD,2024-02-20 07:00:00,57349.27851672713,57349.0
PGD,2024-11-05 07:00:00,57349.27851672713,57349.0
PGD,2024-11-22 07:00:00,57349.27851672713,57349.0
PGT,2017-03-29 07:00:00,31619.012776412776,31619.0
PGT,2022-10-18 07:00:00,31619.012776412776,31619.0
PGT,2023-07-12 07:00:00,31619.012776412776,31619.0
PGV,2019-08-09 07:00:00,36363.03826955075,36363.0
PGV,2021-06-03 07:00:00,36363.03826955075,36363.0
PGV,2021-08-12 07:00:00,36363.03826955075,36363.0
PGV,2021-11-10 07:00:00,36363.03826955075,36363.0
PHC,2017-05-05 07:00:00,375394.5942748092,375395.0
PHC,2017-10-27 07:00:00,375394.5942748092,375395.0
PHC,2024-02-26 07:00:00,375394.5942748092,375395.0
PHC,2025-02-19 07:00:00,375394.5942748092,375395.0
PHC,2025-04-01 07:00:00,375394.5942748092,375395.0
PHC,2025-04-25 07:00:00,375394.5942748092,375395.0
PHC,2025-07-24 07:00:00,375394.5942748092,375395.0
PHC,2026-03-10 07:00:00,375394.5942748092,375395.0
PIC,2018-01-17 07:00:00,5671.877964426877,5672.0
PIC,2018-06-27 07:00:00,5671.877964426877,5672.0
PIC,2020-07-16 07:00:00,5671.877964426877,5672.0
PIC,2022-10-17 07:00:00,5671.877964426877,5672.0
PJC,2021-06-24 07:00:00,2461.3284974093262,2461.0
PLP,2018-11-02 07:00:00,385110.59152305545,385111.0
PLP,2021-11-09 07:00:00,385110.59152305545,385111.0
PLP,2024-12-23 07:00:00,385110.59152305545,385111.0
PNC,2018-03-06 07:00:00,3236.20625,3236.0
PNC,2021-06-02 07:00:00,3236.20625,3236.0
PNC,2021-07-28 07:00:00,3236.20625,3236.0
PNC,2024-05-31 07:00:00,3236.20625,3236.0
PND,2023-03-14 07:00:00,3057.156017830609,3057.0
PND,2023-09-08 07:00:00,3057.156017830609,3057.0
PNP,2024-08-06 07:00:00,1100.8865096359743,1101.0
POS,2019-08-06 07:00:00,27982.83851554664,27983.0
POS,2020-04-15 07:00:00,27982.83851554664,27983.0
POS,2022-08-16 07:00:00,27982.83851554664,27983.0
POS,2023-12-26 07:00:00,27982.83851554664,27983.0
POS,2025-02-17 07:00:00,27982.83851554664,27983.0
POW,2018-11-16 07:00:00,11891491.934158416,11891492.0
POW,2019-10-17 07:00:00,11891491.934158416,11891492.0
POW,2020-10-05 07:00:00,11891491.934158416,11891492.0
POW,2023-07-18 07:00:00,11891491.934158416,11891492.0
PPH,2018-06-13 07:00:00,83214.1398793198,83214.0
PPH,2020-10-05 07:00:00,83214.1398793198,83214.0
PPH,2021-09-10 07:00:00,83214.1398793198,83214.0
PPH,2022-09-09 07:00:00,83214.1398793198,83214.0
PPH,2023-01-03 07:00:00,83214.1398793198,83214.0
PPH,2024-02-02 07:00:00,83214.1398793198,83214.0
PPH,2025-11-19 07:00:00,83214.1398793198,83214.0
PPP,2020-04-23 07:00:00,12692.36928702011,12692.0
PPP,2021-05-21 07:00:00,12692.36928702011,12692.0
PPP,2021-09-22 07:00:00,12692.36928702011,12692.0
PPP,2023-04-12 07:00:00,12692.36928702011,12692.0
PPP,2025-10-07 07:00:00,12692.36928702011,12692.0
PRE,2022-07-20 07:00:00,12211.337673611111,12211.0
PRE,2023-07-06 07:00:00,12211.337673611111,12211.0
PRE,2023-11-10 07:00:00,12211.337673611111,12211.0
PRO,2021-10-18 07:00:00,6399.841638981174,6400.0
PRO,2024-09-09 07:00:00,6399.841638981174,6400.0
PRO,2025-12-30 07:00:00,6399.841638981174,6400.0
PSB,2018-11-07 07:00:00,61073.14808582247,61073.0
PSB,2021-09-21 07:00:00,61073.14808582247,61073.0
PSB,2024-01-17 07:00:00,61073.14808582247,61073.0
PSB,2025-03-26 07:00:00,61073.14808582247,61073.0
PSB,2025-10-27 07:00:00,61073.14808582247,61073.0
PSB,2025-12-29 07:00:00,61073.14808582247,61073.0
PTI,2015-12-21 07:00:00,29358.988078862905,29359.0
PTI,2017-10-13 07:00:00,29358.988078862905,29359.0
PTI,2020-07-02 07:00:00,29358.988078862905,29359.0
PTI,2021-07-02 07:00:00,29358.988078862905,29359.0
PTI,2022-03-18 07:00:00,29358.988078862905,29359.0
PTI,2026-02-25 07:00:00,29358.988078862905,29359.0
PTL,2017-06-14 07:00:00,436101.52432018385,436102.0
PTL,2019-11-15 07:00:00,436101.52432018385,436102.0
PTL,2021-03-10 07:00:00,436101.52432018385,436102.0
PTL,2021-09-10 07:00:00,436101.52432018385,436102.0
PTL,2021-10-19 07:00:00,436101.52432018385,436102.0
PTL,2022-12-07 07:00:00,436101.52432018385,436102.0
PTL,2024-03-18 07:00:00,436101.52432018385,436102.0
PTL,2024-03-21 07:00:00,436101.52432018385,436102.0
PTS,2015-09-29 07:00:00,18170.623629112662,18171.0
PTS,2020-10-26 07:00:00,18170.623629112662,18171.0
PTS,2021-08-26 07:00:00,18170.623629112662,18171.0
PTS,2025-11-06 07:00:00,18170.623629112662,18171.0
PTS,2026-03-13 07:00:00,18170.623629112662,18171.0
PV2,2016-11-07 07:00:00,219276.27714406422,219276.0
PV2,2017-07-06 07:00:00,219276.27714406422,219276.0
PV2,2018-04-16 07:00:00,219276.27714406422,219276.0
PV2,2022-05-17 07:00:00,219276.27714406422,219276.0
PV2,2022-08-18 07:00:00,219276.27714406422,219276.0
PV2,2024-03-29 07:00:00,219276.27714406422,219276.0
PV2,2024-05-08 07:00:00,219276.27714406422,219276.0
PV2,2025-12-03 07:00:00,219276.27714406422,219276.0
PV2,2026-02-05 07:00:00,219276.27714406422,219276.0
PVL,2015-10-12 07:00:00,737777.804816859,737778.0
PVL,2015-11-30 07:00:00,737777.804816859,737778.0
PVL,2016-07-28 07:00:00,737777.804816859,737778.0
PVL,2016-08-18 07:00:00,737777.804816859,737778.0
PVL,2017-02-14 07:00:00,737777.804816859,737778.0
PVL,2019-06-06 07:00:00,737777.804816859,737778.0
PVL,2023-06-16 07:00:00,737777.804816859,737778.0
PVO,2016-08-04 07:00:00,72956.58988525286,72957.0
PVO,2017-04-05 07:00:00,72956.58988525286,72957.0
PVO,2018-05-17 07:00:00,72956.58988525286,72957.0
PVO,2019-05-17 07:00:00,72956.58988525286,72957.0
PVO,2021-05-24 07:00:00,72956.58988525286,72957.0
PVO,2022-06-27 07:00:00,72956.58988525286,72957.0
PVO,2022-09-19 07:00:00,72956.58988525286,72957.0
PVO,2024-08-20 07:00:00,72956.58988525286,72957.0
PVO,2025-03-07 07:00:00,72956.58988525286,72957.0
PVR,2016-01-21 07:00:00,79153.90455840455,79154.0
PVR,2024-07-12 07:00:00,79153.90455840455,79154.0
PVT,2019-05-27 07:00:00,4115358.958174905,4115359.0
PVT,2019-10-24 07:00:00,4115358.958174905,4115359.0
PVT,2021-05-05 07:00:00,4115358.958174905,4115359.0
PVT,2021-08-06 07:00:00,4115358.958174905,4115359.0
PVT,2026-03-19 07:00:00,4115358.958174905,4115359.0
PVV,2015-10-09 07:00:00,278893.8882318155,278894.0
PVV,2016-11-07 07:00:00,278893.8882318155,278894.0
PVV,2021-02-02 07:00:00,278893.8882318155,278894.0
PVY,2017-12-29 07:00:00,62922.19607843137,62922.0
PVY,2019-01-11 07:00:00,62922.19607843137,62922.0
PVY,2021-06-04 07:00:00,62922.19607843137,62922.0
PXA,2018-04-26 07:00:00,137154.40594059406,137154.0
PXA,2023-02-03 07:00:00,137154.40594059406,137154.0
PXI,2015-12-01 07:00:00,131063.93155402497,131064.0
PXI,2016-03-31 07:00:00,131063.93155402497,131064.0
PXI,2020-08-21 07:00:00,131063.93155402497,131064.0
PXI,2023-02-17 07:00:00,131063.93155402497,131064.0
PXI,2023-11-16 07:00:00,131063.93155402497,131064.0
PXS,2016-11-01 07:00:00,546301.2109058134,546301.0
PXS,2023-08-22 07:00:00,546301.2109058134,546301.0
PXS,2024-03-21 07:00:00,546301.2109058134,546301.0
PXS,2026-02-27 07:00:00,546301.2109058134,546301.0
QHD,2020-10-08 07:00:00,15783.268518518518,15783.0
QHD,2025-10-28 07:00:00,15783.268518518518,15783.0
QNC,2021-07-06 07:00:00,26431.66184074457,26432.0
QNC,2025-01-17 07:00:00,26431.66184074457,26432.0
QTC,2021-05-06 07:00:00,12214.464339908953,12214.0
QTC,2025-05-23 07:00:00,12214.464339908953,12214.0
RIC,2015-10-13 07:00:00,27711.268587360595,27711.0
RIC,2020-06-25 07:00:00,27711.268587360595,27711.0
RIC,2023-09-27 07:00:00,27711.268587360595,27711.0
RIC,2024-01-15 07:00:00,27711.268587360595,27711.0
RIC,2025-10-01 07:00:00,27711.268587360595,27711.0
S12,2015-11-06 07:00:00,32637.74104234528,32638.0
S12,2016-02-17 07:00:00,32637.74104234528,32638.0
S12,2022-12-30 07:00:00,32637.74104234528,32638.0
S72,2024-07-19 07:00:00,3248.8536585365855,3249.0
S99,2017-04-24 07:00:00,478004.8307692308,478005.0
S99,2017-05-05 07:00:00,478004.8307692308,478005.0
S99,2018-04-24 07:00:00,478004.8307692308,478005.0
S99,2020-11-16 07:00:00,478004.8307692308,478005.0
S99,2023-01-18 07:00:00,478004.8307692308,478005.0
S99,2023-10-23 07:00:00,478004.8307692308,478005.0
S99,2024-07-30 07:00:00,478004.8307692308,478005.0
S99,2025-03-20 07:00:00,478004.8307692308,478005.0
S99,2026-02-03 07:00:00,478004.8307692308,478005.0
SAC,2021-01-18 07:00:00,14234.69419509276,14235.0
SAC,2022-07-14 07:00:00,14234.69419509276,14235.0
SAM,2018-02-05 07:00:00,1153688.0533333332,1153688.0
SAM,2024-01-31 07:00:00,1153688.0533333332,1153688.0
SAS,2016-04-28 07:00:00,25929.42124105012,25929.0
SAS,2019-05-17 07:00:00,25929.42124105012,25929.0
SAS,2020-02-04 07:00:00,25929.42124105012,25929.0
SAS,2020-12-10 07:00:00,25929.42124105012,25929.0
SAS,2021-05-12 07:00:00,25929.42124105012,25929.0
SAS,2021-11-01 07:00:00,25929.42124105012,25929.0
SAS,2024-03-19 07:00:00,25929.42124105012,25929.0
SAS,2024-09-16 07:00:00,25929.42124105012,25929.0
SAS,2024-12-23 07:00:00,25929.42124105012,25929.0
SAV,2018-06-26 07:00:00,68237.12887438826,68237.0
SAV,2019-06-19 07:00:00,68237.12887438826,68237.0
SAV,2019-12-13 07:00:00,68237.12887438826,68237.0
SAV,2020-08-27 07:00:00,68237.12887438826,68237.0
SAV,2021-04-01 07:00:00,68237.12887438826,68237.0
SAV,2023-10-10 07:00:00,68237.12887438826,68237.0
SAV,2024-06-27 07:00:00,68237.12887438826,68237.0
SAV,2024-12-05 07:00:00,68237.12887438826,68237.0
SBA,2018-06-19 07:00:00,41205.70216049383,41206.0
SBA,2019-01-22 07:00:00,41205.70216049383,41206.0
SBA,2021-08-24 07:00:00,41205.70216049383,41206.0
SBA,2023-12-01 07:00:00,41205.70216049383,41206.0
SBV,2017-12-26 07:00:00,50330.397381954186,50330.0
SBV,2019-04-18 07:00:00,50330.397381954186,50330.0
SBV,2019-11-07 07:00:00,50330.397381954186,50330.0
SBV,2019-11-29 07:00:00,50330.397381954186,50330.0
SBV,2020-07-16 07:00:00,50330.397381954186,50330.0
SBV,2021-06-18 07:00:00,50330.397381954186,50330.0
SBV,2024-01-10 07:00:00,50330.397381954186,50330.0
SC5,2016-11-28 07:00:00,17832.716236722306,17833.0
SCL,2021-11-09 07:00:00,41535.823610473126,41536.0
SCL,2023-11-22 07:00:00,41535.823610473126,41536.0
SCL,2024-05-03 07:00:00,41535.823610473126,41536.0
SCL,2024-11-12 07:00:00,41535.823610473126,41536.0
SCL,2026-02-25 07:00:00,41535.823610473126,41536.0
SD2,2017-07-12 07:00:00,40301.18789808917,40301.0
SD2,2019-06-03 07:00:00,40301.18789808917,40301.0
SD2,2021-12-09 07:00:00,40301.18789808917,40301.0
SD3,2016-04-07 07:00:00,45376.5634958957,45377.0
SD3,2021-12-14 07:00:00,45376.5634958957,45377.0
SD3,2025-10-10 07:00:00,45376.5634958957,45377.0
SD4,2022-08-17 07:00:00,31944.080115273777,31944.0
SD4,2023-07-04 07:00:00,31944.080115273777,31944.0
SD4,2023-12-01 07:00:00,31944.080115273777,31944.0
SD6,2015-10-12 07:00:00,97380.42762577228,97380.0
SD6,2017-06-16 07:00:00,97380.42762577228,97380.0
SD6,2018-07-26 07:00:00,97380.42762577228,97380.0
SD6,2019-02-14 07:00:00,97380.42762577228,97380.0
SD6,2021-03-11 07:00:00,97380.42762577228,97380.0
SD6,2021-07-20 07:00:00,97380.42762577228,97380.0
SD6,2024-08-16 07:00:00,97380.42762577228,97380.0
SFI,2017-03-07 07:00:00,17929.766599597584,17930.0
SFI,2017-06-07 07:00:00,17929.766599597584,17930.0
SFI,2020-12-28 07:00:00,17929.766599597584,17930.0
SFI,2024-06-03 07:00:00,17929.766599597584,17930.0
SFI,2025-06-06 07:00:00,17929.766599597584,17930.0
SFN,2026-02-25 07:00:00,9460.351535836178,9460.0
SGD,2016-05-24 07:00:00,3196.2699327569644,3196.0
SGD,2017-08-23 07:00:00,3196.2699327569644,3196.0
SGD,2024-10-02 07:00:00,3196.2699327569644,3196.0
SGH,2017-03-27 07:00:00,7503.658713692946,7504.0
SGI,2021-11-15 07:00:00,39642.12298850575,39642.0
SGS,2022-08-23 07:00:00,4224.295979469633,4224.0
SHN,2017-03-31 07:00:00,452975.79083204933,452976.0
SHN,2019-05-13 07:00:00,452975.79083204933,452976.0
SHN,2019-08-15 07:00:00,452975.79083204933,452976.0
SHN,2023-06-08 07:00:00,452975.79083204933,452976.0
SHN,2024-10-23 07:00:00,452975.79083204933,452976.0
SHS,2017-11-17 07:00:00,14180223.362114873,14180223.0
SHS,2018-10-03 07:00:00,14180223.362114873,14180223.0
SHS,2019-11-08 07:00:00,14180223.362114873,14180223.0
SHS,2022-02-09 07:00:00,14180223.362114873,14180223.0
SHS,2024-06-14 07:00:00,14180223.362114873,14180223.0
SHS,2025-11-28 07:00:00,14180223.362114873,14180223.0
SHS,2026-04-24 07:00:00,14180223.362114873,14180223.0
SID,2017-06-21 07:00:00,41338.85893774986,41339.0
SID,2020-11-26 07:00:00,41338.85893774986,41339.0
SID,2025-04-25 07:00:00,41338.85893774986,41339.0
SJM,2019-12-19 07:00:00,35777.118123914304,35777.0
SJM,2022-04-21 07:00:00,35777.118123914304,35777.0
SMA,2016-09-08 07:00:00,16954.561049445005,16955.0
SMA,2017-09-20 07:00:00,16954.561049445005,16955.0
SMA,2018-03-08 07:00:00,16954.561049445005,16955.0
SMA,2020-12-03 07:00:00,16954.561049445005,16955.0
SMA,2025-09-19 07:00:00,16954.561049445005,16955.0
SMA,2025-12-09 07:00:00,16954.561049445005,16955.0
SMT,2016-10-20 07:00:00,26845.96148148148,26846.0
SMT,2017-01-18 07:00:00,26845.96148148148,26846.0
SMT,2017-05-25 07:00:00,26845.96148148148,26846.0
SMT,2024-03-04 07:00:00,26845.96148148148,26846.0
SMT,2025-06-10 07:00:00,26845.96148148148,26846.0
SPD,2016-12-27 07:00:00,16868.301075268817,16868.0
SPD,2017-04-24 07:00:00,16868.301075268817,16868.0
SPD,2020-12-04 07:00:00,16868.301075268817,16868.0
SPD,2021-11-08 07:00:00,16868.301075268817,16868.0
SSB,2023-10-16 07:00:00,3260190.464933018,3260190.0
SSH,2024-08-07 07:00:00,261515.8426013195,261516.0
SSH,2025-04-29 07:00:00,261515.8426013195,261516.0
SSH,2025-10-07 07:00:00,261515.8426013195,261516.0
SSN,2018-02-23 07:00:00,225040.28330614464,225040.0
STB,2016-05-26 07:00:00,19610285.582635187,19610286.0
STB,2017-11-08 07:00:00,19610285.582635187,19610286.0
STB,2019-03-19 07:00:00,19610285.582635187,19610286.0
STB,2021-09-16 07:00:00,19610285.582635187,19610286.0
STB,2022-02-10 07:00:00,19610285.582635187,19610286.0
STB,2025-12-29 07:00:00,19610285.582635187,19610286.0
STC,2018-01-12 07:00:00,2796.825742574257,2797.0
STC,2018-07-02 07:00:00,2796.825742574257,2797.0
STC,2020-05-26 07:00:00,2796.825742574257,2797.0
STC,2024-05-17 07:00:00,2796.825742574257,2797.0
STC,2024-05-27 07:00:00,2796.825742574257,2797.0
STG,2016-04-12 07:00:00,98396.22727272728,98396.0
STG,2018-01-10 07:00:00,98396.22727272728,98396.0
STG,2018-02-21 07:00:00,98396.22727272728,98396.0
STG,2018-06-20 07:00:00,98396.22727272728,98396.0
STG,2021-07-09 07:00:00,98396.22727272728,98396.0
STG,2024-10-30 07:00:00,98396.22727272728,98396.0
STT,2017-08-09 07:00:00,24816.33287292818,24816.0
STT,2023-10-27 07:00:00,24816.33287292818,24816.0
SVG,2017-10-11 07:00:00,4828.661252900232,4829.0
SVH,2018-02-01 07:00:00,1606807.076923077,1606807.0
SWC,2023-12-18 07:00:00,117867.28825622775,117867.0
SZG,2025-07-16 07:00:00,8076.747619047619,8077.0
TAR,2021-08-10 07:00:00,1407658.8601236476,1407659.0
TAR,2022-04-26 07:00:00,1407658.8601236476,1407659.0
TBC,2018-03-20 07:00:00,11922.539831302718,11923.0
TBC,2018-05-30 07:00:00,11922.539831302718,11923.0
TBC,2024-02-20 07:00:00,11922.539831302718,11923.0
TBC,2025-10-01 07:00:00,11922.539831302718,11923.0
TBR,2025-05-15 07:00:00,3402.721951219512,3403.0
TCI,2021-01-21 07:00:00,696340.9425675676,696341.0
TCI,2021-10-19 07:00:00,696340.9425675676,696341.0
TCJ,2022-11-11 07:00:00,70855.47368421052,70855.0
TCW,2017-08-02 07:00:00,26420.425442684063,26420.0
TCW,2021-06-11 07:00:00,26420.425442684063,26420.0
TCW,2023-12-19 07:00:00,26420.425442684063,26420.0
TCW,2024-08-20 07:00:00,26420.425442684063,26420.0
TDC,2016-09-01 07:00:00,829692.3059360731,829692.0
TDC,2017-03-22 07:00:00,829692.3059360731,829692.0
TDC,2017-11-13 07:00:00,829692.3059360731,829692.0
TDC,2025-09-05 07:00:00,829692.3059360731,829692.0
TDF,2022-03-18 07:00:00,2238.0356472795497,2238.0
TDS,2019-06-07 07:00:00,26958.900396432113,26959.0
TDS,2021-02-02 07:00:00,26958.900396432113,26959.0
TDT,2022-04-07 07:00:00,202136.1373257615,202136.0
TDT,2025-04-01 07:00:00,202136.1373257615,202136.0
TDT,2025-09-04 07:00:00,202136.1373257615,202136.0
TDW,2016-09-28 07:00:00,2838.1418439716313,2838.0
TFC,2016-11-11 07:00:00,16736.8303121853,16737.0
TFC,2017-06-16 07:00:00,16736.8303121853,16737.0
TFC,2017-06-21 07:00:00,16736.8303121853,16737.0
TFC,2017-08-15 07:00:00,16736.8303121853,16737.0
TFC,2024-02-20 07:00:00,16736.8303121853,16737.0
TFC,2024-12-25 07:00:00,16736.8303121853,16737.0
TGG,2020-08-07 07:00:00,1308255.584218513,1308256.0
TGG,2021-11-23 07:00:00,1308255.584218513,1308256.0
TGG,2023-06-02 07:00:00,1308255.584218513,1308256.0
TH1,2016-06-30 07:00:00,6708.385365853658,6708.0
THG,2016-09-21 07:00:00,58657.877583465815,58658.0
THG,2019-08-14 07:00:00,58657.877583465815,58658.0
THG,2020-02-28 07:00:00,58657.877583465815,58658.0
THG,2020-07-02 07:00:00,58657.877583465815,58658.0
THG,2023-05-31 07:00:00,58657.877583465815,58658.0
THW,2024-09-27 07:00:00,4132.9,4133.0
THW,2025-04-08 07:00:00,4132.9,4133.0
TJC,2023-08-10 07:00:00,11150.808065720686,11151.0
TJC,2024-06-06 07:00:00,11150.808065720686,11151.0
TJC,2026-04-29 07:00:00,11150.808065720686,11151.0
TL4,2016-01-12 07:00:00,35292.95151133501,35293.0
TL4,2020-05-15 07:00:00,35292.95151133501,35293.0
TL4,2022-01-25 07:00:00,35292.95151133501,35293.0
TL4,2023-03-21 07:00:00,35292.95151133501,35293.0
TLP,2018-10-23 07:00:00,30811.883235485977,30812.0
TLP,2021-01-14 07:00:00,30811.883235485977,30812.0
TLP,2024-10-23 07:00:00,30811.883235485977,30812.0
TLP,2025-06-18 07:00:00,30811.883235485977,30812.0
TLP,2026-01-06 07:00:00,30811.883235485977,30812.0
TMB,2017-03-30 07:00:00,18630.69987228608,18631.0
TMB,2022-02-08 07:00:00,18630.69987228608,18631.0
TMB,2023-01-30 07:00:00,18630.69987228608,18631.0
TMB,2024-05-28 07:00:00,18630.69987228608,18631.0
TMB,2025-07-09 07:00:00,18630.69987228608,18631.0
TMT,2015-11-25 07:00:00,56406.78696158324,56407.0
TMT,2016-12-01 07:00:00,56406.78696158324,56407.0
TMT,2017-07-26 07:00:00,56406.78696158324,56407.0
TMT,2022-04-14 07:00:00,56406.78696158324,56407.0
TMT,2022-08-23 07:00:00,56406.78696158324,56407.0
TNB,2021-09-22 07:00:00,11363.5213371266,11364.0
TNB,2023-03-14 07:00:00,11363.5213371266,11364.0
TNC,2017-10-09 07:00:00,9104.756097560976,9105.0
TNC,2018-12-14 07:00:00,9104.756097560976,9105.0
TNC,2021-01-15 07:00:00,9104.756097560976,9105.0
TNC,2021-12-28 07:00:00,9104.756097560976,9105.0
TNP,2024-08-21 07:00:00,839.7058823529412,840.0
TNS,2021-12-28 07:00:00,175278.71125611744,175279.0
TNS,2023-03-17 07:00:00,175278.71125611744,175279.0
TNS,2024-12-13 07:00:00,175278.71125611744,175279.0
TNT,2019-02-25 07:00:00,410056.5089660435,410057.0
TNT,2019-12-23 07:00:00,410056.5089660435,410057.0
TNT,2021-10-06 07:00:00,410056.5089660435,410057.0
TNT,2024-09-16 07:00:00,410056.5089660435,410057.0
TNT,2025-02-03 07:00:00,410056.5089660435,410057.0
TNW,2017-06-07 07:00:00,3094.8914141414143,3095.0
TNW,2019-11-14 07:00:00,3094.8914141414143,3095.0
TNW,2024-08-12 07:00:00,3094.8914141414143,3095.0
TOP,2017-09-11 07:00:00,522976.90810419683,522977.0
TOP,2018-10-22 07:00:00,522976.90810419683,522977.0
TPB,2021-04-14 07:00:00,10685665.570065293,10685666.0
TPB,2023-03-23 07:00:00,10685665.570065293,10685666.0
TPB,2023-04-11 07:00:00,10685665.570065293,10685666.0
TPB,2024-06-11 07:00:00,10685665.570065293,10685666.0
TPP,2020-03-31 07:00:00,15264.845375722543,15265.0
TPP,2026-04-06 07:00:00,15264.845375722543,15265.0
TRC,2016-01-26 07:00:00,84905.044,84905.0
TRC,2016-08-08 07:00:00,84905.044,84905.0
TRC,2017-09-07 07:00:00,84905.044,84905.0
TRC,2018-06-08 07:00:00,84905.044,84905.0
TRC,2021-08-09 07:00:00,84905.044,84905.0
TRC,2023-03-17 07:00:00,84905.044,84905.0
TRC,2024-04-26 07:00:00,84905.044,84905.0
TS3,2025-02-07 07:00:00,24785.061452513968,24785.0
TST,2016-05-13 07:00:00,10567.505303760849,10568.0
TST,2019-04-04 07:00:00,10567.505303760849,10568.0
TST,2025-04-25 07:00:00,10567.505303760849,10568.0
TT6,2024-09-05 07:00:00,43274.49414519906,43274.0
TTC,2016-09-27 07:00:00,8831.620509849363,8832.0
TTC,2020-01-17 07:00:00,8831.620509849363,8832.0
TTC,2023-07-12 07:00:00,8831.620509849363,8832.0
TTC,2024-03-08 07:00:00,8831.620509849363,8832.0
ZZZZZZ,2025-02-24 07:00:00,684111.1624015748,684111.0
TTC,2025-05-22 07:00:00,8831.620509849363,8832.0
TTF,2015-10-12 07:00:00,3346927.0190114067,3346927.0
TTF,2015-12-10 07:00:00,3346927.0190114067,3346927.0
TTF,2016-11-21 07:00:00,3346927.0190114067,3346927.0
TTF,2020-03-24 07:00:00,3346927.0190114067,3346927.0
TTF,2021-09-30 07:00:00,3346927.0190114067,3346927.0
TTF,2022-01-19 07:00:00,3346927.0190114067,3346927.0
TTF,2023-09-08 07:00:00,3346927.0190114067,3346927.0
TTF,2023-11-08 07:00:00,3346927.0190114067,3346927.0
TTN,2017-05-04 07:00:00,172853.78796844181,172854.0
TTN,2017-12-20 07:00:00,172853.78796844181,172854.0
TTN,2018-09-18 07:00:00,172853.78796844181,172854.0
TTN,2019-08-22 07:00:00,172853.78796844181,172854.0
TTN,2020-09-10 07:00:00,172853.78796844181,172854.0
TTN,2022-05-13 07:00:00,172853.78796844181,172854.0
TTN,2024-05-17 07:00:00,172853.78796844181,172854.0
TTN,2025-04-02 07:00:00,172853.78796844181,172854.0
TTZ,2016-11-16 07:00:00,128190.88454810495,128191.0
TTZ,2017-02-28 07:00:00,128190.88454810495,128191.0
TTZ,2020-08-21 07:00:00,128190.88454810495,128191.0
TTZ,2021-01-13 07:00:00,128190.88454810495,128191.0
TTZ,2021-07-21 07:00:00,128190.88454810495,128191.0
TV1,2023-12-08 07:00:00,29575.20135052179,29575.0
TV1,2024-06-11 07:00:00,29575.20135052179,29575.0
TV1,2025-01-06 07:00:00,29575.20135052179,29575.0
TVG,2021-12-13 07:00:00,306.16326530612247,306.0
TVN,2019-02-12 07:00:00,749945.3197625106,749945.0
TVN,2020-11-19 07:00:00,749945.3197625106,749945.0
TVN,2021-01-11 07:00:00,749945.3197625106,749945.0
TVN,2021-05-10 07:00:00,749945.3197625106,749945.0
TVN,2021-12-01 07:00:00,749945.3197625106,749945.0
TVN,2021-12-30 07:00:00,749945.3197625106,749945.0
TVN,2025-10-30 07:00:00,749945.3197625106,749945.0
TVN,2026-01-22 07:00:00,749945.3197625106,749945.0
TXM,2016-09-15 07:00:00,23528.25219399538,23528.0
TXM,2017-11-06 07:00:00,23528.25219399538,23528.0
TXM,2018-11-05 07:00:00,23528.25219399538,23528.0
TXM,2019-11-26 07:00:00,23528.25219399538,23528.0
TXM,2020-09-03 07:00:00,23528.25219399538,23528.0
TXM,2021-02-23 07:00:00,23528.25219399538,23528.0
TXM,2021-10-11 07:00:00,23528.25219399538,23528.0
TXM,2023-05-18 07:00:00,23528.25219399538,23528.0
TXM,2024-08-01 07:00:00,23528.25219399538,23528.0
TXM,2024-09-24 07:00:00,23528.25219399538,23528.0
UDC,2022-11-17 07:00:00,83706.10835913313,83706.0
UDC,2023-01-12 07:00:00,83706.10835913313,83706.0
UDC,2025-05-20 07:00:00,83706.10835913313,83706.0
UDC,2025-06-18 07:00:00,83706.10835913313,83706.0
UIC,2018-02-06 07:00:00,15194.684942716858,15195.0
UIC,2019-02-27 07:00:00,15194.684942716858,15195.0
UIC,2024-01-03 07:00:00,15194.684942716858,15195.0
UIC,2024-12-09 07:00:00,15194.684942716858,15195.0
UNI,2016-10-07 07:00:00,25110.566394499354,25111.0
UNI,2019-06-12 07:00:00,25110.566394499354,25111.0
UNI,2020-03-13 07:00:00,25110.566394499354,25111.0
UPH,2023-07-05 07:00:00,2106.5394736842104,2107.0
VBB,2021-06-03 07:00:00,106728.37156802928,106728.0
VBB,2022-05-16 07:00:00,106728.37156802928,106728.0
VBB,2022-08-15 07:00:00,106728.37156802928,106728.0
VBB,2024-07-16 07:00:00,106728.37156802928,106728.0
VBB,2025-04-29 07:00:00,106728.37156802928,106728.0
VBB,2025-09-10 07:00:00,106728.37156802928,106728.0
VC6,2018-04-19 07:00:00,5966.441967213114,5966.0
VC6,2018-06-04 07:00:00,5966.441967213114,5966.0
VC6,2024-06-13 07:00:00,5966.441967213114,5966.0
VCA,2016-03-28 07:00:00,24337.64539007092,24338.0
VCA,2016-06-20 07:00:00,24337.64539007092,24338.0
VCA,2020-12-04 07:00:00,24337.64539007092,24338.0
VCA,2023-04-12 07:00:00,24337.64539007092,24338.0
VCA,2026-04-01 07:00:00,24337.64539007092,24338.0
VCG,2017-01-03 07:00:00,9496252.331685051,9496252.0
VCG,2017-03-29 07:00:00,9496252.331685051,9496252.0
VCG,2018-12-28 07:00:00,9496252.331685051,9496252.0
VCG,2019-05-06 07:00:00,9496252.331685051,9496252.0
VCG,2021-02-08 07:00:00,9496252.331685051,9496252.0
VCG,2021-03-31 07:00:00,9496252.331685051,9496252.0
VCG,2022-06-21 07:00:00,9496252.331685051,9496252.0
VCG,2022-12-15 07:00:00,9496252.331685051,9496252.0
VCI,2017-08-07 07:00:00,8397918.783721993,8397919.0
VCI,2019-07-29 07:00:00,8397918.783721993,8397919.0
VCI,2020-08-13 07:00:00,8397918.783721993,8397919.0
VCI,2021-03-04 07:00:00,8397918.783721993,8397919.0
VCI,2022-07-20 07:00:00,8397918.783721993,8397919.0
VCI,2025-10-17 07:00:00,8397918.783721993,8397919.0
VCI,2025-11-06 07:00:00,8397918.783721993,8397919.0
VCM,2020-04-14 07:00:00,4046.3761026463512,4046.0
VCM,2024-08-06 07:00:00,4046.3761026463512,4046.0
VCM,2024-11-07 07:00:00,4046.3761026463512,4046.0
VCP,2020-05-06 07:00:00,50368.347696879646,50368.0
VCP,2021-07-26 07:00:00,50368.347696879646,50368.0
VDS,2016-03-30 07:00:00,1011978.7266855066,1011979.0
VDS,2017-04-19 07:00:00,1011978.7266855066,1011979.0
VDS,2018-10-22 07:00:00,1011978.7266855066,1011979.0
VDS,2021-03-22 07:00:00,1011978.7266855066,1011979.0
VDS,2021-08-13 07:00:00,1011978.7266855066,1011979.0
VDS,2024-10-29 07:00:00,1011978.7266855066,1011979.0
VDS,2025-07-11 07:00:00,1011978.7266855066,1011979.0
VE8,2016-01-26 07:00:00,14140.430979133227,14140.0
VE9,2018-06-26 07:00:00,106000.18325434439,106000.0
VE9,2020-04-01 07:00:00,106000.18325434439,106000.0
VEF,2016-10-03 07:00:00,39075.63707469691,39076.0
VEF,2019-03-11 07:00:00,39075.63707469691,39076.0
VEF,2024-03-20 07:00:00,39075.63707469691,39076.0
VEF,2025-05-14 07:00:00,39075.63707469691,39076.0
VES,2017-01-20 07:00:00,29436.173302107727,29436.0
VET,2022-05-05 07:00:00,3306.6441973592773,3307.0
VET,2022-11-11 07:00:00,3306.6441973592773,3307.0
VET,2023-10-11 07:00:00,3306.6441973592773,3307.0
VET,2024-03-28 07:00:00,3306.6441973592773,3307.0
VFC,2021-08-30 07:00:00,5347.6089060987415,5348.0
VFC,2022-01-14 07:00:00,5347.6089060987415,5348.0
VFG,2016-08-12 07:00:00,24964.59541984733,24965.0
VFG,2016-11-14 07:00:00,24964.59541984733,24965.0
VFG,2018-12-17 07:00:00,24964.59541984733,24965.0
VFG,2020-11-19 07:00:00,24964.59541984733,24965.0
VGV,2020-07-02 07:00:00,43237.46033994334,43237.0
VGV,2020-12-24 07:00:00,43237.46033994334,43237.0
VGV,2022-01-24 07:00:00,43237.46033994334,43237.0
VGV,2023-01-19 07:00:00,43237.46033994334,43237.0
VGV,2023-10-10 07:00:00,43237.46033994334,43237.0
VGV,2023-12-22 07:00:00,43237.46033994334,43237.0
VHC,2019-01-18 07:00:00,1327928.5675675676,1327929.0
VHC,2020-09-25 07:00:00,1327928.5675675676,1327929.0
VHC,2021-10-13 07:00:00,1327928.5675675676,1327929.0
VHC,2022-03-02 07:00:00,1327928.5675675676,1327929.0
VHC,2022-04-19 07:00:00,1327928.5675675676,1327929.0
VHC,2024-01-30 07:00:00,1327928.5675675676,1327929.0
VHL,2020-01-10 07:00:00,9431.160638297872,9431.0
VHL,2023-07-05 07:00:00,9431.160638297872,9431.0
VHM,2018-11-14 07:00:00,8076515.521255061,8076516.0
VHM,2025-07-21 07:00:00,8076515.521255061,8076516.0
VHM,2025-12-25 07:00:00,8076515.521255061,8076516.0
VIE,2023-12-14 07:00:00,1845.2751031636865,1845.0
VIF,2022-03-22 07:00:00,16027.638513513513,16028.0
VIF,2022-04-12 07:00:00,16027.638513513513,16028.0
VIF,2022-07-22 07:00:00,16027.638513513513,16028.0
VIF,2024-08-21 07:00:00,16027.638513513513,16028.0
VIG,2015-11-02 07:00:00,724007.8599846978,724008.0
VIG,2019-08-13 07:00:00,724007.8599846978,724008.0
VIG,2022-11-29 07:00:00,724007.8599846978,724008.0
VIG,2022-12-22 07:00:00,724007.8599846978,724008.0
VIG,2023-03-27 07:00:00,724007.8599846978,724008.0
VIG,2023-06-29 07:00:00,724007.8599846978,724008.0
VIG,2023-10-18 07:00:00,724007.8599846978,724008.0
VIG,2025-03-27 07:00:00,724007.8599846978,724008.0
VIG,2025-03-31 07:00:00,724007.8599846978,724008.0
VIN,2021-08-26 07:00:00,5620.6765129683,5621.0
VIN,2022-04-06 07:00:00,5620.6765129683,5621.0
VIN,2025-10-23 07:00:00,5620.6765129683,5621.0
VJC,2019-01-16 07:00:00,1028314.9868881119,1028315.0
VJC,2024-09-12 07:00:00,1028314.9868881119,1028315.0
VJC,2025-07-23 07:00:00,1028314.9868881119,1028315.0
VKP,2016-02-18 07:00:00,33398.49411764706,33398.0
VLB,2018-03-08 07:00:00,106877.55435342607,106878.0
VLB,2021-04-28 07:00:00,106877.55435342607,106878.0
VLB,2022-07-29 07:00:00,106877.55435342607,106878.0
VLB,2023-10-24 07:00:00,106877.55435342607,106878.0
VLC,2024-11-13 07:00:00,221623.85389473685,221624.0
VLC,2025-07-03 07:00:00,221623.85389473685,221624.0
VLC,2025-12-29 07:00:00,221623.85389473685,221624.0
VMD,2017-12-01 07:00:00,27660.9735744089,27661.0
VMD,2018-05-04 07:00:00,27660.9735744089,27661.0
VMD,2020-09-08 07:00:00,27660.9735744089,27661.0
VMD,2022-05-04 07:00:00,27660.9735744089,27661.0
VMD,2024-03-06 07:00:00,27660.9735744089,27661.0
VMD,2026-01-20 07:00:00,27660.9735744089,27661.0
VMG,2019-01-21 07:00:00,18022.79198966408,18023.0
VMG,2021-03-10 07:00:00,18022.79198966408,18023.0
VMG,2021-12-29 07:00:00,18022.79198966408,18023.0
VMG,2022-09-15 07:00:00,18022.79198966408,18023.0
VMG,2024-02-22 07:00:00,18022.79198966408,18023.0
VMG,2026-02-13 07:00:00,18022.79198966408,18023.0
VNG,2016-09-21 07:00:00,279664.7289504037,279665.0
VNG,2018-01-12 07:00:00,279664.7289504037,279665.0
VNG,2018-07-24 07:00:00,279664.7289504037,279665.0
VNG,2018-09-19 07:00:00,279664.7289504037,279665.0
VNG,2020-02-24 07:00:00,279664.7289504037,279665.0
VNG,2022-09-06 07:00:00,279664.7289504037,279665.0
VNG,2025-12-15 07:00:00,279664.7289504037,279665.0
VNH,2023-05-08 07:00:00,210677.10273590172,210677.0
VNI,2018-12-05 07:00:00,7134.9276139410185,7135.0
VNI,2024-12-18 07:00:00,7134.9276139410185,7135.0
VNL,2021-07-15 07:00:00,30029.654367118168,30030.0
VNL,2021-09-30 07:00:00,30029.654367118168,30030.0
VNP,2017-12-01 07:00:00,126028.86878565607,126029.0
VNP,2022-01-18 07:00:00,126028.86878565607,126029.0
VNP,2022-02-23 07:00:00,126028.86878565607,126029.0
VNP,2023-04-05 07:00:00,126028.86878565607,126029.0
VNP,2023-04-12 07:00:00,126028.86878565607,126029.0
VNP,2025-10-07 07:00:00,126028.86878565607,126029.0
VNR,2016-10-18 07:00:00,64552.87520729685,64553.0
VNR,2017-08-31 07:00:00,64552.87520729685,64553.0
VNR,2018-01-17 07:00:00,64552.87520729685,64553.0
VNR,2019-08-27 07:00:00,64552.87520729685,64553.0
VNR,2022-09-12 07:00:00,64552.87520729685,64553.0
VNR,2023-11-10 07:00:00,64552.87520729685,64553.0
VNR,2025-03-03 07:00:00,64552.87520729685,64553.0
VNY,2022-06-21 07:00:00,9896.924342105263,9897.0
VOS,2017-11-01 07:00:00,1879852.7033307513,1879853.0
VOS,2018-11-29 07:00:00,1879852.7033307513,1879853.0
VOS,2020-07-03 07:00:00,1879852.7033307513,1879853.0
VOS,2024-05-15 07:00:00,1879852.7033307513,1879853.0
VOS,2024-07-12 07:00:00,1879852.7033307513,1879853.0
VPA,2021-11-19 07:00:00,5571.346052631579,5571.0
VPA,2021-12-30 07:00:00,5571.346052631579,5571.0
VPA,2023-01-04 07:00:00,5571.346052631579,5571.0
VPA,2023-10-27 07:00:00,5571.346052631579,5571.0
VPG,2019-03-14 07:00:00,1377694.1156295934,1377694.0
VPG,2019-09-10 07:00:00,1377694.1156295934,1377694.0
VPG,2020-06-23 07:00:00,1377694.1156295934,1377694.0
VPG,2020-09-07 07:00:00,1377694.1156295934,1377694.0
VPH,2016-06-20 07:00:00,528254.3354789852,528254.0
VPH,2019-08-16 07:00:00,528254.3354789852,528254.0
VPH,2020-06-19 07:00:00,528254.3354789852,528254.0
VPH,2021-04-12 07:00:00,528254.3354789852,528254.0
VPH,2021-09-07 07:00:00,528254.3354789852,528254.0
VPH,2024-03-07 07:00:00,528254.3354789852,528254.0
VPH,2025-01-23 07:00:00,528254.3354789852,528254.0
VPH,2025-07-03 07:00:00,528254.3354789852,528254.0
VPH,2026-03-25 07:00:00,528254.3354789852,528254.0
VQC,2017-08-28 07:00:00,1019.6416464891041,1020.0
VRE,2018-03-15 07:00:00,10407595.487106018,10407595.0
VRE,2019-02-18 07:00:00,10407595.487106018,10407595.0
VRE,2021-10-01 07:00:00,10407595.487106018,10407595.0
VRE,2021-11-05 07:00:00,10407595.487106018,10407595.0
VRE,2024-02-06 07:00:00,10407595.487106018,10407595.0
VRG,2019-05-02 07:00:00,54436.79302536232,54437.0
VRG,2019-05-29 07:00:00,54436.79302536232,54437.0
VRG,2019-10-03 07:00:00,54436.79302536232,54437.0
VRG,2020-10-09 07:00:00,54436.79302536232,54437.0
VRG,2021-06-29 07:00:00,54436.79302536232,54437.0
VRG,2021-10-11 07:00:00,54436.79302536232,54437.0
VRG,2024-08-21 07:00:00,54436.79302536232,54437.0
VRG,2025-01-03 07:00:00,54436.79302536232,54437.0
VRG,2025-03-25 07:00:00,54436.79302536232,54437.0
VSH,2016-10-25 07:00:00,103731.62559618441,103732.0
VSH,2017-01-12 07:00:00,103731.62559618441,103732.0
VSH,2018-10-25 07:00:00,103731.62559618441,103732.0
VSH,2019-05-15 07:00:00,103731.62559618441,103732.0
VSH,2021-07-14 07:00:00,103731.62559618441,103732.0
VSH,2021-12-06 07:00:00,103731.62559618441,103732.0
VSH,2022-04-29 07:00:00,103731.62559618441,103732.0
VSH,2024-05-15 07:00:00,103731.62559618441,103732.0
VSH,2024-08-09 07:00:00,103731.62559618441,103732.0
VST,2015-11-25 07:00:00,152561.13095238095,152561.0
VTA,2017-05-04 07:00:00,15000.989696312365,15001.0
VTA,2022-02-23 07:00:00,15000.989696312365,15001.0
VTA,2024-06-06 07:00:00,15000.989696312365,15001.0
VTA,2025-11-03 07:00:00,15000.989696312365,15001.0
VTD,2019-11-21 07:00:00,249160.33415841585,249160.0
VTD,2021-11-23 07:00:00,249160.33415841585,249160.0
VTD,2023-06-13 07:00:00,249160.33415841585,249160.0
VTD,2025-04-08 07:00:00,249160.33415841585,249160.0
VTH,2017-11-28 07:00:00,9085.146752205294,9085.0
VTH,2018-11-12 07:00:00,9085.146752205294,9085.0
VTH,2026-04-24 07:00:00,9085.146752205294,9085.0
VTX,2019-09-11 07:00:00,6469.127058823529,6469.0
VTX,2021-09-07 07:00:00,6469.127058823529,6469.0
VXB,2020-07-07 07:00:00,14380.59560067682,14381.0
X20,2021-12-02 07:00:00,6725.412359550562,6725.0
X20,2022-09-20 07:00:00,6725.412359550562,6725.0
X20,2025-06-03 07:00:00,6725.412359550562,6725.0
X26,2020-06-23 07:00:00,3032.004750593824,3032.0
XMC,2020-02-26 07:00:00,51595.24025157233,51595.0
XMC,2023-03-22 07:00:00,51595.24025157233,51595.0
XMC,2023-06-20 07:00:00,51595.24025157233,51595.0
XMC,2025-11-19 07:00:00,51595.24025157233,51595.0
XMC,2025-12-24 07:00:00,51595.24025157233,51595.0
XMC,2026-04-08 07:00:00,51595.24025157233,51595.0
XPH,2017-03-13 07:00:00,13995.213643574829,13995.0
XPH,2017-10-03 07:00:00,13995.213643574829,13995.0
XPH,2019-04-25 07:00:00,13995.213643574829,13995.0
XPH,2020-09-28 07:00:00,13995.213643574829,13995.0
YTC,2024-10-21 07:00:00,4021.1837307152873,4021.0
NAG,2018-01-08 07:00:00,247275.25746268657,247275.0
BHP,2016-01-20 07:00:00,4180.321746160064,4180.0
ANV,2017-11-08 07:00:00,1807875.4485692189,1807875.0
VET,2022-05-05 07:00:00,3306.6441973592773,3307.0
SAV,2019-12-13 07:00:00,68237.12887438826,68237.0
S12,2022-12-30 07:00:00,32637.74104234528,32638.0
THG,2020-02-28 07:00:00,58657.877583465815,58658.0
ELC,2019-07-11 07:00:00,715341.8333333334,715342.0
HAP,2016-11-02 07:00:00,504144.6322234979,504145.0
VTH,2017-11-28 07:00:00,9085.146752205294,9085.0
POW,2023-07-18 07:00:00,11891491.934158416,11891492.0
VCI,2019-07-29 07:00:00,8397918.783721993,8397919.0
MCO,2022-02-10 07:00:00,56212.47737355812,56212.0
VIF,2022-04-12 07:00:00,16027.638513513513,16028.0
PBC,2021-06-17 07:00:00,97217.86241134752,97218.0
VDS,2017-04-19 07:00:00,1011978.7266855066,1011979.0
TCW,2023-12-19 07:00:00,26420.425442684063,26420.0
CSV,2016-04-08 07:00:00,946978.8334612433,946979.0
UDC,2022-11-17 07:00:00,83706.10835913313,83706.0
IJC,2023-03-28 07:00:00,3102649.4934705184,3102649.0
EVG,2020-12-09 07:00:00,2463727.2953414745,2463727.0
TRC,2018-06-08 07:00:00,84905.044,84905.0
VGV,2023-10-10 07:00:00,43237.46033994334,43237.0
PNC,2018-03-06 07:00:00,3236.20625,3236.0
BTP,2024-09-20 07:00:00,55560.01969279244,55560.0
PCH,2023-12-04 07:00:00,207159.41612903227,207159.0
TVN,2026-01-22 07:00:00,749945.3197625106,749945.0
PTI,2020-07-02 07:00:00,29358.988078862905,29359.0
ND2,2017-11-27 07:00:00,13185.906576521205,13186.0
VST,2026-03-27 07:00:00,152561.13095238095,152561.0
PGD,2024-02-20 07:00:00,57349.27851672713,57349.0
PIC,2018-01-17 07:00:00,5671.877964426877,5672.0
TMT,2022-08-23 07:00:00,56406.78696158324,56407.0
EVG,2020-05-29 07:00:00,2463727.2953414745,2463727.0
BTP,2024-06-17 07:00:00,55560.01969279244,55560.0
DTI,2022-10-28 07:00:00,80517.1876465989,80517.0
PNC,2024-05-31 07:00:00,3236.20625,3236.0
DBD,2021-01-25 07:00:00,149304.10121633363,149304.0
PHC,2025-04-01 07:00:00,375394.5942748092,375395.0
SSN,2018-02-23 07:00:00,225040.28330614464,225040.0
S99,2020-11-16 07:00:00,478004.8307692308,478005.0
TCW,2017-08-02 07:00:00,26420.425442684063,26420.0
TNC,2018-12-14 07:00:00,9104.756097560976,9105.0
HEV,2025-07-03 07:00:00,2352.0756533700137,2352.0
ADC,2021-09-06 07:00:00,2436.797349961029,2437.0
SBV,2019-11-07 07:00:00,50330.397381954186,50330.0
ACM,2016-02-03 07:00:00,1526439.874423963,1526440.0
TTZ,2021-01-13 07:00:00,128190.88454810495,128191.0
PGD,2024-11-22 07:00:00,57349.27851672713,57349.0
PGB,2025-06-16 07:00:00,163682.17045454544,163682.0
DVG,2022-07-05 07:00:00,536988.9154175589,536989.0
VNR,2023-11-10 07:00:00,64552.87520729685,64553.0
VC6,2024-06-13 07:00:00,5966.441967213114,5966.0
AGP,2017-10-20 07:00:00,8278.40070713023,8278.0
SHS,2022-02-09 07:00:00,14180223.362114873,14180223.0
KDC,2023-06-06 07:00:00,1086951.8541748335,1086952.0
POW,2019-10-17 07:00:00,11891491.934158416,11891492.0
HEJ,2020-01-14 07:00:00,10224.601097178684,10225.0
DRI,2019-03-04 07:00:00,961657.0310670868,961657.0
HDG,2017-01-06 07:00:00,2899986.729083665,2899987.0
HAP,2024-07-17 07:00:00,504144.6322234979,504145.0
AVC,2024-03-01 07:00:00,3181.4335169158144,3181.0
GMC,2016-07-07 07:00:00,33396.89806678383,33397.0
ILA,2022-10-31 07:00:00,154667.34977799703,154667.0
BLI,2020-01-03 07:00:00,22348.951058823528,22349.0
HEJ,2024-01-30 07:00:00,10224.601097178684,10225.0
CDP,2019-11-05 07:00:00,25302.474507138002,25302.0
VIG,2025-03-27 07:00:00,724007.8599846978,724008.0
VEF,2024-03-20 07:00:00,39075.63707469691,39076.0
HCD,2024-02-05 07:00:00,802545.737100737,802546.0
TRC,2024-04-26 07:00:00,84905.044,84905.0
KDC,2021-04-02 07:00:00,1086951.8541748335,1086952.0
KMR,2022-07-20 07:00:00,275170.92649310874,275171.0
CSV,2023-02-28 07:00:00,946978.8334612433,946979.0
PVT,2021-05-05 07:00:00,4115358.958174905,4115359.0
SZG,2025-07-16 07:00:00,8076.747619047619,8077.0
LBM,2025-08-22 07:00:00,27008.565488565488,27009.0
SBV,2024-01-10 07:00:00,50330.397381954186,50330.0
SD4,2023-07-04 07:00:00,31944.080115273777,31944.0
AGP,2019-11-29 07:00:00,8278.40070713023,8278.0
VBB,2025-09-10 07:00:00,106728.37156802928,106728.0
NSC,2022-08-25 07:00:00,10385.534212695795,10386.0
TAR,2021-08-10 07:00:00,1407658.8601236476,1407659.0
GSP,2018-10-22 07:00:00,163084.24207269915,163084.0
CSC,2023-06-08 07:00:00,70790.98238747554,70791.0
TBC,2025-10-01 07:00:00,11922.539831302718,11923.0
STG,2024-10-30 07:00:00,98396.22727272728,98396.0
CVT,2026-04-21 07:00:00,405095.22044728434,405095.0
VLC,2025-12-29 07:00:00,221623.85389473685,221624.0
DGW,2026-02-25 07:00:00,1898223.6439710916,1898224.0
BVS,2016-07-18 07:00:00,672698.5615325078,672699.0
ACV,2024-05-15 07:00:00,449639.8459563543,449640.0
POS,2023-12-26 07:00:00,27982.83851554664,27983.0
DAG,2015-12-01 07:00:00,705320.4972875227,705320.0
CSV,2018-01-02 07:00:00,946978.8334612433,946979.0
PTS,2026-03-13 07:00:00,18170.623629112662,18171.0
TCW,2021-06-11 07:00:00,26420.425442684063,26420.0
TLP,2024-10-23 07:00:00,30811.883235485977,30812.0
ABR,2023-02-27 07:00:00,10775.523300229182,10776.0
ANV,2022-06-14 07:00:00,1807875.4485692189,1807875.0
PXI,2016-03-31 07:00:00,131063.93155402497,131064.0
IDI,2016-06-13 07:00:00,4229732.785632404,4229733.0
TBR,2025-05-15 07:00:00,3402.721951219512,3403.0
DHB,2025-01-07 07:00:00,29710.40807799443,29710.0
TFC,2017-06-16 07:00:00,16736.8303121853,16737.0
QTC,2025-05-23 07:00:00,12214.464339908953,12214.0
FRT,2023-12-25 07:00:00,1422805.944723618,1422806.0
ND2,2017-06-13 07:00:00,13185.906576521205,13186.0
ABT,2025-04-09 07:00:00,6330.066760695816,6330.0
VNI,2024-12-18 07:00:00,7134.9276139410185,7135.0
CST,2022-03-22 07:00:00,241336.5294592413,241337.0
NHH,2022-12-26 07:00:00,478895.6292756539,478896.0
DHA,2024-01-18 07:00:00,112685.45701006972,112685.0
UNI,2016-10-07 07:00:00,25110.566394499354,25111.0
TRC,2021-08-09 07:00:00,84905.044,84905.0
FCN,2022-05-25 07:00:00,3075819.583008574,3075820.0
SGS,2022-08-23 07:00:00,4224.295979469633,4224.0
VPH,2016-06-20 07:00:00,528254.3354789852,528254.0
MBB,2015-10-09 07:00:00,19598118.016685627,19598118.0
VGV,2020-07-02 07:00:00,43237.46033994334,43237.0
CLM,2026-03-30 07:00:00,2284.4661016949153,2284.0
TXM,2024-08-01 07:00:00,23528.25219399538,23528.0
ALV,2018-07-18 07:00:00,46670.96702068194,46671.0
SGD,2016-05-24 07:00:00,3196.2699327569644,3196.0
MPC,2026-01-26 07:00:00,314350.67910090863,314351.0
SBA,2021-08-24 07:00:00,41205.70216049383,41206.0
DCL,2026-01-09 07:00:00,324667.2903963415,324667.0
XPH,2019-04-25 07:00:00,13995.213643574829,13995.0
AGP,2025-02-10 07:00:00,8278.40070713023,8278.0
ACV,2017-12-05 07:00:00,449639.8459563543,449640.0
VTD,2019-11-21 07:00:00,249160.33415841585,249160.0
BAF,2025-02-25 07:00:00,4913312.983425414,4913313.0
S72,2024-07-19 07:00:00,3248.8536585365855,3249.0
SD3,2021-12-14 07:00:00,45376.5634958957,45377.0
KMR,2023-09-07 07:00:00,275170.92649310874,275171.0
GEE,2024-06-13 07:00:00,691797.4149043303,691797.0
DCL,2019-04-17 07:00:00,324667.2903963415,324667.0
JOS,2024-10-18 07:00:00,29771.19172932331,29771.0
TBC,2024-02-20 07:00:00,11922.539831302718,11923.0
CSV,2019-10-07 07:00:00,946978.8334612433,946979.0
ZZZZZZ,2025-02-07 07:00:00,684111.1624015748,684111.0
DAT,2024-10-02 07:00:00,7376.721497447533,7377.0
IMP,2018-04-24 07:00:00,76893.20718654434,76893.0
SAM,2018-02-05 07:00:00,1153688.0533333332,1153688.0
CTG,2025-06-30 07:00:00,9613649.072124757,9613649.0
TMB,2024-05-28 07:00:00,18630.69987228608,18631.0
TXM,2020-09-03 07:00:00,23528.25219399538,23528.0
SBA,2019-01-22 07:00:00,41205.70216049383,41206.0
ND2,2019-08-12 07:00:00,13185.906576521205,13186.0
MIG,2024-04-25 07:00:00,684662.9783099864,684663.0
HAP,2019-10-24 07:00:00,504144.6322234979,504145.0
BHN,2023-07-14 07:00:00,10312.826530612245,10313.0
BVL,2025-05-05 07:00:00,10858.187122736419,10858.0
PGT,2022-10-18 07:00:00,31619.012776412776,31619.0
DPR,2017-08-23 07:00:00,485513.02521008404,485513.0
TNW,2024-08-12 07:00:00,3094.8914141414143,3095.0
ANT,2021-08-02 07:00:00,24161.047865459248,24161.0
PVO,2019-05-17 07:00:00,72956.58988525286,72957.0
TFC,2016-11-11 07:00:00,16736.8303121853,16737.0
LHC,2018-05-24 07:00:00,31624.8822044594,31625.0
G20,2016-05-31 07:00:00,191122.2693032015,191122.0
TBC,2018-03-20 07:00:00,11922.539831302718,11923.0
PSB,2025-03-26 07:00:00,61073.14808582247,61073.0
BAB,2023-04-19 07:00:00,37822.418685121105,37822.0
VCI,2022-07-20 07:00:00,8397918.783721993,8397919.0
NDC,2015-10-12 07:00:00,2750.9757225433527,2751.0
VNG,2025-12-15 07:00:00,279664.7289504037,279665.0
SD6,2024-08-16 07:00:00,97380.42762577228,97380.0
VGV,2020-12-24 07:00:00,43237.46033994334,43237.0
TXM,2019-11-26 07:00:00,23528.25219399538,23528.0
QNC,2025-01-17 07:00:00,26431.66184074457,26432.0
VMG,2026-02-13 07:00:00,18022.79198966408,18023.0
PC1,2019-07-23 07:00:00,2782014.9680986814,2782015.0
PXS,2026-02-27 07:00:00,546301.2109058134,546301.0
TT6,2024-09-05 07:00:00,43274.49414519906,43274.0
HPX,2021-01-28 07:00:00,2843778.053244592,2843778.0
LHC,2020-05-19 07:00:00,31624.8822044594,31625.0
DHM,2017-12-04 07:00:00,459663.7984496124,459664.0
KMR,2023-12-12 07:00:00,275170.92649310874,275171.0
ACM,2017-03-14 07:00:00,1526439.874423963,1526440.0
BTN,2021-09-29 07:00:00,88009.20459440058,88009.0
AVC,2024-09-20 07:00:00,3181.4335169158144,3181.0
AGX,2023-12-01 07:00:00,4744.190476190476,4744.0
PLP,2018-11-02 07:00:00,385110.59152305545,385111.0
EVS,2023-11-10 07:00:00,359620.96453519614,359621.0
FTM,2020-03-10 07:00:00,999760.4544371649,999760.0
NLG,2019-02-20 07:00:00,3657295.8798613786,3657296.0
EVS,2020-11-19 07:00:00,359620.96453519614,359621.0
ACL,2022-08-15 07:00:00,110874.03046521202,110874.0
PGB,2022-11-09 07:00:00,163682.17045454544,163682.0
CSV,2025-02-11 07:00:00,946978.8334612433,946979.0
NVL,2022-05-10 07:00:00,14564289.420665802,14564289.0
PXI,2020-08-21 07:00:00,131063.93155402497,131064.0
DTL,2017-10-24 07:00:00,7368.400191021968,7368.0
ELC,2022-12-15 07:00:00,715341.8333333334,715342.0
BAB,2024-09-18 07:00:00,37822.418685121105,37822.0
PXI,2015-12-01 07:00:00,131063.93155402497,131064.0
TFC,2017-06-21 07:00:00,16736.8303121853,16737.0
THW,2024-09-27 07:00:00,4132.9,4133.0
HBS,2017-08-25 07:00:00,100301.54667905248,100302.0
MCC,2017-05-08 07:00:00,16037.420361247947,16037.0
VHC,2022-03-02 07:00:00,1327928.5675675676,1327929.0
TFC,2017-08-15 07:00:00,16736.8303121853,16737.0
UIC,2024-12-09 07:00:00,15194.684942716858,15195.0
PSB,2025-10-27 07:00:00,61073.14808582247,61073.0
D2D,2023-07-05 07:00:00,224042.58887171562,224043.0
BAB,2023-09-18 07:00:00,37822.418685121105,37822.0
XMC,2026-04-08 07:00:00,51595.24025157233,51595.0
TV1,2024-06-11 07:00:00,29575.20135052179,29575.0
PPH,2024-02-02 07:00:00,83214.1398793198,83214.0
AFX,2025-02-04 07:00:00,137782.39732142858,137782.0
AGX,2025-08-25 07:00:00,4744.190476190476,4744.0
DHA,2017-06-27 07:00:00,112685.45701006972,112685.0
HIO,2025-05-07 07:00:00,187694.29105691056,187694.0
BHA,2019-05-22 07:00:00,16601.358921161827,16601.0
LG9,2018-10-23 07:00:00,2693.2829912023462,2693.0
DHB,2024-06-04 07:00:00,29710.40807799443,29710.0
VE8,2016-01-26 07:00:00,14140.430979133227,14140.0
VDS,2021-03-22 07:00:00,1011978.7266855066,1011979.0
TNS,2023-03-17 07:00:00,175278.71125611744,175279.0
VOS,2024-05-15 07:00:00,1879852.7033307513,1879853.0
PVL,2019-06-06 07:00:00,737777.804816859,737778.0
SCL,2024-05-03 07:00:00,41535.823610473126,41536.0
MIG,2021-07-29 07:00:00,684662.9783099864,684663.0
CLX,2025-07-30 07:00:00,157999.83461736003,158000.0
DWC,2024-07-31 07:00:00,1561.7878787878788,1562.0
PGB,2023-02-01 07:00:00,163682.17045454544,163682.0
BTS,2022-06-03 07:00:00,94253.16053357866,94253.0
HOT,2023-07-12 07:00:00,1322.0201048951049,1322.0
PVT,2019-10-24 07:00:00,4115358.958174905,4115359.0
IMP,2026-02-11 07:00:00,76893.20718654434,76893.0
THG,2016-09-21 07:00:00,58657.877583465815,58658.0
PV2,2024-05-08 07:00:00,219276.27714406422,219276.0
NDX,2025-03-13 07:00:00,45067.43946376204,45067.0
AGP,2016-06-10 07:00:00,8278.40070713023,8278.0
MCG,2024-06-03 07:00:00,236910.5261106781,236911.0
IDV,2022-04-07 07:00:00,36277.54600241061,36278.0
GSP,2018-12-18 07:00:00,163084.24207269915,163084.0
TRC,2016-08-08 07:00:00,84905.044,84905.0
PCH,2026-01-29 07:00:00,207159.41612903227,207159.0
MCF,2023-05-22 07:00:00,24895.162790697676,24895.0
D2D,2025-02-03 07:00:00,224042.58887171562,224043.0
CRE,2023-07-14 07:00:00,1197335.775907417,1197336.0
HDB,2025-12-02 07:00:00,9764467.852998067,9764468.0
PTL,2024-03-18 07:00:00,436101.52432018385,436102.0
VMD,2020-09-08 07:00:00,27660.9735744089,27661.0
BAL,2026-04-13 07:00:00,1381.6526576019778,1382.0
PVO,2018-05-17 07:00:00,72956.58988525286,72957.0
PVO,2017-04-05 07:00:00,72956.58988525286,72957.0
TOP,2018-10-22 07:00:00,522976.90810419683,522977.0
NAB,2026-02-13 07:00:00,1389963.167031364,1389963.0
VMD,2022-05-04 07:00:00,27660.9735744089,27661.0
STG,2018-02-21 07:00:00,98396.22727272728,98396.0
VCA,2016-06-20 07:00:00,24337.64539007092,24338.0
SCL,2024-11-12 07:00:00,41535.823610473126,41536.0
XMC,2025-12-24 07:00:00,51595.24025157233,51595.0
DSC,2025-07-25 07:00:00,160388.97634408603,160389.0
TH1,2016-06-30 07:00:00,6708.385365853658,6708.0
VPH,2021-09-07 07:00:00,528254.3354789852,528254.0
NHT,2018-04-05 07:00:00,12936.707275803723,12937.0
PPH,2021-09-10 07:00:00,83214.1398793198,83214.0
PRO,2021-07-08 07:00:00,6399.841638981174,6400.0
MCM,2025-12-24 07:00:00,100125.92325056433,100126.0
FCM,2022-02-17 07:00:00,303703.5422451408,303704.0
HEJ,2020-08-21 07:00:00,10224.601097178684,10225.0
GND,2024-07-23 07:00:00,4518.608441558442,4519.0
VIG,2019-08-13 07:00:00,724007.8599846978,724008.0
SMA,2018-03-08 07:00:00,16954.561049445005,16955.0
X20,2022-09-20 07:00:00,6725.412359550562,6725.0
PVY,2017-12-29 07:00:00,62922.19607843137,62922.0
APP,2019-04-24 07:00:00,20469.37139561707,20469.0
MML,2023-03-22 07:00:00,137965.19858611826,137965.0
TVN,2025-10-30 07:00:00,749945.3197625106,749945.0
VNR,2018-01-17 07:00:00,64552.87520729685,64553.0
HHG,2018-04-19 07:00:00,486198.6342397549,486199.0
ICG,2025-12-15 07:00:00,31363.02398989899,31363.0
VTD,2021-11-23 07:00:00,249160.33415841585,249160.0
NSC,2018-05-09 07:00:00,10385.534212695795,10386.0
HAP,2018-09-27 07:00:00,504144.6322234979,504145.0
IJC,2016-06-13 07:00:00,3102649.4934705184,3102649.0
PGD,2022-07-26 07:00:00,57349.27851672713,57349.0
PRE,2022-07-20 07:00:00,12211.337673611111,12211.0
ALV,2016-01-04 07:00:00,46670.96702068194,46671.0
FCM,2023-05-29 07:00:00,303703.5422451408,303704.0
ACL,2024-09-18 07:00:00,110874.03046521202,110874.0
VCI,2025-11-06 07:00:00,8397918.783721993,8397919.0
VMG,2019-01-21 07:00:00,18022.79198966408,18023.0
NHA,2022-05-04 07:00:00,440174.4373291683,440174.0
BCM,2023-08-23 07:00:00,508134.5526838966,508135.0
HT1,2022-10-12 07:00:00,1084257.6374903177,1084258.0
TTC,2016-09-27 07:00:00,8831.620509849363,8832.0
MCF,2020-10-06 07:00:00,24895.162790697676,24895.0
GHC,2024-06-05 07:00:00,30641.33389261745,30641.0
MCG,2017-10-13 07:00:00,236910.5261106781,236911.0
TTF,2015-10-12 07:00:00,3346927.0190114067,3346927.0
DSC,2021-12-23 07:00:00,160388.97634408603,160389.0
PVO,2025-03-07 07:00:00,72956.58988525286,72957.0
PVY,2021-06-04 07:00:00,62922.19607843137,62922.0
BAF,2025-05-13 07:00:00,4913312.983425414,4913313.0
TNP,2024-08-21 07:00:00,839.7058823529412,840.0
HU3,2015-11-05 07:00:00,12133.486940298508,12133.0
MCO,2019-11-28 07:00:00,56212.47737355812,56212.0
DST,2019-02-11 07:00:00,984166.3377125193,984166.0
NVL,2017-01-05 07:00:00,14564289.420665802,14564289.0
MTP,2022-03-08 07:00:00,3239.3260437375748,3239.0
NHH,2021-08-18 07:00:00,478895.6292756539,478896.0
DRH,2025-10-17 07:00:00,2649197.955823293,2649198.0
VOS,2018-11-29 07:00:00,1879852.7033307513,1879853.0
DGW,2016-11-28 07:00:00,1898223.6439710916,1898224.0
LMH,2018-12-24 07:00:00,1612173.2551271534,1612173.0
CLM,2023-09-18 07:00:00,2284.4661016949153,2284.0
TV1,2025-01-06 07:00:00,29575.20135052179,29575.0
TXM,2018-11-05 07:00:00,23528.25219399538,23528.0
CMN,2022-11-29 07:00:00,5882.098484848485,5882.0
S99,2026-02-03 07:00:00,478004.8307692308,478005.0
HHG,2025-07-18 07:00:00,486198.6342397549,486199.0
TDW,2016-09-28 07:00:00,2838.1418439716313,2838.0
HMR,2025-08-11 07:00:00,59684.35533980583,59684.0
TTN,2022-05-13 07:00:00,172853.78796844181,172854.0
TJC,2023-08-10 07:00:00,11150.808065720686,11151.0
TST,2016-05-13 07:00:00,10567.505303760849,10568.0
NAB,2022-01-12 07:00:00,1389963.167031364,1389963.0
CTP,2019-11-29 07:00:00,163055.09018789144,163055.0
PPH,2021-04-09 07:00:00,83214.1398793198,83214.0
TST,2019-04-04 07:00:00,10567.505303760849,10568.0
PC1,2020-09-30 07:00:00,2782014.9680986814,2782015.0
MPC,2019-05-24 07:00:00,314350.67910090863,314351.0
ICG,2020-05-11 07:00:00,31363.02398989899,31363.0
VFG,2018-12-17 07:00:00,24964.59541984733,24965.0
ACV,2025-03-05 07:00:00,449639.8459563543,449640.0
NHA,2024-02-16 07:00:00,440174.4373291683,440174.0
VNG,2016-09-21 07:00:00,279664.7289504037,279665.0
L61,2021-03-04 07:00:00,6759.581227436823,6760.0
QNC,2026-03-02 07:00:00,26431.66184074457,26432.0
GTT,2021-08-27 07:00:00,603959.1553030303,603959.0
SFI,2025-06-06 07:00:00,17929.766599597584,17930.0
HBH,2022-11-15 07:00:00,6730.151479289941,6730.0
KSQ,2017-12-01 07:00:00,234748.36600544536,234748.0
STB,2022-02-10 07:00:00,19610285.582635187,19610286.0
HKT,2026-04-21 07:00:00,40429.52713661884,40430.0
BCA,2023-02-15 07:00:00,124468.78446771379,124469.0
S99,2024-07-30 07:00:00,478004.8307692308,478005.0
DHM,2017-09-15 07:00:00,459663.7984496124,459664.0
VSH,2018-10-25 07:00:00,103731.62559618441,103732.0
ATS,2024-12-20 07:00:00,26592.350506756757,26592.0
KDC,2017-03-15 07:00:00,1086951.8541748335,1086952.0
HTT,2019-07-09 07:00:00,416828.0795228628,416828.0
NAG,2021-03-24 07:00:00,247275.25746268657,247275.0
VCG,2019-05-06 07:00:00,9496252.331685051,9496252.0
NDP,2023-07-03 07:00:00,5709.215988779803,5709.0
VJC,2019-01-16 07:00:00,1028314.9868881119,1028315.0
XMC,2020-02-26 07:00:00,51595.24025157233,51595.0
SMT,2025-06-10 07:00:00,26845.96148148148,26846.0
NNT,2025-06-03 07:00:00,2551.9626955475333,2552.0
TCJ,2022-11-11 07:00:00,70855.47368421052,70855.0
EVS,2024-01-18 07:00:00,359620.96453519614,359621.0
DST,2017-04-11 07:00:00,984166.3377125193,984166.0
C21,2017-11-24 07:00:00,16064.699354838709,16065.0
VCI,2017-08-07 07:00:00,8397918.783721993,8397919.0
D2D,2016-02-22 07:00:00,224042.58887171562,224043.0
SAV,2024-06-27 07:00:00,68237.12887438826,68237.0
VRG,2025-03-25 07:00:00,54436.79302536232,54437.0
MAC,2022-08-09 07:00:00,129541.45481798715,129541.0
HU3,2024-08-02 07:00:00,12133.486940298508,12133.0
DCL,2024-12-13 07:00:00,324667.2903963415,324667.0
PGV,2021-08-12 07:00:00,36363.03826955075,36363.0
NDT,2023-02-08 07:00:00,37194.1676975945,37194.0
HAP,2020-04-24 07:00:00,504144.6322234979,504145.0
S99,2018-04-24 07:00:00,478004.8307692308,478005.0
NSG,2016-07-05 07:00:00,6754.347926267281,6754.0
VFG,2016-08-12 07:00:00,24964.59541984733,24965.0
HBS,2019-11-01 07:00:00,100301.54667905248,100302.0
JVC,2020-08-27 07:00:00,1347295.935483871,1347296.0
VRG,2024-08-21 07:00:00,54436.79302536232,54437.0
MIC,2024-07-23 07:00:00,7628.328335832084,7628.0
NAG,2019-06-04 07:00:00,247275.25746268657,247275.0
CTI,2024-01-16 07:00:00,1299987.0906321402,1299987.0
PVO,2022-06-27 07:00:00,72956.58988525286,72957.0
CTP,2022-08-05 07:00:00,163055.09018789144,163055.0
FTM,2017-06-15 07:00:00,999760.4544371649,999760.0
TCI,2021-10-19 07:00:00,696340.9425675676,696341.0
VGV,2023-12-22 07:00:00,43237.46033994334,43237.0
SD6,2015-10-12 07:00:00,97380.42762577228,97380.0
NAS,2021-03-19 07:00:00,7992.922246220302,7993.0
TVN,2021-12-01 07:00:00,749945.3197625106,749945.0
VIN,2022-04-06 07:00:00,5620.6765129683,5621.0
POS,2025-02-17 07:00:00,27982.83851554664,27983.0
ACC,2021-10-11 07:00:00,89371.18091451292,89371.0
TJC,2024-06-06 07:00:00,11150.808065720686,11151.0
SSH,2024-08-07 07:00:00,261515.8426013195,261516.0
IMP,2022-12-20 07:00:00,76893.20718654434,76893.0
MAC,2015-12-01 07:00:00,129541.45481798715,129541.0
ACL,2017-10-12 07:00:00,110874.03046521202,110874.0
FCM,2021-11-19 07:00:00,303703.5422451408,303704.0
MPC,2021-09-13 07:00:00,314350.67910090863,314351.0
CTX,2026-02-23 07:00:00,63983.62557427259,63984.0
NAS,2024-07-22 07:00:00,7992.922246220302,7993.0
HPX,2026-04-13 07:00:00,2843778.053244592,2843778.0
VSH,2024-05-15 07:00:00,103731.62559618441,103732.0
HMR,2023-06-16 07:00:00,59684.35533980583,59684.0
DGC,2017-11-09 07:00:00,1990020.7952138092,1990021.0
NUE,2023-09-28 07:00:00,3451.4165137614677,3451.0
CIA,2018-11-26 07:00:00,31261.935483870966,31262.0
BVS,2021-02-26 07:00:00,672698.5615325078,672699.0
BTU,2025-06-27 07:00:00,3023.1135693215338,3023.0
MSN,2024-12-05 07:00:00,4625923.57766806,4625924.0
HBS,2023-09-20 07:00:00,100301.54667905248,100302.0
SHS,2016-03-02 07:00:00,14180223.362114873,14180223.0
BTN,2025-05-08 07:00:00,88009.20459440058,88009.0
EBS,2021-10-22 07:00:00,6176.221886336155,6176.0
BTS,2020-08-31 07:00:00,94253.16053357866,94253.0
NHT,2025-09-30 07:00:00,12936.707275803723,12937.0
DHM,2025-08-12 07:00:00,459663.7984496124,459664.0
VJC,2025-07-23 07:00:00,1028314.9868881119,1028315.0
STB,2016-05-26 07:00:00,19610285.582635187,19610286.0
TNC,2021-12-28 07:00:00,9104.756097560976,9105.0
VCG,2018-12-28 07:00:00,9496252.331685051,9496252.0
PGD,2017-10-17 07:00:00,57349.27851672713,57349.0
SHS,2017-11-17 07:00:00,14180223.362114873,14180223.0
NAF,2017-09-28 07:00:00,440231.2104857363,440231.0
X20,2025-06-03 07:00:00,6725.412359550562,6725.0
HT1,2024-01-15 07:00:00,1084257.6374903177,1084258.0
DGW,2018-08-24 07:00:00,1898223.6439710916,1898224.0
HBS,2023-06-30 07:00:00,100301.54667905248,100302.0
ND2,2017-06-29 07:00:00,13185.906576521205,13186.0
PPH,2018-06-13 07:00:00,83214.1398793198,83214.0
IDV,2025-12-11 07:00:00,36277.54600241061,36278.0
DRH,2018-05-21 07:00:00,2649197.955823293,2649198.0
BBH,2024-12-26 07:00:00,6003.3020527859235,6003.0
VNY,2022-06-21 07:00:00,9896.924342105263,9897.0
FCM,2021-04-29 07:00:00,303703.5422451408,303704.0
SGH,2017-03-27 07:00:00,7503.658713692946,7504.0
BBS,2019-08-21 07:00:00,23450.375105842508,23450.0
FDC,2023-03-27 07:00:00,8681.001118568232,8681.0
GTT,2019-05-03 07:00:00,603959.1553030303,603959.0
CCR,2023-09-28 07:00:00,5354.550736497545,5355.0
THG,2019-08-14 07:00:00,58657.877583465815,58658.0
CLX,2021-05-27 07:00:00,157999.83461736003,158000.0
DHA,2022-03-01 07:00:00,112685.45701006972,112685.0
AVC,2023-07-20 07:00:00,3181.4335169158144,3181.0
HOT,2022-08-29 07:00:00,1322.0201048951049,1322.0
CMN,2023-05-05 07:00:00,5882.098484848485,5882.0
DTL,2019-01-14 07:00:00,7368.400191021968,7368.0
VSH,2021-12-06 07:00:00,103731.62559618441,103732.0
OIL,2019-12-12 07:00:00,2531502.7810182897,2531503.0
NHH,2022-07-27 07:00:00,478895.6292756539,478896.0
VNG,2018-01-12 07:00:00,279664.7289504037,279665.0
HCD,2025-05-26 07:00:00,802545.737100737,802546.0
BT1,2021-06-16 07:00:00,4993.754826254826,4994.0
DRH,2025-08-21 07:00:00,2649197.955823293,2649198.0
BHP,2024-01-22 07:00:00,4180.321746160064,4180.0
BTS,2021-09-09 07:00:00,94253.16053357866,94253.0
D2D,2024-05-22 07:00:00,224042.58887171562,224043.0
VKP,2016-02-18 07:00:00,33398.49411764706,33398.0
TVG,2021-12-13 07:00:00,306.16326530612247,306.0
AGG,2023-05-25 07:00:00,1469914.9043367347,1469915.0
DTI,2024-06-12 07:00:00,80517.1876465989,80517.0
NHH,2022-03-11 07:00:00,478895.6292756539,478896.0
HT1,2018-10-12 07:00:00,1084257.6374903177,1084258.0
VC6,2018-06-04 07:00:00,5966.441967213114,5966.0
SHN,2017-03-31 07:00:00,452975.79083204933,452976.0
BTP,2023-11-14 07:00:00,55560.01969279244,55560.0
BVL,2021-12-20 07:00:00,10858.187122736419,10858.0
SMT,2017-01-18 07:00:00,26845.96148148148,26846.0
VHC,2021-10-13 07:00:00,1327928.5675675676,1327929.0
IDI,2022-08-18 07:00:00,4229732.785632404,4229733.0
TNC,2017-10-09 07:00:00,9104.756097560976,9105.0
DIH,2020-03-23 07:00:00,24086.986931521173,24087.0
DRI,2025-11-18 07:00:00,961657.0310670868,961657.0
PVT,2026-03-19 07:00:00,4115358.958174905,4115359.0
EBS,2025-10-13 07:00:00,6176.221886336155,6176.0
OIL,2025-09-17 07:00:00,2531502.7810182897,2531503.0
TL4,2016-01-12 07:00:00,35292.95151133501,35293.0
PLP,2021-11-09 07:00:00,385110.59152305545,385111.0
TDF,2022-03-18 07:00:00,2238.0356472795497,2238.0
C21,2021-11-22 07:00:00,16064.699354838709,16065.0
BCA,2024-02-23 07:00:00,124468.78446771379,124469.0
FDC,2016-02-18 07:00:00,8681.001118568232,8681.0
PTL,2019-11-15 07:00:00,436101.52432018385,436102.0
IDI,2024-09-16 07:00:00,4229732.785632404,4229733.0
DGW,2019-09-17 07:00:00,1898223.6439710916,1898224.0
DLG,2017-12-28 07:00:00,6469977.41207951,6469977.0
RIC,2015-10-13 07:00:00,27711.268587360595,27711.0
DBC,2016-10-24 07:00:00,5184058.072239032,5184058.0
NAG,2024-10-25 07:00:00,247275.25746268657,247275.0
DBD,2024-02-28 07:00:00,149304.10121633363,149304.0
BTP,2020-10-26 07:00:00,55560.01969279244,55560.0
MSN,2023-07-24 07:00:00,4625923.57766806,4625924.0
BHN,2025-03-18 07:00:00,10312.826530612245,10313.0
PC1,2025-05-22 07:00:00,2782014.9680986814,2782015.0
ALV,2025-06-24 07:00:00,46670.96702068194,46671.0
ACL,2018-10-24 07:00:00,110874.03046521202,110874.0
NVL,2019-05-20 07:00:00,14564289.420665802,14564289.0
TVN,2020-11-19 07:00:00,749945.3197625106,749945.0
FCN,2017-01-20 07:00:00,3075819.583008574,3075820.0
DLG,2020-02-05 07:00:00,6469977.41207951,6469977.0
VRG,2025-01-03 07:00:00,54436.79302536232,54437.0
DC1,2026-04-14 07:00:00,6517.890750670242,6518.0
TTZ,2017-02-28 07:00:00,128190.88454810495,128191.0
SAV,2021-04-01 07:00:00,68237.12887438826,68237.0
SVG,2017-10-11 07:00:00,4828.661252900232,4829.0
DHD,2021-12-23 07:00:00,3168.013062409289,3168.0
TNB,2023-03-14 07:00:00,11363.5213371266,11364.0
XPH,2017-03-13 07:00:00,13995.213643574829,13995.0
PVR,2016-01-21 07:00:00,79153.90455840455,79154.0
VCG,2017-01-03 07:00:00,9496252.331685051,9496252.0
CTB,2016-03-28 07:00:00,7162.163780663781,7162.0
PPH,2025-11-19 07:00:00,83214.1398793198,83214.0
FTM,2017-09-18 07:00:00,999760.4544371649,999760.0
SMT,2016-10-20 07:00:00,26845.96148148148,26846.0
BVL,2023-08-08 07:00:00,10858.187122736419,10858.0
MBB,2024-01-29 07:00:00,19598118.016685627,19598118.0
CLX,2021-04-22 07:00:00,157999.83461736003,158000.0
EIN,2021-11-02 07:00:00,71186.62388943731,71187.0
CLX,2021-09-08 07:00:00,157999.83461736003,158000.0
HAC,2026-01-26 07:00:00,39842.887970615244,39843.0
SD3,2016-04-07 07:00:00,45376.5634958957,45377.0
UDC,2025-06-18 07:00:00,83706.10835913313,83706.0
HKT,2021-11-30 07:00:00,40429.52713661884,40430.0
DHD,2025-07-09 07:00:00,3168.013062409289,3168.0
DXV,2019-12-30 07:00:00,26813.608602150536,26814.0
BAF,2023-05-16 07:00:00,4913312.983425414,4913313.0
VEF,2016-10-03 07:00:00,39075.63707469691,39076.0
MPC,2022-04-05 07:00:00,314350.67910090863,314351.0
VCG,2022-12-15 07:00:00,9496252.331685051,9496252.0
PVT,2019-05-27 07:00:00,4115358.958174905,4115359.0
FTM,2021-11-15 07:00:00,999760.4544371649,999760.0
HAS,2022-12-26 07:00:00,19014.47087378641,19014.0
TTF,2016-11-21 07:00:00,3346927.0190114067,3346927.0
DSC,2018-04-09 07:00:00,160388.97634408603,160389.0
DSC,2022-10-10 07:00:00,160388.97634408603,160389.0
DRH,2021-06-29 07:00:00,2649197.955823293,2649198.0
PGV,2019-08-09 07:00:00,36363.03826955075,36363.0
TMT,2016-12-01 07:00:00,56406.78696158324,56407.0
GSM,2022-09-12 07:00:00,37358.28817891374,37358.0
MML,2021-12-17 07:00:00,137965.19858611826,137965.0
DCL,2021-11-16 07:00:00,324667.2903963415,324667.0
CSM,2025-04-09 07:00:00,407626.3063407181,407626.0
CYC,2018-03-02 07:00:00,8637.138392857143,8637.0
VNL,2021-07-15 07:00:00,30029.654367118168,30030.0
VJC,2017-04-10 07:00:00,1028314.9868881119,1028315.0
TST,2025-04-25 07:00:00,10567.505303760849,10568.0
CDP,2024-08-09 07:00:00,25302.474507138002,25302.0
CSM,2022-05-24 07:00:00,407626.3063407181,407626.0
TTF,2023-09-08 07:00:00,3346927.0190114067,3346927.0
VHC,2019-01-18 07:00:00,1327928.5675675676,1327929.0
PTL,2021-03-10 07:00:00,436101.52432018385,436102.0
SAV,2018-06-26 07:00:00,68237.12887438826,68237.0
CVT,2021-10-13 07:00:00,405095.22044728434,405095.0
HAG,2022-03-21 07:00:00,19441751.338403042,19441751.0
HAG,2021-12-09 07:00:00,19441751.338403042,19441751.0
VPA,2023-01-04 07:00:00,5571.346052631579,5571.0
PVL,2016-07-28 07:00:00,737777.804816859,737778.0
VCA,2026-04-01 07:00:00,24337.64539007092,24338.0
CCR,2022-10-06 07:00:00,5354.550736497545,5355.0
CQN,2024-06-25 07:00:00,9813.467670504871,9813.0
PGB,2026-01-22 07:00:00,163682.17045454544,163682.0
STT,2017-08-09 07:00:00,24816.33287292818,24816.0
MSN,2020-01-08 07:00:00,4625923.57766806,4625924.0
ABT,2022-06-22 07:00:00,6330.066760695816,6330.0
TXM,2017-11-06 07:00:00,23528.25219399538,23528.0
NVL,2026-02-05 07:00:00,14564289.420665802,14564289.0
ITD,2021-05-27 07:00:00,184242.83018867925,184243.0
VST,2015-11-25 07:00:00,152561.13095238095,152561.0
VHL,2023-07-05 07:00:00,9431.160638297872,9431.0
CTR,2019-08-02 07:00:00,800053.1551642076,800053.0
VNP,2023-04-12 07:00:00,126028.86878565607,126029.0
UIC,2019-02-27 07:00:00,15194.684942716858,15195.0
VPH,2025-01-23 07:00:00,528254.3354789852,528254.0
VPG,2020-09-07 07:00:00,1377694.1156295934,1377694.0
SAS,2021-11-01 07:00:00,25929.42124105012,25929.0
CYC,2017-03-23 07:00:00,8637.138392857143,8637.0
STG,2018-06-20 07:00:00,98396.22727272728,98396.0
AVC,2018-12-05 07:00:00,3181.4335169158144,3181.0
PHC,2024-02-26 07:00:00,375394.5942748092,375395.0
SPD,2020-12-04 07:00:00,16868.301075268817,16868.0
NLG,2017-09-19 07:00:00,3657295.8798613786,3657296.0
PXS,2016-11-01 07:00:00,546301.2109058134,546301.0
MAC,2023-04-17 07:00:00,129541.45481798715,129541.0
HPM,2017-01-03 07:00:00,2280.3727272727274,2280.0
KDC,2024-10-03 07:00:00,1086951.8541748335,1086952.0
VFG,2016-11-14 07:00:00,24964.59541984733,24965.0
PPP,2020-04-23 07:00:00,12692.36928702011,12692.0
DGC,2023-07-12 07:00:00,1990020.7952138092,1990021.0
ONE,2016-09-09 07:00:00,36436.12131567706,36436.0
TLP,2021-01-14 07:00:00,30811.883235485977,30812.0
ANV,2019-06-20 07:00:00,1807875.4485692189,1807875.0
TTN,2020-09-10 07:00:00,172853.78796844181,172854.0
LHC,2015-12-25 07:00:00,31624.8822044594,31625.0
DCL,2017-09-06 07:00:00,324667.2903963415,324667.0
ADC,2024-10-11 07:00:00,2436.797349961029,2437.0
PBC,2023-10-03 07:00:00,97217.86241134752,97218.0
SD4,2023-12-01 07:00:00,31944.080115273777,31944.0
PVY,2019-01-11 07:00:00,62922.19607843137,62922.0
ND2,2016-08-02 07:00:00,13185.906576521205,13186.0
IMP,2024-08-26 07:00:00,76893.20718654434,76893.0
CST,2024-03-05 07:00:00,241336.5294592413,241337.0
VCA,2020-12-04 07:00:00,24337.64539007092,24338.0
TNT,2024-09-16 07:00:00,410056.5089660435,410057.0
NAG,2024-05-16 07:00:00,247275.25746268657,247275.0
VHM,2018-11-14 07:00:00,8076515.521255061,8076516.0
VRG,2020-10-09 07:00:00,54436.79302536232,54437.0
TNT,2021-10-06 07:00:00,410056.5089660435,410057.0
DAG,2019-04-16 07:00:00,705320.4972875227,705320.0
CCI,2017-02-15 07:00:00,7182.915587778353,7183.0
DHM,2023-07-18 07:00:00,459663.7984496124,459664.0
VHC,2022-04-19 07:00:00,1327928.5675675676,1327929.0
VIG,2015-11-02 07:00:00,724007.8599846978,724008.0
VEF,2025-05-14 07:00:00,39075.63707469691,39076.0
PHC,2025-04-25 07:00:00,375394.5942748092,375395.0
VPH,2026-03-25 07:00:00,528254.3354789852,528254.0
VCP,2021-07-26 07:00:00,50368.347696879646,50368.0
TDS,2021-02-02 07:00:00,26958.900396432113,26959.0
VIG,2023-06-29 07:00:00,724007.8599846978,724008.0
VPA,2021-11-19 07:00:00,5571.346052631579,5571.0
VQC,2017-08-28 07:00:00,1019.6416464891041,1020.0
TNW,2017-06-07 07:00:00,3094.8914141414143,3095.0
DWS,2021-06-02 07:00:00,4960.671957671958,4961.0
DCL,2024-07-29 07:00:00,324667.2903963415,324667.0
SSB,2023-10-16 07:00:00,3260190.464933018,3260190.0
IDI,2022-01-10 07:00:00,4229732.785632404,4229733.0
CTR,2019-08-09 07:00:00,800053.1551642076,800053.0
HEV,2021-04-29 07:00:00,2352.0756533700137,2352.0
DST,2026-02-23 07:00:00,984166.3377125193,984166.0
EVG,2025-11-21 07:00:00,2463727.2953414745,2463727.0
TTF,2023-11-08 07:00:00,3346927.0190114067,3346927.0
VBB,2022-05-16 07:00:00,106728.37156802928,106728.0
BCA,2022-12-14 07:00:00,124468.78446771379,124469.0
DXV,2023-01-04 07:00:00,26813.608602150536,26814.0
FCN,2024-08-07 07:00:00,3075819.583008574,3075820.0
SCL,2018-11-16 07:00:00,41535.823610473126,41536.0
VPA,2021-12-30 07:00:00,5571.346052631579,5571.0
TFC,2024-12-25 07:00:00,16736.8303121853,16737.0
EBS,2023-12-07 07:00:00,6176.221886336155,6176.0
PXI,2023-02-17 07:00:00,131063.93155402497,131064.0
HOT,2020-07-23 07:00:00,1322.0201048951049,1322.0
FCM,2018-01-09 07:00:00,303703.5422451408,303704.0
PTL,2017-06-14 07:00:00,436101.52432018385,436102.0
MCF,2016-05-16 07:00:00,24895.162790697676,24895.0
CVT,2025-03-06 07:00:00,405095.22044728434,405095.0
CRE,2025-08-21 07:00:00,1197335.775907417,1197336.0
HCD,2019-08-16 07:00:00,802545.737100737,802546.0
NAB,2023-03-31 07:00:00,1389963.167031364,1389963.0
DVN,2024-04-10 07:00:00,585472.7611336033,585473.0
VSH,2024-08-09 07:00:00,103731.62559618441,103732.0
BBS,2025-01-14 07:00:00,23450.375105842508,23450.0
POS,2020-04-15 07:00:00,27982.83851554664,27983.0
BAL,2022-11-03 07:00:00,1381.6526576019778,1382.0
VNP,2017-12-01 07:00:00,126028.86878565607,126029.0
PHC,2017-05-05 07:00:00,375394.5942748092,375395.0
VDS,2018-10-22 07:00:00,1011978.7266855066,1011979.0
NHT,2021-01-04 07:00:00,12936.707275803723,12937.0
VPH,2020-06-19 07:00:00,528254.3354789852,528254.0
SBV,2020-07-16 07:00:00,50330.397381954186,50330.0
VNR,2016-10-18 07:00:00,64552.87520729685,64553.0
SMT,2017-05-25 07:00:00,26845.96148148148,26846.0
HEV,2023-01-04 07:00:00,2352.0756533700137,2352.0
DC1,2025-09-18 07:00:00,6517.890750670242,6518.0
ACL,2016-12-23 07:00:00,110874.03046521202,110874.0
PVO,2021-05-24 07:00:00,72956.58988525286,72957.0
IDI,2020-05-06 07:00:00,4229732.785632404,4229733.0
SAV,2023-10-10 07:00:00,68237.12887438826,68237.0
VXB,2020-07-07 07:00:00,14380.59560067682,14381.0
CTI,2019-06-20 07:00:00,1299987.0906321402,1299987.0
IMP,2016-07-21 07:00:00,76893.20718654434,76893.0
CDO,2018-10-26 07:00:00,939682.0397820163,939682.0
GMC,2023-12-27 07:00:00,33396.89806678383,33397.0
TMT,2017-07-26 07:00:00,56406.78696158324,56407.0
PXS,2024-03-21 07:00:00,546301.2109058134,546301.0
BAF,2026-04-14 07:00:00,4913312.983425414,4913313.0
TTN,2018-09-18 07:00:00,172853.78796844181,172854.0
SD6,2019-02-14 07:00:00,97380.42762577228,97380.0
NTH,2021-04-26 07:00:00,4007.389135254989,4007.0
APG,2025-01-21 07:00:00,1257664.9679907444,1257665.0
CSM,2023-07-10 07:00:00,407626.3063407181,407626.0
ACB,2022-01-12 07:00:00,8032011.533536585,8032012.0
ILC,2025-07-25 07:00:00,5624.310599078341,5624.0
VCG,2021-03-31 07:00:00,9496252.331685051,9496252.0
VTX,2021-09-07 07:00:00,6469.127058823529,6469.0
HSP,2026-02-05 07:00:00,2236.170132325142,2236.0
VIF,2022-07-22 07:00:00,16027.638513513513,16028.0
S12,2016-02-17 07:00:00,32637.74104234528,32638.0
PTL,2021-10-19 07:00:00,436101.52432018385,436102.0
BCM,2023-08-09 07:00:00,508134.5526838966,508135.0
VTD,2025-04-08 07:00:00,249160.33415841585,249160.0
KDC,2019-05-30 07:00:00,1086951.8541748335,1086952.0
CTW,2025-01-02 07:00:00,1665.0826161790017,1665.0
VNG,2018-09-19 07:00:00,279664.7289504037,279665.0
DRH,2024-08-02 07:00:00,2649197.955823293,2649198.0
TPB,2021-04-14 07:00:00,10685665.570065293,10685666.0
PRE,2023-07-06 07:00:00,12211.337673611111,12211.0
PTS,2020-10-26 07:00:00,18170.623629112662,18171.0
VTH,2018-11-12 07:00:00,9085.146752205294,9085.0
SAC,2021-01-18 07:00:00,14234.69419509276,14235.0
SAV,2019-06-19 07:00:00,68237.12887438826,68237.0
VNI,2018-12-05 07:00:00,7134.9276139410185,7135.0
SAV,2018-06-29 07:00:00,68237.12887438826,68237.0
PRO,2021-10-18 07:00:00,6399.841638981174,6400.0
DHA,2022-10-04 07:00:00,112685.45701006972,112685.0
BHN,2019-09-19 07:00:00,10312.826530612245,10313.0
NTF,2026-01-12 07:00:00,2063.6917808219177,2064.0
MPT,2020-08-10 07:00:00,655701.1814073595,655701.0
RIC,2023-09-27 07:00:00,27711.268587360595,27711.0
PV2,2026-02-05 07:00:00,219276.27714406422,219276.0
LBM,2018-09-11 07:00:00,27008.565488565488,27009.0
TMB,2022-02-08 07:00:00,18630.69987228608,18631.0
VLB,2022-07-29 07:00:00,106877.55435342607,106878.0
BTP,2020-07-23 07:00:00,55560.01969279244,55560.0
NFC,2021-12-07 07:00:00,7200.102040816327,7200.0
CTP,2017-07-28 07:00:00,163055.09018789144,163055.0
VMD,2024-03-06 07:00:00,27660.9735744089,27661.0
CQN,2026-01-06 07:00:00,9813.467670504871,9813.0
LMH,2019-02-21 07:00:00,1612173.2551271534,1612173.0
GMC,2023-04-26 07:00:00,33396.89806678383,33397.0
DTL,2020-07-16 07:00:00,7368.400191021968,7368.0
DPR,2017-08-02 07:00:00,485513.02521008404,485513.0
DSC,2025-05-22 07:00:00,160388.97634408603,160389.0
FDC,2022-06-16 07:00:00,8681.001118568232,8681.0
PXS,2023-08-22 07:00:00,546301.2109058134,546301.0
STC,2020-05-26 07:00:00,2796.825742574257,2797.0
XMC,2023-06-20 07:00:00,51595.24025157233,51595.0
CVT,2022-06-22 07:00:00,405095.22044728434,405095.0
L14,2024-07-11 07:00:00,251603.1443298969,251603.0
VNR,2022-09-12 07:00:00,64552.87520729685,64553.0
HAC,2023-04-18 07:00:00,39842.887970615244,39843.0
DPR,2023-07-26 07:00:00,485513.02521008404,485513.0
MBT,2026-04-08 07:00:00,7233.475609756098,7233.0
NHA,2020-12-04 07:00:00,440174.4373291683,440174.0
APF,2022-10-04 07:00:00,23861.466804979253,23861.0
VRG,2021-06-29 07:00:00,54436.79302536232,54437.0
VPA,2023-10-27 07:00:00,5571.346052631579,5571.0
CSM,2019-10-16 07:00:00,407626.3063407181,407626.0
TJC,2026-04-29 07:00:00,11150.808065720686,11151.0
TTF,2022-01-19 07:00:00,3346927.0190114067,3346927.0
DAG,2020-04-22 07:00:00,705320.4972875227,705320.0
FCM,2022-05-20 07:00:00,303703.5422451408,303704.0
PC1,2018-05-11 07:00:00,2782014.9680986814,2782015.0
SD6,2021-03-11 07:00:00,97380.42762577228,97380.0
VNH,2021-07-16 07:00:00,210677.10273590172,210677.0
FRT,2022-07-19 07:00:00,1422805.944723618,1422806.0
PTL,2024-12-25 07:00:00,436101.52432018385,436102.0
BAF,2025-10-28 07:00:00,4913312.983425414,4913313.0
SAV,2020-08-27 07:00:00,68237.12887438826,68237.0
POS,2019-08-06 07:00:00,27982.83851554664,27983.0
CTR,2025-11-07 07:00:00,800053.1551642076,800053.0
VDS,2024-10-29 07:00:00,1011978.7266855066,1011979.0
PIC,2018-06-27 07:00:00,5671.877964426877,5672.0
VPG,2019-03-14 07:00:00,1377694.1156295934,1377694.0
CTB,2024-09-04 07:00:00,7162.163780663781,7162.0
ACL,2026-04-21 07:00:00,110874.03046521202,110874.0
VJC,2024-09-12 07:00:00,1028314.9868881119,1028315.0
SHN,2019-05-13 07:00:00,452975.79083204933,452976.0
HPD,2025-07-10 07:00:00,8917.809134287661,8918.0
CST,2022-01-14 07:00:00,241336.5294592413,241337.0
VCM,2020-04-14 07:00:00,4046.3761026463512,4046.0
SSH,2025-04-29 07:00:00,261515.8426013195,261516.0
LG9,2026-04-24 07:00:00,2693.2829912023462,2693.0
VRG,2019-10-03 07:00:00,54436.79302536232,54437.0
TPP,2026-04-06 07:00:00,15264.845375722543,15265.0
IDV,2016-10-21 07:00:00,36277.54600241061,36278.0
L14,2022-08-15 07:00:00,251603.1443298969,251603.0
SD2,2017-07-12 07:00:00,40301.18789808917,40301.0
ACM,2021-10-05 07:00:00,1526439.874423963,1526440.0
VGV,2023-01-19 07:00:00,43237.46033994334,43237.0
VIE,2023-12-14 07:00:00,1845.2751031636865,1845.0
FCN,2020-01-16 07:00:00,3075819.583008574,3075820.0
BTN,2025-02-10 07:00:00,88009.20459440058,88009.0
SGI,2021-11-15 07:00:00,39642.12298850575,39642.0
SCL,2026-02-25 07:00:00,41535.823610473126,41536.0
FCN,2025-10-29 07:00:00,3075819.583008574,3075820.0
HIO,2025-06-19 07:00:00,187694.29105691056,187694.0
STC,2024-05-27 07:00:00,2796.825742574257,2797.0
TXM,2021-02-23 07:00:00,23528.25219399538,23528.0
DVG,2022-07-07 07:00:00,536988.9154175589,536989.0
BHP,2018-10-03 07:00:00,4180.321746160064,4180.0
PHC,2025-07-24 07:00:00,375394.5942748092,375395.0
VIF,2022-03-22 07:00:00,16027.638513513513,16028.0
HU3,2021-10-05 07:00:00,12133.486940298508,12133.0
KMR,2018-02-12 07:00:00,275170.92649310874,275171.0
HTT,2017-09-15 07:00:00,416828.0795228628,416828.0
PBC,2021-10-11 07:00:00,97217.86241134752,97218.0
PLP,2024-12-23 07:00:00,385110.59152305545,385111.0
PTS,2021-08-26 07:00:00,18170.623629112662,18171.0
DNC,2026-02-02 07:00:00,3566.832394366197,3567.0
BTN,2022-11-15 07:00:00,88009.20459440058,88009.0
DVN,2022-01-12 07:00:00,585472.7611336033,585473.0
NSC,2023-02-13 07:00:00,10385.534212695795,10386.0
TDT,2025-09-04 07:00:00,202136.1373257615,202136.0
BTU,2021-03-24 07:00:00,3023.1135693215338,3023.0
KDC,2017-12-12 07:00:00,1086951.8541748335,1086952.0
SHS,2026-04-24 07:00:00,14180223.362114873,14180223.0
PVL,2017-02-14 07:00:00,737777.804816859,737778.0
ACB,2024-05-03 07:00:00,8032011.533536585,8032012.0
TNB,2021-09-22 07:00:00,11363.5213371266,11364.0
PRE,2023-11-10 07:00:00,12211.337673611111,12211.0
L14,2018-07-18 07:00:00,251603.1443298969,251603.0
PHC,2025-02-19 07:00:00,375394.5942748092,375395.0
SMA,2025-09-19 07:00:00,16954.561049445005,16955.0
CLX,2024-12-04 07:00:00,157999.83461736003,158000.0
BCM,2023-05-08 07:00:00,508134.5526838966,508135.0
PTI,2026-02-25 07:00:00,29358.988078862905,29359.0
PCT,2022-05-18 07:00:00,29079.150615901457,29079.0
TPP,2020-03-31 07:00:00,15264.845375722543,15265.0
DPC,2019-10-30 07:00:00,3135.9382352941175,3136.0
ADC,2025-07-02 07:00:00,2436.797349961029,2437.0
SFI,2017-03-07 07:00:00,17929.766599597584,17930.0
VIF,2024-08-21 07:00:00,16027.638513513513,16028.0
THG,2020-07-02 07:00:00,58657.877583465815,58658.0
NDT,2023-08-09 07:00:00,37194.1676975945,37194.0
OIL,2023-07-07 07:00:00,2531502.7810182897,2531503.0
HHG,2023-02-27 07:00:00,486198.6342397549,486199.0
DXV,2020-07-31 07:00:00,26813.608602150536,26814.0
CTI,2024-11-26 07:00:00,1299987.0906321402,1299987.0
ADC,2018-08-29 07:00:00,2436.797349961029,2437.0
OIL,2026-01-14 07:00:00,2531502.7810182897,2531503.0
D2D,2016-11-11 07:00:00,224042.58887171562,224043.0
ACL,2021-06-10 07:00:00,110874.03046521202,110874.0
VSH,2016-10-25 07:00:00,103731.62559618441,103732.0
VNG,2018-07-24 07:00:00,279664.7289504037,279665.0
TTC,2023-07-12 07:00:00,8831.620509849363,8832.0
VC6,2018-04-19 07:00:00,5966.441967213114,5966.0
ALV,2019-08-30 07:00:00,46670.96702068194,46671.0
NAS,2017-03-02 07:00:00,7992.922246220302,7993.0
HAC,2018-01-26 07:00:00,39842.887970615244,39843.0
DC1,2022-08-16 07:00:00,6517.890750670242,6518.0
NHA,2025-02-21 07:00:00,440174.4373291683,440174.0
IHK,2021-08-11 07:00:00,1782.9173913043478,1783.0
CTB,2020-07-17 07:00:00,7162.163780663781,7162.0
STG,2021-07-09 07:00:00,98396.22727272728,98396.0
TVN,2021-12-30 07:00:00,749945.3197625106,749945.0
VCG,2017-03-29 07:00:00,9496252.331685051,9496252.0
ILA,2024-04-19 07:00:00,154667.34977799703,154667.0
SMA,2017-09-20 07:00:00,16954.561049445005,16955.0
ILA,2023-10-02 07:00:00,154667.34977799703,154667.0
HPM,2018-01-05 07:00:00,2280.3727272727274,2280.0
VNP,2025-10-07 07:00:00,126028.86878565607,126029.0
AFX,2019-05-24 07:00:00,137782.39732142858,137782.0
PCT,2022-08-30 07:00:00,29079.150615901457,29079.0
AFX,2021-05-27 07:00:00,137782.39732142858,137782.0
TRC,2023-03-17 07:00:00,84905.044,84905.0
QTC,2021-05-06 07:00:00,12214.464339908953,12214.0
NHA,2016-12-01 07:00:00,440174.4373291683,440174.0
PND,2023-03-14 07:00:00,3057.156017830609,3057.0
SHN,2019-08-15 07:00:00,452975.79083204933,452976.0
VOS,2024-07-12 07:00:00,1879852.7033307513,1879853.0
PRO,2024-09-09 07:00:00,6399.841638981174,6400.0
BTS,2023-01-03 07:00:00,94253.16053357866,94253.0
VCI,2025-10-17 07:00:00,8397918.783721993,8397919.0
SMA,2016-09-08 07:00:00,16954.561049445005,16955.0
DBC,2018-02-27 07:00:00,5184058.072239032,5184058.0
FDC,2019-03-12 07:00:00,8681.001118568232,8681.0
MPT,2021-09-10 07:00:00,655701.1814073595,655701.0
NAS,2018-02-28 07:00:00,7992.922246220302,7993.0
DAG,2023-09-07 07:00:00,705320.4972875227,705320.0
DSC,2021-08-18 07:00:00,160388.97634408603,160389.0
FDC,2021-04-12 07:00:00,8681.001118568232,8681.0
NLG,2021-05-10 07:00:00,3657295.8798613786,3657296.0
TL4,2020-05-15 07:00:00,35292.95151133501,35293.0
TTN,2019-08-22 07:00:00,172853.78796844181,172854.0
GHC,2023-07-05 07:00:00,30641.33389261745,30641.0
DHA,2020-08-20 07:00:00,112685.45701006972,112685.0
ILC,2020-08-05 07:00:00,5624.310599078341,5624.0
HCD,2025-03-26 07:00:00,802545.737100737,802546.0
ATS,2019-01-04 07:00:00,26592.350506756757,26592.0
PVV,2021-02-02 07:00:00,278893.8882318155,278894.0
VCG,2021-02-08 07:00:00,9496252.331685051,9496252.0
FCM,2024-11-01 07:00:00,303703.5422451408,303704.0
DCL,2024-09-30 07:00:00,324667.2903963415,324667.0
S99,2017-04-24 07:00:00,478004.8307692308,478005.0
PVR,2024-07-12 07:00:00,79153.90455840455,79154.0
CDN,2022-10-20 07:00:00,13857.189810640217,13857.0
NAS,2020-12-16 07:00:00,7992.922246220302,7993.0
TMT,2015-11-25 07:00:00,56406.78696158324,56407.0
DTL,2022-02-18 07:00:00,7368.400191021968,7368.0
PNC,2021-07-28 07:00:00,3236.20625,3236.0
UDC,2023-01-12 07:00:00,83706.10835913313,83706.0
ONE,2023-01-05 07:00:00,36436.12131567706,36436.0
SMA,2020-12-03 07:00:00,16954.561049445005,16955.0
YTC,2024-10-21 07:00:00,4021.1837307152873,4021.0
PC1,2021-07-05 07:00:00,2782014.9680986814,2782015.0
TTZ,2020-08-21 07:00:00,128190.88454810495,128191.0
PHC,2026-03-10 07:00:00,375394.5942748092,375395.0
DAS,2019-10-10 07:00:00,3660.9881556683586,3661.0
