time,open,high,low,close,volume,symbol
2018-07-10 07:00:00,4.08,4.15,4.08,4.15,700.0,ABR
2018-12-19 07:00:00,2.21,2.21,,,,ABR
2018-12-27 07:00:00,2.49,,,2.49,,ABR
2020-07-29 07:00:00,17.98,17.98,,17.29,1200.0,ABR
2021-03-08 07:00:00,18.26,18.26,14.18,14.18,200.0,ABR
2021-03-10 07:00:00,18.26,,15.29,15.29,200.0,ABR
2021-04-28 07:00:00,15.29,,15.29,15.29,400.0,ABR
2022-03-30 07:00:00,,14.32,14.15,14.15,800.0,ABR
2023-02-27 07:00:00,,,6.73,7.19,,ABR
2024-01-19 07:00:00,9.13,,9.13,,1100.0,ABR
2016-09-29 07:00:00,,25.2,,,3580.0,ABT
2017-01-05 07:00:00,22.1,23.68,,,2550.0,ABT
2017-12-22 07:00:00,16.28,,16.28,16.28,210.0,ABT
2018-08-10 07:00:00,22.22,22.66,,22.66,810.0,ABT
2019-03-15 07:00:00,27.84,,27.84,27.84,170.0,ABT
2020-10-27 07:00:00,22.09,,22.09,,460.0,ABT
2022-03-04 07:00:00,,31.71,,31.71,7400.0,ABT
2022-06-22 07:00:00,30.08,30.46,28.49,30.23,,ABT
2022-06-29 07:00:00,29.51,29.51,,,300.0,ABT
2023-07-27 07:00:00,,27.13,,27.13,100.0,ABT
2024-03-07 07:00:00,32.39,32.39,,,2800.0,ABT
2025-04-09 07:00:00,36.94,39.47,,,,ABT
2025-07-25 07:00:00,52.59,,,52.59,19000.0,ABT
2025-08-29 07:00:00,60.13,,,61.08,17000.0,ABT
2015-12-04 07:00:00,3.08,,3.05,,,ACB
2016-05-17 07:00:00,3.01,3.05,,,,ACB
2016-11-22 07:00:00,3.03,3.03,,3.03,289066.0,ACB
2018-07-26 07:00:00,5.91,6.89,,6.72,6326835.0,ACB
2020-04-03 07:00:00,,5.6,,,3574343.0,ACB
2020-08-17 07:00:00,,,7.28,7.45,6222301.0,ACB
2020-11-05 07:00:00,,9.64,9.34,,8550742.0,ACB
2021-09-10 07:00:00,15.25,,15.13,15.15,4101100.0,ACB
2022-01-12 07:00:00,15.34,15.74,15.27,15.53,,ACB
2022-02-08 07:00:00,,16.89,16.28,16.77,,ACB
2022-04-04 07:00:00,15.76,15.81,15.67,15.72,4794400.0,ACB
2022-12-30 07:00:00,12.89,13.01,12.77,,1339500.0,ACB
2023-01-16 07:00:00,,14.65,14.15,,3538100.0,ACB
2023-05-08 07:00:00,,,,14.62,2303900.0,ACB
2023-12-11 07:00:00,15.76,15.8,15.62,15.73,2274400.0,ACB
2024-04-23 07:00:00,18.81,,18.64,18.71,8540500.0,ACB
2024-05-03 07:00:00,19.03,19.31,,,,ACB
2024-10-25 07:00:00,20.89,,20.77,20.81,9220400.0,ACB
2016-12-28 07:00:00,,6.81,6.81,,,ACC
2017-04-18 07:00:00,6.16,,,6.14,5820.0,ACC
2018-05-02 07:00:00,5.16,5.23,5.16,,1500.0,ACC
2019-09-20 07:00:00,5.46,5.49,5.2,,,ACC
2020-09-03 07:00:00,,,5.98,6.03,108990.0,ACC
2021-07-09 07:00:00,6.48,6.52,6.35,6.35,55900.0,ACC
2021-10-11 07:00:00,7.89,7.89,7.76,7.85,,ACC
2021-10-19 07:00:00,8.16,8.2,7.98,8.2,45600.0,ACC
2022-04-15 07:00:00,18.27,18.51,18.17,18.32,86700.0,ACC
2022-07-14 07:00:00,14.75,,,,69600.0,ACC
2022-09-13 07:00:00,,16.46,16.03,,113300.0,ACC
2022-09-15 07:00:00,,16.46,,,54500.0,ACC
2022-10-18 07:00:00,16.3,,,16.25,,ACC
2023-06-08 07:00:00,14.0,14.0,13.75,13.75,62900.0,ACC
2023-10-23 07:00:00,11.5,11.6,11.5,,3200.0,ACC
2023-12-05 07:00:00,11.95,12.15,11.95,,115800.0,ACC
2025-07-11 07:00:00,14.0,14.05,,13.95,206100.0,ACC
2025-10-31 07:00:00,,13.35,13.0,13.35,,ACC
2025-11-12 07:00:00,13.0,,13.0,13.35,17800.0,ACC
2025-11-27 07:00:00,,,13.05,13.3,2600.0,ACC
2026-04-08 07:00:00,12.7,12.7,,,23000.0,ACC
2016-04-04 07:00:00,,3.35,3.2,,,ACL
2016-12-09 07:00:00,2.7,2.85,,2.85,20.0,ACL
2016-12-23 07:00:00,2.92,2.99,2.83,2.83,,ACL
2017-10-12 07:00:00,3.04,,3.04,3.1,,ACL
2017-12-11 07:00:00,3.14,,2.94,2.94,60.0,ACL
2018-05-21 07:00:00,3.68,3.68,3.63,,,ACL
2018-08-08 07:00:00,3.92,,,4.06,1210.0,ACL
2018-08-10 07:00:00,,,4.09,4.24,160.0,ACL
2018-10-24 07:00:00,,,6.9,7.19,,ACL
2019-05-29 07:00:00,15.33,15.41,,15.2,140340.0,ACL
2019-07-05 07:00:00,13.81,14.0,13.66,13.77,25940.0,ACL
2019-10-11 07:00:00,12.25,12.27,12.04,12.1,17610.0,ACL
2020-03-09 07:00:00,,,7.46,,,ACL
2020-03-26 07:00:00,6.81,6.96,6.81,,16400.0,ACL
2020-04-09 07:00:00,7.96,,7.64,7.84,18750.0,ACL
2021-06-10 07:00:00,10.77,11.64,10.6,11.64,,ACL
2021-07-06 07:00:00,,,,10.6,46700.0,ACL
2022-08-15 07:00:00,18.97,18.97,,,,ACL
2022-10-18 07:00:00,,12.65,12.06,12.15,,ACL
2023-05-31 07:00:00,11.11,11.35,11.11,11.21,134000.0,ACL
2024-03-06 07:00:00,12.45,12.74,12.45,,26600.0,ACL
2024-03-08 07:00:00,12.64,12.64,12.45,12.55,9200.0,ACL
2024-08-15 07:00:00,11.4,11.5,,,23200.0,ACL
2024-09-18 07:00:00,11.5,11.5,,,,ACL
2024-11-27 07:00:00,11.16,,,11.11,4600.0,ACL
2025-01-14 07:00:00,,11.3,11.06,,,ACL
2025-05-19 07:00:00,9.29,9.63,9.29,9.63,19300.0,ACL
2025-06-24 07:00:00,,10.39,10.06,10.25,5200.0,ACL
2025-09-08 07:00:00,,11.93,11.64,11.88,37500.0,ACL
2026-04-21 07:00:00,13.0,13.4,,,,ACL
2016-02-03 07:00:00,3.96,4.49,3.91,4.49,,ACM
2016-06-16 07:00:00,,,4.1,,1047800.0,ACM
2016-07-11 07:00:00,2.9,,2.9,2.9,208320.0,ACM
2016-09-15 07:00:00,1.9,1.9,,,552700.0,ACM
2016-11-29 07:00:00,,2.1,1.9,2.1,429700.0,ACM
2016-12-13 07:00:00,,,,1.9,895430.0,ACM
2017-03-14 07:00:00,1.9,1.9,1.8,1.8,,ACM
2017-08-17 07:00:00,2.2,2.3,2.1,2.2,633000.0,ACM
2017-08-25 07:00:00,2.1,2.2,2.0,2.1,732692.0,ACM
2017-09-25 07:00:00,2.3,2.3,2.1,2.3,3442310.0,ACM
2018-10-03 07:00:00,0.8,1.0,0.8,,130400.0,ACM
2018-10-15 07:00:00,0.8,0.9,,0.8,111700.0,ACM
2018-10-16 07:00:00,0.9,,0.8,0.9,57100.0,ACM
2018-10-23 07:00:00,,0.9,0.7,,719600.0,ACM
2019-05-28 07:00:00,,0.6,,0.6,114400.0,ACM
2019-06-06 07:00:00,0.5,0.6,,,90000.0,ACM
2019-07-30 07:00:00,0.5,0.5,0.4,0.5,96000.0,ACM
2019-09-04 07:00:00,0.5,,0.4,,497730.0,ACM
2019-12-27 07:00:00,0.4,,0.4,0.4,508189.0,ACM
2020-03-23 07:00:00,,0.6,,0.5,519256.0,ACM
2020-12-28 07:00:00,1.1,1.1,,,,ACM
2021-01-18 07:00:00,1.5,1.6,,,,ACM
2021-06-18 07:00:00,3.4,,,3.4,,ACM
2021-08-10 07:00:00,,2.8,2.6,,1672002.0,ACM
2021-10-19 07:00:00,3.7,,,3.7,1269415.0,ACM
2024-06-28 07:00:00,0.7,,,,,ACM
2024-08-16 07:00:00,,0.7,0.6,0.7,225338.0,ACM
2016-12-13 07:00:00,23.64,,23.46,,,ACV
2017-01-25 07:00:00,28.9,29.48,28.55,28.84,109600.0,ACV
2017-02-22 07:00:00,30.4,30.92,30.05,,341354.0,ACV
2017-10-17 07:00:00,40.46,40.46,,39.76,,ACV
2017-10-27 07:00:00,40.75,,40.75,,,ACV
2017-12-05 07:00:00,57.26,57.26,51.62,,,ACV
2018-11-16 07:00:00,48.58,48.82,48.1,48.82,14002.0,ACV
2019-02-15 07:00:00,51.34,,50.98,,81300.0,ACV
2019-03-19 07:00:00,,53.38,,52.78,,ACV
2019-10-09 07:00:00,44.98,44.98,44.56,44.98,51700.0,ACV
2019-10-28 07:00:00,46.96,47.14,46.18,,51576.0,ACV
2020-02-13 07:00:00,36.39,36.39,,,73133.0,ACV
2020-04-15 07:00:00,32.39,33.0,31.97,32.75,226741.0,ACV
2020-11-23 07:00:00,,45.26,44.83,,295967.0,ACV
2021-04-07 07:00:00,45.08,45.08,44.71,44.95,139054.0,ACV
2021-07-07 07:00:00,45.56,,45.5,45.99,141882.0,ACV
2022-06-01 07:00:00,,,52.61,,26140.0,ACV
2022-10-27 07:00:00,43.74,44.95,43.74,,,ACV
2022-11-21 07:00:00,,47.38,46.84,47.2,,ACV
2024-01-30 07:00:00,,44.77,42.71,,,ACV
2024-04-05 07:00:00,,,50.42,51.58,,ACV
2024-05-15 07:00:00,59.35,61.36,59.35,59.47,,ACV
2024-08-23 07:00:00,,68.52,,,218155.0,ACV
2024-09-18 07:00:00,,,,64.58,154607.0,ACV
2024-09-20 07:00:00,64.45,,,65.61,229787.0,ACV
2025-03-05 07:00:00,65.61,65.67,,64.39,,ACV
2025-05-16 07:00:00,59.05,59.47,58.68,,161900.0,ACV
2025-12-01 07:00:00,52.8,53.4,,,426000.0,ACV
2018-08-29 07:00:00,7.74,7.74,7.74,7.74,,ADC
2021-09-06 07:00:00,19.5,19.5,,19.5,,ADC
2022-03-29 07:00:00,16.72,,16.72,16.72,,ADC
2022-12-02 07:00:00,,13.16,13.16,,100.0,ADC
2023-02-27 07:00:00,12.0,,12.0,12.36,1400.0,ADC
2023-03-21 07:00:00,12.0,12.0,,12.0,1000.0,ADC
2023-10-16 07:00:00,15.19,15.19,15.19,,5.0,ADC
2024-04-12 07:00:00,,,15.25,15.77,8201.0,ADC
2024-09-24 07:00:00,17.66,,,17.66,,ADC
2024-10-11 07:00:00,16.8,16.8,,16.8,,ADC
2024-10-15 07:00:00,17.49,17.49,,17.49,101.0,ADC
2025-07-02 07:00:00,18.46,18.46,18.46,18.46,,ADC
2026-02-03 07:00:00,19.11,,,19.11,3000.0,ADC
2017-12-08 07:00:00,3.65,,3.56,,12600.0,AFX
2018-06-29 07:00:00,3.28,3.28,3.28,,200.0,AFX
2019-05-24 07:00:00,2.7,,2.7,2.7,,AFX
2020-10-27 07:00:00,8.0,,,7.8,72225.0,AFX
2021-01-04 07:00:00,,,11.6,11.9,355600.0,AFX
2021-05-27 07:00:00,13.0,13.1,12.9,13.0,,AFX
2021-06-23 07:00:00,,14.1,13.5,13.5,,AFX
2021-08-16 07:00:00,13.7,,13.7,,90908.0,AFX
2021-11-11 07:00:00,15.8,15.9,15.3,15.7,270327.0,AFX
2022-04-26 07:00:00,16.4,17.2,16.4,,,AFX
2022-06-09 07:00:00,15.3,15.3,14.6,14.6,16400.0,AFX
2022-12-02 07:00:00,12.7,12.7,12.5,12.6,18300.0,AFX
2023-03-31 07:00:00,9.8,9.8,9.4,9.7,172000.0,AFX
2023-06-28 07:00:00,,,9.4,10.0,,AFX
2023-09-19 07:00:00,11.8,12.0,11.4,11.6,112305.0,AFX
2024-10-09 07:00:00,,7.8,7.5,,155808.0,AFX
2024-10-25 07:00:00,7.6,7.6,,,,AFX
2025-02-04 07:00:00,7.2,,7.2,7.2,,AFX
2021-01-19 07:00:00,,,8.16,,,AG1
2021-01-21 07:00:00,8.51,,,,,AG1
2021-12-30 07:00:00,6.92,,,7.0,12700.0,AG1
2022-01-17 07:00:00,6.47,6.92,,,,AG1
2022-01-20 07:00:00,,6.38,6.29,6.38,,AG1
2022-04-27 07:00:00,6.29,6.38,6.29,6.38,1900.0,AG1
2022-07-04 07:00:00,,,,5.94,200.0,AG1
2022-07-18 07:00:00,5.23,,5.23,,100.0,AG1
2024-05-28 07:00:00,7.8,,7.43,7.8,2323.0,AG1
2024-12-19 07:00:00,11.6,,11.6,,100.0,AG1
2025-01-07 07:00:00,12.06,,12.06,12.06,100.0,AG1
2020-02-25 07:00:00,,14.7,14.55,14.68,202890.0,AGG
2020-03-18 07:00:00,,13.53,13.32,13.37,148970.0,AGG
2020-03-30 07:00:00,13.68,13.68,13.43,13.45,142090.0,AGG
2020-04-21 07:00:00,14.29,14.29,13.99,,203380.0,AGG
2020-11-25 07:00:00,15.99,,15.93,16.05,636670.0,AGG
2020-12-02 07:00:00,,17.34,16.72,17.28,,AGG
2021-03-08 07:00:00,20.98,21.32,20.7,21.32,2337000.0,AGG
2021-04-01 07:00:00,,,,,1647600.0,AGG
2021-05-05 07:00:00,25.22,,,25.58,,AGG
2021-06-03 07:00:00,26.93,26.99,26.37,26.93,1668400.0,AGG
2021-07-26 07:00:00,,28.61,28.33,28.39,2073100.0,AGG
2021-08-19 07:00:00,28.56,,28.44,,,AGG
2021-10-08 07:00:00,25.25,,24.4,24.54,,AGG
2022-01-24 07:00:00,,34.78,32.76,,1991200.0,AGG
2022-03-29 07:00:00,,36.89,,36.6,511900.0,AGG
2022-06-14 07:00:00,,27.51,26.96,27.51,418900.0,AGG
2023-03-21 07:00:00,22.28,22.76,22.24,,,AGG
2024-01-04 07:00:00,20.92,21.04,20.68,20.92,825700.0,AGG
2024-11-11 07:00:00,,15.55,15.3,,179300.0,AGG
2025-08-15 07:00:00,21.1,21.1,,20.6,1840300.0,AGG
2016-06-08 07:00:00,,5.61,5.61,5.61,,AGP
2016-06-10 07:00:00,,,6.38,6.38,,AGP
2017-10-20 07:00:00,7.61,7.61,7.61,7.61,,AGP
2018-10-09 07:00:00,9.86,9.86,,9.86,1300.0,AGP
2018-12-26 07:00:00,8.09,8.09,,8.09,,AGP
2019-05-03 07:00:00,8.21,8.21,,8.21,100.0,AGP
2019-05-08 07:00:00,9.34,,,9.34,,AGP
2019-05-30 07:00:00,11.28,11.28,11.28,11.28,10.0,AGP
2019-11-29 07:00:00,,,8.94,8.94,,AGP
2021-09-27 07:00:00,13.3,,13.3,,,AGP
2022-07-26 07:00:00,14.18,14.86,14.18,14.32,19485.0,AGP
2022-08-11 07:00:00,14.39,14.52,14.39,14.39,3108.0,AGP
2023-03-20 07:00:00,16.5,,,17.32,5100.0,AGP
2024-01-04 07:00:00,19.86,19.86,19.86,19.86,72.0,AGP
2024-01-12 07:00:00,,19.78,19.78,19.78,,AGP
2024-05-21 07:00:00,34.24,37.58,33.56,34.76,14074.0,AGP
2024-06-04 07:00:00,35.1,,,35.1,,AGP
2024-08-08 07:00:00,34.76,34.76,34.76,34.76,27124.0,AGP
2024-09-09 07:00:00,34.07,34.24,34.07,34.24,3020.0,AGP
2024-09-12 07:00:00,34.24,,34.24,34.24,502.0,AGP
2024-11-05 07:00:00,33.39,33.39,33.39,,500.0,AGP
2025-01-14 07:00:00,33.39,,,,,AGP
2025-02-10 07:00:00,31.67,33.3,31.67,33.3,,AGP
2025-09-03 07:00:00,,40.38,39.42,40.38,,AGP
2026-01-12 07:00:00,36.9,37.1,36.5,,,AGP
2026-03-31 07:00:00,,38.2,,37.5,1900.0,AGP
2018-04-27 07:00:00,20.13,,,,,AGX
2018-10-29 07:00:00,13.23,13.23,,13.23,100.0,AGX
2020-05-26 07:00:00,20.32,20.32,20.32,20.32,100.0,AGX
2021-06-04 07:00:00,28.68,28.68,,,6000.0,AGX
2021-07-13 07:00:00,,,26.07,,1400.0,AGX
2022-03-08 07:00:00,32.59,,32.59,32.59,11500.0,AGX
2022-12-14 07:00:00,28.58,28.58,28.58,,5.0,AGX
2023-04-20 07:00:00,37.8,37.8,37.8,,,AGX
2023-12-01 07:00:00,34.45,34.45,33.5,33.5,,AGX
2025-02-21 07:00:00,,79.0,79.0,79.0,100.0,AGX
2025-07-30 07:00:00,143.0,154.0,143.0,154.0,700.0,AGX
2025-08-18 07:00:00,,167.9,167.9,167.9,100.0,AGX
2025-08-25 07:00:00,141.0,141.0,141.0,141.0,,AGX
2016-01-04 07:00:00,2.59,,2.54,2.54,,ALV
2016-08-16 07:00:00,,2.38,2.23,2.23,1900.0,ALV
2016-09-13 07:00:00,2.49,2.54,2.44,2.44,47500.0,ALV
2017-07-25 07:00:00,5.6,,,5.8,33400.0,ALV
2017-07-28 07:00:00,5.49,5.49,,5.49,2900.0,ALV
2017-10-05 07:00:00,,,,6.47,45600.0,ALV
2017-12-11 07:00:00,,10.88,,,52900.0,ALV
2018-07-18 07:00:00,2.29,2.47,2.29,2.47,,ALV
2019-08-30 07:00:00,1.35,1.53,1.29,1.47,,ALV
2021-05-21 07:00:00,1.47,1.94,,1.71,17700.0,ALV
2022-09-23 07:00:00,,2.94,2.76,2.82,,ALV
2023-03-03 07:00:00,2.41,,2.24,2.24,22500.0,ALV
2023-08-25 07:00:00,2.82,2.82,2.71,,,ALV
2024-04-26 07:00:00,3.18,3.18,2.94,2.94,600.0,ALV
2024-10-24 07:00:00,3.94,3.94,3.53,3.53,29890.0,ALV
2024-12-17 07:00:00,,,,3.53,,ALV
2025-06-24 07:00:00,,7.0,,,,ALV
2025-07-03 07:00:00,,,,6.71,,ALV
2025-09-29 07:00:00,8.1,,7.9,8.0,2200.0,ALV
2025-10-03 07:00:00,7.5,,6.8,7.0,,ALV
2025-11-05 07:00:00,,6.4,6.2,,22900.0,ALV
2026-01-22 07:00:00,6.8,6.9,6.6,,37500.0,ALV
2026-03-02 07:00:00,,,7.5,7.6,29800.0,ALV
2017-06-09 07:00:00,7.58,,,,,ANT
2021-07-06 07:00:00,,5.68,5.44,5.68,,ANT
2021-08-02 07:00:00,6.16,6.16,5.98,6.1,,ANT
2021-11-01 07:00:00,7.12,7.18,7.06,,6310.0,ANT
2022-02-11 07:00:00,8.43,9.33,8.43,9.33,504.0,ANT
2023-10-19 07:00:00,,7.34,6.49,,,ANT
2024-03-20 07:00:00,9.25,9.25,9.07,,4132.0,ANT
2024-06-03 07:00:00,11.22,11.58,11.22,,20800.0,ANT
2024-07-30 07:00:00,13.65,15.26,,,209609.0,ANT
2017-02-13 07:00:00,,1.11,1.04,,,ANV
2017-08-23 07:00:00,2.79,2.79,2.7,2.75,43470.0,ANV
2017-11-08 07:00:00,,,3.34,3.36,,ANV
2017-11-16 07:00:00,,3.37,3.31,3.36,520080.0,ANV
2018-01-25 07:00:00,,5.37,,5.37,785790.0,ANV
2018-05-04 07:00:00,8.31,,,8.31,584750.0,ANV
2018-12-04 07:00:00,10.19,10.74,10.15,10.71,760830.0,ANV
2019-04-18 07:00:00,10.13,10.21,10.01,,371380.0,ANV
2019-06-13 07:00:00,,,10.42,,383180.0,ANV
2019-06-20 07:00:00,10.34,10.51,10.34,10.48,,ANV
2019-12-13 07:00:00,9.09,9.31,,8.98,,ANV
2021-03-29 07:00:00,9.79,9.83,9.66,9.83,138500.0,ANV
2021-07-19 07:00:00,10.83,11.26,,,576500.0,ANV
2021-09-15 07:00:00,12.73,,,,775100.0,ANV
2021-11-26 07:00:00,15.89,15.89,15.45,15.67,703400.0,ANV
2022-06-14 07:00:00,22.75,24.3,22.75,24.3,,ANV
2024-01-30 07:00:00,,14.38,14.16,14.26,1320700.0,ANV
2024-05-06 07:00:00,,14.54,14.0,14.45,1039700.0,ANV
2024-07-18 07:00:00,16.59,16.93,16.45,16.93,2562000.0,ANV
2025-01-23 07:00:00,17.72,,,,630700.0,ANV
2025-07-17 07:00:00,,23.09,21.93,,7485400.0,ANV
2025-09-23 07:00:00,25.31,26.82,25.31,26.82,1936500.0,ANV
2026-02-09 07:00:00,27.6,27.6,26.7,26.7,1235700.0,ANV
2019-11-27 07:00:00,7.34,7.34,7.3,,3600.0,APF
2022-10-04 07:00:00,39.1,39.1,38.4,38.4,,APF
2022-12-26 07:00:00,37.22,37.22,36.64,,21337.0,APF
2023-01-11 07:00:00,36.93,36.93,36.58,36.64,2700.0,APF
2023-12-21 07:00:00,39.88,39.88,39.81,,4031.0,APF
2024-05-29 07:00:00,48.94,48.94,48.57,48.64,18500.0,APF
2024-09-12 07:00:00,50.08,,49.57,49.66,1608.0,APF
2025-10-27 07:00:00,38.05,38.54,37.17,37.95,4000.0,APF
2017-01-12 07:00:00,3.27,,,,404280.0,APG
2017-02-23 07:00:00,,2.53,,2.53,,APG
2018-04-10 07:00:00,,,3.29,3.29,317680.0,APG
2018-07-12 07:00:00,,3.41,3.29,,,APG
2019-05-31 07:00:00,4.6,4.6,4.48,4.48,476730.0,APG
2019-11-07 07:00:00,5.67,5.74,5.56,,412340.0,APG
2020-06-30 07:00:00,,5.38,4.9,4.99,579560.0,APG
2021-07-16 07:00:00,7.01,7.01,6.81,,,APG
2021-12-01 07:00:00,18.06,18.27,,17.85,4844300.0,APG
2021-12-20 07:00:00,,,19.75,,,APG
2021-12-23 07:00:00,19.35,19.6,,,1793300.0,APG
2022-06-03 07:00:00,,,8.98,9.13,1194200.0,APG
2023-01-04 07:00:00,6.75,6.75,,6.23,1348400.0,APG
2023-05-26 07:00:00,7.42,7.5,7.42,7.5,887800.0,APG
2024-03-12 07:00:00,14.0,,,,424100.0,APG
2025-01-21 07:00:00,,7.14,7.0,7.06,,APG
2025-02-11 07:00:00,,8.59,8.21,,525800.0,APG
2025-08-29 07:00:00,13.1,13.35,12.8,,,APG
2025-09-23 07:00:00,,,11.45,,,APG
2026-03-05 07:00:00,10.3,10.3,10.05,,215600.0,APG
2016-03-01 07:00:00,8.01,8.44,8.29,,,APP
2016-04-27 07:00:00,,8.29,7.58,,1400.0,APP
2016-08-16 07:00:00,8.28,8.28,7.49,,9104.0,APP
2016-10-24 07:00:00,7.89,7.89,7.89,7.89,100.0,APP
2017-06-14 07:00:00,,9.13,9.13,,300.0,APP
2017-08-18 07:00:00,9.05,9.51,9.05,9.51,300.0,APP
2020-12-29 07:00:00,,,,3.6,,APP
2021-01-20 07:00:00,5.6,5.6,,5.6,11.0,APP
2021-03-01 07:00:00,4.5,4.5,,4.2,6704.0,APP
2021-05-06 07:00:00,,,,7.0,12400.0,APP
2021-06-03 07:00:00,7.3,,6.9,7.4,,APP
2021-07-12 07:00:00,6.9,6.9,6.8,,,APP
2022-06-16 07:00:00,9.0,,9.0,9.0,,APP
2023-04-14 07:00:00,,4.8,4.6,,201.0,APP
2023-05-23 07:00:00,4.3,4.3,4.2,4.2,14000.0,APP
2023-06-21 07:00:00,4.6,4.8,4.4,,16724.0,APP
2023-07-18 07:00:00,4.7,,,,24400.0,APP
2025-11-10 07:00:00,,,5.4,5.4,2500.0,APP
2026-01-05 07:00:00,4.9,,,5.1,6400.0,APP
2016-11-24 07:00:00,,19.3,19.3,,,ARM
2017-04-13 07:00:00,17.06,,17.06,17.12,300.0,ARM
2017-08-15 07:00:00,17.8,17.8,,,,ARM
2024-10-11 07:00:00,,24.53,24.53,24.53,1.0,ARM
2016-06-27 07:00:00,7.09,7.13,,7.04,,ASM
2019-08-08 07:00:00,3.1,,3.06,,1639420.0,ASM
2019-10-28 07:00:00,,,,,3835100.0,ASM
2019-11-06 07:00:00,3.69,3.72,,3.71,,ASM
2019-12-31 07:00:00,3.86,,,3.8,1879380.0,ASM
2020-06-10 07:00:00,,3.89,,,4759940.0,ASM
2020-06-26 07:00:00,3.35,3.41,3.28,,,ASM
2021-05-18 07:00:00,,,,7.05,2694800.0,ASM
2021-07-06 07:00:00,7.68,,,7.39,1662800.0,ASM
2021-07-15 07:00:00,6.57,6.91,,,,ASM
2021-09-27 07:00:00,,9.1,,8.39,8838000.0,ASM
2021-12-03 07:00:00,12.51,12.51,11.54,,,ASM
2023-03-09 07:00:00,7.11,,6.98,7.11,2507000.0,ASM
2023-09-27 07:00:00,8.26,8.26,7.82,8.25,3179500.0,ASM
2023-11-16 07:00:00,7.66,7.75,7.64,7.71,1336400.0,ASM
2023-12-21 07:00:00,,,8.18,8.3,2359400.0,ASM
2024-03-19 07:00:00,9.38,9.54,9.21,,,ASM
2024-06-06 07:00:00,9.96,10.08,,,3466300.0,ASM
2025-10-17 07:00:00,7.08,7.22,7.08,,662000.0,ASM
2025-12-18 07:00:00,6.67,6.71,,,195500.0,ASM
2026-02-04 07:00:00,6.32,6.37,6.26,,,ASM
2016-03-29 07:00:00,14.5,,,14.6,,ATS
2016-10-31 07:00:00,8.5,8.8,,8.8,,ATS
2018-08-16 07:00:00,38.1,,,,,ATS
2018-10-11 07:00:00,,35.6,,35.1,,ATS
2019-01-04 07:00:00,38.4,38.5,38.2,38.5,,ATS
2023-05-31 07:00:00,,,11.0,11.0,54.0,ATS
2023-10-10 07:00:00,11.0,11.0,11.0,11.0,200.0,ATS
2024-10-09 07:00:00,16.2,16.2,16.2,16.2,300.0,ATS
2024-12-20 07:00:00,14.9,14.9,14.9,14.9,,ATS
2025-06-05 07:00:00,16.9,,16.9,,300.0,ATS
2025-06-13 07:00:00,,,,,100.0,ATS
2018-01-10 07:00:00,15.67,15.67,15.67,15.67,1500.0,AVC
2018-03-05 07:00:00,15.67,,15.67,15.67,1100.0,AVC
2018-03-27 07:00:00,14.89,14.89,14.1,14.1,4900.0,AVC
2018-09-24 07:00:00,,15.24,15.24,15.24,100.0,AVC
2018-12-05 07:00:00,16.32,16.32,16.32,16.32,,AVC
2021-08-09 07:00:00,18.21,18.21,18.21,18.21,2100.0,AVC
2021-08-24 07:00:00,,,19.2,19.73,5600.0,AVC
2021-11-16 07:00:00,,23.17,23.17,,,AVC
2023-04-06 07:00:00,,,,28.07,100.0,AVC
2023-06-21 07:00:00,,,33.44,33.44,100.0,AVC
2023-07-14 07:00:00,36.38,39.03,,36.38,300.0,AVC
2023-07-21 07:00:00,37.89,37.89,37.89,,100.0,AVC
2023-09-14 07:00:00,42.33,,,43.68,400.0,AVC
2024-03-01 07:00:00,53.4,53.49,,53.4,,AVC
2024-07-12 07:00:00,54.23,54.23,53.58,,1102.0,AVC
2024-08-30 07:00:00,50.81,50.81,50.81,50.81,700.0,AVC
2024-09-20 07:00:00,49.06,49.06,47.12,47.12,,AVC
2024-10-04 07:00:00,49.15,50.07,,49.98,1300.0,AVC
2024-11-01 07:00:00,,,52.89,,,AVC
2025-03-31 07:00:00,55.3,55.3,54.44,54.44,200.0,AVC
2025-06-05 07:00:00,,53.76,51.94,53.76,1200.0,AVC
2025-07-02 07:00:00,,,,52.9,,AVC
2025-10-24 07:00:00,50.98,50.98,50.98,,,AVC
2025-02-17 07:00:00,,,21.0,21.4,89062.0,AVG
2018-11-05 07:00:00,,11.13,,,,BAB
2019-03-06 07:00:00,11.24,11.24,11.24,11.24,5200.0,BAB
2019-04-11 07:00:00,11.29,11.29,11.29,,6100.0,BAB
2019-09-25 07:00:00,11.4,,11.4,11.4,3800.0,BAB
2020-04-01 07:00:00,11.27,,11.27,11.27,3100.0,BAB
2020-07-22 07:00:00,11.72,,11.72,11.72,2600.0,BAB
2021-02-01 07:00:00,14.86,,14.86,14.86,2100.0,BAB
2021-09-30 07:00:00,16.32,16.62,16.25,,,BAB
2021-12-10 07:00:00,,17.07,,,29915.0,BAB
2022-08-02 07:00:00,,13.66,13.5,13.66,7626.0,BAB
2022-08-19 07:00:00,13.98,13.98,13.82,13.9,10800.0,BAB
2023-04-19 07:00:00,10.85,10.93,10.85,10.93,,BAB
2023-09-18 07:00:00,,,11.09,11.17,,BAB
2023-10-13 07:00:00,10.85,,10.6,,10615.0,BAB
2024-07-19 07:00:00,,10.6,10.43,,,BAB
2024-09-18 07:00:00,10.17,,10.0,10.17,,BAB
2024-10-28 07:00:00,,10.26,,10.26,1169.0,BAB
2025-03-03 07:00:00,11.07,,10.98,10.98,5913.0,BAB
2025-05-23 07:00:00,10.24,10.34,10.15,10.34,10200.0,BAB
2025-11-18 07:00:00,,11.82,,11.72,,BAB
2026-02-03 07:00:00,12.19,12.48,,,23300.0,BAB
2022-01-14 07:00:00,23.34,23.46,22.77,23.04,2041400.0,BAF
2023-04-05 07:00:00,14.46,,14.39,,1568800.0,BAF
2023-05-16 07:00:00,,,15.52,16.4,,BAF
2023-07-05 07:00:00,17.07,17.21,,17.0,3620700.0,BAF
2023-08-29 07:00:00,14.74,14.81,14.46,,1654600.0,BAF
2023-11-21 07:00:00,,18.23,17.98,18.16,2390100.0,BAF
2024-02-05 07:00:00,17.88,,,17.74,2982900.0,BAF
2025-01-07 07:00:00,27.0,27.4,,,3360200.0,BAF
2025-02-10 07:00:00,,,,27.85,,BAF
2025-02-25 07:00:00,32.4,32.5,31.7,31.95,,BAF
2025-05-13 07:00:00,34.25,35.3,34.25,35.0,,BAF
2025-05-20 07:00:00,34.55,,,35.85,,BAF
2025-07-15 07:00:00,,34.0,,,2371500.0,BAF
2025-10-28 07:00:00,31.85,31.85,,31.35,,BAF
2026-02-03 07:00:00,37.6,37.8,37.25,37.45,2472500.0,BAF
2026-03-30 07:00:00,,35.0,,34.75,2480200.0,BAF
2026-04-14 07:00:00,35.2,35.75,34.9,35.75,,BAF
2022-06-02 07:00:00,,10.15,,,,BAL
2022-06-09 07:00:00,10.83,10.83,10.83,10.83,1107.0,BAL
2022-11-03 07:00:00,5.97,5.97,5.2,5.2,,BAL
2023-09-14 07:00:00,,,,,1.0,BAL
2024-03-14 07:00:00,6.76,,,6.76,,BAL
2025-08-25 07:00:00,,8.06,7.96,7.96,,BAL
2026-04-13 07:00:00,7.8,7.8,7.8,7.8,,BAL
2022-02-16 07:00:00,16.79,19.29,16.79,17.41,3600.0,BBH
2022-07-26 07:00:00,,10.64,,10.64,,BBH
2023-07-25 07:00:00,,10.31,10.31,10.31,400.0,BBH
2023-07-31 07:00:00,11.37,11.37,11.37,,20.0,BBH
2024-12-26 07:00:00,13.81,13.81,13.81,13.81,,BBH
2025-12-01 07:00:00,,17.0,14.3,14.3,,BBH
2016-02-26 07:00:00,8.68,8.7,,8.7,100.0,BBS
2016-04-01 07:00:00,,6.78,6.78,6.78,,BBS
2016-07-29 07:00:00,7.43,7.43,,,,BBS
2017-08-01 07:00:00,7.28,7.28,7.28,7.28,6300.0,BBS
2018-04-12 07:00:00,5.6,,,5.6,100.0,BBS
2018-05-21 07:00:00,6.16,6.16,,6.16,100.0,BBS
2018-06-14 07:00:00,7.84,7.84,7.84,7.84,200.0,BBS
2018-06-18 07:00:00,7.96,8.07,,8.07,6200.0,BBS
2019-05-09 07:00:00,3.73,4.54,3.73,4.54,200.0,BBS
2019-08-21 07:00:00,4.6,4.6,4.6,4.6,,BBS
2021-10-22 07:00:00,8.24,,8.11,8.17,7900.0,BBS
2023-03-16 07:00:00,,8.5,8.5,8.5,1.0,BBS
2025-01-14 07:00:00,9.54,9.54,9.54,9.54,,BBS
2025-06-02 07:00:00,,11.79,11.79,11.79,1900.0,BBS
2025-07-25 07:00:00,,,16.75,16.75,1300.0,BBS
2022-01-17 07:00:00,11.0,,,11.0,268700.0,BCA
2022-03-08 07:00:00,,11.0,10.6,10.6,,BCA
2023-02-15 07:00:00,4.7,4.7,4.6,4.7,,BCA
2023-11-06 07:00:00,5.2,,,,29100.0,BCA
2023-11-16 07:00:00,,,5.0,5.1,64300.0,BCA
2024-01-17 07:00:00,5.9,6.0,5.9,,23758.0,BCA
2024-02-23 07:00:00,23.3,23.3,21.9,23.2,,BCA
2024-06-17 07:00:00,,,17.0,,115401.0,BCA
2024-08-23 07:00:00,,13.1,,13.1,23000.0,BCA
2025-08-01 07:00:00,,11.0,,10.8,22100.0,BCA
2026-01-22 07:00:00,,15.3,14.2,,29700.0,BCA
2018-04-12 07:00:00,23.1,23.2,,23.1,100200.0,BCM
2018-05-18 07:00:00,20.05,20.05,,19.96,,BCM
2018-09-28 07:00:00,17.89,,17.71,17.71,50800.0,BCM
2019-01-11 07:00:00,18.88,20.41,,20.41,2200.0,BCM
2019-05-07 07:00:00,,20.68,,20.41,6714.0,BCM
2019-05-23 07:00:00,20.68,20.68,,20.68,74300.0,BCM
2019-06-20 07:00:00,22.92,,22.3,,38300.0,BCM
2020-02-27 07:00:00,22.66,22.66,22.66,,50.0,BCM
2020-05-20 07:00:00,21.65,21.65,,21.65,19750.0,BCM
2020-12-21 07:00:00,38.17,39.06,38.03,38.08,208290.0,BCM
2022-12-05 07:00:00,,78.52,,78.32,,BCM
2023-01-31 07:00:00,80.81,81.0,79.95,,72600.0,BCM
2023-05-08 07:00:00,74.41,74.6,,,,BCM
2023-06-28 07:00:00,,,76.13,76.41,,BCM
2023-07-18 07:00:00,76.41,76.7,,76.22,352700.0,BCM
2023-07-20 07:00:00,76.89,76.89,,76.7,268200.0,BCM
2023-08-09 07:00:00,73.26,73.55,,72.69,,BCM
2023-08-23 07:00:00,65.05,65.43,63.33,64.67,,BCM
2023-11-09 07:00:00,56.83,58.46,56.36,,355500.0,BCM
2024-04-24 07:00:00,,,49.28,50.64,,BCM
2024-09-19 07:00:00,69.13,69.62,,69.62,346300.0,BCM
2024-11-28 07:00:00,64.97,,,,109000.0,BCM
2025-03-24 07:00:00,77.36,77.36,,75.98,398600.0,BCM
2025-04-11 07:00:00,55.54,,,58.68,,BCM
2017-06-16 07:00:00,,5.03,5.03,,,BCP
2018-02-26 07:00:00,,3.76,3.76,,100.0,BCP
2020-07-22 07:00:00,,12.0,12.0,,10.0,BCP
2020-12-24 07:00:00,9.8,,9.8,9.8,200.0,BCP
2021-03-16 07:00:00,,11.8,11.8,11.8,500.0,BCP
2021-11-30 07:00:00,,13.5,12.2,,27600.0,BCP
2025-08-01 07:00:00,11.0,11.0,11.0,,1000.0,BCP
2021-03-01 07:00:00,12.37,,,12.37,1000.0,BDW
2021-03-15 07:00:00,,,,11.28,,BDW
2021-03-25 07:00:00,13.37,13.37,,12.91,200.0,BDW
2025-08-01 07:00:00,27.13,27.13,27.13,,100.0,BDW
2026-02-09 07:00:00,,,,26.8,500.0,BDW
2019-05-22 07:00:00,15.4,15.4,15.4,15.4,,BHA
2019-11-06 07:00:00,9.91,9.91,9.91,,100.0,BHA
2022-01-18 07:00:00,,,,11.64,100.0,BHA
2022-02-24 07:00:00,9.4,9.48,9.05,,,BHA
2022-11-29 07:00:00,12.41,,,12.41,,BHA
2023-09-28 07:00:00,,13.48,13.48,,,BHA
2024-07-02 07:00:00,20.17,20.17,20.17,,700.0,BHA
2016-03-01 07:00:00,1.17,,1.17,,11900.0,BHC
2017-01-04 07:00:00,,94.36,89.8,91.63,12890.0,BHN
2017-02-22 07:00:00,85.84,,83.79,88.28,20090.0,BHN
2017-10-16 07:00:00,,,89.18,91.03,28030.0,BHN
2017-11-17 07:00:00,93.12,93.51,90.11,92.73,6280.0,BHN
2018-11-26 07:00:00,63.6,64.91,63.52,64.14,930.0,BHN
2019-04-26 07:00:00,,63.37,,,920.0,BHN
2019-09-19 07:00:00,65.52,66.36,65.52,66.36,,BHN
2020-05-08 07:00:00,,47.88,47.46,,20000.0,BHN
2020-07-03 07:00:00,44.44,44.44,43.18,44.1,2220.0,BHN
2022-07-13 07:00:00,47.37,,47.28,48.28,600.0,BHN
2022-10-05 07:00:00,46.19,,44.83,46.1,7500.0,BHN
2023-02-13 07:00:00,39.9,41.21,38.86,,3000.0,BHN
2023-03-08 07:00:00,40.62,,,40.62,100.0,BHN
2023-04-17 07:00:00,39.76,39.76,,39.31,1200.0,BHN
2023-05-29 07:00:00,,39.4,,39.4,4300.0,BHN
2023-07-14 07:00:00,38.4,,38.31,38.86,,BHN
2023-10-20 07:00:00,,,36.41,,3400.0,BHN
2024-01-11 07:00:00,36.55,36.55,,36.36,,BHN
2024-11-01 07:00:00,37.31,38.28,37.31,,,BHN
2025-03-18 07:00:00,36.34,36.34,36.34,36.34,,BHN
2025-09-10 07:00:00,33.95,,,34.4,9600.0,BHN
2026-01-12 07:00:00,,,31.6,32.2,5900.0,BHN
2026-04-01 07:00:00,,30.5,29.4,29.5,7100.0,BHN
2016-01-20 07:00:00,9.18,9.18,,,,BHP
2017-05-03 07:00:00,,8.22,8.14,,,BHP
2017-07-11 07:00:00,8.37,8.37,8.07,8.07,3000.0,BHP
2018-10-03 07:00:00,,,6.96,6.96,,BHP
2019-11-15 07:00:00,,,5.7,,100.0,BHP
2021-06-10 07:00:00,7.93,7.93,7.21,,,BHP
2023-03-09 07:00:00,,6.59,6.59,6.59,100.0,BHP
2024-01-16 07:00:00,7.34,7.34,,7.34,100.0,BHP
2024-01-22 07:00:00,6.58,,6.58,6.58,,BHP
2025-09-12 07:00:00,8.3,,8.0,,1100.0,BHP
2016-08-10 07:00:00,4.57,4.77,4.57,,2000.0,BLI
2017-10-02 07:00:00,,,4.86,,,BLI
2018-05-03 07:00:00,4.51,,4.51,4.79,9000.0,BLI
2018-07-26 07:00:00,4.51,4.51,4.51,4.51,800.0,BLI
2019-09-17 07:00:00,,6.52,,6.28,24000.0,BLI
2019-10-07 07:00:00,,,5.56,5.56,5670.0,BLI
2020-01-03 07:00:00,6.12,6.12,5.72,5.72,,BLI
2020-04-27 07:00:00,,5.09,,5.56,90.0,BLI
2021-01-05 07:00:00,8.8,,,,10700.0,BLI
2021-08-12 07:00:00,,,,12.73,2100.0,BLI
2021-12-27 07:00:00,16.73,16.73,16.73,,18658.0,BLI
2022-09-29 07:00:00,16.0,,13.6,14.9,,BLI
2023-06-05 07:00:00,,,,,51.0,BLI
2025-07-25 07:00:00,9.7,9.7,9.2,9.5,3200.0,BLI
2021-12-28 07:00:00,6.67,7.2,,7.02,,BLN
2022-02-16 07:00:00,6.31,6.49,,6.49,,BLN
2022-05-27 07:00:00,,,5.78,,,BLN
2022-11-11 07:00:00,,,7.83,7.83,100.0,BLN
2025-08-13 07:00:00,7.97,,7.97,,,BLN
2018-08-06 07:00:00,,6.72,,,,BLT
2019-09-10 07:00:00,,6.74,6.74,6.74,100.0,BLT
2021-07-27 07:00:00,12.6,12.77,,12.77,,BLT
2022-03-07 07:00:00,15.81,15.81,15.81,,500.0,BLT
2022-05-10 07:00:00,22.63,,22.33,22.33,700.0,BLT
2023-05-08 07:00:00,25.93,,25.93,26.52,,BLT
2023-12-11 07:00:00,28.7,28.7,28.7,,300.0,BLT
2024-03-08 07:00:00,31.62,,31.62,31.62,1109.0,BLT
2024-11-01 07:00:00,,39.27,,,5525.0,BLT
2025-03-05 07:00:00,,37.51,,37.41,2992.0,BLT
2023-02-01 07:00:00,20.24,20.24,20.24,20.24,1.0,BMG
2015-10-29 07:00:00,0.84,,0.84,0.84,100.0,BMJ
2015-12-17 07:00:00,0.89,,0.89,,,BMJ
2018-09-18 07:00:00,1.65,,1.65,,,BMJ
2022-10-21 07:00:00,,15.78,,15.78,100.0,BMJ
2023-07-07 07:00:00,,14.5,12.6,,200.0,BMJ
2023-09-29 07:00:00,,,,11.6,,BMJ
2024-02-19 07:00:00,,13.4,13.0,13.0,1901.0,BMJ
2025-08-08 07:00:00,11.2,11.2,11.0,,400.0,BMJ
2026-04-20 07:00:00,9.2,9.8,9.1,9.7,2300.0,BMJ
2018-09-04 07:00:00,3.95,4.82,3.95,4.47,4300.0,BMS
2019-04-17 07:00:00,3.31,,3.31,,6600.0,BMS
2021-08-25 07:00:00,16.73,18.11,,,508300.0,BMS
2021-08-31 07:00:00,16.73,,,16.51,,BMS
2022-06-16 07:00:00,7.35,7.42,7.2,7.27,46218.0,BMS
2022-06-21 07:00:00,6.76,,6.33,,,BMS
2022-09-15 07:00:00,8.7,,,,172934.0,BMS
2022-10-31 07:00:00,,4.66,,4.66,,BMS
2023-06-09 07:00:00,6.68,,,6.76,209280.0,BMS
2023-08-31 07:00:00,9.94,10.67,9.94,10.51,458816.0,BMS
2023-12-28 07:00:00,9.36,,,9.28,90386.0,BMS
2024-03-26 07:00:00,,10.1,9.77,,203622.0,BMS
2020-06-10 07:00:00,9.65,,9.17,9.17,1300.0,BT1
2021-01-13 07:00:00,,8.82,,8.82,100.0,BT1
2021-06-16 07:00:00,10.72,10.78,10.72,10.78,,BT1
2022-07-19 07:00:00,12.41,14.23,12.41,,300.0,BT1
2024-09-06 07:00:00,10.67,10.67,10.67,,,BT1
2024-11-05 07:00:00,10.91,10.91,,10.91,3.0,BT1
2026-04-02 07:00:00,,,13.0,13.0,100.0,BT1
2021-03-30 07:00:00,3.5,3.5,3.5,,,BTN
2021-04-12 07:00:00,,5.7,5.7,5.7,,BTN
2021-04-19 07:00:00,5.2,5.2,,,2800.0,BTN
2021-05-13 07:00:00,4.1,4.5,,4.2,2412.0,BTN
2021-09-29 07:00:00,4.2,4.6,4.0,4.3,,BTN
2021-12-20 07:00:00,,6.9,6.7,6.8,,BTN
2022-06-10 07:00:00,4.1,,4.1,,,BTN
2022-11-15 07:00:00,4.2,4.4,3.8,3.8,,BTN
2023-01-12 07:00:00,,3.9,3.5,3.9,22500.0,BTN
2023-05-18 07:00:00,,3.4,3.3,3.4,2000.0,BTN
2023-05-30 07:00:00,3.2,,3.1,,12700.0,BTN
2024-02-27 07:00:00,2.9,,2.8,2.8,153501.0,BTN
2025-02-10 07:00:00,2.9,3.2,2.9,3.1,,BTN
2025-04-25 07:00:00,2.4,2.8,2.4,,9200.0,BTN
2025-05-08 07:00:00,2.8,2.9,2.8,2.9,,BTN
2025-06-30 07:00:00,2.9,2.9,2.9,,3600.0,BTN
2015-12-09 07:00:00,4.07,4.11,,,,BTP
2016-02-19 07:00:00,4.98,5.02,4.94,,57370.0,BTP
2016-09-22 07:00:00,5.76,5.82,5.65,5.76,75880.0,BTP
2016-09-30 07:00:00,,,5.78,5.86,65660.0,BTP
2017-10-27 07:00:00,4.62,4.78,4.62,4.62,13200.0,BTP
2018-01-29 07:00:00,5.28,,5.26,,9140.0,BTP
2019-10-16 07:00:00,7.35,7.35,7.35,,,BTP
2019-11-25 07:00:00,7.2,7.2,7.11,7.11,11010.0,BTP
2020-07-13 07:00:00,,9.34,9.05,9.17,,BTP
2020-07-23 07:00:00,8.79,8.81,8.67,8.73,,BTP
2020-09-23 07:00:00,9.07,9.07,9.01,,28870.0,BTP
2020-10-26 07:00:00,8.98,8.98,,8.82,,BTP
2021-01-19 07:00:00,9.45,9.74,9.23,9.23,91200.0,BTP
2021-03-15 07:00:00,9.39,,,,16400.0,BTP
2021-06-01 07:00:00,10.75,10.75,10.75,10.75,100.0,BTP
2021-09-23 07:00:00,,11.2,11.13,11.13,,BTP
2021-12-28 07:00:00,,12.38,12.14,,7700.0,BTP
2022-04-15 07:00:00,,12.45,12.28,12.28,12800.0,BTP
2022-07-01 07:00:00,11.13,,,,,BTP
2023-11-14 07:00:00,10.54,10.54,,,,BTP
2024-06-17 07:00:00,13.33,13.38,13.24,13.29,,BTP
2024-09-20 07:00:00,12.38,12.38,12.19,12.38,,BTP
2024-09-30 07:00:00,,12.66,12.43,,12300.0,BTP
2024-10-28 07:00:00,11.94,,11.85,,,BTP
2024-12-11 07:00:00,11.31,11.31,11.17,11.27,12700.0,BTP
2025-02-07 07:00:00,11.56,11.56,11.51,,,BTP
2026-02-24 07:00:00,,8.68,,8.6,132500.0,BTP
2015-11-02 07:00:00,6.29,6.76,6.29,,1500.0,BTS
2016-09-16 07:00:00,8.2,,7.15,7.87,,BTS
2016-10-14 07:00:00,,7.55,,7.55,200.0,BTS
2017-03-06 07:00:00,,7.31,7.31,7.31,100.0,BTS
2017-11-07 07:00:00,4.79,,,5.77,12600.0,BTS
2018-02-07 07:00:00,,,4.61,4.61,100.0,BTS
2019-01-14 07:00:00,,3.73,3.73,3.73,700.0,BTS
2019-04-19 07:00:00,3.99,3.99,3.99,,,BTS
2020-08-31 07:00:00,4.35,4.35,4.35,4.35,,BTS
2021-05-17 07:00:00,,5.63,5.45,5.54,,BTS
2021-07-19 07:00:00,,5.45,5.09,,12358.0,BTS
2021-07-30 07:00:00,5.36,,5.36,5.36,17800.0,BTS
2021-09-09 07:00:00,7.45,7.63,7.18,7.45,,BTS
2021-11-16 07:00:00,12.9,,12.08,12.72,,BTS
2022-02-25 07:00:00,,11.45,11.08,,158560.0,BTS
2022-06-03 07:00:00,8.72,8.72,,8.63,,BTS
2022-06-17 07:00:00,,7.54,,7.09,,BTS
2023-01-03 07:00:00,5.81,6.76,5.81,6.67,,BTS
2023-05-05 07:00:00,5.52,5.62,5.52,,7000.0,BTS
2023-08-24 07:00:00,5.81,,,5.81,15623.0,BTS
2023-10-09 07:00:00,5.3,5.4,5.2,,,BTS
2023-10-11 07:00:00,5.5,5.6,,5.6,,BTS
2023-11-06 07:00:00,5.6,,,5.7,10100.0,BTS
2023-12-26 07:00:00,5.5,5.6,,,,BTS
2025-01-10 07:00:00,4.9,,4.9,,1393.0,BTS
2025-03-27 07:00:00,5.4,,,,,BTS
2021-03-24 07:00:00,8.46,,8.46,8.46,,BTU
2023-01-19 07:00:00,8.0,8.0,8.0,,,BTU
2025-02-11 07:00:00,12.39,12.39,12.39,,1.0,BTU
2025-12-18 07:00:00,,,15.0,15.0,100.0,BTU
2021-08-16 07:00:00,13.28,,13.28,14.99,,BVL
2021-12-20 07:00:00,21.7,22.75,,22.75,,BVL
2022-09-27 07:00:00,14.99,15.45,14.99,15.25,4500.0,BVL
2023-02-09 07:00:00,9.93,9.93,,8.35,4400.0,BVL
2023-07-03 07:00:00,,7.17,6.77,,,BVL
2023-08-08 07:00:00,,14.46,12.62,12.69,,BVL
2023-08-30 07:00:00,12.03,12.03,11.83,11.9,3700.0,BVL
2024-02-27 07:00:00,10.26,,9.53,9.53,1700.0,BVL
2024-02-29 07:00:00,8.81,9.66,,9.66,1200.0,BVL
2024-05-14 07:00:00,7.94,7.94,,7.79,700.0,BVL
2024-05-21 07:00:00,,8.59,7.29,,,BVL
2025-05-05 07:00:00,8.14,,7.76,8.53,,BVL
2025-10-02 07:00:00,,,,,11200.0,BVL
2015-12-23 07:00:00,7.96,8.24,,,38400.0,BVS
2016-07-18 07:00:00,9.01,9.43,9.01,9.43,,BVS
2017-02-24 07:00:00,11.6,12.22,,12.22,99900.0,BVS
2017-10-30 07:00:00,13.69,,13.27,13.76,15600.0,BVS
2018-03-06 07:00:00,12.78,,,13.06,,BVS
2018-03-28 07:00:00,,13.97,13.83,13.97,,BVS
2018-07-12 07:00:00,,12.57,12.22,,,BVS
2018-10-29 07:00:00,9.53,9.82,,,4500.0,BVS
2018-11-20 07:00:00,8.88,,8.8,9.1,17400.0,BVS
2019-04-04 07:00:00,,9.62,9.54,9.54,,BVS
2019-05-10 07:00:00,,9.39,9.24,9.39,38000.0,BVS
2020-03-06 07:00:00,7.52,7.52,7.36,7.52,94300.0,BVS
2020-05-20 07:00:00,7.12,7.12,,7.12,,BVS
2020-05-26 07:00:00,6.96,,6.96,7.2,208573.0,BVS
2020-09-21 07:00:00,8.78,9.02,,9.02,268542.0,BVS
2020-12-10 07:00:00,,,10.83,11.0,958732.0,BVS
2020-12-11 07:00:00,,11.51,10.91,,864090.0,BVS
2021-02-26 07:00:00,18.9,18.9,17.87,18.47,,BVS
2021-03-03 07:00:00,18.82,18.9,18.56,18.65,813643.0,BVS
2021-06-04 07:00:00,27.41,27.41,25.44,,,BVS
2021-11-22 07:00:00,38.04,,35.31,,,BVS
2021-12-03 07:00:00,,36.81,33.46,,1085923.0,BVS
2021-12-29 07:00:00,,33.99,32.75,,,BVS
2022-03-25 07:00:00,33.37,33.55,33.02,,124908.0,BVS
2022-05-13 07:00:00,,17.43,15.85,,363701.0,BVS
2022-09-09 07:00:00,19.02,19.02,17.96,,,BVS
2023-08-23 07:00:00,,24.43,23.79,,226381.0,BVS
2023-11-17 07:00:00,24.24,24.33,,,198422.0,BVS
2024-08-16 07:00:00,34.68,,34.58,37.55,1910189.0,BVS
2024-10-22 07:00:00,39.55,,37.59,,,BVS
2025-04-22 07:00:00,,,26.17,28.32,,BVS
2018-09-19 07:00:00,4.05,4.05,,4.05,100.0,BWA
2021-05-28 07:00:00,8.44,8.44,,8.27,200.0,BWA
2016-11-16 07:00:00,13.81,13.96,,13.96,7900.0,C21
2017-04-28 07:00:00,14.04,14.04,14.04,14.04,100.0,C21
2017-09-06 07:00:00,,,18.2,18.2,,C21
2017-11-24 07:00:00,16.63,16.87,16.63,16.63,,C21
2020-02-28 07:00:00,,20.73,20.73,20.73,100.0,C21
2020-04-09 07:00:00,,,16.03,16.03,,C21
2021-02-19 07:00:00,,11.9,11.9,11.9,500.0,C21
2021-03-18 07:00:00,13.55,13.73,13.27,,18800.0,C21
2021-11-22 07:00:00,17.63,17.63,16.97,16.97,,C21
2022-06-06 07:00:00,14.14,14.61,,,6700.0,C21
2022-06-15 07:00:00,,13.86,13.86,13.86,500.0,C21
2022-06-21 07:00:00,,13.29,,,11600.0,C21
2022-07-21 07:00:00,12.63,13.38,12.44,13.38,2400.0,C21
2023-08-03 07:00:00,12.92,,12.24,,,C21
2023-11-22 07:00:00,,,11.85,11.85,800.0,C21
2021-10-25 07:00:00,,11.36,11.36,11.36,200.0,C22
2024-02-07 07:00:00,15.02,15.02,,,200.0,C22
2016-10-12 07:00:00,5.22,5.6,5.22,,1020.0,CCI
2017-02-15 07:00:00,5.56,,5.29,5.42,,CCI
2017-03-22 07:00:00,,5.42,5.42,,90.0,CCI
2017-08-03 07:00:00,,8.11,7.87,,300.0,CCI
2017-11-17 07:00:00,7.43,7.43,7.43,7.43,420.0,CCI
2017-12-07 07:00:00,,7.33,7.33,7.33,,CCI
2018-09-24 07:00:00,,7.04,6.52,7.04,20.0,CCI
2019-01-18 07:00:00,6.34,6.34,6.34,,,CCI
2019-09-17 07:00:00,8.57,8.57,,8.57,5200.0,CCI
2019-10-17 07:00:00,8.45,8.92,8.45,,,CCI
2019-12-24 07:00:00,,8.51,8.03,8.03,80.0,CCI
2021-01-07 07:00:00,,,10.05,,,CCI
2021-01-19 07:00:00,10.02,,,9.33,2200.0,CCI
2021-07-20 07:00:00,11.22,11.86,11.22,11.79,5200.0,CCI
2021-12-06 07:00:00,17.25,17.25,16.36,16.36,1400.0,CCI
2022-04-28 07:00:00,22.28,23.36,,,6900.0,CCI
2023-04-28 07:00:00,,,,,,CCI
2023-08-03 07:00:00,,17.95,,17.58,,CCI
2025-10-01 07:00:00,20.47,20.51,20.22,20.3,2400.0,CCI
2025-10-02 07:00:00,20.38,,,21.69,4400.0,CCI
2025-11-06 07:00:00,,22.66,21.48,22.66,5200.0,CCI
2019-12-27 07:00:00,,,,18.94,100.0,CCR
2020-04-29 07:00:00,,10.23,,,,CCR
2020-12-31 07:00:00,9.97,10.05,9.97,10.05,1300.0,CCR
2022-05-18 07:00:00,17.81,,16.72,,,CCR
2022-10-06 07:00:00,12.83,12.92,12.02,12.56,,CCR
2023-09-28 07:00:00,10.55,10.65,10.55,10.65,,CCR
2024-01-02 07:00:00,10.36,,,10.27,,CCR
2025-09-10 07:00:00,12.6,,,12.6,,CCR
2023-12-18 07:00:00,7.0,7.0,,7.0,100.0,CCT
2025-02-27 07:00:00,,,,13.0,,CCT
2023-08-07 07:00:00,,,,,700.0,CCV
2016-06-16 07:00:00,11.04,11.13,,11.04,3600.0,CDN
2016-07-22 07:00:00,,,11.87,11.87,47300.0,CDN
2018-06-08 07:00:00,11.1,,11.1,11.1,100.0,CDN
2018-11-28 07:00:00,,11.53,,11.53,,CDN
2019-05-23 07:00:00,12.82,12.82,,,,CDN
2019-07-10 07:00:00,13.67,13.67,,13.67,,CDN
2019-08-19 07:00:00,13.39,13.39,,13.1,2400.0,CDN
2019-09-19 07:00:00,,,,14.95,900.0,CDN
2019-10-04 07:00:00,14.95,14.95,14.95,14.95,100.0,CDN
2019-11-08 07:00:00,12.96,13.46,12.96,,,CDN
2019-11-14 07:00:00,13.1,13.1,13.1,13.1,611.0,CDN
2021-07-16 07:00:00,,21.7,20.96,21.37,,CDN
2021-09-28 07:00:00,,24.51,24.02,24.43,,CDN
2021-10-19 07:00:00,,24.76,24.59,24.59,42700.0,CDN
2022-03-14 07:00:00,24.18,24.76,24.1,24.35,8100.0,CDN
2022-10-20 07:00:00,22.15,22.15,21.8,22.15,,CDN
2023-05-15 07:00:00,23.37,23.37,23.37,23.37,203.0,CDN
2024-07-10 07:00:00,32.56,,,,10670.0,CDN
2024-10-01 07:00:00,28.42,28.42,28.03,28.22,2201.0,CDN
2025-01-03 07:00:00,,,32.75,32.75,,CDN
2025-07-02 07:00:00,,,,31.3,7000.0,CDN
2025-08-29 07:00:00,,32.1,31.9,31.9,6600.0,CDN
2025-12-16 07:00:00,32.7,32.8,,32.8,2600.0,CDN
2026-01-07 07:00:00,33.2,33.9,32.6,,,CDN
2026-03-10 07:00:00,30.1,31.5,,,16100.0,CDN
2026-04-23 07:00:00,30.7,,29.8,30.0,13100.0,CDN
2015-12-16 07:00:00,,17.13,17.0,17.06,1016350.0,CDO
2015-12-22 07:00:00,17.19,17.26,17.13,17.19,1159030.0,CDO
2016-11-03 07:00:00,,,,32.45,717100.0,CDO
2017-01-16 07:00:00,4.26,,4.26,4.26,14950.0,CDO
2017-10-02 07:00:00,3.48,3.52,,3.48,162310.0,CDO
2017-11-09 07:00:00,,,2.61,2.66,96410.0,CDO
2018-01-18 07:00:00,2.05,2.05,,,178810.0,CDO
2018-02-26 07:00:00,1.26,,1.26,,,CDO
2018-03-26 07:00:00,1.38,,1.38,,51550.0,CDO
2018-06-01 07:00:00,0.89,1.0,0.89,,,CDO
2018-10-26 07:00:00,1.1,,1.1,1.1,,CDO
2019-12-06 07:00:00,,0.9,,0.9,,CDO
2020-11-11 07:00:00,,,0.8,,22030.0,CDO
2020-12-04 07:00:00,,0.8,0.7,,20350.0,CDO
2021-06-15 07:00:00,2.9,3.0,2.8,,,CDO
2021-09-27 07:00:00,3.8,3.8,3.4,,,CDO
2022-06-29 07:00:00,,,,,620410.0,CDO
2022-08-10 07:00:00,3.8,3.9,,3.9,365400.0,CDO
2023-07-28 07:00:00,,1.8,1.5,1.5,587881.0,CDO
2026-03-20 07:00:00,,1.7,1.5,1.7,,CDO
2018-11-22 07:00:00,,9.53,,7.18,200.0,CDP
2019-11-05 07:00:00,4.88,4.88,4.88,4.88,,CDP
2020-02-19 07:00:00,6.22,,6.22,6.22,100.0,CDP
2020-04-24 07:00:00,,,5.24,,4800.0,CDP
2021-07-23 07:00:00,9.89,10.57,9.66,,26814.0,CDP
2021-12-20 07:00:00,,13.84,13.69,13.69,,CDP
2022-06-01 07:00:00,9.27,9.43,,9.43,15100.0,CDP
2022-11-14 07:00:00,,,,8.79,4200.0,CDP
2023-09-25 07:00:00,9.52,,9.35,9.35,1715.0,CDP
2024-05-06 07:00:00,,10.03,9.86,10.03,73700.0,CDP
2024-05-29 07:00:00,9.78,,,9.78,300.0,CDP
2024-08-09 07:00:00,,,,9.4,,CDP
2024-10-01 07:00:00,9.58,9.58,9.49,9.49,400.0,CDP
2024-11-27 07:00:00,9.49,9.49,9.49,9.49,1101.0,CDP
2025-05-06 07:00:00,,9.58,9.58,,100.0,CDP
2026-02-12 07:00:00,11.9,12.0,11.1,11.8,17800.0,CDP
2017-12-05 07:00:00,39.7,,,38.67,290189.0,CIA
2018-01-19 07:00:00,39.28,39.28,38.36,,,CIA
2018-04-04 07:00:00,25.71,,,26.02,,CIA
2018-07-05 07:00:00,,,25.33,25.63,10300.0,CIA
2018-11-26 07:00:00,19.64,19.64,19.64,19.64,,CIA
2019-08-20 07:00:00,,13.87,13.87,,,CIA
2019-11-04 07:00:00,14.79,14.88,,14.88,4820.0,CIA
2020-01-30 07:00:00,13.02,13.02,11.81,,11735.0,CIA
2020-09-01 07:00:00,,,,9.58,6300.0,CIA
2021-06-03 07:00:00,,,,,9400.0,CIA
2021-07-19 07:00:00,,11.0,10.9,11.0,12100.0,CIA
2022-03-16 07:00:00,,17.8,,,13655.0,CIA
2022-06-14 07:00:00,,12.6,,12.3,10200.0,CIA
2022-12-06 07:00:00,9.7,9.9,,9.9,,CIA
2023-01-27 07:00:00,,11.0,10.5,10.8,8900.0,CIA
2023-05-31 07:00:00,,,11.4,,49800.0,CIA
2023-07-07 07:00:00,11.6,11.6,11.4,,,CIA
2023-08-02 07:00:00,,,11.3,,,CIA
2024-05-10 07:00:00,10.2,,9.7,,9700.0,CIA
2024-06-19 07:00:00,10.2,,,,16500.0,CIA
2024-08-14 07:00:00,,10.8,10.8,10.8,300.0,CIA
2025-12-08 07:00:00,9.4,9.4,9.4,,,CIA
2016-04-27 07:00:00,2.08,2.08,,,1100.0,CID
2017-06-02 07:00:00,,,16.45,16.45,100.0,CID
2021-08-20 07:00:00,5.19,5.45,,5.45,600.0,CID
2022-04-19 07:00:00,7.62,7.62,,7.53,1500.0,CID
2022-05-31 07:00:00,7.62,7.62,7.62,7.62,100.0,CID
2024-01-09 07:00:00,8.57,8.57,8.57,,100.0,CID
2024-07-02 07:00:00,,48.95,48.95,,,CID
2024-08-13 07:00:00,48.4,48.4,36.0,,415.0,CID
2024-11-06 07:00:00,,26.08,,25.53,1300.0,CID
2016-01-18 07:00:00,3.62,3.62,,3.39,3300.0,CKD
2017-03-31 07:00:00,,6.09,5.18,6.09,,CKD
2017-09-18 07:00:00,6.32,6.32,6.32,6.32,100.0,CKD
2017-09-20 07:00:00,6.32,,6.32,,2000.0,CKD
2018-03-02 07:00:00,,7.32,7.19,,4300.0,CKD
2018-11-30 07:00:00,,,,6.42,500.0,CKD
2020-11-11 07:00:00,19.32,19.32,16.8,16.8,200.0,CKD
2020-11-17 07:00:00,,19.38,,19.38,,CKD
2021-01-06 07:00:00,14.09,14.34,14.09,,,CKD
2021-02-01 07:00:00,15.89,16.09,15.7,,600.0,CKD
2022-05-20 07:00:00,23.34,23.34,23.34,23.34,100.0,CKD
2024-06-19 07:00:00,21.54,21.54,21.54,21.54,102.0,CKD
2024-09-09 07:00:00,20.44,,20.36,20.36,3100.0,CKD
2024-12-16 07:00:00,20.58,20.58,20.58,20.58,1900.0,CKD
2024-12-23 07:00:00,20.76,,20.76,20.76,1550.0,CKD
2025-08-06 07:00:00,22.83,,22.83,22.92,,CKD
2025-10-29 07:00:00,,23.0,,22.8,3900.0,CKD
2021-02-24 07:00:00,,15.76,15.76,15.76,100.0,CLM
2023-09-18 07:00:00,54.97,54.97,54.97,54.97,,CLM
2023-12-07 07:00:00,53.0,,53.0,53.0,1720.0,CLM
2026-03-30 07:00:00,75.5,75.9,,,,CLM
2017-04-11 07:00:00,10.47,10.55,10.47,,7200.0,CLX
2017-04-28 07:00:00,9.55,9.55,9.55,,300.0,CLX
2017-09-14 07:00:00,,10.05,10.05,10.05,100.0,CLX
2019-07-25 07:00:00,9.05,9.48,9.05,9.48,1400.0,CLX
2020-02-28 07:00:00,10.14,10.4,9.96,,,CLX
2020-10-01 07:00:00,11.49,,11.31,,4000.0,CLX
2021-04-22 07:00:00,16.7,16.7,15.02,15.02,,CLX
2021-05-27 07:00:00,15.99,15.99,15.38,15.38,,CLX
2021-09-08 07:00:00,19.18,19.35,19.0,19.35,,CLX
2021-11-08 07:00:00,,27.39,26.51,26.69,,CLX
2022-03-22 07:00:00,,,,,226800.0,CLX
2022-05-26 07:00:00,19.09,,18.38,19.26,296500.0,CLX
2022-08-22 07:00:00,16.52,,,16.52,,CLX
2023-03-14 07:00:00,11.49,11.58,,,34100.0,CLX
2023-12-15 07:00:00,,12.8,12.62,12.71,,CLX
2024-02-20 07:00:00,13.63,13.63,13.45,13.54,27817.0,CLX
2024-04-09 07:00:00,13.17,,,13.27,49340.0,CLX
2024-12-17 07:00:00,,,,15.72,,CLX
2025-01-02 07:00:00,16.2,16.2,15.92,,298505.0,CLX
2025-07-30 07:00:00,16.2,16.7,,16.5,,CLX
2025-08-01 07:00:00,16.6,,,16.4,213600.0,CLX
2025-12-15 07:00:00,,,,,43800.0,CLX
2023-07-24 07:00:00,7.5,,7.5,8.0,11100.0,CMM
2024-02-27 07:00:00,6.0,6.0,6.0,6.0,700.0,CMM
2024-06-26 07:00:00,9.9,9.9,9.9,,100.0,CMM
2025-02-07 07:00:00,9.2,,,,,CMM
2025-10-16 07:00:00,,21.0,20.0,20.0,300.0,CMM
2018-01-08 07:00:00,21.9,22.1,20.04,22.1,1500.0,CMN
2018-02-09 07:00:00,23.23,,23.23,25.82,300.0,CMN
2019-08-23 07:00:00,30.97,,,,,CMN
2021-09-10 07:00:00,,54.49,42.18,,300.0,CMN
2022-11-29 07:00:00,60.54,60.54,45.09,45.09,,CMN
2023-05-05 07:00:00,49.51,49.51,49.51,49.51,,CMN
2023-09-06 07:00:00,,,,64.2,,CMN
2025-12-24 07:00:00,76.5,76.5,68.8,,,CMN
2021-07-07 07:00:00,25.86,25.86,25.86,,,CQN
2021-11-04 07:00:00,19.69,,,19.69,902.0,CQN
2022-01-19 07:00:00,,21.69,20.3,21.69,,CQN
2022-01-27 07:00:00,23.34,23.34,,,1200.0,CQN
2022-09-29 07:00:00,,,17.18,17.18,500.0,CQN
2023-06-09 07:00:00,23.97,23.97,23.97,,700.0,CQN
2024-06-25 07:00:00,26.18,28.12,26.18,27.15,,CQN
2024-10-10 07:00:00,26.47,,26.47,,1000.0,CQN
2025-04-29 07:00:00,32.48,33.07,32.0,,16200.0,CQN
2025-09-15 07:00:00,31.1,31.3,,,13400.0,CQN
2025-12-02 07:00:00,,31.5,31.0,31.5,15800.0,CQN
2025-12-19 07:00:00,31.2,31.2,31.0,,8900.0,CQN
2026-01-06 07:00:00,31.3,31.5,,31.5,,CQN
2026-01-14 07:00:00,31.7,,31.6,31.8,11200.0,CQN
2016-11-24 07:00:00,5.41,5.41,,5.41,,CQT
2021-04-12 07:00:00,5.41,6.27,5.41,6.27,12100.0,CQT
2021-05-25 07:00:00,5.84,,5.84,,6600.0,CQT
2021-08-20 07:00:00,6.27,6.44,,6.18,,CQT
2023-06-16 07:00:00,10.04,10.04,10.04,,100.0,CQT
2023-11-13 07:00:00,9.33,9.33,9.33,9.33,600.0,CQT
2019-03-05 07:00:00,,7.24,7.21,,97760.0,CRE
2019-03-11 07:00:00,,,7.05,7.08,87580.0,CRE
2019-05-30 07:00:00,6.81,6.81,6.65,6.65,272580.0,CRE
2019-06-05 07:00:00,6.59,,,,175600.0,CRE
2019-09-23 07:00:00,,,6.59,6.59,123320.0,CRE
2020-01-14 07:00:00,6.6,6.65,6.55,,224560.0,CRE
2020-02-12 07:00:00,6.07,6.09,6.03,,219050.0,CRE
2020-04-17 07:00:00,4.17,4.33,,,754000.0,CRE
2020-04-28 07:00:00,4.09,4.14,4.06,4.11,218790.0,CRE
2020-08-27 07:00:00,6.25,6.41,6.23,,,CRE
2021-03-11 07:00:00,9.0,9.11,8.74,,2781100.0,CRE
2021-03-24 07:00:00,9.74,9.93,,9.91,1921300.0,CRE
2021-05-05 07:00:00,13.31,,,,,CRE
2021-11-18 07:00:00,18.34,,,,,CRE
2022-02-09 07:00:00,,,21.78,21.9,,CRE
2022-03-04 07:00:00,,,,23.13,,CRE
2022-06-28 07:00:00,,,12.36,12.89,315200.0,CRE
2022-12-29 07:00:00,,10.0,9.15,10.0,346900.0,CRE
2023-07-14 07:00:00,9.13,,8.81,8.89,,CRE
2023-07-21 07:00:00,9.1,9.59,,9.48,4304900.0,CRE
2024-08-21 07:00:00,7.38,7.38,7.22,,113300.0,CRE
2025-08-21 07:00:00,11.1,11.1,10.4,,,CRE
2025-12-08 07:00:00,9.56,9.56,9.45,9.5,341900.0,CRE
2025-12-24 07:00:00,,9.1,,,1600300.0,CRE
2016-07-21 07:00:00,3.56,3.69,3.52,3.54,64000.0,CSC
2016-07-25 07:00:00,3.56,,,3.45,,CSC
2016-08-29 07:00:00,3.43,3.47,3.39,3.45,87500.0,CSC
2017-04-26 07:00:00,6.62,,6.6,,,CSC
2017-10-24 07:00:00,7.12,7.16,7.12,,,CSC
2018-01-17 07:00:00,6.73,6.73,6.4,,,CSC
2018-06-28 07:00:00,5.54,,5.54,5.63,5700.0,CSC
2018-07-19 07:00:00,,,5.31,,,CSC
2018-09-17 07:00:00,5.47,5.54,5.38,5.4,45400.0,CSC
2018-09-28 07:00:00,,6.15,5.75,6.1,116454.0,CSC
2019-03-05 07:00:00,,7.47,,,8900.0,CSC
2019-03-19 07:00:00,,,7.42,,25400.0,CSC
2019-04-01 07:00:00,,,7.61,,800.0,CSC
2019-04-03 07:00:00,,,7.51,7.7,9700.0,CSC
2019-06-19 07:00:00,7.82,,,9.31,15900.0,CSC
2019-07-22 07:00:00,8.37,8.47,8.27,8.42,172226.0,CSC
2019-07-26 07:00:00,8.87,8.97,8.72,8.77,28300.0,CSC
2019-09-17 07:00:00,,,8.22,,,CSC
2019-10-11 07:00:00,,8.22,8.17,,,CSC
2020-02-10 07:00:00,16.49,18.83,,,202030.0,CSC
2020-08-20 07:00:00,,,12.38,12.38,2000.0,CSC
2020-12-02 07:00:00,10.92,11.23,10.65,10.97,8414.0,CSC
2021-01-19 07:00:00,13.58,,12.33,13.06,46405.0,CSC
2021-03-23 07:00:00,20.58,20.58,,19.32,216348.0,CSC
2021-05-12 07:00:00,22.04,22.04,,,102373.0,CSC
2021-09-01 07:00:00,39.34,40.44,,,58197.0,CSC
2021-10-12 07:00:00,44.6,,44.32,48.15,,CSC
2022-04-06 07:00:00,61.55,61.77,59.28,,101006.0,CSC
2022-04-13 07:00:00,54.85,58.17,,58.17,38839.0,CSC
2022-08-10 07:00:00,44.02,,,44.27,44522.0,CSC
2022-10-19 07:00:00,,31.62,30.69,31.0,35530.0,CSC
2023-06-08 07:00:00,26.49,26.94,25.96,25.96,,CSC
2024-04-16 07:00:00,21.87,21.87,,21.49,108153.0,CSC
2024-10-30 07:00:00,25.08,25.26,,,55540.0,CSC
2024-11-06 07:00:00,22.81,24.26,,24.26,33200.0,CSC
2025-08-04 07:00:00,,26.9,24.4,24.9,193200.0,CSC
2026-03-31 07:00:00,15.7,,14.6,14.9,8600.0,CSC
2017-01-13 07:00:00,,16.54,16.23,,,CSM
2017-03-02 07:00:00,16.5,16.54,16.07,,,CSM
2017-11-03 07:00:00,,10.41,,,,CSM
2019-03-07 07:00:00,13.07,13.28,,12.9,194320.0,CSM
2019-05-13 07:00:00,12.72,12.85,,12.85,23050.0,CSM
2019-08-30 07:00:00,12.94,,12.72,,5470.0,CSM
2019-10-11 07:00:00,12.81,12.98,,12.98,,CSM
2019-10-16 07:00:00,12.9,12.94,12.81,12.9,,CSM
2020-02-20 07:00:00,11.86,,,12.38,222670.0,CSM
2021-02-25 07:00:00,,16.92,16.47,16.83,,CSM
2021-07-20 07:00:00,14.29,15.07,,14.84,35100.0,CSM
2021-12-31 07:00:00,,17.4,,17.31,13200.0,CSM
2022-05-24 07:00:00,15.84,15.84,15.39,15.84,,CSM
2022-10-04 07:00:00,13.6,,13.55,14.06,2400.0,CSM
2022-11-09 07:00:00,,,14.01,,,CSM
2023-07-10 07:00:00,13.08,13.17,13.03,13.12,,CSM
2023-07-19 07:00:00,,,,12.94,6400.0,CSM
2023-08-25 07:00:00,12.61,12.75,12.52,,3300.0,CSM
2024-02-16 07:00:00,12.14,12.28,11.85,11.94,47000.0,CSM
2024-04-04 07:00:00,15.19,15.19,14.95,15.15,34800.0,CSM
2024-12-20 07:00:00,14.14,14.48,13.99,14.39,1768000.0,CSM
2025-04-09 07:00:00,10.13,,10.13,10.13,,CSM
2025-06-12 07:00:00,13.0,,12.9,,,CSM
2025-12-05 07:00:00,,,13.1,13.2,153300.0,CSM
2022-01-14 07:00:00,12.3,12.3,11.56,12.01,,CST
2022-03-22 07:00:00,13.63,15.1,13.41,14.58,,CST
2022-03-24 07:00:00,14.36,,14.22,,118800.0,CST
2022-05-27 07:00:00,,13.89,,13.25,109927.0,CST
2022-09-06 07:00:00,15.18,,15.18,15.42,171100.0,CST
2023-04-24 07:00:00,,,16.63,,431891.0,CST
2023-12-05 07:00:00,,14.34,,14.25,,CST
2024-03-05 07:00:00,18.49,18.74,18.49,18.57,,CST
2026-01-14 07:00:00,,12.8,12.6,12.8,36800.0,CST
2015-09-29 07:00:00,3.84,,,3.92,14390.0,CSV
2016-04-08 07:00:00,,,4.81,5.01,,CSV
2016-11-22 07:00:00,5.72,,5.72,,58610.0,CSV
2017-03-13 07:00:00,,6.1,5.99,6.08,,CSV
2017-08-02 07:00:00,,7.99,7.76,7.83,,CSV
2017-08-22 07:00:00,7.45,7.56,,,70820.0,CSV
2018-01-02 07:00:00,8.6,8.6,8.42,8.46,,CSV
2018-01-26 07:00:00,8.67,9.05,8.67,8.83,15420.0,CSV
2018-11-29 07:00:00,7.46,7.61,,7.48,17330.0,CSV
2019-06-27 07:00:00,7.61,7.61,,7.56,7210.0,CSV
2019-10-07 07:00:00,6.5,6.5,6.31,6.33,,CSV
2020-03-23 07:00:00,5.51,5.51,5.23,,,CSV
2020-07-30 07:00:00,6.06,6.15,,6.12,44190.0,CSV
2020-10-23 07:00:00,9.99,,,,795500.0,CSV
2021-05-18 07:00:00,8.74,8.74,,8.56,,CSV
2022-01-21 07:00:00,12.53,12.95,12.48,,239800.0,CSV
2022-04-01 07:00:00,20.46,21.12,20.27,20.92,802300.0,CSV
2022-07-21 07:00:00,15.86,15.93,15.42,,,CSV
2022-09-15 07:00:00,16.24,,15.95,15.95,425500.0,CSV
2023-02-28 07:00:00,9.63,9.84,9.24,9.43,,CSV
2023-04-26 07:00:00,10.83,,10.67,,233200.0,CSV
2024-07-17 07:00:00,,38.62,35.41,,,CSV
2024-10-30 07:00:00,,,36.24,36.53,1372600.0,CSV
2024-12-09 07:00:00,,41.64,39.98,40.13,,CSV
2025-02-11 07:00:00,41.73,42.75,41.54,42.75,,CSV
2025-10-23 07:00:00,29.3,29.8,,29.1,237100.0,CSV
2025-11-12 07:00:00,,,,,280500.0,CSV
2018-05-14 07:00:00,4.5,4.5,,,100.0,CT3
2018-08-24 07:00:00,9.22,9.22,9.22,9.22,100.0,CT3
2018-09-19 07:00:00,12.75,,12.75,12.75,100.0,CT3
2018-11-29 07:00:00,5.84,5.84,5.84,,100.0,CT3
2019-08-07 07:00:00,,,6.58,,100.0,CT3
2021-10-15 07:00:00,,8.94,,8.94,,CT3
2022-12-01 07:00:00,6.3,,6.3,6.3,100.0,CT3
2025-02-06 07:00:00,7.3,,7.3,7.3,100.0,CT3
2025-08-01 07:00:00,,10.0,,10.0,10200.0,CT3
2016-03-28 07:00:00,5.8,6.2,5.8,6.2,,CTB
2016-06-20 07:00:00,5.46,5.46,,5.46,800.0,CTB
2020-07-17 07:00:00,13.72,13.72,13.72,13.72,,CTB
2021-09-01 07:00:00,,14.05,14.05,14.05,107.0,CTB
2021-12-27 07:00:00,12.91,12.91,12.82,12.82,500.0,CTB
2023-08-22 07:00:00,11.09,11.09,11.09,11.09,300.0,CTB
2023-09-19 07:00:00,,11.88,11.88,11.88,6.0,CTB
2024-06-03 07:00:00,,,,11.99,3310.0,CTB
2024-09-04 07:00:00,13.74,13.87,,13.8,,CTB
2025-07-21 07:00:00,,,,,,CTB
2016-04-14 07:00:00,6.92,6.97,6.84,,,CTG
2016-06-09 07:00:00,,7.6,7.43,7.56,,CTG
2016-09-21 07:00:00,,,,7.22,,CTG
2017-05-08 07:00:00,7.84,7.92,,,,CTG
2017-11-30 07:00:00,11.18,,10.99,,5558850.0,CTG
2019-07-18 07:00:00,,,,9.91,,CTG
2019-09-05 07:00:00,9.23,,,9.14,1321560.0,CTG
2019-10-10 07:00:00,,9.8,,9.69,,CTG
2020-04-22 07:00:00,8.43,9.02,8.43,8.82,6363800.0,CTG
2020-06-16 07:00:00,10.53,10.65,,10.65,4034460.0,CTG
2021-06-08 07:00:00,23.97,,22.76,,16100500.0,CTG
2022-04-18 07:00:00,18.97,18.97,17.92,17.92,8403800.0,CTG
2022-05-16 07:00:00,15.35,15.56,15.04,15.07,5223400.0,CTG
2022-07-27 07:00:00,16.21,16.58,,,,CTG
2022-08-17 07:00:00,,18.08,,17.86,,CTG
2022-10-11 07:00:00,,,11.97,,,CTG
2022-12-22 07:00:00,16.88,,,,,CTG
2023-05-26 07:00:00,16.94,17.07,16.88,17.07,1781900.0,CTG
2023-07-27 07:00:00,18.32,18.36,17.99,18.02,7921500.0,CTG
2023-11-28 07:00:00,17.99,,17.71,17.99,,CTG
2024-04-19 07:00:00,,22.47,21.44,21.68,13040500.0,CTG
2024-07-03 07:00:00,,,,22.2,3316100.0,CTG
2025-06-30 07:00:00,28.82,28.82,28.51,28.75,,CTG
2025-11-10 07:00:00,33.66,33.87,32.94,,7671700.0,CTG
2025-12-22 07:00:00,34.5,35.25,,35.15,11776100.0,CTG
2026-01-27 07:00:00,38.2,38.65,,,12601700.0,CTG
2015-10-27 07:00:00,,12.92,,,43340.0,CTI
2015-11-27 07:00:00,,14.08,13.33,,990.0,CTI
2017-04-24 07:00:00,,,21.3,21.68,,CTI
2017-08-03 07:00:00,23.27,24.25,23.27,23.95,455710.0,CTI
2017-09-21 07:00:00,,24.05,23.78,,337210.0,CTI
2018-01-11 07:00:00,,25.99,25.44,,236770.0,CTI
2018-05-14 07:00:00,25.04,26.86,24.92,26.39,230330.0,CTI
2018-07-13 07:00:00,23.07,23.54,,23.38,156940.0,CTI
2019-06-20 07:00:00,19.0,19.0,18.75,19.0,,CTI
2019-07-26 07:00:00,,18.75,18.27,,764110.0,CTI
2019-10-14 07:00:00,,,19.69,19.98,813220.0,CTI
2020-01-20 07:00:00,,17.86,16.8,17.86,,CTI
2020-01-21 07:00:00,17.69,17.9,17.29,,,CTI
2020-08-04 07:00:00,10.84,10.84,10.58,10.67,955480.0,CTI
2020-12-07 07:00:00,13.19,,13.02,13.15,1394060.0,CTI
2022-01-25 07:00:00,,22.95,21.3,22.65,,CTI
2023-08-24 07:00:00,15.15,,,15.3,,CTI
2024-01-03 07:00:00,15.2,16.0,15.2,15.65,734900.0,CTI
2024-01-16 07:00:00,14.85,,14.6,15.3,,CTI
2024-03-14 07:00:00,,15.9,15.65,15.8,535100.0,CTI
2024-06-27 07:00:00,17.0,17.1,,17.05,,CTI
2024-10-11 07:00:00,16.2,16.25,,16.1,169500.0,CTI
2024-11-26 07:00:00,17.0,17.15,16.7,16.75,,CTI
2025-04-21 07:00:00,19.05,,,18.8,,CTI
2025-05-28 07:00:00,,,20.45,20.55,1383100.0,CTI
2025-06-04 07:00:00,,,,21.85,4868300.0,CTI
2025-06-09 07:00:00,,22.3,,,,CTI
2025-11-25 07:00:00,23.45,23.5,22.95,23.0,648900.0,CTI
2017-01-16 07:00:00,9.43,9.92,9.43,9.92,133300.0,CTP
2017-07-28 07:00:00,23.07,23.32,,23.07,,CTP
2017-12-19 07:00:00,13.56,,13.31,13.4,28300.0,CTP
2018-02-13 07:00:00,9.11,9.48,,,58600.0,CTP
2018-03-21 07:00:00,8.02,,,,16000.0,CTP
2018-04-16 07:00:00,,7.84,,7.84,10420.0,CTP
2019-06-14 07:00:00,3.4,3.4,3.3,,4500.0,CTP
2019-10-14 07:00:00,,2.0,,2.0,,CTP
2019-11-19 07:00:00,2.9,2.9,,2.9,,CTP
2019-11-29 07:00:00,3.0,,3.0,3.1,,CTP
2020-01-17 07:00:00,3.6,3.8,3.6,,2100.0,CTP
2020-09-04 07:00:00,4.2,4.5,,4.4,,CTP
2020-11-18 07:00:00,3.1,3.3,,3.2,47011.0,CTP
2022-05-20 07:00:00,,5.6,,,,CTP
2022-06-28 07:00:00,5.8,5.9,5.8,5.8,9900.0,CTP
2022-08-05 07:00:00,6.0,6.2,6.0,6.2,,CTP
2022-09-12 07:00:00,5.9,6.1,5.9,,19342.0,CTP
2022-12-06 07:00:00,4.0,4.2,3.9,4.2,5400.0,CTP
2023-02-27 07:00:00,3.4,3.6,3.4,3.4,4140.0,CTP
2023-04-14 07:00:00,3.2,,,3.2,1936.0,CTP
2023-05-23 07:00:00,3.4,3.4,3.3,3.3,21200.0,CTP
2023-10-20 07:00:00,,4.6,,4.3,120600.0,CTP
2024-01-02 07:00:00,,4.6,4.2,4.5,103700.0,CTP
2024-07-23 07:00:00,7.8,8.1,7.8,7.9,160903.0,CTP
2024-08-22 07:00:00,14.8,,,16.1,113618.0,CTP
2025-05-13 07:00:00,,,20.9,21.5,,CTP
2025-06-04 07:00:00,,,,17.4,56800.0,CTP
2026-01-21 07:00:00,,6.8,,6.5,41500.0,CTP
2018-01-24 07:00:00,8.91,8.91,,8.84,16600.0,CTR
2018-07-06 07:00:00,8.67,8.74,8.67,8.74,2100.0,CTR
2018-08-15 07:00:00,,9.61,8.36,8.43,,CTR
2018-08-20 07:00:00,,8.81,,8.67,,CTR
2019-08-02 07:00:00,18.38,,18.14,20.85,,CTR
2019-08-09 07:00:00,22.77,23.57,22.49,22.81,,CTR
2019-10-09 07:00:00,22.7,,19.31,24.28,790482.0,CTR
2020-07-29 07:00:00,21.22,21.41,18.06,20.64,663748.0,CTR
2020-08-21 07:00:00,23.68,,23.51,23.8,287823.0,CTR
2020-10-12 07:00:00,26.06,26.35,,26.06,,CTR
2021-01-19 07:00:00,54.39,54.96,,49.86,1257245.0,CTR
2021-11-01 07:00:00,,66.84,65.06,,,CTR
2021-12-28 07:00:00,,,,62.61,,CTR
2022-09-09 07:00:00,65.75,,,66.49,419200.0,CTR
2022-12-09 07:00:00,46.63,,,47.28,233300.0,CTR
2023-05-23 07:00:00,64.92,,,65.47,,CTR
2024-08-01 07:00:00,120.61,121.66,115.06,,588800.0,CTR
2025-11-07 07:00:00,89.4,92.2,89.0,89.3,,CTR
2026-04-29 07:00:00,,,,,293300.0,CTR
2018-09-26 07:00:00,4.14,,4.14,4.14,700.0,CTW
2024-03-08 07:00:00,18.0,18.1,18.0,,400.0,CTW
2024-11-27 07:00:00,,30.46,,,110.0,CTW
2025-01-02 07:00:00,30.08,30.56,,30.56,,CTW
2025-01-07 07:00:00,,30.56,,30.56,600.0,CTW
2025-07-07 07:00:00,,,28.75,28.75,400.0,CTW
2026-03-06 07:00:00,24.9,,24.9,24.9,100.0,CTW
2016-04-26 07:00:00,5.38,,5.38,,,CTX
2016-07-05 07:00:00,4.64,4.64,,,1000.0,CTX
2016-11-10 07:00:00,,,4.24,,11500.0,CTX
2017-03-24 07:00:00,4.29,,4.29,,7600.0,CTX
2017-05-15 07:00:00,,4.5,,4.5,,CTX
2018-01-18 07:00:00,7.6,,6.38,7.6,2900.0,CTX
2020-02-25 07:00:00,9.34,,,9.1,,CTX
2020-04-28 07:00:00,7.91,7.91,7.91,7.91,18253.0,CTX
2021-06-03 07:00:00,6.25,6.72,6.25,,1200.0,CTX
2021-09-01 07:00:00,6.33,6.41,6.17,,,CTX
2021-12-31 07:00:00,,10.05,8.7,9.34,,CTX
2025-06-19 07:00:00,,12.26,,,85700.0,CTX
2025-07-18 07:00:00,11.95,12.1,,11.87,81900.0,CTX
2026-02-23 07:00:00,5.8,,5.6,5.8,,CTX
2016-07-08 07:00:00,13.99,13.99,,13.83,568184.0,CVT
2016-07-11 07:00:00,13.83,13.91,12.63,,,CVT
2016-09-07 07:00:00,16.87,17.74,16.71,,,CVT
2016-12-08 07:00:00,14.81,15.43,,15.06,,CVT
2017-03-10 07:00:00,23.83,,23.45,23.83,372110.0,CVT
2017-06-08 07:00:00,,,25.64,25.7,372190.0,CVT
2017-08-24 07:00:00,,26.46,26.23,26.23,,CVT
2018-10-18 07:00:00,,,19.86,,460720.0,CVT
2018-12-18 07:00:00,,,17.02,17.02,291770.0,CVT
2019-04-18 07:00:00,18.71,18.87,18.44,,122230.0,CVT
2020-06-18 07:00:00,15.41,15.5,15.33,15.5,139830.0,CVT
2020-07-13 07:00:00,15.77,15.81,,15.77,103990.0,CVT
2020-09-08 07:00:00,17.56,,,,199570.0,CVT
2021-03-12 07:00:00,,45.43,44.86,44.86,13800.0,CVT
2021-10-13 07:00:00,37.8,38.5,,,,CVT
2022-06-22 07:00:00,36.4,39.0,,39.0,,CVT
2024-03-15 07:00:00,28.5,29.1,,,2600.0,CVT
2025-03-06 07:00:00,25.75,25.75,25.75,25.75,,CVT
2025-03-07 07:00:00,25.75,25.75,25.75,25.75,300.0,CVT
2026-04-21 07:00:00,26.45,26.85,26.45,26.85,,CVT
2017-11-09 07:00:00,,6.33,,6.33,,CX8
2022-01-24 07:00:00,7.52,,7.2,7.2,,CX8
2022-03-04 07:00:00,6.4,6.48,,6.48,400.0,CX8
2022-09-12 07:00:00,4.16,4.16,,,,CX8
2024-03-13 07:00:00,7.91,,,8.79,200.0,CX8
2025-01-09 07:00:00,8.41,,7.92,8.31,4200.0,CX8
2025-10-30 07:00:00,9.4,,,9.4,200.0,CX8
2016-06-02 07:00:00,,,2.86,3.05,,CYC
2016-08-31 07:00:00,3.82,,3.82,3.82,10.0,CYC
2017-02-15 07:00:00,2.39,2.64,,,1110.0,CYC
2017-03-23 07:00:00,4.01,4.01,3.73,4.01,,CYC
2017-03-28 07:00:00,3.47,,,,50.0,CYC
2017-07-14 07:00:00,1.72,1.81,1.72,,3500.0,CYC
2018-03-02 07:00:00,1.9,,1.9,1.9,,CYC
2019-01-18 07:00:00,1.0,1.1,1.0,,,CYC
2016-02-22 07:00:00,,,3.13,3.17,,D2D
2016-03-14 07:00:00,,3.32,3.12,,,D2D
2016-03-16 07:00:00,3.08,,,,1630.0,D2D
2016-11-11 07:00:00,6.11,6.14,6.09,6.12,,D2D
2017-01-05 07:00:00,5.41,,,5.33,10000.0,D2D
2017-02-24 07:00:00,5.83,5.91,5.73,,,D2D
2017-07-28 07:00:00,6.01,6.03,,5.85,9100.0,D2D
2018-08-16 07:00:00,,11.26,11.11,11.26,4010.0,D2D
2018-11-07 07:00:00,11.94,,11.44,,42030.0,D2D
2019-03-27 07:00:00,16.44,16.91,16.19,16.61,86970.0,D2D
2019-06-04 07:00:00,,,,22.88,,D2D
2019-09-13 07:00:00,24.25,24.52,23.7,24.52,134170.0,D2D
2019-10-28 07:00:00,29.43,29.5,29.08,,,D2D
2019-12-05 07:00:00,25.72,,,25.86,,D2D
2019-12-16 07:00:00,,,26.1,,98620.0,D2D
2020-03-09 07:00:00,20.03,,20.03,,184240.0,D2D
2020-06-02 07:00:00,,23.31,22.08,22.26,,D2D
2020-12-15 07:00:00,29.39,30.7,29.29,30.39,642090.0,D2D
2020-12-17 07:00:00,,30.6,30.02,30.18,211070.0,D2D
2021-04-26 07:00:00,27.82,28.08,27.5,27.61,255500.0,D2D
2021-08-03 07:00:00,,28.75,27.98,28.75,205300.0,D2D
2021-08-24 07:00:00,28.92,,,,,D2D
2021-11-08 07:00:00,,36.71,35.93,,357500.0,D2D
2022-11-11 07:00:00,14.64,,12.78,12.78,55400.0,D2D
2022-11-23 07:00:00,,12.3,,,71400.0,D2D
2023-07-04 07:00:00,18.52,19.09,18.49,,138600.0,D2D
2023-07-05 07:00:00,19.51,19.75,19.45,19.72,,D2D
2023-07-14 07:00:00,20.77,21.01,20.71,20.89,66400.0,D2D
2023-10-16 07:00:00,17.5,17.54,17.47,,29300.0,D2D
2024-04-04 07:00:00,,28.9,,28.77,,D2D
2024-05-22 07:00:00,29.62,29.75,,29.13,,D2D
2024-12-19 07:00:00,,26.32,26.04,26.32,20400.0,D2D
2024-12-24 07:00:00,,,25.55,,,D2D
2025-02-03 07:00:00,28.39,28.56,,28.35,,D2D
2025-02-07 07:00:00,,29.12,28.56,28.84,,D2D
2025-09-24 07:00:00,,36.55,,36.25,74800.0,D2D
2025-11-13 07:00:00,35.95,,,36.05,,D2D
2015-11-03 07:00:00,,8.09,,8.03,497600.0,DAG
2015-11-05 07:00:00,8.09,,7.96,,211250.0,DAG
2015-12-01 07:00:00,7.76,7.96,,7.56,,DAG
2016-06-20 07:00:00,,8.09,7.96,8.03,259050.0,DAG
2016-12-16 07:00:00,9.85,9.85,9.55,9.68,59890.0,DAG
2017-02-07 07:00:00,9.24,9.24,9.17,,34590.0,DAG
2017-05-16 07:00:00,9.92,,9.88,,547120.0,DAG
2017-07-20 07:00:00,,9.6,9.42,9.49,67580.0,DAG
2018-06-18 07:00:00,6.78,7.08,6.77,7.0,514170.0,DAG
2018-07-02 07:00:00,7.08,,6.88,,,DAG
2018-07-30 07:00:00,6.67,6.71,6.21,,827990.0,DAG
2018-09-19 07:00:00,,,,6.52,2358200.0,DAG
2019-04-16 07:00:00,6.05,6.05,5.91,5.98,,DAG
2020-04-22 07:00:00,,,4.28,4.57,,DAG
2020-06-22 07:00:00,5.04,5.29,5.04,5.29,690070.0,DAG
2020-09-01 07:00:00,,,,,441390.0,DAG
2021-05-31 07:00:00,,,5.7,5.7,232200.0,DAG
2021-09-06 07:00:00,,5.72,5.41,5.63,,DAG
2022-03-02 07:00:00,,13.2,,,659900.0,DAG
2022-04-20 07:00:00,,8.5,8.22,,613500.0,DAG
2022-08-09 07:00:00,,,7.0,7.24,,DAG
2022-10-24 07:00:00,,4.59,,,311400.0,DAG
2023-09-07 07:00:00,,,4.7,4.7,,DAG
2023-11-30 07:00:00,3.23,3.24,,3.15,317600.0,DAG
2023-12-27 07:00:00,3.16,3.19,,3.17,,DAG
2024-07-05 07:00:00,2.28,2.28,2.13,2.23,739300.0,DAG
2019-08-28 07:00:00,8.23,10.54,8.23,,,DAS
2019-10-10 07:00:00,6.95,6.95,6.95,6.95,,DAS
2021-04-23 07:00:00,,13.0,,13.0,600.0,DAS
2021-11-12 07:00:00,14.19,14.19,14.19,14.19,6000.0,DAS
2021-12-15 07:00:00,13.85,13.85,,11.93,6500.0,DAS
2022-10-12 07:00:00,,10.43,10.43,,100.0,DAS
2023-03-16 07:00:00,7.51,7.51,,7.51,300.0,DAS
2025-10-06 07:00:00,11.5,11.5,,11.4,2400.0,DAS
2025-11-20 07:00:00,13.0,13.0,,13.0,1700.0,DAS
2026-03-09 07:00:00,8.9,,,11.0,600.0,DAS
2015-11-12 07:00:00,,10.52,,,10980.0,DAT
2016-04-01 07:00:00,,,23.62,,17920.0,DAT
2018-01-22 07:00:00,,,,16.11,,DAT
2020-12-21 07:00:00,19.92,21.18,,,2930.0,DAT
2021-07-23 07:00:00,12.82,12.82,12.82,,200.0,DAT
2021-09-23 07:00:00,,18.79,,,300.0,DAT
2022-02-09 07:00:00,16.75,16.75,16.75,16.75,600.0,DAT
2022-08-02 07:00:00,13.48,13.48,13.44,13.44,300.0,DAT
2022-10-07 07:00:00,,11.28,11.0,11.0,5900.0,DAT
2022-12-27 07:00:00,8.91,8.91,,8.91,,DAT
2024-05-02 07:00:00,8.22,8.59,,,4000.0,DAT
2024-06-07 07:00:00,,9.0,8.64,8.85,4100.0,DAT
2024-10-02 07:00:00,7.99,7.99,7.99,7.99,,DAT
2015-10-02 07:00:00,4.0,4.26,4.0,,,DBC
2015-11-09 07:00:00,4.52,,,4.46,77520.0,DBC
2016-04-07 07:00:00,5.73,,5.73,,,DBC
2016-10-10 07:00:00,7.85,7.87,7.62,7.62,343710.0,DBC
2016-10-24 07:00:00,,,7.81,7.81,,DBC
2017-01-19 07:00:00,6.97,6.97,6.83,,170300.0,DBC
2017-05-30 07:00:00,6.61,,6.3,6.41,149913.0,DBC
2017-09-26 07:00:00,5.98,6.16,5.98,6.05,13786.0,DBC
2018-02-27 07:00:00,,,6.05,6.05,,DBC
2018-03-21 07:00:00,,5.33,5.04,,139008.0,DBC
2018-04-12 07:00:00,5.11,,4.94,,85200.0,DBC
2018-12-11 07:00:00,,6.32,6.28,6.28,30470.0,DBC
2018-12-12 07:00:00,6.21,,6.21,,46702.0,DBC
2019-03-22 07:00:00,5.74,5.86,,5.79,52982.0,DBC
2019-03-26 07:00:00,,5.83,,5.62,16940.0,DBC
2019-05-06 07:00:00,5.75,,5.64,5.8,15540.0,DBC
2019-07-03 07:00:00,5.87,5.87,5.69,5.8,96058.0,DBC
2019-12-10 07:00:00,6.04,,5.87,,171460.0,DBC
2019-12-19 07:00:00,6.06,,6.06,6.15,59580.0,DBC
2020-01-17 07:00:00,5.67,,5.64,5.8,158030.0,DBC
2020-04-15 07:00:00,7.2,,7.11,7.44,3733810.0,DBC
2021-07-19 07:00:00,18.09,18.26,17.5,17.5,1679500.0,DBC
2021-10-21 07:00:00,20.1,20.28,20.0,,1072800.0,DBC
2021-11-30 07:00:00,,28.8,27.48,27.91,2461700.0,DBC
2021-12-14 07:00:00,,28.52,27.88,,,DBC
2022-03-01 07:00:00,27.45,27.8,26.91,27.8,1595300.0,DBC
2022-09-28 07:00:00,16.9,,,16.07,,DBC
2023-04-26 07:00:00,11.44,,11.18,11.59,3021600.0,DBC
2023-06-01 07:00:00,,15.1,14.62,14.65,,DBC
2023-06-08 07:00:00,14.73,15.25,14.65,14.69,8991700.0,DBC
2023-10-03 07:00:00,16.6,,15.85,,4162700.0,DBC
2024-03-18 07:00:00,,23.77,21.9,22.88,16271800.0,DBC
2024-10-03 07:00:00,,25.77,25.07,25.2,6672200.0,DBC
2024-11-01 07:00:00,24.29,,,,,DBC
2025-10-21 07:00:00,25.1,25.9,24.9,,6700100.0,DBC
2026-02-24 07:00:00,26.9,,,27.25,4371100.0,DBC
2017-02-27 07:00:00,16.63,,16.63,,3700.0,DBD
2017-09-21 07:00:00,,,21.68,,6700.0,DBD
2018-06-18 07:00:00,,,21.21,,44090.0,DBD
2019-02-18 07:00:00,18.24,19.05,18.24,19.05,9020.0,DBD
2019-04-11 07:00:00,20.58,20.65,20.56,,59520.0,DBD
2019-06-28 07:00:00,20.41,20.8,,20.7,95080.0,DBD
2019-08-21 07:00:00,20.39,,20.39,20.8,15830.0,DBD
2020-07-22 07:00:00,,23.43,23.18,,4280.0,DBD
2020-09-21 07:00:00,22.28,22.78,22.21,,13220.0,DBD
2020-10-16 07:00:00,,,22.93,22.98,19440.0,DBD
2021-01-25 07:00:00,24.32,,23.77,23.87,,DBD
2021-11-05 07:00:00,,,,27.69,,DBD
2021-11-09 07:00:00,28.59,,28.36,28.65,193800.0,DBD
2023-01-31 07:00:00,28.36,,28.36,,40300.0,DBD
2023-11-27 07:00:00,43.66,43.82,,42.51,20400.0,DBD
2024-02-28 07:00:00,42.81,42.81,,42.43,,DBD
2025-11-03 07:00:00,52.5,53.2,,,11900.0,DBD
2018-01-31 07:00:00,5.01,,5.01,5.01,4800.0,DC1
2018-04-16 07:00:00,4.37,,4.37,5.01,300.0,DC1
2018-11-08 07:00:00,,4.39,4.39,,600.0,DC1
2019-06-07 07:00:00,4.76,4.76,4.76,4.76,700.0,DC1
2020-08-27 07:00:00,,8.08,7.8,7.91,45615.0,DC1
2021-05-19 07:00:00,,12.89,11.71,,,DC1
2021-07-21 07:00:00,,,,10.13,7300.0,DC1
2021-09-09 07:00:00,10.0,,10.0,10.79,,DC1
2022-03-02 07:00:00,11.77,,,11.97,3800.0,DC1
2022-03-04 07:00:00,12.04,,11.84,11.84,,DC1
2022-03-10 07:00:00,,11.51,11.51,11.51,100.0,DC1
2022-08-16 07:00:00,7.86,8.54,7.86,8.54,,DC1
2022-09-23 07:00:00,,,8.2,8.2,100.0,DC1
2022-10-04 07:00:00,6.83,6.83,6.41,6.75,1800.0,DC1
2023-01-16 07:00:00,,5.21,,5.21,,DC1
2023-12-25 07:00:00,,6.2,6.2,,,DC1
2024-05-07 07:00:00,6.0,6.2,,,1100.0,DC1
2025-06-19 07:00:00,5.7,6.3,,6.3,200.0,DC1
2025-09-18 07:00:00,8.1,8.1,7.4,,,DC1
2025-10-31 07:00:00,,8.6,7.1,8.5,13700.0,DC1
2026-04-13 07:00:00,,8.4,8.0,8.0,,DC1
2026-04-14 07:00:00,8.3,8.3,8.0,8.0,,DC1
2015-11-18 07:00:00,7.73,,7.59,7.59,10800.0,DCL
2016-06-13 07:00:00,15.46,,15.32,15.46,185930.0,DCL
2017-09-06 07:00:00,23.32,23.61,23.03,23.32,,DCL
2017-11-23 07:00:00,21.0,21.0,,21.0,,DCL
2019-02-26 07:00:00,,12.7,11.9,,,DCL
2019-04-17 07:00:00,20.6,20.6,19.6,20.5,,DCL
2019-06-07 07:00:00,19.0,19.0,,,,DCL
2019-10-01 07:00:00,17.1,17.35,17.0,,15520.0,DCL
2020-02-07 07:00:00,,,,,,DCL
2020-06-15 07:00:00,21.7,,21.7,,214020.0,DCL
2020-07-28 07:00:00,19.8,19.8,18.1,,,DCL
2021-02-18 07:00:00,27.6,29.0,27.6,28.85,195100.0,DCL
2021-08-23 07:00:00,45.05,45.9,44.3,44.6,559100.0,DCL
2021-10-11 07:00:00,35.3,37.0,35.0,35.8,130900.0,DCL
2021-10-26 07:00:00,36.0,36.2,,,94600.0,DCL
2021-11-16 07:00:00,,41.4,,40.9,,DCL
2022-08-17 07:00:00,25.9,26.4,25.7,26.0,70600.0,DCL
2022-11-09 07:00:00,24.0,,23.35,23.8,55700.0,DCL
2023-04-18 07:00:00,22.45,,,,,DCL
2023-08-07 07:00:00,24.35,24.8,24.35,24.8,171200.0,DCL
2024-01-24 07:00:00,24.5,25.0,24.5,,48900.0,DCL
2024-04-11 07:00:00,27.4,,27.0,,,DCL
2024-04-22 07:00:00,,26.3,25.3,25.9,436600.0,DCL
2024-07-29 07:00:00,28.3,28.6,27.9,28.4,,DCL
2024-09-30 07:00:00,26.8,26.8,,26.45,,DCL
2024-12-13 07:00:00,27.4,27.6,26.8,27.1,,DCL
2025-03-03 07:00:00,24.2,24.2,23.8,24.05,320600.0,DCL
2025-08-12 07:00:00,22.5,22.7,22.2,22.4,505900.0,DCL
2025-12-18 07:00:00,40.6,40.6,39.8,,337600.0,DCL
2016-05-06 07:00:00,7.73,7.77,,7.73,,DGC
2016-08-17 07:00:00,,9.09,8.88,9.07,,DGC
2017-09-28 07:00:00,7.19,7.28,7.17,,,DGC
2017-11-09 07:00:00,7.02,7.02,6.98,7.02,,DGC
2018-06-14 07:00:00,7.32,,7.32,,,DGC
2019-01-18 07:00:00,9.77,9.86,9.77,9.79,66200.0,DGC
2019-02-15 07:00:00,10.26,10.26,9.96,,,DGC
2019-08-06 07:00:00,,8.47,8.26,8.34,325454.0,DGC
2019-08-08 07:00:00,8.34,,,,359372.0,DGC
2019-11-25 07:00:00,7.25,,,,,DGC
2021-03-30 07:00:00,23.89,,22.95,23.08,714700.0,DGC
2022-09-27 07:00:00,73.84,74.43,69.78,70.03,3693800.0,DGC
2023-07-10 07:00:00,,61.66,60.85,61.21,,DGC
2023-07-12 07:00:00,60.49,61.75,,61.12,,DGC
2024-06-19 07:00:00,,123.11,,119.57,3762700.0,DGC
2024-08-26 07:00:00,,105.2,103.53,103.53,,DGC
2025-07-18 07:00:00,98.68,99.45,,,2094600.0,DGC
2026-02-13 07:00:00,67.9,68.8,67.3,68.4,1516100.0,DGC
2015-12-08 07:00:00,4.38,,4.34,4.36,170.0,DGW
2016-11-28 07:00:00,3.0,3.0,2.93,2.95,,DGW
2016-12-30 07:00:00,,2.99,2.88,,,DGW
2017-01-19 07:00:00,3.01,3.01,2.92,,95820.0,DGW
2017-09-12 07:00:00,2.97,2.99,2.95,2.99,171200.0,DGW
2018-02-12 07:00:00,3.89,4.17,3.89,,,DGW
2018-05-16 07:00:00,5.21,5.21,,5.16,116830.0,DGW
2018-08-24 07:00:00,,,4.83,4.91,,DGW
2018-12-13 07:00:00,,,4.69,,582090.0,DGW
2019-08-16 07:00:00,4.52,4.53,4.46,4.49,1034420.0,DGW
2019-09-11 07:00:00,4.5,4.52,4.43,,441150.0,DGW
2019-09-17 07:00:00,4.61,,4.58,4.6,,DGW
2020-03-17 07:00:00,,,3.78,,511590.0,DGW
2020-09-15 07:00:00,10.73,11.13,10.69,,634680.0,DGW
2020-11-10 07:00:00,13.54,13.87,,13.76,528580.0,DGW
2021-03-26 07:00:00,23.48,23.85,22.27,23.28,552900.0,DGW
2023-02-06 07:00:00,30.46,30.53,29.9,30.35,435700.0,DGW
2023-06-02 07:00:00,26.98,27.72,,,2536400.0,DGW
2023-08-02 07:00:00,39.26,,39.11,39.92,1785000.0,DGW
2024-11-29 07:00:00,40.53,,,42.6,4587700.0,DGW
2024-12-30 07:00:00,,40.53,39.99,,,DGW
2025-09-23 07:00:00,41.75,42.5,,,778600.0,DGW
2026-02-25 07:00:00,,53.5,,52.3,,DGW
2016-05-24 07:00:00,10.09,,,,,DHA
2016-06-17 07:00:00,12.45,12.66,12.32,12.4,113910.0,DHA
2016-08-10 07:00:00,14.37,,14.1,14.32,205260.0,DHA
2017-06-27 07:00:00,16.1,16.1,15.34,15.53,,DHA
2017-09-11 07:00:00,,17.41,17.27,,38060.0,DHA
2018-10-16 07:00:00,15.52,,,15.39,5650.0,DHA
2018-12-18 07:00:00,,,,15.88,,DHA
2018-12-20 07:00:00,,16.14,15.68,15.68,5300.0,DHA
2019-10-10 07:00:00,,,16.57,16.57,50.0,DHA
2019-11-18 07:00:00,17.34,17.69,17.34,17.43,1190.0,DHA
2020-08-20 07:00:00,22.76,,22.43,22.64,,DHA
2021-05-11 07:00:00,,31.87,31.49,31.87,,DHA
2021-11-23 07:00:00,34.64,,34.64,35.46,,DHA
2022-03-01 07:00:00,40.61,40.82,40.54,40.54,,DHA
2022-06-14 07:00:00,29.79,,,30.31,,DHA
2022-07-18 07:00:00,28.27,29.27,28.23,28.68,43200.0,DHA
2022-10-04 07:00:00,25.93,25.93,23.85,24.96,,DHA
2022-10-31 07:00:00,,,,,,DHA
2023-03-14 07:00:00,,29.84,28.71,29.11,38200.0,DHA
2023-08-07 07:00:00,,,41.41,43.88,,DHA
2024-01-18 07:00:00,45.04,45.84,44.86,45.84,,DHA
2024-07-12 07:00:00,,,,,,DHA
2024-11-18 07:00:00,37.89,37.89,37.52,,,DHA
2025-06-11 07:00:00,41.81,43.26,41.61,,168800.0,DHA
2025-09-05 07:00:00,,,,48.42,55900.0,DHA
2025-12-08 07:00:00,,,57.1,57.1,75400.0,DHA
2026-02-04 07:00:00,57.5,,56.3,57.9,156700.0,DHA
2026-04-06 07:00:00,45.8,45.8,,,42500.0,DHA
2024-05-16 07:00:00,8.7,8.9,8.7,,,DHB
2024-05-29 07:00:00,,9.3,8.9,9.2,10104.0,DHB
2024-06-04 07:00:00,9.9,9.9,9.6,9.8,,DHB
2024-07-02 07:00:00,,10.4,,10.4,25201.0,DHB
2025-01-07 07:00:00,8.8,,,8.9,,DHB
2025-04-03 07:00:00,8.6,9.0,8.4,,115600.0,DHB
2025-07-30 07:00:00,9.3,9.3,,9.3,12100.0,DHB
2025-12-17 07:00:00,,,7.4,,3400.0,DHB
2025-12-26 07:00:00,7.2,7.6,7.2,7.6,700.0,DHB
2026-03-06 07:00:00,,,8.9,9.1,22600.0,DHB
2017-05-11 07:00:00,5.15,5.15,5.15,5.15,17600.0,DHD
2017-05-25 07:00:00,,6.56,5.68,5.68,,DHD
2017-07-27 07:00:00,,4.52,,,1100.0,DHD
2017-09-19 07:00:00,4.59,,4.59,4.59,100.0,DHD
2017-10-18 07:00:00,,4.35,,4.35,500.0,DHD
2018-01-12 07:00:00,4.31,4.31,4.31,,14400.0,DHD
2018-04-24 07:00:00,,,5.1,,700.0,DHD
2019-01-18 07:00:00,5.5,5.5,5.5,,,DHD
2021-07-12 07:00:00,6.28,6.28,6.04,,400.0,DHD
2021-12-23 07:00:00,5.86,5.9,5.86,5.9,,DHD
2023-07-26 07:00:00,9.06,,,9.06,,DHD
2024-02-07 07:00:00,10.38,,10.38,10.38,500.0,DHD
2024-09-27 07:00:00,,,15.05,15.05,200.0,DHD
2025-07-09 07:00:00,22.46,22.83,22.46,22.83,,DHD
2026-04-20 07:00:00,,28.8,,28.8,2900.0,DHD
2016-02-23 07:00:00,6.12,6.54,5.95,6.54,1385050.0,DHM
2016-08-23 07:00:00,12.66,12.66,12.49,12.49,429420.0,DHM
2017-02-27 07:00:00,,5.07,4.9,,674420.0,DHM
2017-06-14 07:00:00,8.72,8.95,,8.83,829820.0,DHM
2017-09-15 07:00:00,4.44,,4.38,4.62,,DHM
2017-11-29 07:00:00,,3.71,,3.64,,DHM
2017-12-04 07:00:00,,,3.57,3.57,,DHM
2019-03-29 07:00:00,4.54,,4.45,,,DHM
2019-10-07 07:00:00,3.64,3.74,3.55,,,DHM
2019-12-11 07:00:00,,3.34,2.95,3.34,11310.0,DHM
2020-05-07 07:00:00,5.54,5.82,,,,DHM
2021-05-14 07:00:00,9.09,9.23,9.09,9.18,303900.0,DHM
2022-03-25 07:00:00,,,11.18,11.32,404000.0,DHM
2022-06-30 07:00:00,9.27,9.32,9.09,9.18,226000.0,DHM
2022-08-03 07:00:00,9.18,9.23,,,248400.0,DHM
2022-08-25 07:00:00,,10.45,,10.45,659500.0,DHM
2022-12-23 07:00:00,,8.91,,,245800.0,DHM
2023-07-18 07:00:00,7.52,7.59,7.52,7.54,,DHM
2024-03-21 07:00:00,,8.9,,,14900.0,DHM
2025-02-19 07:00:00,,,,7.9,,DHM
2025-08-12 07:00:00,6.75,6.75,6.63,6.72,,DHM
2026-01-19 07:00:00,6.13,6.15,6.0,6.1,1500.0,DHM
2026-01-23 07:00:00,6.1,6.1,6.0,,,DHM
2026-03-18 07:00:00,,6.55,6.45,6.55,185500.0,DHM
2016-05-16 07:00:00,5.45,5.45,,5.4,16700.0,DIH
2016-06-16 07:00:00,,5.28,5.17,5.17,3100.0,DIH
2016-07-01 07:00:00,5.34,,,5.34,,DIH
2017-07-20 07:00:00,6.6,,6.6,,1000.0,DIH
2017-09-06 07:00:00,7.41,,,7.41,,DIH
2018-06-06 07:00:00,8.59,10.36,8.59,10.36,200.0,DIH
2020-03-23 07:00:00,10.45,,10.45,10.45,,DIH
2023-05-26 07:00:00,21.77,,21.77,22.55,,DIH
2023-10-03 07:00:00,,22.79,21.45,22.0,33100.0,DIH
2024-02-22 07:00:00,18.92,,18.84,18.84,3400.0,DIH
2024-05-23 07:00:00,,15.04,,15.04,,DIH
2024-11-25 07:00:00,,14.12,,,4100.0,DIH
2025-02-19 07:00:00,13.85,13.94,,13.94,10300.0,DIH
2025-02-25 07:00:00,14.22,14.22,14.22,14.22,440.0,DIH
2025-09-22 07:00:00,15.86,15.86,15.67,15.67,17500.0,DIH
2016-01-12 07:00:00,4.9,5.27,4.9,5.27,8071090.0,DLG
2017-06-15 07:00:00,3.8,3.81,3.74,,2430120.0,DLG
2017-12-28 07:00:00,3.34,3.53,3.32,3.53,,DLG
2018-09-17 07:00:00,,2.6,2.51,2.57,4084910.0,DLG
2020-02-05 07:00:00,1.75,,1.75,1.79,,DLG
2020-08-18 07:00:00,1.33,1.35,1.33,,,DLG
2020-12-21 07:00:00,,1.51,1.42,,9382610.0,DLG
2021-03-25 07:00:00,,2.05,1.99,2.02,,DLG
2021-07-05 07:00:00,3.41,3.42,3.21,3.27,10979200.0,DLG
2021-11-12 07:00:00,,8.65,8.25,,,DLG
2022-04-26 07:00:00,4.16,,,4.7,2921100.0,DLG
2022-07-04 07:00:00,,3.98,3.79,3.96,1602500.0,DLG
2022-11-10 07:00:00,1.84,1.87,,1.75,,DLG
2023-11-30 07:00:00,2.22,2.31,2.22,2.22,2991400.0,DLG
2024-04-05 07:00:00,2.26,,,2.12,4898900.0,DLG
2025-11-10 07:00:00,,2.68,2.55,2.55,,DLG
2026-03-10 07:00:00,2.45,,,2.55,2969200.0,DLG
2017-07-13 07:00:00,,,,7.05,700.0,DNC
2017-10-16 07:00:00,8.33,8.33,8.33,8.33,10.0,DNC
2021-11-12 07:00:00,,25.94,25.94,,,DNC
2021-12-14 07:00:00,,25.36,,25.36,,DNC
2026-02-02 07:00:00,51.65,51.65,51.65,51.65,,DNC
2018-03-09 07:00:00,9.94,11.5,9.94,11.5,1000.0,DNH
2018-05-23 07:00:00,8.17,,8.17,,,DNH
2020-07-24 07:00:00,,16.7,,16.7,500.0,DNH
2023-06-23 07:00:00,33.06,33.06,33.06,33.06,100.0,DNH
2024-05-08 07:00:00,39.39,39.39,39.39,39.39,465.0,DNH
2016-01-13 07:00:00,20.46,,,,,DPC
2017-03-27 07:00:00,,27.45,,27.45,100.0,DPC
2017-08-01 07:00:00,13.47,13.47,13.47,,2000.0,DPC
2018-02-05 07:00:00,,,,10.87,,DPC
2018-11-05 07:00:00,11.94,11.94,11.94,11.94,200.0,DPC
2019-09-23 07:00:00,12.68,13.12,,,,DPC
2019-10-30 07:00:00,11.11,12.33,11.11,12.33,,DPC
2020-12-22 07:00:00,13.88,15.25,13.88,15.25,300.0,DPC
2021-11-30 07:00:00,,,23.41,,100.0,DPC
2023-03-17 07:00:00,,,15.0,,,DPC
2024-06-14 07:00:00,7.6,8.7,,8.7,,DPC
2024-07-01 07:00:00,11.1,,11.1,,100.0,DPC
2016-03-25 07:00:00,7.57,7.57,7.09,,,DPR
2016-07-01 07:00:00,,,7.36,7.36,29890.0,DPR
2016-10-21 07:00:00,,8.13,7.79,7.9,,DPR
2017-06-14 07:00:00,,10.26,10.03,,72750.0,DPR
2017-08-02 07:00:00,9.93,,9.88,9.91,,DPR
2017-08-23 07:00:00,10.12,10.27,10.07,10.1,,DPR
2017-10-26 07:00:00,10.22,10.22,10.06,,20610.0,DPR
2018-02-09 07:00:00,,,9.9,,42400.0,DPR
2018-10-30 07:00:00,9.81,9.84,9.77,9.77,14840.0,DPR
2019-04-12 07:00:00,12.58,,,,109890.0,DPR
2020-10-09 07:00:00,16.37,16.37,16.06,16.29,29260.0,DPR
2020-12-22 07:00:00,,18.81,17.48,,180930.0,DPR
2021-03-26 07:00:00,,,,20.06,,DPR
2022-03-18 07:00:00,,31.8,31.21,31.42,206600.0,DPR
2023-07-26 07:00:00,26.98,27.42,,27.06,,DPR
2023-09-20 07:00:00,31.18,,,,167500.0,DPR
2023-11-21 07:00:00,,28.75,28.1,28.19,268900.0,DPR
2024-04-11 07:00:00,,,36.05,,570400.0,DPR
2024-05-23 07:00:00,37.1,37.65,36.46,37.65,745100.0,DPR
2024-05-27 07:00:00,,39.95,38.02,39.77,1849300.0,DPR
2024-07-09 07:00:00,40.87,41.79,40.78,,862800.0,DPR
2024-10-22 07:00:00,37.75,37.94,36.18,36.8,624900.0,DPR
2025-04-02 07:00:00,44.75,,44.08,44.18,654600.0,DPR
2025-12-04 07:00:00,38.8,,,38.55,,DPR
2026-01-07 07:00:00,39.3,,39.05,39.9,1479300.0,DPR
2016-07-21 07:00:00,40.76,,40.76,40.76,26670.0,DRH
2016-11-18 07:00:00,13.29,,12.84,,460220.0,DRH
2017-12-07 07:00:00,,,,14.38,,DRH
2018-02-12 07:00:00,,,9.98,10.14,,DRH
2018-05-21 07:00:00,11.71,11.88,11.43,11.81,,DRH
2018-06-15 07:00:00,,11.14,10.91,11.07,60870.0,DRH
2018-09-26 07:00:00,,,10.71,11.36,,DRH
2018-11-09 07:00:00,9.86,10.24,9.82,,,DRH
2019-01-23 07:00:00,6.7,6.76,6.66,,,DRH
2019-02-27 07:00:00,7.15,,,,129660.0,DRH
2019-06-28 07:00:00,,5.78,5.55,5.78,,DRH
2019-10-02 07:00:00,5.51,5.51,,5.45,167240.0,DRH
2020-11-26 07:00:00,5.74,5.74,5.63,5.63,1080910.0,DRH
2020-12-25 07:00:00,6.41,,6.36,6.86,2448100.0,DRH
2021-06-29 07:00:00,8.36,8.43,8.01,8.16,,DRH
2021-12-30 07:00:00,23.84,23.88,,,3484700.0,DRH
2023-04-18 07:00:00,4.93,,4.91,5.02,1972400.0,DRH
2023-05-19 07:00:00,5.64,5.64,,5.34,5581800.0,DRH
2024-05-24 07:00:00,3.98,4.0,3.8,3.82,1982600.0,DRH
2024-08-02 07:00:00,2.48,2.53,2.4,2.5,,DRH
2025-08-21 07:00:00,3.45,3.49,3.26,3.36,,DRH
2025-10-09 07:00:00,,2.28,2.13,2.18,1670900.0,DRH
2025-10-17 07:00:00,2.2,2.28,2.18,2.22,,DRH
2026-03-12 07:00:00,2.68,2.78,2.6,2.71,575800.0,DRH
2017-07-11 07:00:00,,7.29,7.05,7.17,244318.0,DRI
2018-05-24 07:00:00,,,5.49,5.49,43700.0,DRI
2018-10-02 07:00:00,,5.22,5.09,5.22,50738.0,DRI
2019-01-11 07:00:00,4.02,4.55,4.02,4.22,100580.0,DRI
2019-01-21 07:00:00,,4.55,4.28,,,DRI
2019-03-04 07:00:00,4.82,4.82,4.75,4.82,,DRI
2019-08-19 07:00:00,4.35,,4.28,4.28,14320.0,DRI
2020-11-04 07:00:00,5.83,5.83,,5.44,1319679.0,DRI
2021-05-18 07:00:00,7.54,,,7.31,,DRI
2021-08-04 07:00:00,,7.98,7.82,,503153.0,DRI
2021-12-30 07:00:00,14.64,,14.23,14.31,803715.0,DRI
2023-02-02 07:00:00,6.32,6.4,6.23,,163603.0,DRI
2024-01-04 07:00:00,6.91,6.91,6.64,,522332.0,DRI
2025-11-18 07:00:00,12.9,12.9,,,,DRI
2026-04-03 07:00:00,12.7,12.8,,,387500.0,DRI
2026-04-29 07:00:00,13.9,14.0,,14.0,543000.0,DRI
2018-04-09 07:00:00,35.34,35.34,34.46,34.46,,DSC
2019-01-15 07:00:00,6.36,6.36,5.74,6.36,18100.0,DSC
2020-03-27 07:00:00,,2.54,2.54,2.54,130.0,DSC
2021-03-19 07:00:00,8.54,,,8.54,35530.0,DSC
2021-07-15 07:00:00,7.8,8.42,,8.31,8300.0,DSC
2021-08-18 07:00:00,9.89,9.89,9.44,9.44,,DSC
2021-09-09 07:00:00,,11.99,,11.19,,DSC
2021-12-23 07:00:00,11.99,,11.36,11.65,,DSC
2022-02-15 07:00:00,,11.08,,,4000.0,DSC
2022-06-17 07:00:00,,7.35,6.56,6.56,8100.0,DSC
2022-10-10 07:00:00,21.48,23.41,20.92,22.67,,DSC
2023-03-30 07:00:00,11.65,,,12.04,179446.0,DSC
2023-06-05 07:00:00,17.33,17.82,16.52,,245401.0,DSC
2023-06-28 07:00:00,20.17,21.46,20.17,,392251.0,DSC
2024-08-27 07:00:00,17.25,,17.25,,,DSC
2024-10-09 07:00:00,,19.12,,18.95,151502.0,DSC
2025-05-22 07:00:00,12.43,12.56,12.23,12.39,,DSC
2025-06-16 07:00:00,,12.39,12.03,12.23,75200.0,DSC
2025-06-19 07:00:00,,,11.34,12.03,56400.0,DSC
2025-07-25 07:00:00,,14.01,,14.01,,DSC
2025-10-03 07:00:00,,,,16.6,,DSC
2021-09-23 07:00:00,7.4,7.4,7.1,,,DSG
2021-12-23 07:00:00,,8.0,7.5,,,DSG
2022-03-07 07:00:00,,7.2,,7.1,13400.0,DSG
2023-11-29 07:00:00,4.0,4.0,,,100.0,DSG
2024-03-01 07:00:00,6.1,6.1,,6.1,600.0,DSG
2024-04-22 07:00:00,5.5,5.5,,5.5,2000.0,DSG
2016-12-15 07:00:00,,35.1,32.9,35.0,1570020.0,DST
2017-02-23 07:00:00,23.4,23.4,,22.1,115750.0,DST
2017-04-11 07:00:00,25.1,25.3,24.5,25.0,,DST
2018-02-08 07:00:00,3.1,3.4,2.8,3.4,5636180.0,DST
2019-02-11 07:00:00,1.8,1.9,1.7,1.9,,DST
2019-02-14 07:00:00,1.8,,1.7,,84850.0,DST
2019-08-12 07:00:00,,1.0,0.9,,,DST
2019-09-03 07:00:00,0.9,,,0.9,115500.0,DST
2019-09-27 07:00:00,1.3,1.4,1.2,,,DST
2020-04-14 07:00:00,1.4,,1.4,,,DST
2020-12-17 07:00:00,2.6,2.6,2.5,2.6,568230.0,DST
2021-02-03 07:00:00,,2.9,,2.9,1228304.0,DST
2021-05-12 07:00:00,,4.2,,4.1,853400.0,DST
2021-07-07 07:00:00,4.0,,,,605900.0,DST
2021-12-17 07:00:00,10.0,10.5,,10.0,3000549.0,DST
2022-07-27 07:00:00,7.6,,7.5,8.3,710800.0,DST
2022-08-18 07:00:00,8.8,8.9,8.7,8.9,60900.0,DST
2023-09-27 07:00:00,4.3,4.3,4.1,4.3,106800.0,DST
2024-03-22 07:00:00,,4.1,,4.0,339405.0,DST
2024-09-05 07:00:00,3.0,3.1,3.0,,16334.0,DST
2024-10-01 07:00:00,,3.4,3.1,,,DST
2025-02-18 07:00:00,6.1,6.1,,,205516.0,DST
2026-01-07 07:00:00,9.5,10.3,,10.0,202000.0,DST
2026-02-23 07:00:00,10.8,11.0,10.7,10.8,,DST
2020-09-01 07:00:00,,,,9.38,200.0,DTI
2022-01-21 07:00:00,,12.42,11.7,12.42,,DTI
2022-05-05 07:00:00,11.97,,11.97,,3600.0,DTI
2022-10-28 07:00:00,4.91,,4.91,4.91,,DTI
2023-10-20 07:00:00,3.4,3.5,,,91321.0,DTI
2023-11-24 07:00:00,3.3,3.3,,3.3,41249.0,DTI
2024-01-12 07:00:00,3.9,4.1,,3.5,,DTI
2024-06-03 07:00:00,3.5,3.5,3.4,,13437.0,DTI
2024-06-12 07:00:00,3.4,3.5,3.4,3.5,,DTI
2025-01-10 07:00:00,,,,,,DTI
2025-04-03 07:00:00,2.2,2.2,1.9,,,DTI
2017-10-24 07:00:00,36.3,36.3,35.9,36.2,,DTL
2018-07-09 07:00:00,45.3,45.3,45.3,45.3,1000.0,DTL
2019-01-14 07:00:00,35.4,35.4,35.4,35.4,,DTL
2019-03-12 07:00:00,,39.5,,39.5,800.0,DTL
2020-04-17 07:00:00,18.1,,,18.1,,DTL
2020-07-16 07:00:00,9.9,,9.9,9.9,,DTL
2021-07-08 07:00:00,36.2,36.2,35.8,,,DTL
2021-12-23 07:00:00,35.0,35.0,,,800.0,DTL
2022-02-18 07:00:00,45.2,45.2,,45.2,,DTL
2023-05-17 07:00:00,32.95,32.95,,,200.0,DTL
2024-10-07 07:00:00,12.3,12.3,12.3,,200.0,DTL
2024-12-27 07:00:00,10.05,10.05,,10.05,100.0,DTL
2025-04-24 07:00:00,10.3,,10.3,10.3,200.0,DTL
2025-08-04 07:00:00,10.6,,10.6,10.6,900.0,DTL
2021-03-26 07:00:00,19.5,,17.4,17.4,2100.0,DVG
2021-05-06 07:00:00,,19.3,18.3,,,DVG
2021-05-13 07:00:00,,18.4,15.3,18.4,119600.0,DVG
2021-06-07 07:00:00,17.3,17.3,15.6,,37500.0,DVG
2021-07-05 07:00:00,12.0,12.7,,,117200.0,DVG
2022-01-21 07:00:00,20.0,,19.4,20.0,14000.0,DVG
2022-03-10 07:00:00,14.0,14.5,13.9,,,DVG
2022-05-11 07:00:00,9.3,9.6,9.0,9.4,167400.0,DVG
2022-07-05 07:00:00,,8.7,,,,DVG
2022-07-07 07:00:00,,8.3,,8.1,,DVG
2022-08-03 07:00:00,,,7.9,,137800.0,DVG
2022-10-05 07:00:00,4.7,,,4.7,268700.0,DVG
2023-03-09 07:00:00,2.8,2.9,2.8,2.8,136741.0,DVG
2023-03-22 07:00:00,,2.7,2.6,2.6,24210.0,DVG
2023-05-08 07:00:00,,2.7,,,290500.0,DVG
2024-04-12 07:00:00,,3.0,2.8,2.8,319502.0,DVG
2024-09-06 07:00:00,1.5,1.6,,,534000.0,DVG
2024-11-08 07:00:00,1.3,1.3,1.2,1.3,456664.0,DVG
2018-07-02 07:00:00,,,11.19,11.19,178149.0,DVN
2019-01-29 07:00:00,13.32,13.32,12.53,,,DVN
2019-03-12 07:00:00,13.24,13.32,12.92,13.16,81150.0,DVN
2019-07-08 07:00:00,11.48,11.64,11.48,,8111.0,DVN
2019-08-09 07:00:00,,11.32,11.0,11.24,20600.0,DVN
2019-09-23 07:00:00,,,10.36,10.44,69090.0,DVN
2019-10-17 07:00:00,9.64,,,9.56,57320.0,DVN
2019-12-25 07:00:00,8.91,8.91,8.67,,,DVN
2020-10-27 07:00:00,11.88,,11.62,11.7,150550.0,DVN
2020-12-18 07:00:00,14.89,,14.63,,,DVN
2021-01-29 07:00:00,13.34,15.06,12.91,,593572.0,DVN
2021-03-05 07:00:00,15.49,15.75,,15.49,,DVN
2021-07-20 07:00:00,,16.7,,16.09,303274.0,DVN
2022-01-12 07:00:00,21.62,21.62,19.87,20.75,,DVN
2022-03-23 07:00:00,21.9,21.9,21.63,,246010.0,DVN
2022-08-10 07:00:00,17.68,17.86,17.5,,35203.0,DVN
2023-05-22 07:00:00,16.1,,,15.82,48000.0,DVN
2023-07-17 07:00:00,17.49,19.54,,18.42,187264.0,DVN
2023-10-05 07:00:00,,17.59,,,5000.0,DVN
2024-04-10 07:00:00,17.21,17.31,,17.31,,DVN
2024-05-10 07:00:00,,17.31,17.12,17.31,,DVN
2025-02-12 07:00:00,24.85,25.52,23.99,,232532.0,DVN
2025-05-22 07:00:00,23.13,23.13,22.27,,109800.0,DVN
2025-06-05 07:00:00,22.37,22.37,21.99,22.18,78300.0,DVN
2025-12-25 07:00:00,22.5,22.5,21.9,,53500.0,DVN
2026-01-13 07:00:00,22.2,22.2,21.7,,,DVN
2023-09-21 07:00:00,9.46,9.46,9.46,,200.0,DWC
2024-07-31 07:00:00,10.31,,10.31,10.31,,DWC
2024-10-22 07:00:00,8.14,8.14,8.14,8.14,100.0,DWC
2021-06-02 07:00:00,8.89,,8.89,8.89,,DWS
2021-12-06 07:00:00,10.08,,10.0,,,DWS
2022-02-28 07:00:00,10.5,10.5,10.08,,2800.0,DWS
2022-09-06 07:00:00,,10.0,,10.0,,DWS
2025-05-20 07:00:00,16.33,16.33,,16.33,100.0,DWS
2016-01-11 07:00:00,3.87,3.87,3.69,,15070.0,DXV
2016-09-07 07:00:00,4.43,,4.43,4.52,12520.0,DXV
2017-05-26 07:00:00,4.15,4.15,3.97,,6160.0,DXV
2017-07-18 07:00:00,4.06,4.06,,4.06,110.0,DXV
2017-08-22 07:00:00,4.15,4.15,,4.15,1980.0,DXV
2018-01-10 07:00:00,3.88,,,4.23,,DXV
2018-04-16 07:00:00,3.69,3.69,,,80.0,DXV
2018-07-31 07:00:00,3.37,3.41,3.37,3.37,130.0,DXV
2019-09-23 07:00:00,,,,,,DXV
2019-11-22 07:00:00,4.71,4.71,4.15,4.17,23360.0,DXV
2019-12-30 07:00:00,3.69,,3.5,3.5,,DXV
2020-07-31 07:00:00,2.3,2.4,2.3,2.3,,DXV
2020-08-24 07:00:00,,,3.1,,10190.0,DXV
2021-02-19 07:00:00,4.12,4.4,4.12,,92900.0,DXV
2021-03-09 07:00:00,,4.57,4.57,,,DXV
2021-09-01 07:00:00,,4.19,4.03,,15100.0,DXV
2021-12-10 07:00:00,7.3,7.5,,7.21,28800.0,DXV
2022-02-28 07:00:00,7.35,7.6,,,35000.0,DXV
2022-03-17 07:00:00,8.01,8.59,8.01,8.27,53300.0,DXV
2022-06-20 07:00:00,,5.4,5.0,,32900.0,DXV
2022-12-01 07:00:00,4.28,,4.11,,11400.0,DXV
2023-01-04 07:00:00,4.01,4.15,4.01,4.1,,DXV
2024-02-22 07:00:00,,,3.66,,7900.0,DXV
2024-08-05 07:00:00,,4.94,,,,DXV
2024-09-09 07:00:00,3.61,3.75,3.61,3.73,400.0,DXV
2024-11-11 07:00:00,3.99,,3.87,4.06,37100.0,DXV
2025-03-03 07:00:00,3.95,3.95,,3.95,,DXV
2025-10-06 07:00:00,3.8,3.88,3.8,3.88,800.0,DXV
2025-10-08 07:00:00,3.83,4.0,3.83,,,DXV
2022-05-24 07:00:00,,,8.1,,3500.0,E12
2022-07-28 07:00:00,8.2,,,,,E12
2022-07-29 07:00:00,8.1,8.1,7.2,,600.0,E12
2023-05-10 07:00:00,5.1,5.7,5.1,5.7,2600.0,E12
2026-04-03 07:00:00,,4.6,,,1300.0,E12
2016-08-31 07:00:00,,3.46,3.46,3.46,,EBS
2016-10-06 07:00:00,3.46,3.46,3.46,3.46,1000.0,EBS
2017-10-31 07:00:00,4.64,4.64,4.64,4.64,5200.0,EBS
2018-09-24 07:00:00,,4.75,4.75,4.75,,EBS
2019-01-29 07:00:00,,5.57,5.57,5.57,15500.0,EBS
2019-06-20 07:00:00,,5.11,5.11,5.11,200.0,EBS
2020-08-18 07:00:00,4.57,,,4.9,,EBS
2021-03-15 07:00:00,,,,6.72,4179.0,EBS
2021-05-13 07:00:00,6.7,6.7,6.7,6.7,6.0,EBS
2021-07-02 07:00:00,,,,6.49,2400.0,EBS
2021-08-24 07:00:00,6.63,6.7,,6.7,6500.0,EBS
2021-10-22 07:00:00,7.06,7.06,6.91,6.91,,EBS
2023-10-18 07:00:00,,,,10.3,3501.0,EBS
2023-12-07 07:00:00,9.81,9.81,,9.81,,EBS
2024-07-26 07:00:00,,9.53,9.53,,1.0,EBS
2025-07-28 07:00:00,,,10.74,11.67,1300.0,EBS
2025-10-13 07:00:00,11.39,11.39,11.39,11.39,,EBS
2025-11-24 07:00:00,10.83,,,10.83,100.0,EBS
2026-01-30 07:00:00,11.02,11.02,11.02,,200.0,EBS
2026-02-13 07:00:00,11.5,11.5,11.5,11.5,200.0,EBS
2026-04-20 07:00:00,,,,11.1,,EBS
2018-03-16 07:00:00,2.57,2.57,2.57,,,EIN
2018-10-29 07:00:00,3.6,3.6,,,2000.0,EIN
2019-05-07 07:00:00,3.0,3.0,2.9,,2510.0,EIN
2019-06-27 07:00:00,3.0,3.0,,,,EIN
2020-07-24 07:00:00,3.6,3.7,,3.6,,EIN
2020-08-14 07:00:00,,3.4,3.4,,,EIN
2021-03-29 07:00:00,18.4,,,,35303.0,EIN
2021-04-26 07:00:00,15.3,,,15.0,,EIN
2021-06-01 07:00:00,,,,13.0,,EIN
2021-11-02 07:00:00,15.5,17.7,15.5,17.7,,EIN
2021-12-14 07:00:00,16.7,,16.7,17.2,34400.0,EIN
2023-11-14 07:00:00,,4.1,,4.0,45801.0,EIN
2023-12-12 07:00:00,3.9,,3.8,,9736.0,EIN
2024-03-27 07:00:00,3.9,3.9,,3.7,76800.0,EIN
2024-06-10 07:00:00,3.7,3.8,,3.8,52236.0,EIN
2024-07-30 07:00:00,3.2,3.2,3.1,3.2,43019.0,EIN
2025-01-06 07:00:00,2.4,,,,,EIN
2025-04-02 07:00:00,2.4,2.4,2.4,2.4,7489.0,EIN
2026-03-19 07:00:00,,2.4,2.4,2.4,,EIN
2016-04-26 07:00:00,,9.43,,9.15,,ELC
2016-06-29 07:00:00,9.39,9.71,,9.55,90020.0,ELC
2016-11-29 07:00:00,11.95,,11.95,,202110.0,ELC
2017-01-18 07:00:00,,,10.85,10.98,,ELC
2017-09-25 07:00:00,8.79,8.79,8.35,,,ELC
2017-10-25 07:00:00,7.62,,7.57,7.6,96820.0,ELC
2018-09-17 07:00:00,4.33,4.49,,4.33,,ELC
2019-05-28 07:00:00,,3.35,3.22,3.24,,ELC
2019-07-11 07:00:00,,,3.37,3.44,,ELC
2019-09-13 07:00:00,,3.17,2.99,3.15,,ELC
2019-10-02 07:00:00,,,2.84,2.89,22130.0,ELC
2021-01-13 07:00:00,5.28,5.54,5.18,,1010500.0,ELC
2022-03-02 07:00:00,12.16,12.26,11.78,11.9,399300.0,ELC
2022-04-12 07:00:00,,,,12.9,1485100.0,ELC
2022-06-02 07:00:00,9.69,,9.56,9.82,881600.0,ELC
2022-06-30 07:00:00,,,7.94,7.94,219400.0,ELC
2022-09-23 07:00:00,7.36,7.45,7.33,7.45,305900.0,ELC
2022-12-15 07:00:00,5.63,5.75,5.63,5.65,,ELC
2023-06-12 07:00:00,7.81,,7.81,,469200.0,ELC
2023-07-27 07:00:00,9.0,,,9.0,,ELC
2025-02-13 07:00:00,24.82,25.53,24.52,,1220900.0,ELC
2025-05-15 07:00:00,21.83,,,21.74,526800.0,ELC
2025-05-28 07:00:00,,,20.98,21.36,,ELC
2025-12-22 07:00:00,23.7,24.5,23.7,24.4,1151100.0,ELC
2026-03-06 07:00:00,,19.05,18.15,19.0,1131300.0,ELC
2022-04-08 07:00:00,10.19,,10.19,10.19,200.0,EMG
2018-02-07 07:00:00,2.98,3.16,,3.16,,EVG
2018-04-04 07:00:00,,,3.18,3.22,448610.0,EVG
2018-05-02 07:00:00,3.38,3.38,3.21,,372230.0,EVG
2018-06-26 07:00:00,3.08,3.23,3.08,3.17,252910.0,EVG
2018-07-12 07:00:00,3.29,3.31,3.22,3.29,177740.0,EVG
2018-08-16 07:00:00,,3.17,3.0,,254540.0,EVG
2019-04-01 07:00:00,1.96,1.99,,,,EVG
2019-11-29 07:00:00,1.82,,,1.84,222130.0,EVG
2020-05-29 07:00:00,2.06,,2.06,2.07,,EVG
2020-10-30 07:00:00,3.24,3.28,,3.19,,EVG
2020-12-09 07:00:00,4.17,4.17,3.98,4.09,,EVG
2021-08-17 07:00:00,7.83,8.06,7.68,7.8,664700.0,EVG
2022-06-13 07:00:00,,,6.7,,359400.0,EVG
2022-07-20 07:00:00,6.85,,,,,EVG
2022-09-05 07:00:00,7.17,7.29,,7.11,67600.0,EVG
2022-12-14 07:00:00,4.09,4.09,,3.95,3391300.0,EVG
2023-02-02 07:00:00,3.53,3.65,3.48,,976400.0,EVG
2023-04-03 07:00:00,3.33,3.48,,3.4,2212200.0,EVG
2023-09-14 07:00:00,6.8,,6.66,,,EVG
2024-02-06 07:00:00,4.97,,4.97,5.08,860000.0,EVG
2024-11-01 07:00:00,,6.7,6.6,,600500.0,EVG
2024-11-29 07:00:00,6.5,6.58,6.41,6.48,1353900.0,EVG
2025-01-08 07:00:00,,6.03,5.88,6.0,433800.0,EVG
2025-11-21 07:00:00,8.01,8.3,7.98,8.1,,EVG
2026-02-26 07:00:00,7.53,7.53,7.35,,,EVG
2026-03-20 07:00:00,,6.24,6.08,,490200.0,EVG
2018-09-19 07:00:00,8.41,,,,20700.0,EVS
2019-08-16 07:00:00,,5.94,,,,EVS
2020-05-29 07:00:00,5.12,5.12,4.62,,,EVS
2020-11-19 07:00:00,,,3.56,3.56,,EVS
2021-11-24 07:00:00,,,,,,EVS
2023-03-13 07:00:00,5.38,5.62,5.38,,12700.0,EVS
2023-04-19 07:00:00,,6.12,,,133404.0,EVS
2023-11-10 07:00:00,8.5,8.8,8.2,8.5,,EVS
2024-01-18 07:00:00,8.4,8.5,8.3,8.4,,EVS
2024-02-07 07:00:00,7.9,8.0,7.8,,116060.0,EVS
2024-07-16 07:00:00,7.5,7.5,7.4,7.5,77473.0,EVS
2024-09-09 07:00:00,6.2,6.3,,6.2,,EVS
2024-09-16 07:00:00,6.3,6.4,,6.3,,EVS
2025-01-15 07:00:00,5.4,5.4,,5.4,76751.0,EVS
2025-08-13 07:00:00,7.3,,,,,EVS
2025-12-22 07:00:00,,6.2,5.9,,,EVS
2026-01-13 07:00:00,6.0,6.2,,,,EVS
2016-03-29 07:00:00,3.01,3.12,,3.01,406780.0,FCM
2016-08-31 07:00:00,,2.67,,,88570.0,FCM
2017-12-12 07:00:00,,,3.84,,242220.0,FCM
2018-01-09 07:00:00,3.77,,3.73,3.74,,FCM
2018-07-23 07:00:00,4.01,4.01,,,34780.0,FCM
2018-08-06 07:00:00,,4.15,4.06,4.14,13040.0,FCM
2019-10-03 07:00:00,4.91,,4.91,,210.0,FCM
2020-09-03 07:00:00,4.93,4.93,,,4430.0,FCM
2021-04-29 07:00:00,,5.56,,5.4,,FCM
2021-11-09 07:00:00,,7.93,,7.71,1870700.0,FCM
2021-11-19 07:00:00,9.14,9.14,8.26,8.62,,FCM
2022-02-17 07:00:00,9.04,9.22,,,,FCM
2022-05-20 07:00:00,5.46,5.7,,,,FCM
2022-10-27 07:00:00,3.8,4.02,,4.02,,FCM
2023-01-19 07:00:00,,3.55,,,88400.0,FCM
2023-05-29 07:00:00,,4.39,4.22,4.39,,FCM
2024-09-06 07:00:00,3.08,3.1,3.08,3.08,9800.0,FCM
2024-09-20 07:00:00,3.15,,,3.1,9200.0,FCM
2024-11-01 07:00:00,3.08,3.11,3.05,3.08,,FCM
2025-06-30 07:00:00,,4.0,3.79,3.9,306900.0,FCM
2026-03-31 07:00:00,3.29,,3.24,,46800.0,FCM
2016-03-01 07:00:00,,12.46,,12.28,492710.0,FCN
2016-03-15 07:00:00,,12.28,12.05,,101980.0,FCN
2017-01-20 07:00:00,11.39,11.48,11.12,11.21,,FCN
2017-07-24 07:00:00,,15.13,14.5,14.88,874550.0,FCN
2018-11-28 07:00:00,12.46,12.54,,12.46,,FCN
2019-05-10 07:00:00,11.52,,11.44,11.56,128830.0,FCN
2019-07-03 07:00:00,11.52,,,11.56,977510.0,FCN
2019-10-22 07:00:00,,10.58,10.36,10.36,178980.0,FCN
2019-11-27 07:00:00,,8.91,,8.69,228360.0,FCN
2019-12-17 07:00:00,8.78,8.91,8.73,8.73,439910.0,FCN
2020-01-16 07:00:00,8.55,8.55,8.48,8.55,,FCN
2020-03-10 07:00:00,7.05,7.58,7.05,,,FCN
2020-09-28 07:00:00,9.89,10.02,9.76,9.98,2213600.0,FCN
2020-11-24 07:00:00,,10.66,10.36,10.53,1842110.0,FCN
2020-12-01 07:00:00,10.79,,10.7,11.13,2208060.0,FCN
2021-04-16 07:00:00,12.91,,12.07,12.35,2634700.0,FCN
2021-07-23 07:00:00,10.24,10.38,10.06,10.1,857400.0,FCN
2021-07-29 07:00:00,,10.38,10.15,,706400.0,FCN
2022-03-25 07:00:00,26.83,,,26.54,3068800.0,FCN
2022-05-25 07:00:00,16.32,17.27,,,,FCN
2022-06-24 07:00:00,12.37,,,12.18,2381100.0,FCN
2022-07-26 07:00:00,14.56,15.08,14.56,14.65,3544300.0,FCN
2022-10-03 07:00:00,12.69,,12.3,,,FCN
2024-07-30 07:00:00,12.88,12.92,12.58,12.78,113400.0,FCN
2024-08-07 07:00:00,11.27,,10.73,11.41,,FCN
2025-03-04 07:00:00,15.12,,14.73,15.02,,FCN
2025-08-08 07:00:00,,18.34,16.92,17.85,7575400.0,FCN
2025-08-25 07:00:00,17.17,17.46,16.48,16.48,3568700.0,FCN
2025-10-29 07:00:00,15.36,15.66,,,,FCN
2025-11-27 07:00:00,14.68,14.83,14.53,,,FCN
2025-12-31 07:00:00,14.9,,,14.6,673700.0,FCN
2026-03-12 07:00:00,,12.2,11.7,,,FCN
2015-10-28 07:00:00,18.3,,17.6,,3010.0,FDC
2016-02-18 07:00:00,29.0,29.0,,,,FDC
2016-10-03 07:00:00,26.0,,26.0,26.0,150.0,FDC
2018-01-22 07:00:00,19.95,20.0,19.95,20.0,310.0,FDC
2018-08-07 07:00:00,15.6,15.6,15.6,15.6,10.0,FDC
2019-03-12 07:00:00,12.75,13.5,12.7,13.5,,FDC
2020-11-12 07:00:00,13.6,,13.6,,,FDC
2021-04-12 07:00:00,12.5,12.6,12.5,12.5,,FDC
2022-05-23 07:00:00,25.5,,,25.5,2100.0,FDC
2022-06-16 07:00:00,23.95,23.95,21.7,23.6,,FDC
2022-06-27 07:00:00,,27.5,25.75,,123800.0,FDC
2022-08-08 07:00:00,,26.0,26.0,26.0,,FDC
2023-03-27 07:00:00,17.25,18.3,17.25,18.2,,FDC
2023-05-29 07:00:00,15.0,,15.0,16.0,2500.0,FDC
2023-12-11 07:00:00,13.65,15.5,13.55,15.5,3200.0,FDC
2024-07-18 07:00:00,15.1,,14.05,14.05,800.0,FDC
2024-08-02 07:00:00,13.5,13.5,13.5,13.5,2200.0,FDC
2024-11-22 07:00:00,,16.0,16.0,16.0,100.0,FDC
2024-12-20 07:00:00,,17.1,,17.1,,FDC
2025-07-01 07:00:00,18.05,18.1,15.9,15.9,400.0,FDC
2025-07-17 07:00:00,16.0,17.0,14.8,,,FDC
2025-11-04 07:00:00,6.8,6.8,,6.8,200.0,FGL
2018-07-13 07:00:00,,,27.38,,13610.0,FRT
2018-10-04 07:00:00,,29.22,,28.51,19150.0,FRT
2019-05-29 07:00:00,18.87,19.13,18.76,,42960.0,FRT
2021-05-12 07:00:00,,12.61,,12.52,,FRT
2021-06-24 07:00:00,12.38,,12.18,12.22,951900.0,FRT
2021-07-09 07:00:00,13.07,13.87,,13.34,3576300.0,FRT
2022-07-19 07:00:00,,,48.52,48.72,,FRT
2022-07-26 07:00:00,53.42,54.18,,53.14,857300.0,FRT
2023-09-11 07:00:00,68.95,69.59,,67.99,944200.0,FRT
2023-12-25 07:00:00,82.07,83.43,,83.11,,FRT
2024-06-13 07:00:00,142.14,142.14,139.58,,,FRT
2024-06-17 07:00:00,,,136.38,139.98,718800.0,FRT
2026-03-04 07:00:00,162.7,,155.0,,899600.0,FRT
2017-02-13 07:00:00,14.1,,12.95,13.91,222420.0,FTM
2017-03-07 07:00:00,,,,13.24,,FTM
2017-06-15 07:00:00,11.8,11.94,11.7,11.85,,FTM
2017-09-18 07:00:00,13.62,13.91,13.57,13.77,,FTM
2017-09-19 07:00:00,13.72,13.81,13.57,13.72,447440.0,FTM
2017-09-29 07:00:00,13.67,,13.29,13.48,,FTM
2018-07-02 07:00:00,,,16.05,,,FTM
2018-07-06 07:00:00,16.0,16.0,,16.0,227410.0,FTM
2018-08-28 07:00:00,15.0,15.15,15.0,15.05,1148620.0,FTM
2018-09-21 07:00:00,15.75,15.75,15.45,,425330.0,FTM
2019-03-07 07:00:00,17.8,,,18.1,,FTM
2019-04-09 07:00:00,20.3,21.35,20.2,,1188020.0,FTM
2019-10-04 07:00:00,4.15,,4.15,4.15,1229060.0,FTM
2020-03-10 07:00:00,1.73,1.9,1.73,1.84,,FTM
2020-03-12 07:00:00,1.68,1.76,,1.68,412740.0,FTM
2020-03-13 07:00:00,1.68,1.68,1.57,,647460.0,FTM
2020-05-12 07:00:00,,1.4,,1.39,,FTM
2020-06-09 07:00:00,,,,,,FTM
2020-09-25 07:00:00,,,,,51730.0,FTM
2020-12-10 07:00:00,1.3,1.31,,,,FTM
2021-06-04 07:00:00,2.8,,,2.97,1953500.0,FTM
2021-09-21 07:00:00,4.03,4.31,3.76,4.31,3073100.0,FTM
2021-11-15 07:00:00,6.27,6.27,6.12,6.27,,FTM
2022-06-02 07:00:00,,4.0,,3.8,,FTM
2022-09-27 07:00:00,,,2.6,,,FTM
2022-10-19 07:00:00,,2.4,2.2,2.3,243376.0,FTM
2024-09-13 07:00:00,0.9,,0.7,0.7,102800.0,FTM
2025-06-06 07:00:00,0.6,,,0.6,174800.0,FTM
2016-03-23 07:00:00,6.82,6.82,6.65,6.82,53700.0,G20
2016-03-25 07:00:00,,7.15,6.82,7.15,4000.0,G20
2016-05-30 07:00:00,6.48,6.56,,,175900.0,G20
2016-05-31 07:00:00,6.48,6.65,6.31,6.48,,G20
2017-03-09 07:00:00,,3.58,3.58,3.58,3139.0,G20
2017-05-31 07:00:00,2.82,,2.73,,56600.0,G20
2018-08-24 07:00:00,0.8,0.8,,0.8,6900.0,G20
2026-01-30 07:00:00,0.5,0.7,,0.6,,G20
2023-11-09 07:00:00,16.73,17.13,16.73,16.93,267614.0,GDA
2023-12-15 07:00:00,16.25,16.67,15.55,,48400.0,GDA
2024-07-26 07:00:00,19.89,20.52,19.89,,92013.0,GDA
2024-08-30 07:00:00,20.17,,,20.17,,GDA
2024-11-11 07:00:00,19.85,,,20.07,183261.0,GDA
2022-09-09 07:00:00,11.79,12.5,11.79,,10200.0,GEE
2022-10-06 07:00:00,,11.76,,,,GEE
2023-04-06 07:00:00,,10.4,10.0,10.4,9109.0,GEE
2023-07-05 07:00:00,,,,,626.0,GEE
2024-02-06 07:00:00,11.56,11.77,11.22,,,GEE
2026-04-24 07:00:00,,102.59,97.9,,397900.0,GEE
2016-04-20 07:00:00,6.66,6.78,6.6,6.6,12800.0,GHC
2017-02-21 07:00:00,10.39,,10.39,,3900.0,GHC
2017-06-21 07:00:00,,11.48,,,100.0,GHC
2017-09-29 07:00:00,,11.71,11.68,11.71,6100.0,GHC
2017-10-25 07:00:00,12.17,12.17,,,3500.0,GHC
2018-01-29 07:00:00,13.75,13.75,,13.75,1500.0,GHC
2018-03-22 07:00:00,,,,13.94,,GHC
2018-08-24 07:00:00,12.2,12.2,12.2,,2900.0,GHC
2020-02-06 07:00:00,,14.57,14.2,14.57,5900.0,GHC
2020-11-16 07:00:00,15.49,,15.38,15.38,7600.0,GHC
2020-12-04 07:00:00,,16.01,,16.01,3000.0,GHC
2021-07-07 07:00:00,16.46,,,16.46,,GHC
2021-09-28 07:00:00,19.11,19.25,19.04,,43000.0,GHC
2022-08-16 07:00:00,21.09,,21.01,,,GHC
2022-12-02 07:00:00,19.11,19.42,19.11,,16900.0,GHC
2023-01-11 07:00:00,20.99,20.99,,20.84,4100.0,GHC
2023-01-31 07:00:00,21.39,21.39,,21.39,5600.0,GHC
2023-07-20 07:00:00,21.15,,,21.15,,GHC
2023-07-25 07:00:00,21.23,21.31,,,6000.0,GHC
2024-06-05 07:00:00,27.33,27.33,,27.24,,GHC
2024-10-01 07:00:00,,,25.93,25.93,16406.0,GHC
2021-06-24 07:00:00,43.75,44.24,43.75,44.24,1000.0,GMA
2021-12-13 07:00:00,,49.97,49.97,,32700.0,GMA
2025-12-10 07:00:00,41.0,41.0,,41.0,100.0,GMA
2015-10-21 07:00:00,15.65,15.65,,15.65,1050.0,GMC
2016-07-07 07:00:00,12.19,12.36,11.86,12.36,,GMC
2016-10-10 07:00:00,,,,13.17,,GMC
2017-02-09 07:00:00,11.91,12.12,11.91,,40530.0,GMC
2017-03-20 07:00:00,12.25,12.59,12.17,12.59,24300.0,GMC
2020-02-21 07:00:00,13.07,13.2,,13.11,1700.0,GMC
2020-03-04 07:00:00,,11.88,11.55,11.78,16310.0,GMC
2020-04-15 07:00:00,,,,10.7,24440.0,GMC
2020-09-16 07:00:00,,12.38,,12.38,34370.0,GMC
2021-10-14 07:00:00,22.18,,22.18,22.23,700.0,GMC
2022-01-14 07:00:00,21.45,21.45,21.45,,100.0,GMC
2022-12-15 07:00:00,11.9,12.0,,12.0,31800.0,GMC
2023-01-09 07:00:00,9.8,9.8,,9.4,7900.0,GMC
2023-04-26 07:00:00,8.9,8.9,8.85,8.9,,GMC
2023-12-27 07:00:00,,,7.65,7.91,,GMC
2024-07-09 07:00:00,8.52,8.52,8.52,,200.0,GMC
2025-03-14 07:00:00,,6.0,,5.4,,GMC
2025-09-19 07:00:00,4.4,4.4,,,8300.0,GMC
2022-06-07 07:00:00,,11.57,11.14,11.43,68100.0,GMH
2022-11-30 07:00:00,,10.59,,10.52,1600.0,GMH
2024-01-17 07:00:00,,7.74,7.61,7.64,,GMH
2024-08-07 07:00:00,7.16,7.51,,,600.0,GMH
2017-06-16 07:00:00,10.59,10.59,10.59,,11000.0,GND
2017-10-13 07:00:00,10.64,10.64,,10.64,23200.0,GND
2018-03-26 07:00:00,,,16.77,16.77,100.0,GND
2019-04-10 07:00:00,11.59,,,,100.0,GND
2019-07-25 07:00:00,13.82,13.82,,,,GND
2019-07-31 07:00:00,,14.19,14.19,14.19,300.0,GND
2020-08-21 07:00:00,,16.63,16.63,16.63,100.0,GND
2020-08-26 07:00:00,14.21,16.63,14.21,,,GND
2020-11-27 07:00:00,16.63,16.63,,,100.0,GND
2021-11-16 07:00:00,,26.4,25.15,25.3,2800.0,GND
2023-05-08 07:00:00,,,19.61,,,GND
2024-05-24 07:00:00,26.17,,,,,GND
2024-07-23 07:00:00,22.78,26.48,,26.48,,GND
2025-03-13 07:00:00,25.75,,,25.75,,GND
2025-05-22 07:00:00,31.37,31.37,,27.15,3300.0,GND
2024-08-19 07:00:00,3.67,3.82,,,,GPC
2024-10-10 07:00:00,4.0,,,4.0,157909.0,GPC
2015-12-18 07:00:00,,5.59,,5.59,,GSM
2019-08-05 07:00:00,5.78,,,4.99,4700.0,GSM
2022-01-17 07:00:00,10.62,10.62,,10.62,100.0,GSM
2022-02-14 07:00:00,,11.09,10.94,10.94,,GSM
2022-09-12 07:00:00,11.39,11.39,11.39,11.39,,GSM
2024-07-15 07:00:00,,19.57,19.01,,1313.0,GSM
2025-01-20 07:00:00,23.78,23.78,,,200.0,GSM
2025-07-29 07:00:00,29.03,,,28.74,39700.0,GSM
2025-12-19 07:00:00,,30.5,30.0,,,GSM
2026-02-11 07:00:00,29.6,,29.2,29.5,4100.0,GSM
2016-08-03 07:00:00,,4.77,4.62,,,GSP
2017-05-22 07:00:00,4.85,4.85,4.71,,,GSP
2017-08-15 07:00:00,5.19,,5.19,,,GSP
2017-08-21 07:00:00,5.13,5.31,5.11,,,GSP
2017-11-20 07:00:00,,5.61,5.41,,,GSP
2018-03-28 07:00:00,5.39,,5.39,,1940.0,GSP
2018-10-22 07:00:00,5.8,,5.8,5.93,,GSP
2018-12-18 07:00:00,,,6.0,6.0,,GSP
2019-06-17 07:00:00,,6.66,6.11,6.4,1350.0,GSP
2019-09-23 07:00:00,6.38,6.4,6.38,6.4,610.0,GSP
2019-11-18 07:00:00,,6.24,6.24,6.24,490.0,GSP
2020-03-03 07:00:00,5.86,,,5.86,,GSP
2020-09-18 07:00:00,6.29,6.29,6.03,6.29,8230.0,GSP
2020-10-12 07:00:00,6.89,,6.59,,29440.0,GSP
2020-10-13 07:00:00,,6.95,6.95,6.95,,GSP
2020-10-21 07:00:00,,,6.89,6.92,590.0,GSP
2021-02-24 07:00:00,,7.46,7.25,7.25,21800.0,GSP
2021-08-17 07:00:00,,9.06,8.59,8.99,,GSP
2021-10-05 07:00:00,13.0,,12.34,12.56,,GSP
2022-08-15 07:00:00,8.32,8.32,,,29600.0,GSP
2022-09-05 07:00:00,,8.54,8.32,,69000.0,GSP
2022-11-23 07:00:00,6.06,6.13,5.85,6.1,9600.0,GSP
2023-12-01 07:00:00,,9.14,8.98,9.14,,GSP
2024-12-24 07:00:00,12.83,13.26,,13.09,915200.0,GSP
2025-02-12 07:00:00,,,11.29,11.42,138000.0,GSP
2025-08-13 07:00:00,,,11.95,,173000.0,GSP
2026-01-23 07:00:00,,,11.1,11.2,,GSP
2016-04-25 07:00:00,,,0.72,0.72,,GTT
2016-05-20 07:00:00,0.56,,,0.56,936190.0,GTT
2018-01-19 07:00:00,0.32,,0.32,0.4,129882.0,GTT
2018-11-09 07:00:00,,0.4,,,51260.0,GTT
2019-05-03 07:00:00,0.4,0.4,0.4,0.4,,GTT
2019-10-25 07:00:00,,0.3,,0.3,4620.0,GTT
2019-12-20 07:00:00,0.3,,0.3,0.3,10.0,GTT
2021-08-27 07:00:00,0.6,0.7,,,,GTT
2021-10-22 07:00:00,1.2,,1.2,,179001.0,GTT
2016-11-21 07:00:00,,2.63,2.48,2.55,,HAC
2017-05-03 07:00:00,,,,,3000.0,HAC
2017-10-25 07:00:00,,,3.47,3.47,27056.0,HAC
2017-10-27 07:00:00,3.55,,3.38,,23738.0,HAC
2018-01-26 07:00:00,3.21,,3.21,3.21,,HAC
2018-10-10 07:00:00,2.96,,2.96,,16200.0,HAC
2018-11-12 07:00:00,3.89,4.06,,,,HAC
2018-12-21 07:00:00,4.23,4.23,,4.06,85100.0,HAC
2019-03-11 07:00:00,3.89,3.89,3.3,3.81,6100.0,HAC
2020-07-22 07:00:00,,4.31,,4.31,,HAC
2021-09-20 07:00:00,,12.55,11.64,11.64,79143.0,HAC
2022-03-07 07:00:00,12.19,,12.19,12.37,40200.0,HAC
2022-08-31 07:00:00,8.4,8.4,8.0,8.3,5400.0,HAC
2022-09-19 07:00:00,,8.0,7.6,7.6,4028.0,HAC
2022-10-06 07:00:00,7.4,,,7.3,8901.0,HAC
2022-10-26 07:00:00,,,,,1516.0,HAC
2023-04-18 07:00:00,5.9,5.9,5.9,5.9,,HAC
2023-10-11 07:00:00,9.1,9.1,8.5,,,HAC
2024-06-07 07:00:00,13.9,,13.9,,,HAC
2024-10-02 07:00:00,12.0,12.0,,11.0,982.0,HAC
2024-11-15 07:00:00,10.1,11.1,9.5,11.1,5100.0,HAC
2025-09-26 07:00:00,11.5,12.4,11.5,12.4,700.0,HAC
2026-01-26 07:00:00,9.5,9.5,,9.5,,HAC
2026-04-15 07:00:00,,12.0,11.0,,1600.0,HAC
2016-11-04 07:00:00,5.12,5.16,5.1,5.12,1041810.0,HAG
2017-01-04 07:00:00,5.44,5.68,5.42,,5368690.0,HAG
2017-05-10 07:00:00,8.8,,8.69,8.69,,HAG
2017-08-11 07:00:00,,,8.78,,3660700.0,HAG
2018-02-05 07:00:00,,8.01,7.49,,,HAG
2018-11-26 07:00:00,5.3,5.31,,5.25,1328270.0,HAG
2019-02-01 07:00:00,5.0,5.02,4.89,5.0,1740010.0,HAG
2019-07-23 07:00:00,,5.35,5.26,,1619930.0,HAG
2020-02-19 07:00:00,3.5,,,3.51,,HAG
2020-06-09 07:00:00,5.73,5.82,5.5,,12715070.0,HAG
2021-03-15 07:00:00,,5.35,,5.24,11483000.0,HAG
2021-12-09 07:00:00,,10.55,,,,HAG
2021-12-10 07:00:00,,,9.88,10.55,30816400.0,HAG
2022-01-20 07:00:00,,14.25,12.95,,,HAG
2022-03-21 07:00:00,12.3,12.45,,12.3,,HAG
2023-02-17 07:00:00,,8.14,,,6674800.0,HAG
2023-03-29 07:00:00,7.44,7.5,7.38,7.39,3626000.0,HAG
2023-10-12 07:00:00,8.48,8.5,,,8759000.0,HAG
2024-07-17 07:00:00,,12.2,11.8,11.85,10222200.0,HAG
2025-02-18 07:00:00,12.5,12.85,,,6826700.0,HAG
2022-02-17 07:00:00,,14.09,14.04,,6100.0,HAM
2022-08-05 07:00:00,13.56,14.32,,14.32,,HAM
2023-11-15 07:00:00,15.73,,15.73,,4000.0,HAM
2024-04-04 07:00:00,17.95,,17.95,17.95,1701.0,HAM
2025-11-14 07:00:00,28.75,,28.75,28.75,100.0,HAM
2015-11-10 07:00:00,,3.15,3.1,,,HAP
2015-12-29 07:00:00,2.9,2.95,2.85,2.95,212210.0,HAP
2016-07-19 07:00:00,2.74,2.74,2.63,2.74,216490.0,HAP
2016-08-31 07:00:00,,2.52,,,76000.0,HAP
2016-10-07 07:00:00,,,2.28,2.32,59600.0,HAP
2016-10-31 07:00:00,,2.57,2.5,2.52,,HAP
2016-11-02 07:00:00,2.48,2.53,2.42,2.47,,HAP
2016-11-30 07:00:00,2.33,2.37,,,13210.0,HAP
2017-05-15 07:00:00,3.07,3.13,2.92,2.99,413450.0,HAP
2018-01-09 07:00:00,2.52,2.52,2.42,2.42,8070.0,HAP
2018-09-27 07:00:00,,,2.14,2.18,,HAP
2019-01-31 07:00:00,,1.93,1.93,,5100.0,HAP
2019-03-21 07:00:00,2.22,2.22,,,56680.0,HAP
2019-04-12 07:00:00,,2.19,2.15,2.18,59710.0,HAP
2019-06-06 07:00:00,2.34,,2.34,,,HAP
2019-08-05 07:00:00,2.39,2.39,2.34,2.35,11670.0,HAP
2019-10-04 07:00:00,2.33,,,2.33,,HAP
2019-10-24 07:00:00,2.32,,2.31,2.33,,HAP
2020-02-28 07:00:00,2.26,2.26,2.16,2.22,22820.0,HAP
2020-04-24 07:00:00,2.01,2.01,1.98,2.0,,HAP
2020-11-11 07:00:00,3.82,,3.77,3.78,118450.0,HAP
2020-11-17 07:00:00,3.83,3.86,3.79,,225870.0,HAP
2021-01-04 07:00:00,5.18,,,,1414800.0,HAP
2021-01-05 07:00:00,5.35,5.7,5.26,,604600.0,HAP
2021-05-31 07:00:00,,9.46,9.01,9.39,839800.0,HAP
2021-08-13 07:00:00,,,,9.39,,HAP
2021-10-29 07:00:00,12.96,12.96,12.37,12.56,952200.0,HAP
2021-11-03 07:00:00,12.72,12.72,11.7,,1246900.0,HAP
2021-12-24 07:00:00,11.82,,,,,HAP
2022-06-01 07:00:00,,7.78,,,226800.0,HAP
2022-10-17 07:00:00,4.93,4.99,4.85,4.99,154000.0,HAP
2023-04-18 07:00:00,4.02,,,4.0,123600.0,HAP
2023-05-05 07:00:00,4.02,,3.99,4.01,140900.0,HAP
2023-07-05 07:00:00,,,4.65,4.69,192600.0,HAP
2024-07-17 07:00:00,4.64,4.69,4.35,4.58,,HAP
2025-04-21 07:00:00,,5.08,4.95,4.95,,HAP
2025-09-22 07:00:00,,6.55,6.35,,251900.0,HAP
2025-12-10 07:00:00,,7.87,,7.71,20600.0,HAP
2026-02-05 07:00:00,7.3,,7.3,,,HAP
2017-07-04 07:00:00,,,,6.74,25440.0,HAS
2017-09-08 07:00:00,6.04,,,6.14,2580.0,HAS
2018-05-22 07:00:00,6.14,6.14,6.13,6.13,60.0,HAS
2020-02-03 07:00:00,,6.26,6.26,,,HAS
2021-07-07 07:00:00,11.89,,11.89,,,HAS
2022-01-26 07:00:00,11.03,,,11.36,1100.0,HAS
2022-12-26 07:00:00,,,6.7,6.7,,HAS
2023-08-23 07:00:00,9.67,,8.69,8.71,,HAS
2025-05-19 07:00:00,,,7.7,7.7,100.0,HAS
2026-01-26 07:00:00,8.1,8.1,8.1,8.1,100.0,HAS
2018-06-18 07:00:00,,,,3.0,,HAV
2021-09-24 07:00:00,5.0,5.0,4.7,4.7,700.0,HAV
2022-01-19 07:00:00,,7.0,6.9,,19900.0,HAV
2022-10-21 07:00:00,,3.1,2.4,,4200.0,HAV
2023-06-15 07:00:00,3.9,3.9,3.9,3.9,2814.0,HAV
2023-10-24 07:00:00,,2.9,2.9,2.9,2500.0,HAV
2023-11-30 07:00:00,3.0,3.5,3.0,3.0,2300.0,HAV
2024-07-01 07:00:00,,,3.6,,1200.0,HAV
2024-10-08 07:00:00,3.6,,3.6,3.6,400.0,HAV
2024-11-27 07:00:00,,3.5,3.0,,,HAV
2025-01-07 07:00:00,3.5,3.5,,3.5,37.0,HAV
2025-02-26 07:00:00,3.6,3.7,3.6,,6700.0,HAV
2020-09-28 07:00:00,3.53,3.53,,3.53,100.0,HBH
2021-02-09 07:00:00,4.71,4.71,4.71,4.71,5200.0,HBH
2022-11-15 07:00:00,7.75,7.75,,7.75,,HBH
2023-06-08 07:00:00,7.84,7.84,7.84,7.84,104.0,HBH
2024-06-26 07:00:00,,,,5.88,,HBH
2025-09-08 07:00:00,5.29,,,5.49,400.0,HBH
2026-02-02 07:00:00,,5.1,,5.1,100.0,HBH
2016-06-14 07:00:00,,,2.87,2.87,50.0,HBS
2016-08-18 07:00:00,,2.53,2.36,2.53,21420.0,HBS
2016-12-22 07:00:00,,,2.45,2.45,200.0,HBS
2017-03-02 07:00:00,2.36,2.53,2.36,2.53,11800.0,HBS
2017-08-25 07:00:00,2.53,2.53,2.53,2.53,,HBS
2017-09-01 07:00:00,2.36,,2.28,2.36,18800.0,HBS
2018-03-20 07:00:00,2.19,,2.19,2.19,30900.0,HBS
2018-05-10 07:00:00,1.94,1.94,,1.94,100.0,HBS
2019-04-05 07:00:00,2.28,2.28,2.28,2.28,300.0,HBS
2020-11-03 07:00:00,1.69,1.77,1.69,1.77,1100.0,HBS
2022-01-07 07:00:00,13.42,13.67,13.33,,252500.0,HBS
2022-10-20 07:00:00,,4.64,4.39,4.64,21702.0,HBS
2023-02-17 07:00:00,4.47,,4.47,4.89,28233.0,HBS
2023-05-08 07:00:00,4.89,5.32,4.89,5.23,189918.0,HBS
2023-06-30 07:00:00,7.17,7.26,7.09,7.09,,HBS
2023-09-20 07:00:00,,9.03,,9.03,,HBS
2023-10-25 07:00:00,,6.75,6.41,6.67,42500.0,HBS
2024-07-11 07:00:00,8.52,,,,88451.0,HBS
2024-07-23 07:00:00,8.02,8.02,,,54700.0,HBS
2024-11-01 07:00:00,7.8,7.8,7.3,7.3,31304.0,HBS
2018-05-28 07:00:00,11.02,11.06,11.02,,,HC3
2020-03-25 07:00:00,,15.53,15.26,15.26,15000.0,HC3
2020-05-08 07:00:00,,12.64,12.64,12.64,,HC3
2021-07-29 07:00:00,19.97,,19.97,19.97,1910.0,HC3
2022-07-01 07:00:00,28.98,28.98,28.98,28.98,26.0,HC3
2022-07-18 07:00:00,27.8,,,27.8,,HC3
2024-08-09 07:00:00,19.78,19.78,19.78,19.78,100.0,HC3
2024-11-05 07:00:00,23.99,23.99,23.72,23.72,1500.0,HC3
2025-01-22 07:00:00,24.14,24.14,24.14,,200.0,HC3
2026-01-12 07:00:00,26.0,26.0,26.0,26.0,200.0,HC3
2016-08-05 07:00:00,4.96,,4.84,4.96,162740.0,HCD
2016-12-02 07:00:00,5.24,5.37,5.13,,360730.0,HCD
2017-01-25 07:00:00,5.83,5.88,5.83,5.86,202220.0,HCD
2017-05-15 07:00:00,,5.03,4.91,,232500.0,HCD
2018-01-12 07:00:00,,5.47,5.38,5.44,,HCD
2018-01-15 07:00:00,5.36,,,,202600.0,HCD
2018-09-27 07:00:00,,7.35,,7.25,499670.0,HCD
2019-01-29 07:00:00,3.63,,,,,HCD
2019-06-05 07:00:00,2.66,2.75,2.63,2.72,37800.0,HCD
2019-08-16 07:00:00,2.51,,2.51,2.52,,HCD
2020-01-16 07:00:00,,1.73,1.69,,,HCD
2020-04-20 07:00:00,2.09,2.24,2.09,2.24,711430.0,HCD
2020-10-02 07:00:00,1.99,2.04,,,525300.0,HCD
2022-03-10 07:00:00,11.07,11.51,10.91,10.95,814400.0,HCD
2022-03-14 07:00:00,,,10.62,11.11,448400.0,HCD
2022-04-20 07:00:00,10.78,11.11,10.7,10.86,448800.0,HCD
2022-09-28 07:00:00,6.24,6.32,5.93,5.93,57400.0,HCD
2023-03-24 07:00:00,5.29,5.3,,,114700.0,HCD
2023-04-12 07:00:00,,5.76,,5.68,182800.0,HCD
2023-08-16 07:00:00,,,7.78,7.88,613500.0,HCD
2023-08-21 07:00:00,7.3,,7.3,7.54,,HCD
2023-11-16 07:00:00,7.8,,7.61,7.77,278100.0,HCD
2024-01-16 07:00:00,,,7.3,,,HCD
2024-02-05 07:00:00,9.56,9.88,9.46,9.85,,HCD
2024-10-01 07:00:00,10.15,,10.1,,121100.0,HCD
2025-03-26 07:00:00,7.8,7.83,,,,HCD
2025-05-26 07:00:00,6.79,7.17,,,,HCD
2025-09-03 07:00:00,,8.32,8.12,,192100.0,HCD
2018-03-20 07:00:00,,8.58,,8.41,,HDB
2018-03-29 07:00:00,,8.85,8.68,8.79,,HDB
2018-07-10 07:00:00,,7.14,6.91,6.95,598240.0,HDB
2018-07-31 07:00:00,6.97,7.1,,7.05,1501400.0,HDB
2019-06-26 07:00:00,,5.31,5.24,5.27,1348500.0,HDB
2020-08-06 07:00:00,5.05,5.2,4.97,,,HDB
2020-08-26 07:00:00,5.54,5.63,5.52,,661770.0,HDB
2021-08-24 07:00:00,,,10.85,,2542400.0,HDB
2021-10-08 07:00:00,9.87,9.93,,9.93,1393200.0,HDB
2021-11-15 07:00:00,,12.01,11.5,,,HDB
2022-08-17 07:00:00,,10.93,10.74,10.91,4696900.0,HDB
2022-12-01 07:00:00,,8.24,,8.13,3183800.0,HDB
2023-11-17 07:00:00,11.7,11.73,,11.42,7864400.0,HDB
2024-03-07 07:00:00,,14.45,14.27,14.3,,HDB
2024-08-12 07:00:00,16.46,,16.2,16.43,,HDB
2024-12-31 07:00:00,20.32,20.32,,19.66,9184500.0,HDB
2025-06-26 07:00:00,16.85,,16.65,16.73,,HDB
2025-07-18 07:00:00,18.85,18.89,18.58,18.81,14310500.0,HDB
2025-12-02 07:00:00,24.29,24.67,,,,HDB
2026-03-30 07:00:00,,25.3,,25.2,14532900.0,HDB
2016-06-01 07:00:00,4.57,4.8,4.57,,5020.0,HDG
2017-01-06 07:00:00,4.48,4.61,4.48,4.49,,HDG
2017-02-09 07:00:00,4.93,4.99,4.72,,9250.0,HDG
2017-10-19 07:00:00,,,6.46,,,HDG
2018-02-28 07:00:00,,,9.85,,,HDG
2018-12-19 07:00:00,9.01,9.06,8.87,9.02,237420.0,HDG
2019-03-18 07:00:00,,11.35,10.97,,690700.0,HDG
2019-08-01 07:00:00,,,11.6,11.87,1254450.0,HDG
2020-04-06 07:00:00,5.95,,5.95,,494070.0,HDG
2020-06-26 07:00:00,8.98,,8.73,,120180.0,HDG
2020-11-11 07:00:00,10.65,10.67,10.52,10.61,1406470.0,HDG
2020-12-17 07:00:00,14.54,14.67,,14.29,1753830.0,HDG
2021-06-01 07:00:00,19.46,20.62,19.24,20.12,3623200.0,HDG
2021-07-14 07:00:00,,21.43,,21.1,4190300.0,HDG
2022-02-15 07:00:00,,33.68,,,359000.0,HDG
2022-12-21 07:00:00,20.43,,19.18,20.3,1337200.0,HDG
2023-02-22 07:00:00,,19.79,18.83,18.83,1175800.0,HDG
2023-08-10 07:00:00,,26.23,25.15,25.35,2439500.0,HDG
2024-03-26 07:00:00,,23.44,22.84,,1922200.0,HDG
2024-07-16 07:00:00,29.0,29.27,,,4796600.0,HDG
2024-07-25 07:00:00,24.85,,,25.43,,HDG
2024-08-23 07:00:00,,25.97,,25.66,3495500.0,HDG
2024-11-26 07:00:00,25.66,25.88,25.39,,,HDG
2024-12-05 07:00:00,,27.17,,27.17,,HDG
2024-12-20 07:00:00,,27.49,26.91,,,HDG
2018-11-16 07:00:00,11.77,11.77,,11.77,100.0,HEJ
2020-01-14 07:00:00,22.22,25.43,22.22,25.43,,HEJ
2020-08-21 07:00:00,21.27,21.27,,20.8,,HEJ
2022-02-09 07:00:00,48.0,,,47.0,4900.0,HEJ
2022-04-14 07:00:00,47.7,,47.7,50.6,3100.0,HEJ
2022-10-17 07:00:00,15.3,15.3,13.9,,6800.0,HEJ
2022-12-20 07:00:00,14.5,15.4,,15.4,,HEJ
2023-10-02 07:00:00,11.8,,11.8,12.0,1800.0,HEJ
2023-11-23 07:00:00,,11.9,11.9,11.9,,HEJ
2024-01-30 07:00:00,,,10.8,11.0,,HEJ
2024-05-08 07:00:00,11.3,11.3,11.3,11.3,100.0,HEJ
2024-12-10 07:00:00,,,11.4,,,HEJ
2025-12-16 07:00:00,10.3,10.3,,10.0,1000.0,HEJ
2021-07-14 07:00:00,,8.46,8.46,8.46,,HEP
2021-09-22 07:00:00,9.21,9.21,9.21,,100.0,HEP
2023-02-21 07:00:00,10.83,12.7,,11.31,,HEP
2023-04-06 07:00:00,12.62,12.62,,11.31,1300.0,HEP
2023-05-15 07:00:00,12.62,12.62,12.62,,,HEP
2023-05-29 07:00:00,,16.44,,,3000.0,HEP
2023-12-07 07:00:00,10.7,10.79,,10.44,,HEP
2025-04-04 07:00:00,,,,15.91,2700.0,HEP
2025-09-23 07:00:00,16.0,,,16.0,,HEP
2016-03-28 07:00:00,6.63,,6.57,6.57,1100.0,HEV
2016-04-25 07:00:00,,,6.74,,,HEV
2021-04-05 07:00:00,11.7,,11.7,11.87,,HEV
2021-04-29 07:00:00,12.43,14.52,12.43,12.43,,HEV
2021-11-19 07:00:00,15.06,15.24,,15.24,4100.0,HEV
2022-05-26 07:00:00,43.99,,43.99,43.99,,HEV
2023-01-04 07:00:00,34.48,34.48,,,,HEV
2025-07-03 07:00:00,16.7,18.0,,18.0,,HEV
2016-04-27 07:00:00,,5.43,5.36,5.43,22925.0,HHG
2016-06-16 07:00:00,6.39,6.46,6.26,,120200.0,HHG
2016-09-19 07:00:00,7.47,,,7.08,,HHG
2017-04-17 07:00:00,,7.73,,7.42,217630.0,HHG
2017-06-06 07:00:00,,,6.87,7.03,,HHG
2017-11-17 07:00:00,,5.89,5.73,5.81,117900.0,HHG
2018-03-23 07:00:00,4.81,4.81,4.65,4.73,288900.0,HHG
2018-04-19 07:00:00,4.73,4.73,,4.56,,HHG
2018-06-20 07:00:00,,,,,184000.0,HHG
2019-06-27 07:00:00,,,1.5,,,HHG
2020-03-10 07:00:00,,,,1.3,36820.0,HHG
2020-06-01 07:00:00,1.1,1.2,1.1,1.1,32630.0,HHG
2020-06-12 07:00:00,1.5,1.6,1.4,,42188.0,HHG
2020-06-22 07:00:00,,,1.4,,,HHG
2020-08-04 07:00:00,1.2,,1.2,1.2,200.0,HHG
2020-08-06 07:00:00,1.2,,,1.1,,HHG
2020-09-11 07:00:00,,1.4,1.3,,,HHG
2020-12-04 07:00:00,,1.3,1.2,1.2,,HHG
2022-11-10 07:00:00,1.7,1.7,1.5,1.5,231825.0,HHG
2023-02-27 07:00:00,,,1.3,1.4,,HHG
2023-07-10 07:00:00,2.5,2.6,,,416764.0,HHG
2023-08-22 07:00:00,2.6,,2.4,2.6,688572.0,HHG
2023-09-19 07:00:00,2.5,2.6,,2.5,263884.0,HHG
2024-06-21 07:00:00,2.0,,1.9,2.1,498790.0,HHG
2024-09-20 07:00:00,1.7,1.9,,1.8,1007184.0,HHG
2025-01-23 07:00:00,,1.6,,,505030.0,HHG
2025-07-16 07:00:00,1.6,,,,,HHG
2025-07-18 07:00:00,1.8,,1.6,1.6,,HHG
2025-11-17 07:00:00,,1.4,1.3,1.4,,HHG
2026-02-10 07:00:00,1.2,1.2,1.0,,271400.0,HHG
2018-07-30 07:00:00,2.64,2.68,2.63,2.68,92620.0,HID
2018-08-22 07:00:00,2.54,,2.5,2.52,70070.0,HID
2018-12-12 07:00:00,2.32,2.34,,2.34,32460.0,HID
2019-03-07 07:00:00,,2.39,2.3,,64850.0,HID
2019-10-16 07:00:00,2.42,,,2.41,,HID
2020-02-21 07:00:00,2.35,2.35,2.3,2.3,47900.0,HID
2020-04-08 07:00:00,,2.06,1.97,2.05,,HID
2021-01-08 07:00:00,3.08,3.08,2.96,,467800.0,HID
2021-01-26 07:00:00,3.81,3.81,3.66,3.69,902300.0,HID
2021-03-19 07:00:00,4.26,4.31,4.26,4.3,201200.0,HID
2021-09-20 07:00:00,6.6,7.0,6.6,,,HID
2022-01-26 07:00:00,,9.8,8.65,,,HID
2022-04-25 07:00:00,7.8,7.8,,,636700.0,HID
2023-02-02 07:00:00,3.15,3.22,3.05,,420700.0,HID
2023-03-02 07:00:00,3.0,3.0,2.96,,82600.0,HID
2024-08-27 07:00:00,,,2.7,2.7,33900.0,HID
2024-09-23 07:00:00,,2.75,2.69,2.72,32400.0,HID
2024-11-29 07:00:00,,2.66,2.6,,11800.0,HID
2025-02-07 07:00:00,2.81,2.9,,2.9,148700.0,HID
2025-07-10 07:00:00,2.92,2.92,,2.9,352600.0,HID
2025-10-02 07:00:00,3.8,3.8,,3.8,,HID
2025-10-24 07:00:00,3.4,,,,531200.0,HID
2025-12-16 07:00:00,7.32,7.32,7.32,7.32,110700.0,HID
2026-03-30 07:00:00,4.95,,4.95,5.35,992000.0,HID
2026-04-15 07:00:00,5.0,5.07,4.8,4.89,578100.0,HID
2023-11-21 07:00:00,19.0,,,19.0,,HIO
2024-01-29 07:00:00,25.5,,24.3,25.2,33600.0,HIO
2024-08-06 07:00:00,12.6,14.6,11.1,12.2,879901.0,HIO
2024-08-13 07:00:00,,11.4,,10.7,,HIO
2024-09-23 07:00:00,,12.7,,11.8,627220.0,HIO
2025-05-07 07:00:00,7.4,7.4,7.2,7.3,,HIO
2025-06-19 07:00:00,7.1,7.1,7.1,7.1,,HIO
2026-01-28 07:00:00,,7.6,,7.4,6000.0,HIO
2026-03-18 07:00:00,7.4,,,7.5,14100.0,HIO
2026-04-22 07:00:00,7.5,7.6,7.5,7.5,4000.0,HIO
2017-05-30 07:00:00,4.56,4.56,4.1,4.56,14300.0,HKT
2018-03-05 07:00:00,2.5,2.5,2.4,,27900.0,HKT
2018-06-08 07:00:00,1.8,1.9,,,113500.0,HKT
2020-07-14 07:00:00,6.4,6.4,,,300.0,HKT
2021-03-24 07:00:00,7.1,7.1,6.9,6.9,34910.0,HKT
2021-11-30 07:00:00,7.4,7.4,7.1,7.2,,HKT
2021-12-13 07:00:00,7.6,7.8,,,9475.0,HKT
2022-11-04 07:00:00,,,,,100.0,HKT
2023-01-30 07:00:00,6.4,7.0,6.4,,200.0,HKT
2023-02-23 07:00:00,6.5,6.5,,6.5,100.0,HKT
2023-06-27 07:00:00,5.9,6.0,5.7,,17500.0,HKT
2023-08-02 07:00:00,,5.8,5.6,5.8,,HKT
2023-09-25 07:00:00,5.3,5.3,5.3,,100.0,HKT
2024-02-15 07:00:00,4.5,5.0,,,,HKT
2026-04-21 07:00:00,20.5,20.5,20.0,20.0,,HKT
2019-03-22 07:00:00,11.49,,,11.49,500.0,HLS
2020-02-26 07:00:00,13.32,,,,100.0,HLS
2025-02-24 07:00:00,23.03,23.03,23.03,,,HLS
2025-07-11 07:00:00,15.0,,15.0,15.0,100.0,HLS
2022-06-06 07:00:00,8.07,,7.99,,,HMR
2022-10-07 07:00:00,6.17,,,6.49,,HMR
2022-11-18 07:00:00,,5.38,,4.98,25000.0,HMR
2023-03-02 07:00:00,,7.43,7.04,7.12,,HMR
2023-03-23 07:00:00,6.22,6.4,6.22,6.4,12710.0,HMR
2023-04-11 07:00:00,,,6.31,6.49,15300.0,HMR
2023-06-16 07:00:00,6.94,,6.85,6.85,,HMR
2023-07-21 07:00:00,,7.21,,7.21,,HMR
2023-12-01 07:00:00,,7.21,,,21200.0,HMR
2024-05-22 07:00:00,35.0,35.0,,,33561.0,HMR
2025-08-11 07:00:00,11.8,12.4,11.8,12.0,,HMR
2026-03-17 07:00:00,,,10.0,,8100.0,HMR
2017-08-10 07:00:00,19.73,19.73,,19.73,,HMS
2018-04-13 07:00:00,21.01,,21.01,,5200.0,HMS
2019-03-07 07:00:00,16.44,,16.44,,200.0,HMS
2020-01-15 07:00:00,,,,16.49,100.0,HMS
2021-11-29 07:00:00,32.86,34.42,32.86,34.11,26410.0,HMS
2021-12-07 07:00:00,,32.86,,32.07,16100.0,HMS
2022-07-12 07:00:00,24.25,24.25,,24.25,3100.0,HMS
2022-08-24 07:00:00,21.9,21.9,,21.9,300.0,HMS
2023-07-28 07:00:00,,29.82,28.79,,,HMS
2023-10-12 07:00:00,,,30.79,30.79,,HMS
2025-07-24 07:00:00,33.97,,,33.97,9300.0,HMS
2025-08-14 07:00:00,33.97,,33.59,,,HMS
2025-08-25 07:00:00,33.97,,,33.97,1000.0,HMS
2017-07-03 07:00:00,,26.19,26.19,26.19,110.0,HOT
2018-11-02 07:00:00,,23.85,23.85,,10.0,HOT
2019-04-09 07:00:00,30.25,30.25,30.21,30.25,500.0,HOT
2020-07-23 07:00:00,45.2,48.6,45.2,48.6,,HOT
2021-06-22 07:00:00,,30.95,30.95,30.95,100.0,HOT
2022-03-21 07:00:00,38.5,38.5,,38.5,2500.0,HOT
2022-07-25 07:00:00,29.1,,29.1,,900.0,HOT
2022-08-29 07:00:00,28.2,30.75,,30.75,,HOT
2022-09-26 07:00:00,28.05,29.35,28.0,29.35,400.0,HOT
2023-03-02 07:00:00,21.4,,21.4,21.4,2600.0,HOT
2023-07-12 07:00:00,17.0,19.3,17.0,19.3,,HOT
2023-08-29 07:00:00,,,19.4,19.8,300.0,HOT
2024-05-21 07:00:00,14.0,14.0,,14.0,50.0,HOT
2025-04-29 07:00:00,18.9,18.9,,18.9,,HOT
2016-07-14 07:00:00,,,,4.14,,HPD
2016-12-02 07:00:00,4.28,4.45,4.28,,1500.0,HPD
2017-02-24 07:00:00,,4.96,4.96,4.96,6000.0,HPD
2019-02-22 07:00:00,,,,,11000.0,HPD
2019-06-20 07:00:00,10.61,10.67,,10.67,,HPD
2019-08-14 07:00:00,10.28,10.28,,10.28,400.0,HPD
2022-03-25 07:00:00,,,16.27,16.27,1500.0,HPD
2022-06-17 07:00:00,16.15,17.23,,,6300.0,HPD
2022-10-27 07:00:00,,16.87,16.87,16.87,100.0,HPD
2023-08-03 07:00:00,17.82,,17.82,,1000.0,HPD
2024-05-30 07:00:00,,23.9,22.86,23.64,9600.0,HPD
2024-10-16 07:00:00,,,20.1,20.1,,HPD
2025-03-13 07:00:00,20.0,,20.0,20.0,1600.0,HPD
2025-05-05 07:00:00,,18.02,,,,HPD
2025-06-04 07:00:00,17.92,18.02,,18.02,13200.0,HPD
2025-07-10 07:00:00,16.32,16.32,16.13,16.32,,HPD
2025-10-27 07:00:00,,16.6,16.51,,6100.0,HPD
2025-11-14 07:00:00,16.59,,,16.68,7700.0,HPD
2025-12-19 07:00:00,16.59,16.59,16.59,16.59,200.0,HPD
2026-04-23 07:00:00,16.7,16.7,16.5,16.5,7100.0,HPD
2019-04-03 07:00:00,6.98,,6.39,6.98,400.0,HPH
2021-06-09 07:00:00,,5.87,5.58,5.58,1200.0,HPH
2022-01-06 07:00:00,11.35,11.35,11.35,,,HPH
2022-07-26 07:00:00,12.22,,,12.22,500.0,HPH
2024-09-30 07:00:00,,15.8,15.8,15.8,400.0,HPH
2016-06-28 07:00:00,17.3,17.3,17.3,,,HPM
2016-09-13 07:00:00,,18.3,18.1,,400.0,HPM
2017-01-03 07:00:00,18.7,18.7,,18.7,,HPM
2017-08-21 07:00:00,19.5,19.5,19.4,19.4,200.0,HPM
2017-09-22 07:00:00,,,19.7,19.7,,HPM
2017-10-16 07:00:00,19.8,19.9,19.8,19.9,200.0,HPM
2018-01-05 07:00:00,20.6,20.6,,,,HPM
2018-03-15 07:00:00,15.6,15.6,15.6,15.6,100.0,HPM
2018-12-11 07:00:00,,15.24,14.84,15.24,325710.0,HPX
2019-07-19 07:00:00,17.45,17.78,,,358190.0,HPX
2019-08-08 07:00:00,,,17.38,17.61,619570.0,HPX
2019-09-06 07:00:00,,17.45,,,321580.0,HPX
2019-09-09 07:00:00,17.12,17.45,16.26,17.38,367050.0,HPX
2019-09-25 07:00:00,,17.78,17.12,,542380.0,HPX
2019-11-18 07:00:00,17.65,17.65,,,,HPX
2021-01-07 07:00:00,,27.66,25.71,27.62,,HPX
2021-01-28 07:00:00,29.88,30.53,,29.58,,HPX
2021-07-26 07:00:00,24.88,26.97,,,361300.0,HPX
2021-10-05 07:00:00,,,30.4,30.45,,HPX
2021-11-09 07:00:00,33.8,34.5,,,792900.0,HPX
2022-09-12 07:00:00,26.0,26.05,,,303600.0,HPX
2023-04-24 07:00:00,4.05,4.09,4.01,,2694400.0,HPX
2023-05-17 07:00:00,4.1,4.33,4.1,,13485700.0,HPX
2026-04-13 07:00:00,5.1,,5.01,5.09,,HPX
2022-08-24 07:00:00,8.54,8.69,8.54,,,HSP
2022-10-10 07:00:00,,8.85,8.85,,1.0,HSP
2025-05-26 07:00:00,,14.8,14.7,14.8,200.0,HSP
2025-07-10 07:00:00,,14.5,14.5,,300.0,HSP
2025-07-29 07:00:00,,14.6,14.6,,1200.0,HSP
2026-02-05 07:00:00,14.1,14.2,14.1,14.2,,HSP
2016-01-29 07:00:00,,13.87,13.17,,1000.0,HT1
2016-03-25 07:00:00,13.33,,,,25620.0,HT1
2016-04-27 07:00:00,14.25,,14.14,14.51,69000.0,HT1
2016-05-20 07:00:00,15.27,,15.05,,7460.0,HT1
2016-10-10 07:00:00,15.7,,15.64,15.86,,HT1
2016-12-15 07:00:00,,,13.55,13.61,18910.0,HT1
2017-03-03 07:00:00,,12.32,,,128090.0,HT1
2017-09-14 07:00:00,10.55,10.55,,10.39,501670.0,HT1
2018-01-18 07:00:00,,12.0,11.55,,,HT1
2018-05-14 07:00:00,9.22,,8.84,8.87,123080.0,HT1
2018-09-28 07:00:00,10.45,,,10.32,,HT1
2018-10-11 07:00:00,10.03,,9.76,9.76,546660.0,HT1
2018-10-12 07:00:00,9.34,,9.15,10.18,,HT1
2019-11-20 07:00:00,,,12.21,,,HT1
2020-10-29 07:00:00,,12.38,,,,HT1
2021-05-28 07:00:00,,,13.31,13.45,443500.0,HT1
2022-10-12 07:00:00,10.05,,9.9,10.48,,HT1
2022-10-28 07:00:00,,9.76,9.37,,353100.0,HT1
2023-04-13 07:00:00,14.08,14.23,13.99,14.04,449600.0,HT1
2023-06-27 07:00:00,,,,15.81,1288500.0,HT1
2024-01-15 07:00:00,12.43,12.53,12.23,12.23,,HT1
2024-06-26 07:00:00,,13.23,,12.88,405000.0,HT1
2025-04-14 07:00:00,10.74,10.79,10.44,,382000.0,HT1
2016-05-11 07:00:00,10.3,,10.2,10.41,3100.0,HTC
2019-08-29 07:00:00,14.57,,,,3200.0,HTC
2020-03-05 07:00:00,,12.04,12.04,12.04,,HTC
2023-06-07 07:00:00,,18.59,,,204.0,HTC
2023-09-12 07:00:00,19.2,19.2,19.2,19.2,2.0,HTC
2023-10-31 07:00:00,17.52,,17.52,,1100.0,HTC
2024-06-10 07:00:00,20.08,20.08,20.08,,,HTC
2024-08-15 07:00:00,19.43,19.43,,19.43,100.0,HTC
2026-04-28 07:00:00,36.5,36.5,30.2,36.5,27600.0,HTC
2017-09-15 07:00:00,7.0,7.25,,7.2,,HTT
2017-11-16 07:00:00,,6.58,6.06,6.39,2296180.0,HTT
2018-01-02 07:00:00,4.45,4.5,4.4,,185440.0,HTT
2018-05-23 07:00:00,,2.67,,2.65,10950.0,HTT
2018-08-01 07:00:00,2.51,2.57,2.41,2.5,204480.0,HTT
2018-10-23 07:00:00,2.11,2.11,1.99,,,HTT
2019-07-09 07:00:00,,,1.57,1.62,,HTT
2019-11-07 07:00:00,,1.29,1.19,1.28,14080.0,HTT
2020-01-13 07:00:00,1.12,,1.05,,5980.0,HTT
2020-01-22 07:00:00,1.07,,1.02,,,HTT
2020-03-25 07:00:00,1.09,1.09,1.01,1.01,40130.0,HTT
2020-12-25 07:00:00,0.8,,,0.7,288005.0,HTT
2021-01-15 07:00:00,0.9,0.9,0.8,,157664.0,HTT
2024-08-16 07:00:00,1.3,1.4,1.3,,30204.0,HTT
2015-11-05 07:00:00,3.31,3.31,3.31,3.31,,HU3
2016-01-14 07:00:00,3.15,3.15,3.02,3.02,4110.0,HU3
2017-01-18 07:00:00,4.18,4.18,,4.18,10.0,HU3
2017-08-17 07:00:00,,4.24,4.19,4.24,5490.0,HU3
2017-11-16 07:00:00,,4.74,4.74,,10.0,HU3
2017-12-29 07:00:00,4.79,,4.59,4.59,1050.0,HU3
2018-05-07 07:00:00,6.63,6.63,6.56,6.61,5530.0,HU3
2018-05-11 07:00:00,6.56,,,6.56,21290.0,HU3
2018-11-08 07:00:00,6.48,,6.48,6.48,,HU3
2020-03-20 07:00:00,6.14,,6.14,6.14,,HU3
2021-10-05 07:00:00,7.32,7.32,,,,HU3
2022-05-17 07:00:00,,,,7.75,,HU3
2022-10-12 07:00:00,5.39,5.39,,5.2,7500.0,HU3
2023-08-02 07:00:00,,,4.5,4.5,100.0,HU3
2023-09-29 07:00:00,4.6,4.6,,4.5,4900.0,HU3
2024-01-26 07:00:00,4.5,4.5,,4.3,,HU3
2024-08-02 07:00:00,3.4,,3.4,3.5,,HU3
2024-12-13 07:00:00,3.6,,3.6,3.7,35600.0,HU3
2025-02-13 07:00:00,,,,3.6,6100.0,HU3
2015-12-31 07:00:00,3.67,,3.61,3.67,4900.0,ICG
2016-05-05 07:00:00,4.29,4.35,4.29,4.35,2100.0,ICG
2016-11-10 07:00:00,4.48,4.48,,4.35,,ICG
2018-05-08 07:00:00,4.03,4.22,4.03,,29700.0,ICG
2018-06-18 07:00:00,4.29,,4.29,4.29,8090.0,ICG
2019-07-10 07:00:00,,5.84,5.84,5.84,100.0,ICG
2020-04-23 07:00:00,4.57,4.74,4.49,4.74,10116.0,ICG
2020-05-11 07:00:00,4.57,4.65,4.41,4.65,,ICG
2020-10-21 07:00:00,5.4,5.4,,5.4,40.0,ICG
2021-04-28 07:00:00,6.82,,6.82,7.4,2400.0,ICG
2021-05-24 07:00:00,6.82,,6.82,,32500.0,ICG
2021-07-22 07:00:00,6.57,6.57,,6.57,200.0,ICG
2025-02-18 07:00:00,7.8,7.8,7.6,7.7,3605.0,ICG
2025-05-09 07:00:00,8.7,,8.3,,35800.0,ICG
2025-12-15 07:00:00,,17.3,,,,ICG
2026-03-02 07:00:00,19.3,,,,13600.0,ICG
2016-03-17 07:00:00,3.75,,,,714650.0,IDI
2016-06-13 07:00:00,3.32,3.32,3.28,3.32,,IDI
2017-09-08 07:00:00,,,2.72,2.72,28660.0,IDI
2017-12-15 07:00:00,6.1,6.18,6.04,,,IDI
2018-08-21 07:00:00,6.12,,6.04,6.07,1506880.0,IDI
2019-09-05 07:00:00,,,,,390290.0,IDI
2019-10-22 07:00:00,4.64,4.64,,4.57,1164750.0,IDI
2020-05-06 07:00:00,,,2.97,2.99,,IDI
2020-08-13 07:00:00,,,3.24,3.25,1346500.0,IDI
2020-09-14 07:00:00,3.64,,,3.73,,IDI
2021-01-08 07:00:00,6.42,6.42,,6.17,4030600.0,IDI
2021-02-24 07:00:00,4.89,5.01,4.77,4.86,2180300.0,IDI
2021-04-28 07:00:00,5.09,,5.06,5.14,900800.0,IDI
2022-01-10 07:00:00,12.35,12.81,12.11,12.35,,IDI
2022-03-04 07:00:00,,13.94,13.59,13.63,3511600.0,IDI
2022-04-08 07:00:00,20.54,20.58,19.22,19.26,6787900.0,IDI
2022-05-18 07:00:00,15.76,16.11,,15.49,2601100.0,IDI
2022-08-18 07:00:00,16.42,16.69,16.19,16.23,,IDI
2022-11-02 07:00:00,,,9.69,,,IDI
2023-10-12 07:00:00,,12.2,11.7,11.82,3349900.0,IDI
2024-05-15 07:00:00,9.73,9.77,,9.65,1076200.0,IDI
2024-09-16 07:00:00,9.28,9.39,9.15,9.15,,IDI
2025-02-26 07:00:00,7.78,7.78,,,622400.0,IDI
2025-09-16 07:00:00,9.19,9.19,8.61,,,IDI
2016-05-18 07:00:00,4.55,4.6,4.55,4.6,3500.0,IDV
2016-07-06 07:00:00,6.34,6.77,,,,IDV
2016-09-30 07:00:00,,,7.06,7.28,3250.0,IDV
2016-10-21 07:00:00,7.65,7.85,7.37,7.77,,IDV
2017-07-28 07:00:00,8.98,,8.98,,50820.0,IDV
2017-08-31 07:00:00,,9.91,9.84,,,IDV
2017-09-12 07:00:00,9.68,9.68,,9.56,36653.0,IDV
2018-07-19 07:00:00,8.33,8.33,7.63,,15511.0,IDV
2020-02-27 07:00:00,12.23,12.23,12.1,,,IDV
2020-04-15 07:00:00,10.97,11.46,,11.46,1200.0,IDV
2021-12-13 07:00:00,,,25.98,26.7,13780.0,IDV
2022-04-07 07:00:00,30.55,30.55,,30.31,,IDV
2022-06-29 07:00:00,,20.82,20.24,,6096.0,IDV
2023-08-14 07:00:00,21.34,21.46,21.22,21.22,18930.0,IDV
2023-09-21 07:00:00,20.52,21.75,,21.69,2610.0,IDV
2024-08-20 07:00:00,26.59,,,26.66,,IDV
2025-07-31 07:00:00,,24.08,23.24,23.74,37100.0,IDV
2025-08-25 07:00:00,22.9,22.98,22.65,22.73,10100.0,IDV
2025-09-05 07:00:00,,22.82,22.4,,27600.0,IDV
2025-12-11 07:00:00,23.15,23.57,23.15,23.32,,IDV
2016-04-27 07:00:00,7.45,7.45,,7.45,100.0,IHK
2017-11-21 07:00:00,7.94,7.94,,,110.0,IHK
2021-08-11 07:00:00,22.79,22.79,,22.79,,IHK
2026-04-14 07:00:00,6.9,6.9,6.9,6.9,100.0,IHK
2016-06-13 07:00:00,,,3.05,3.09,,IJC
2016-06-30 07:00:00,,3.16,3.09,3.09,482860.0,IJC
2016-07-08 07:00:00,,3.23,3.12,,787220.0,IJC
2017-08-18 07:00:00,,4.92,4.7,4.8,756060.0,IJC
2018-03-02 07:00:00,,,3.47,3.62,304680.0,IJC
2018-06-25 07:00:00,,,,3.69,131080.0,IJC
2019-11-13 07:00:00,6.83,6.87,6.76,6.8,291410.0,IJC
2021-01-12 07:00:00,13.44,,,13.85,1153500.0,IJC
2021-11-19 07:00:00,,18.75,,17.21,15178600.0,IJC
2022-03-11 07:00:00,15.89,16.16,,,1590000.0,IJC
2023-03-01 07:00:00,7.81,8.19,7.49,8.19,3460500.0,IJC
2023-03-28 07:00:00,8.45,8.61,8.29,8.29,,IJC
2024-01-15 07:00:00,9.86,9.93,,9.72,705200.0,IJC
2024-06-05 07:00:00,12.17,12.79,12.17,12.44,10570700.0,IJC
2024-07-24 07:00:00,,11.7,11.23,11.62,1725200.0,IJC
2025-07-21 07:00:00,,,,10.78,4330900.0,IJC
2025-11-25 07:00:00,12.1,,,,3709800.0,IJC
2026-03-26 07:00:00,10.4,10.4,10.15,10.15,1226100.0,IJC
2018-01-24 07:00:00,9.86,9.86,9.86,,109.0,ILA
2018-11-23 07:00:00,3.9,,,3.9,400.0,ILA
2019-08-07 07:00:00,1.3,,1.21,1.3,64900.0,ILA
2019-11-12 07:00:00,1.3,,1.3,,20.0,ILA
2020-02-26 07:00:00,,2.95,2.69,,17000.0,ILA
2021-03-31 07:00:00,,5.12,4.86,4.94,,ILA
2021-07-22 07:00:00,4.42,,,,16200.0,ILA
2021-12-01 07:00:00,13.01,13.01,,,315004.0,ILA
2022-07-07 07:00:00,4.74,,4.65,,34001.0,ILA
2022-10-31 07:00:00,4.65,4.65,4.27,4.46,,ILA
2023-02-16 07:00:00,,2.84,,2.84,39335.0,ILA
2023-06-12 07:00:00,,4.93,4.55,,331152.0,ILA
2023-10-02 07:00:00,3.32,,3.13,3.22,,ILA
2023-12-07 07:00:00,3.7,3.7,,3.7,68300.0,ILA
2024-03-15 07:00:00,5.31,,,,94906.0,ILA
2024-04-19 07:00:00,5.03,5.12,4.36,5.03,,ILA
2024-09-05 07:00:00,,4.74,,4.55,40836.0,ILA
2024-10-11 07:00:00,4.4,4.5,,4.5,41027.0,ILA
2024-11-25 07:00:00,4.0,4.0,,4.0,11004.0,ILA
2025-09-17 07:00:00,6.7,,,6.7,,ILA
2025-10-23 07:00:00,,,6.5,,,ILA
2025-12-16 07:00:00,,6.6,,,2100.0,ILA
2019-07-02 07:00:00,2.9,2.9,2.9,,1100.0,ILC
2020-08-05 07:00:00,3.1,3.1,3.1,3.1,,ILC
2022-01-06 07:00:00,9.0,,,9.1,4100.0,ILC
2022-04-01 07:00:00,,8.7,8.7,,100.0,ILC
2022-12-14 07:00:00,8.9,8.9,8.9,,200.0,ILC
2022-12-15 07:00:00,9.9,10.2,,10.2,1400.0,ILC
2022-12-22 07:00:00,,8.3,8.3,8.3,3800.0,ILC
2023-03-31 07:00:00,,8.9,8.9,8.9,2000.0,ILC
2024-11-22 07:00:00,5.8,,5.7,,,ILC
2025-05-08 07:00:00,,6.6,6.5,6.5,1300.0,ILC
2025-07-16 07:00:00,6.7,,6.7,6.7,1000.0,ILC
2025-07-25 07:00:00,6.7,6.7,6.7,6.7,,ILC
2025-12-01 07:00:00,6.3,6.3,6.3,6.3,200.0,ILC
2026-01-09 07:00:00,6.1,6.1,6.1,6.1,200.0,ILC
2017-11-08 07:00:00,6.86,6.86,6.86,6.86,1000.0,IME
2018-10-19 07:00:00,10.14,,10.14,10.14,100.0,IME
2019-03-22 07:00:00,17.3,17.3,,17.3,100.0,IME
2016-05-16 07:00:00,,,,9.73,32900.0,IMP
2016-07-21 07:00:00,11.04,11.25,10.82,11.04,,IMP
2016-08-19 07:00:00,12.66,12.66,,12.23,90590.0,IMP
2016-09-26 07:00:00,,13.5,13.09,,28990.0,IMP
2017-02-21 07:00:00,13.29,,13.16,13.18,21130.0,IMP
2017-05-15 07:00:00,13.61,13.93,13.59,13.68,14330.0,IMP
2017-07-13 07:00:00,16.17,,15.92,16.27,15830.0,IMP
2017-11-10 07:00:00,15.8,15.8,,15.77,4200.0,IMP
2017-12-27 07:00:00,16.47,16.62,16.42,16.62,5900.0,IMP
2018-04-24 07:00:00,15.74,,15.66,15.66,,IMP
2018-05-25 07:00:00,,15.54,15.41,15.41,810.0,IMP
2018-12-04 07:00:00,16.29,16.29,15.38,,16110.0,IMP
2018-12-07 07:00:00,,16.29,15.5,16.29,,IMP
2019-01-18 07:00:00,14.66,,14.54,15.09,9150.0,IMP
2019-01-28 07:00:00,14.48,14.54,14.48,14.54,1730.0,IMP
2019-03-05 07:00:00,,,14.63,,25580.0,IMP
2019-03-27 07:00:00,14.63,15.01,14.54,,,IMP
2019-04-23 07:00:00,,14.98,14.95,,8520.0,IMP
2019-07-31 07:00:00,,15.15,14.24,,16070.0,IMP
2019-09-10 07:00:00,,14.54,,14.54,,IMP
2019-09-18 07:00:00,14.51,14.51,14.27,14.51,2840.0,IMP
2019-11-21 07:00:00,16.6,,16.6,16.93,71120.0,IMP
2021-08-11 07:00:00,,28.96,28.76,28.76,4100.0,IMP
2021-12-15 07:00:00,,31.94,,31.66,4600.0,IMP
2022-04-20 07:00:00,30.31,,29.98,29.98,,IMP
2022-10-27 07:00:00,23.37,23.37,22.28,,4400.0,IMP
2022-12-20 07:00:00,25.04,26.5,24.83,,,IMP
2023-01-31 07:00:00,24.66,24.66,,23.99,3000.0,IMP
2024-08-26 07:00:00,42.29,42.29,,42.09,,IMP
2024-11-21 07:00:00,,41.75,,41.0,,IMP
2025-01-02 07:00:00,46.55,47.09,46.05,46.9,75300.0,IMP
2025-01-07 07:00:00,43.83,,,43.78,,IMP
2025-02-05 07:00:00,45.21,,43.58,44.57,104600.0,IMP
2025-09-26 07:00:00,,,52.6,,50300.0,IMP
2025-12-24 07:00:00,49.1,50.1,,50.1,7300.0,IMP
2026-02-11 07:00:00,53.6,53.9,53.5,53.9,,IMP
2016-03-18 07:00:00,6.73,6.73,,6.56,134560.0,ITD
2016-11-01 07:00:00,10.21,10.21,,9.93,41830.0,ITD
2017-02-13 07:00:00,,,12.11,12.27,143120.0,ITD
2018-09-06 07:00:00,,6.01,5.79,5.89,11050.0,ITD
2019-01-02 07:00:00,5.85,,5.66,,,ITD
2019-01-11 07:00:00,5.58,5.69,5.52,,40030.0,ITD
2019-05-16 07:00:00,6.6,6.71,6.48,6.65,19720.0,ITD
2019-07-09 07:00:00,,7.15,6.71,,,ITD
2019-07-24 07:00:00,,6.91,6.65,6.8,,ITD
2020-01-13 07:00:00,,6.13,5.81,,,ITD
2020-08-20 07:00:00,5.8,,,,,ITD
2021-05-27 07:00:00,9.15,9.37,9.08,9.15,,ITD
2021-12-20 07:00:00,,13.52,13.02,,,ITD
2023-02-10 07:00:00,11.48,11.48,11.0,11.12,69700.0,ITD
2023-04-25 07:00:00,10.28,10.37,,10.33,15100.0,ITD
2023-07-10 07:00:00,10.5,10.72,10.28,,211000.0,ITD
2023-08-25 07:00:00,,,9.14,9.14,22200.0,ITD
2023-09-13 07:00:00,9.8,,9.67,9.76,31400.0,ITD
2024-06-28 07:00:00,15.56,,15.12,,,ITD
2024-08-07 07:00:00,11.6,11.6,11.03,,,ITD
2024-12-25 07:00:00,11.87,12.13,11.47,11.6,17900.0,ITD
2026-01-28 07:00:00,16.0,16.0,,15.76,75200.0,ITD
2026-02-27 07:00:00,,,16.8,16.9,31100.0,ITD
2024-10-18 07:00:00,0.9,1.0,0.8,0.8,,JOS
2016-05-25 07:00:00,4.0,,,3.9,543920.0,JVC
2016-07-15 07:00:00,3.9,4.0,3.9,4.0,140260.0,JVC
2016-07-22 07:00:00,3.8,3.9,3.7,,709930.0,JVC
2016-08-05 07:00:00,3.3,,3.2,3.3,251020.0,JVC
2016-09-01 07:00:00,3.6,3.7,,3.5,770870.0,JVC
2016-10-04 07:00:00,,,3.43,3.54,420340.0,JVC
2016-10-20 07:00:00,3.2,,3.1,,125030.0,JVC
2017-07-06 07:00:00,3.6,,,3.5,,JVC
2017-10-25 07:00:00,,4.45,4.21,4.21,43710.0,JVC
2018-07-16 07:00:00,2.95,3.08,,,,JVC
2018-08-03 07:00:00,3.18,,3.14,3.18,64450.0,JVC
2018-08-10 07:00:00,3.08,3.08,2.9,3.03,234910.0,JVC
2019-02-28 07:00:00,3.1,3.1,,3.06,145430.0,JVC
2019-05-07 07:00:00,3.1,3.15,3.06,,150150.0,JVC
2019-06-19 07:00:00,3.05,3.08,3.04,,162210.0,JVC
2019-06-20 07:00:00,,3.06,3.04,3.05,175980.0,JVC
2019-07-16 07:00:00,2.89,,2.86,,13400.0,JVC
2019-08-21 07:00:00,,2.76,2.59,,,JVC
2020-07-20 07:00:00,3.67,,3.66,,,JVC
2020-08-27 07:00:00,4.5,4.55,4.38,4.39,,JVC
2020-12-21 07:00:00,,,,4.88,1543520.0,JVC
2021-04-09 07:00:00,,,5.05,,,JVC
2021-09-29 07:00:00,,6.85,,6.61,2324500.0,JVC
2022-06-02 07:00:00,,,6.8,6.82,1017000.0,JVC
2022-06-08 07:00:00,,6.43,6.1,,947200.0,JVC
2023-07-04 07:00:00,4.08,4.09,4.0,,638500.0,JVC
2023-08-11 07:00:00,4.6,,,4.45,,JVC
2024-07-15 07:00:00,3.53,,,3.52,186600.0,JVC
2024-08-19 07:00:00,,,3.3,,137400.0,JVC
2024-11-25 07:00:00,,,2.95,3.08,607600.0,JVC
2025-02-06 07:00:00,,,4.4,4.4,902500.0,JVC
2025-03-21 07:00:00,5.2,5.4,,5.39,772200.0,JVC
2026-04-01 07:00:00,4.26,4.55,,4.24,875400.0,JVC
2016-06-02 07:00:00,,,,19.0,,KDC
2016-12-15 07:00:00,24.91,25.1,,,104000.0,KDC
2017-02-21 07:00:00,28.89,29.11,,29.08,282240.0,KDC
2017-03-15 07:00:00,,,27.84,27.84,,KDC
2017-04-13 07:00:00,,31.33,,31.14,,KDC
2017-12-12 07:00:00,30.64,,29.59,30.09,,KDC
2018-10-04 07:00:00,22.68,,22.44,22.72,55850.0,KDC
2018-10-15 07:00:00,21.46,21.58,,21.18,78150.0,KDC
2019-04-18 07:00:00,16.73,17.05,16.52,,63150.0,KDC
2019-05-30 07:00:00,15.58,15.71,15.54,15.54,,KDC
2019-06-14 07:00:00,,15.54,15.42,15.5,82120.0,KDC
2019-07-09 07:00:00,,15.46,15.3,,14630.0,KDC
2020-01-31 07:00:00,,16.4,,,,KDC
2020-08-04 07:00:00,,27.26,,27.21,504240.0,KDC
2020-12-09 07:00:00,34.1,35.0,,34.73,999720.0,KDC
2021-03-04 07:00:00,45.16,45.43,43.5,,,KDC
2021-04-02 07:00:00,49.67,49.67,,,,KDC
2021-04-12 07:00:00,,48.75,,48.56,1400900.0,KDC
2021-05-19 07:00:00,,47.28,,47.0,1345000.0,KDC
2021-07-21 07:00:00,56.4,56.4,55.94,56.21,2047900.0,KDC
2021-09-01 07:00:00,55.85,,,55.76,3098700.0,KDC
2023-03-28 07:00:00,56.99,,56.8,,1575000.0,KDC
2023-05-24 07:00:00,61.26,,,60.98,860800.0,KDC
2023-06-06 07:00:00,61.74,61.74,60.98,61.55,,KDC
2024-04-08 07:00:00,59.55,60.71,59.36,,,KDC
2024-08-28 07:00:00,,53.57,53.08,53.37,,KDC
2024-09-27 07:00:00,48.55,,48.55,50.19,,KDC
2024-10-03 07:00:00,49.22,49.61,48.84,49.22,,KDC
2025-01-08 07:00:00,57.42,,56.94,57.13,431300.0,KDC
2025-02-20 07:00:00,57.13,57.13,,,198000.0,KDC
2025-02-27 07:00:00,,57.13,,56.94,186100.0,KDC
2025-03-07 07:00:00,56.45,,55.67,55.67,,KDC
2025-09-10 07:00:00,,52.93,,52.83,370000.0,KDC
2025-11-26 07:00:00,51.76,,50.78,,351600.0,KDC
2025-12-01 07:00:00,,51.17,50.49,51.17,328800.0,KDC
2019-08-07 07:00:00,5.37,5.37,5.37,,,KGM
2021-10-08 07:00:00,8.19,,8.19,8.62,3100.0,KGM
2023-10-25 07:00:00,10.24,10.42,9.6,,,KGM
2024-02-22 07:00:00,6.58,6.77,6.49,,,KGM
2024-10-22 07:00:00,6.76,6.76,6.67,6.67,20810.0,KGM
2025-05-23 07:00:00,5.7,,5.7,5.7,8800.0,KGM
2025-11-06 07:00:00,,5.8,,,600.0,KGM
2025-11-14 07:00:00,5.7,,5.7,5.7,700.0,KGM
2017-01-09 07:00:00,5.16,,5.06,5.11,94050.0,KMR
2017-03-24 07:00:00,4.58,4.69,4.54,4.56,42720.0,KMR
2017-07-27 07:00:00,4.69,4.69,4.31,4.56,172280.0,KMR
2017-10-06 07:00:00,,4.06,4.0,4.04,,KMR
2018-02-01 07:00:00,,4.04,3.9,4.04,20690.0,KMR
2018-02-12 07:00:00,4.05,4.05,,4.05,,KMR
2018-09-27 07:00:00,,,3.34,,56860.0,KMR
2019-01-14 07:00:00,3.1,3.1,,,,KMR
2019-08-27 07:00:00,,,2.63,,129020.0,KMR
2020-12-21 07:00:00,2.7,2.78,,2.74,354510.0,KMR
2022-06-17 07:00:00,,4.68,,4.38,283200.0,KMR
2022-07-20 07:00:00,4.52,4.79,,4.6,,KMR
2022-08-01 07:00:00,,,4.49,4.61,,KMR
2022-12-30 07:00:00,,2.8,,2.76,8100.0,KMR
2023-02-21 07:00:00,,3.18,,,147900.0,KMR
2023-09-07 07:00:00,3.82,3.88,3.79,3.82,,KMR
2023-12-12 07:00:00,3.52,,3.46,3.52,,KMR
2025-01-22 07:00:00,,3.28,3.22,,4200.0,KMR
2025-09-16 07:00:00,,3.06,3.02,3.05,24800.0,KMR
2015-10-19 07:00:00,,,4.5,,,KSQ
2017-08-15 07:00:00,2.8,2.8,,,198198.0,KSQ
2017-12-01 07:00:00,1.9,2.0,1.8,2.0,,KSQ
2018-11-02 07:00:00,1.3,1.3,,,500.0,KSQ
2019-06-17 07:00:00,1.8,1.8,1.7,1.7,11000.0,KSQ
2019-07-23 07:00:00,2.1,2.2,,2.1,710.0,KSQ
2019-09-12 07:00:00,,1.9,1.8,1.8,6100.0,KSQ
2020-07-24 07:00:00,1.3,1.4,,1.4,29700.0,KSQ
2021-01-14 07:00:00,2.2,,2.1,,23600.0,KSQ
2021-08-02 07:00:00,3.1,3.2,3.1,3.2,61404.0,KSQ
2022-03-09 07:00:00,7.7,7.8,7.3,7.7,468010.0,KSQ
2022-06-21 07:00:00,2.8,,2.8,3.0,191500.0,KSQ
2022-10-17 07:00:00,2.3,2.3,2.2,2.2,70100.0,KSQ
2022-11-28 07:00:00,,,1.6,1.7,94800.0,KSQ
2023-02-15 07:00:00,1.8,1.9,1.7,1.7,94300.0,KSQ
2023-04-12 07:00:00,1.7,1.8,1.6,1.7,61232.0,KSQ
2023-08-22 07:00:00,,2.6,2.3,2.5,,KSQ
2023-09-06 07:00:00,,2.6,,,52301.0,KSQ
2024-01-19 07:00:00,2.0,,,2.0,509111.0,KSQ
2025-11-13 07:00:00,,,1.8,1.8,9100.0,KSQ
2016-04-01 07:00:00,,0.87,0.87,0.87,,KST
2017-02-27 07:00:00,2.36,2.36,2.36,,500.0,KST
2019-03-08 07:00:00,,,4.0,,12700.0,KST
2020-02-26 07:00:00,5.48,,5.48,,5000.0,KST
2020-03-27 07:00:00,5.15,,,5.06,,KST
2020-08-24 07:00:00,,,6.84,6.84,100.0,KST
2021-09-22 07:00:00,11.88,,11.88,,100.0,KST
2022-01-04 07:00:00,,9.73,9.69,9.73,,KST
2023-04-14 07:00:00,11.29,11.29,11.29,,2300.0,KST
2023-11-07 07:00:00,10.51,10.51,10.51,,,KST
2025-06-06 07:00:00,,,11.31,12.42,300.0,KST
2026-03-09 07:00:00,13.4,,12.5,,1600.0,KST
2016-02-29 07:00:00,3.7,3.8,3.51,,11400.0,KTT
2016-03-01 07:00:00,,,3.6,,,KTT
2017-05-30 07:00:00,,6.9,6.5,6.5,10600.0,KTT
2017-07-06 07:00:00,,6.5,6.4,,9200.0,KTT
2018-07-05 07:00:00,5.4,5.4,5.4,5.4,100.0,KTT
2019-06-07 07:00:00,,6.8,6.8,6.8,10000.0,KTT
2021-10-06 07:00:00,8.8,8.8,,,5200.0,KTT
2022-07-25 07:00:00,8.8,,8.6,9.2,500.0,KTT
2023-04-18 07:00:00,3.6,3.6,,3.5,272900.0,KTT
2023-04-24 07:00:00,3.7,3.7,3.1,,,KTT
2023-07-21 07:00:00,,3.6,3.4,3.6,,KTT
2023-11-10 07:00:00,,,,3.4,300.0,KTT
2023-12-08 07:00:00,,2.9,2.8,2.9,,KTT
2016-06-23 07:00:00,10.99,10.99,10.7,10.95,3700.0,L14
2016-08-29 07:00:00,,8.49,8.13,8.25,,L14
2017-06-07 07:00:00,12.89,12.89,12.13,,,L14
2017-10-19 07:00:00,,23.38,22.85,22.88,6756.0,L14
2018-03-20 07:00:00,27.78,28.02,,27.63,,L14
2018-07-18 07:00:00,16.81,,16.77,17.06,,L14
2019-02-01 07:00:00,,16.77,,16.57,12500.0,L14
2020-07-09 07:00:00,,39.46,38.99,39.4,21501.0,L14
2020-07-20 07:00:00,,38.52,37.75,37.99,24762.0,L14
2020-08-18 07:00:00,40.12,41.21,,,,L14
2020-09-16 07:00:00,,,,,,L14
2021-03-23 07:00:00,71.59,71.59,,66.21,173493.0,L14
2021-04-26 07:00:00,,62.32,,60.37,73510.0,L14
2021-05-12 07:00:00,,62.4,56.09,60.53,,L14
2021-06-08 07:00:00,,61.54,57.88,,59980.0,L14
2021-08-17 07:00:00,74.55,74.55,,72.92,37052.0,L14
2021-12-31 07:00:00,214.64,231.35,212.59,,,L14
2022-08-15 07:00:00,,124.66,,,,L14
2022-10-31 07:00:00,37.84,38.43,34.1,,425721.0,L14
2023-01-11 07:00:00,53.22,,51.74,52.23,297179.0,L14
2023-11-16 07:00:00,,,41.88,42.77,279271.0,L14
2024-03-20 07:00:00,42.57,42.57,41.29,,,L14
2024-07-11 07:00:00,,,34.1,35.48,,L14
2024-10-04 07:00:00,29.1,29.3,28.9,28.9,50819.0,L14
2024-11-13 07:00:00,27.0,,,,51332.0,L14
2025-03-21 07:00:00,32.5,33.5,,32.6,230851.0,L14
2026-03-26 07:00:00,23.4,23.4,,23.0,36400.0,L14
2016-06-21 07:00:00,8.86,9.3,,9.3,1500.0,L61
2017-08-09 07:00:00,7.67,,,7.67,200.0,L61
2019-03-08 07:00:00,17.8,17.8,,17.8,100.0,L61
2020-12-01 07:00:00,,,,,82.0,L61
2021-02-01 07:00:00,7.9,7.9,,7.9,100.0,L61
2021-03-04 07:00:00,7.3,,7.3,7.3,,L61
2023-06-09 07:00:00,4.8,5.1,4.8,5.1,260.0,L61
2023-06-21 07:00:00,4.6,4.6,4.6,4.6,500.0,L61
2023-07-04 07:00:00,4.1,,,4.9,1000.0,L61
2023-07-13 07:00:00,4.9,,4.3,,200.0,L61
2023-07-28 07:00:00,4.3,,4.3,,,L61
2024-05-02 07:00:00,,2.9,2.7,2.7,,L61
2016-08-17 07:00:00,5.08,5.08,4.31,,5200.0,L62
2018-09-06 07:00:00,6.21,,6.21,,,L62
2018-11-01 07:00:00,9.32,,9.32,9.32,100.0,L62
2020-10-15 07:00:00,9.68,,9.68,9.68,100.0,L62
2021-10-01 07:00:00,5.5,6.0,5.5,,1100.0,L62
2025-04-18 07:00:00,2.5,3.2,2.5,,300.0,L62
2026-03-27 07:00:00,2.3,2.3,2.3,2.3,1000.0,L62
2018-03-22 07:00:00,,,6.1,6.1,5000.0,L63
2018-05-23 07:00:00,7.1,,7.1,,,L63
2021-07-30 07:00:00,6.8,6.8,6.8,6.8,100.0,L63
2021-10-04 07:00:00,7.2,,,,,L63
2021-10-20 07:00:00,,6.9,6.9,6.9,100.0,L63
2021-11-17 07:00:00,8.8,,8.0,9.0,15100.0,L63
2022-02-24 07:00:00,6.9,6.9,,6.9,600.0,L63
2017-10-31 07:00:00,1.55,1.55,1.36,1.36,200.0,LAI
2021-10-05 07:00:00,6.99,,6.99,7.96,1500.0,LAI
2022-03-28 07:00:00,,10.07,,10.07,2900.0,LAI
2024-08-15 07:00:00,,,19.69,20.0,17600.0,LAI
2024-09-16 07:00:00,,21.2,20.95,21.2,19400.0,LAI
2024-09-26 07:00:00,,22.02,,21.89,,LAI
2025-01-24 07:00:00,20.14,20.45,20.08,,,LAI
2025-06-03 07:00:00,16.89,16.89,16.39,,39400.0,LAI
2016-05-24 07:00:00,3.79,,,3.79,,LBM
2016-07-04 07:00:00,,4.73,4.51,,14200.0,LBM
2016-11-02 07:00:00,5.75,5.97,5.75,5.94,36510.0,LBM
2016-11-17 07:00:00,5.76,,5.75,,,LBM
2018-09-11 07:00:00,4.15,4.72,4.15,4.72,,LBM
2020-12-10 07:00:00,5.96,,5.96,,32610.0,LBM
2021-08-11 07:00:00,,11.26,11.26,,,LBM
2022-11-18 07:00:00,,16.98,16.98,,5000.0,LBM
2022-12-26 07:00:00,15.68,16.48,,16.29,5400.0,LBM
2023-09-07 07:00:00,,,21.02,21.02,,LBM
2024-02-05 07:00:00,19.1,,18.23,18.23,,LBM
2024-03-05 07:00:00,18.11,18.11,,,30600.0,LBM
2024-05-15 07:00:00,18.58,18.62,,,10200.0,LBM
2024-05-23 07:00:00,19.07,19.1,18.84,19.01,11200.0,LBM
2024-09-10 07:00:00,25.1,,24.72,,,LBM
2024-09-26 07:00:00,23.56,24.03,23.3,,46800.0,LBM
2025-08-22 07:00:00,34.1,34.1,33.11,33.83,,LBM
2025-11-03 07:00:00,,34.99,,,8800.0,LBM
2025-12-17 07:00:00,35.52,35.52,34.56,,28900.0,LBM
2026-02-09 07:00:00,,33.51,31.68,,,LBM
2026-02-10 07:00:00,32.59,32.59,31.97,,,LBM
2016-10-21 07:00:00,23.79,24.47,,,2400.0,LDP
2016-11-24 07:00:00,,,24.13,,900.0,LDP
2016-12-30 07:00:00,26.51,26.51,26.37,,,LDP
2018-01-09 07:00:00,26.02,26.1,26.02,,1800.0,LDP
2018-10-16 07:00:00,17.32,17.32,,16.91,3449.0,LDP
2019-05-06 07:00:00,23.09,25.45,23.09,24.31,1900.0,LDP
2020-07-27 07:00:00,,,,14.8,1600.0,LDP
2022-01-25 07:00:00,41.9,42.6,37.8,40.2,22256.0,LDP
2022-02-28 07:00:00,,45.9,44.8,44.8,,LDP
2023-07-19 07:00:00,9.0,9.2,9.0,,,LDP
2023-08-25 07:00:00,10.7,,,,219236.0,LDP
2025-09-24 07:00:00,11.6,11.6,11.5,11.6,15700.0,LDP
2025-12-12 07:00:00,11.8,,11.4,,30900.0,LDP
2026-03-18 07:00:00,8.1,8.2,,8.2,,LDP
2018-10-23 07:00:00,5.99,5.99,5.99,5.99,,LG9
2023-04-04 07:00:00,,,7.05,7.05,5.0,LG9
2025-02-05 07:00:00,,7.4,,,,LG9
2025-04-02 07:00:00,7.1,,7.1,7.1,200.0,LG9
2026-04-24 07:00:00,5.1,5.1,5.1,5.1,,LG9
2015-12-25 07:00:00,,,7.83,7.9,,LHC
2018-02-02 07:00:00,10.17,10.35,10.17,10.35,4500.0,LHC
2018-05-09 07:00:00,9.86,,9.86,,3000.0,LHC
2018-05-24 07:00:00,9.7,9.71,9.51,9.53,,LHC
2018-06-13 07:00:00,9.16,,,9.15,,LHC
2018-08-28 07:00:00,,11.69,11.69,11.69,600.0,LHC
2018-12-10 07:00:00,,,11.7,11.87,1700.0,LHC
2019-03-11 07:00:00,11.37,11.83,,11.83,2300.0,LHC
2020-05-19 07:00:00,14.21,14.27,14.21,14.27,,LHC
2020-11-25 07:00:00,,19.44,19.06,,19600.0,LHC
2021-03-08 07:00:00,37.55,,36.72,,3700.0,LHC
2021-08-30 07:00:00,38.47,38.47,,37.6,3500.0,LHC
2021-11-24 07:00:00,46.65,,43.88,45.71,,LHC
2022-01-24 07:00:00,73.96,80.64,,80.46,15820.0,LHC
2022-07-06 07:00:00,55.72,58.6,55.67,,7400.0,LHC
2023-12-26 07:00:00,49.65,50.12,49.17,49.17,28500.0,LHC
2024-09-13 07:00:00,68.93,69.52,68.04,,,LHC
2025-06-05 07:00:00,,,71.5,72.6,,LHC
2025-12-09 07:00:00,115.0,115.8,,114.9,31600.0,LHC
2026-02-04 07:00:00,,,104.0,105.0,27300.0,LHC
2021-07-16 07:00:00,,1.2,1.2,1.2,400.0,LM3
2018-11-01 07:00:00,9.37,9.37,9.09,,,LMH
2018-12-24 07:00:00,10.33,10.46,10.1,10.19,,LMH
2019-02-12 07:00:00,9.37,9.42,9.23,,128480.0,LMH
2019-02-21 07:00:00,9.69,10.23,,10.1,,LMH
2021-06-11 07:00:00,6.7,6.7,,6.7,122549.0,LMH
2022-12-09 07:00:00,6.1,6.2,,6.1,248666.0,LMH
2023-03-08 07:00:00,4.4,,,4.5,,LMH
2023-10-13 07:00:00,3.4,3.4,3.2,3.4,230510.0,LMH
2024-02-05 07:00:00,2.8,,,2.7,,LMH
2022-05-13 07:00:00,,,12.2,12.2,15010.0,LSG
2023-08-14 07:00:00,6.7,6.8,6.7,,,LSG
2023-09-13 07:00:00,9.5,9.9,9.0,9.7,11254.0,LSG
2024-01-12 07:00:00,9.1,9.2,8.9,8.9,11475.0,LSG
2024-05-30 07:00:00,,11.0,10.4,,121981.0,LSG
2024-06-26 07:00:00,11.5,11.7,,11.7,28373.0,LSG
2025-08-04 07:00:00,,,20.0,20.8,72500.0,LSG
2026-03-11 07:00:00,34.0,35.8,33.8,35.8,36800.0,LSG
2015-10-05 07:00:00,,5.5,,5.0,8500.0,LTC
2016-03-15 07:00:00,4.1,,4.1,,34000.0,LTC
2021-03-09 07:00:00,,8.57,8.57,8.57,,MA1
2024-12-11 07:00:00,33.07,,32.88,33.36,,MA1
2025-11-20 07:00:00,,32.4,30.8,,,MA1
2015-12-01 07:00:00,4.72,4.76,4.67,4.76,,MAC
2015-12-17 07:00:00,,4.94,4.8,4.89,,MAC
2016-12-05 07:00:00,,4.3,,4.3,55500.0,MAC
2017-12-15 07:00:00,,,3.97,4.18,67420.0,MAC
2018-12-05 07:00:00,3.55,,,3.55,,MAC
2019-07-31 07:00:00,3.31,,,3.25,1000.0,MAC
2021-02-25 07:00:00,3.56,,,3.62,5400.0,MAC
2021-07-27 07:00:00,,3.43,,3.43,11740.0,MAC
2021-11-24 07:00:00,,6.61,6.17,,,MAC
2021-12-09 07:00:00,,5.91,,5.85,,MAC
2022-05-26 07:00:00,5.85,6.29,,,1288009.0,MAC
2022-08-09 07:00:00,5.85,6.04,5.79,5.91,,MAC
2022-11-07 07:00:00,4.32,,,,10400.0,MAC
2023-04-17 07:00:00,5.21,5.34,5.21,5.34,,MAC
2024-02-20 07:00:00,,8.88,8.68,8.68,,MAC
2024-07-17 07:00:00,12.69,12.69,,,25601.0,MAC
2015-10-09 07:00:00,2.86,2.88,2.82,2.82,,MBB
2015-11-23 07:00:00,2.76,,2.74,,1210690.0,MBB
2016-02-29 07:00:00,,2.84,2.76,2.76,1841140.0,MBB
2016-08-31 07:00:00,2.8,2.82,2.8,2.8,116320.0,MBB
2016-09-21 07:00:00,2.78,2.79,,,,MBB
2017-03-10 07:00:00,,3.06,2.97,,,MBB
2017-06-26 07:00:00,4.41,,4.38,4.48,1959590.0,MBB
2017-08-03 07:00:00,,,,4.85,7586260.0,MBB
2017-10-31 07:00:00,4.89,4.97,4.86,4.89,3314330.0,MBB
2017-12-06 07:00:00,5.41,5.41,,5.39,,MBB
2018-02-28 07:00:00,,7.59,,,11967370.0,MBB
2018-08-17 07:00:00,6.28,6.29,6.14,,,MBB
2019-01-04 07:00:00,,4.96,4.74,4.88,6057970.0,MBB
2019-04-05 07:00:00,,6.04,5.97,,2881150.0,MBB
2019-08-06 07:00:00,5.8,5.83,5.75,,3904110.0,MBB
2020-01-30 07:00:00,6.37,6.43,6.17,6.18,8995010.0,MBB
2020-06-23 07:00:00,,,,,3682810.0,MBB
2021-07-01 07:00:00,,14.59,14.27,,24500700.0,MBB
2021-11-10 07:00:00,,12.98,12.87,,,MBB
2022-02-16 07:00:00,,14.9,14.54,,,MBB
2022-02-23 07:00:00,,15.73,15.39,,,MBB
2022-05-09 07:00:00,12.44,12.53,11.79,11.81,15746400.0,MBB
2022-10-31 07:00:00,9.57,,9.19,,12195900.0,MBB
2022-12-28 07:00:00,9.36,,9.22,9.44,4608400.0,MBB
2024-01-29 07:00:00,14.03,14.31,,,,MBB
2024-03-12 07:00:00,14.6,,,14.73,,MBB
2024-08-29 07:00:00,16.06,16.42,16.06,16.19,22617900.0,MBB
2025-11-13 07:00:00,,,23.5,23.5,,MBB
2026-01-19 07:00:00,27.2,27.6,27.15,27.5,27218600.0,MBB
2026-03-10 07:00:00,11.5,11.5,,,100.0,MBT
2026-04-08 07:00:00,10.0,,10.0,10.0,,MBT
2016-10-19 07:00:00,12.38,12.38,12.24,12.31,7200.0,MCC
2017-05-08 07:00:00,9.89,9.89,9.89,9.89,,MCC
2020-05-07 07:00:00,9.94,9.94,9.94,9.94,300.0,MCC
2023-11-02 07:00:00,,,10.54,10.54,100.0,MCC
2016-05-16 07:00:00,4.4,,4.36,4.76,,MCF
2018-01-12 07:00:00,,6.89,,6.7,300.0,MCF
2019-03-12 07:00:00,6.73,6.73,6.73,,100.0,MCF
2019-05-23 07:00:00,,,,6.06,1800.0,MCF
2020-03-12 07:00:00,5.82,5.82,5.82,5.82,100.0,MCF
2020-10-06 07:00:00,5.43,5.62,5.36,5.62,,MCF
2021-01-28 07:00:00,,6.52,5.94,,9100.0,MCF
2021-04-05 07:00:00,8.33,,8.33,8.33,25100.0,MCF
2022-01-28 07:00:00,6.72,,6.51,,,MCF
2022-02-09 07:00:00,,,6.51,7.07,5600.0,MCF
2022-03-24 07:00:00,8.05,8.05,7.7,7.91,8700.0,MCF
2022-10-24 07:00:00,5.39,,5.39,,,MCF
2023-01-16 07:00:00,5.99,5.99,5.99,,100.0,MCF
2023-05-22 07:00:00,6.4,,6.23,6.23,,MCF
2024-03-27 07:00:00,7.39,,7.39,7.48,,MCF
2025-03-31 07:00:00,8.09,,8.0,,14702.0,MCF
2025-04-18 07:00:00,,,7.81,,3100.0,MCF
2026-01-06 07:00:00,,,7.4,7.5,,MCF
2017-02-09 07:00:00,,,2.25,2.28,750520.0,MCG
2017-08-25 07:00:00,3.64,3.79,3.55,3.79,281590.0,MCG
2017-10-13 07:00:00,,4.0,,,,MCG
2018-04-17 07:00:00,,3.0,,2.89,23040.0,MCG
2018-05-03 07:00:00,,3.69,,,41880.0,MCG
2018-07-26 07:00:00,3.2,3.2,3.05,3.18,410.0,MCG
2018-08-14 07:00:00,3.2,,3.1,3.1,27620.0,MCG
2018-10-05 07:00:00,,,2.93,3.35,,MCG
2018-10-26 07:00:00,2.72,2.99,2.72,2.74,970.0,MCG
2019-01-25 07:00:00,,2.49,,2.49,140.0,MCG
2019-10-25 07:00:00,1.68,,1.61,1.61,16300.0,MCG
2020-03-03 07:00:00,1.73,1.73,1.65,,59650.0,MCG
2020-04-13 07:00:00,1.5,1.51,1.45,1.51,25070.0,MCG
2020-08-17 07:00:00,1.53,1.64,1.53,,490.0,MCG
2020-10-22 07:00:00,1.7,1.7,1.7,1.7,1400.0,MCG
2021-03-12 07:00:00,,,2.95,,58300.0,MCG
2021-05-05 07:00:00,,,3.0,3.2,63500.0,MCG
2021-08-18 07:00:00,,,3.0,3.02,55700.0,MCG
2022-03-22 07:00:00,9.8,10.2,,9.9,1713700.0,MCG
2022-12-26 07:00:00,2.6,2.95,2.6,,150600.0,MCG
2023-09-25 07:00:00,2.7,2.7,2.6,2.6,81221.0,MCG
2023-12-19 07:00:00,2.1,2.2,2.1,,78532.0,MCG
2024-06-03 07:00:00,2.9,,2.8,2.9,,MCG
2024-06-24 07:00:00,,,2.6,,,MCG
2025-01-20 07:00:00,1.7,,1.7,,142976.0,MCG
2025-03-21 07:00:00,,,,,,MCG
2025-08-26 07:00:00,,3.2,,3.2,62800.0,MCG
2025-09-12 07:00:00,3.4,,,,23700.0,MCG
2026-02-23 07:00:00,2.5,2.5,,2.5,9400.0,MCG
2021-03-23 07:00:00,51.7,51.7,51.32,,50600.0,MCM
2021-04-02 07:00:00,48.83,,,49.06,30460.0,MCM
2021-06-14 07:00:00,,,40.25,,35631.0,MCM
2021-11-23 07:00:00,,46.46,,46.39,110400.0,MCM
2022-03-25 07:00:00,43.93,,,,,MCM
2022-08-30 07:00:00,36.34,36.74,36.01,36.09,45737.0,MCM
2022-10-03 07:00:00,32.43,,30.96,31.61,6820.0,MCM
2023-05-16 07:00:00,33.23,33.31,33.06,33.15,21415.0,MCM
2024-06-27 07:00:00,38.04,,36.68,37.0,189700.0,MCM
2024-10-14 07:00:00,,33.33,,33.33,23200.0,MCM
2025-02-24 07:00:00,30.18,,,,93000.0,MCM
2025-04-21 07:00:00,25.99,26.08,25.66,,17000.0,MCM
2025-08-14 07:00:00,,28.87,28.54,28.54,30200.0,MCM
2025-12-24 07:00:00,,,26.5,26.5,,MCM
2025-12-25 07:00:00,26.5,,26.4,26.45,15400.0,MCM
2016-12-06 07:00:00,1.62,,1.62,1.62,100.0,MCO
2017-08-15 07:00:00,2.18,2.18,,2.09,22220.0,MCO
2017-09-11 07:00:00,1.8,,1.8,,10400.0,MCO
2018-01-10 07:00:00,1.71,1.8,1.71,,,MCO
2018-03-05 07:00:00,,1.8,,1.8,8100.0,MCO
2018-03-07 07:00:00,,,1.71,1.71,5200.0,MCO
2018-04-03 07:00:00,1.71,1.8,,1.71,,MCO
2018-07-18 07:00:00,1.33,,,1.33,,MCO
2018-09-28 07:00:00,,,,1.33,,MCO
2019-06-07 07:00:00,1.33,1.33,1.33,,100.0,MCO
2019-09-23 07:00:00,2.18,2.18,2.18,2.18,100.0,MCO
2019-11-28 07:00:00,2.09,2.09,2.09,2.09,,MCO
2020-09-28 07:00:00,2.0,2.0,1.8,,5400.0,MCO
2021-04-06 07:00:00,3.8,4.0,,4.0,56003.0,MCO
2022-02-10 07:00:00,,7.3,,,,MCO
2022-06-14 07:00:00,4.4,4.5,,,3600.0,MCO
2023-09-26 07:00:00,,,,,1100.0,MCO
2024-01-18 07:00:00,11.3,,10.5,10.6,,MCO
2024-08-02 07:00:00,,15.6,14.7,,,MCO
2025-11-24 07:00:00,7.3,7.4,7.3,,,MCO
2025-11-26 07:00:00,,7.1,7.0,7.1,,MCO
2026-02-04 07:00:00,5.2,,5.0,5.4,6200.0,MCO
2023-12-08 07:00:00,,6.4,6.2,6.4,300.0,MEL
2024-10-04 07:00:00,6.4,,6.3,6.3,600.0,MEL
2024-11-19 07:00:00,6.5,,6.5,,300.0,MEL
2025-02-21 07:00:00,6.8,6.8,6.8,6.8,100.0,MEL
2017-09-15 07:00:00,,8.37,,8.37,14965.0,MH3
2019-01-29 07:00:00,16.2,,,,600.0,MH3
2019-06-07 07:00:00,19.76,20.82,,,5100.0,MH3
2019-07-29 07:00:00,23.08,23.08,22.94,22.94,1800.0,MH3
2019-08-26 07:00:00,,,,21.88,,MH3
2019-09-03 07:00:00,,20.82,20.44,20.44,6210.0,MH3
2019-10-22 07:00:00,19.14,19.14,,,1123.0,MH3
2019-11-05 07:00:00,17.84,17.84,17.84,,,MH3
2019-11-07 07:00:00,18.27,18.27,18.22,18.27,3500.0,MH3
2020-10-23 07:00:00,26.1,,25.99,,1850.0,MH3
2021-05-20 07:00:00,37.0,,37.0,37.0,2000.0,MH3
2021-07-21 07:00:00,35.15,35.15,35.03,,2000.0,MH3
2021-11-29 07:00:00,37.0,,37.0,,400.0,MH3
2022-04-07 07:00:00,,,37.47,37.47,,MH3
2022-06-21 07:00:00,,31.1,,,,MH3
2023-10-20 07:00:00,,30.84,30.21,,3600.0,MH3
2023-12-05 07:00:00,31.75,31.75,,31.75,600.0,MH3
2024-03-15 07:00:00,30.99,,30.53,,,MH3
2025-07-21 07:00:00,30.39,30.68,30.39,,9800.0,MH3
2018-01-29 07:00:00,3.23,,3.23,3.23,1000.0,MIC
2020-12-07 07:00:00,2.97,2.97,2.97,,,MIC
2021-09-28 07:00:00,,,4.52,5.16,1446.0,MIC
2021-10-11 07:00:00,7.48,7.48,7.35,7.35,23700.0,MIC
2023-03-09 07:00:00,7.35,,,7.35,,MIC
2023-08-01 07:00:00,,6.45,6.45,6.45,1000.0,MIC
2024-07-23 07:00:00,10.32,13.68,,13.68,,MIC
2026-01-23 07:00:00,12.2,12.8,12.2,,4600.0,MIC
2026-04-14 07:00:00,11.8,,11.5,11.5,2200.0,MIC
2017-06-06 07:00:00,4.77,4.77,4.77,4.77,1000.0,MIG
2017-11-30 07:00:00,4.62,,4.58,,,MIG
2018-01-23 07:00:00,5.03,5.11,5.03,5.11,52900.0,MIG
2018-11-19 07:00:00,5.65,5.88,5.65,5.88,800.0,MIG
2018-12-13 07:00:00,5.98,6.02,5.98,6.02,10100.0,MIG
2018-12-17 07:00:00,,,6.07,6.35,28700.0,MIG
2019-01-14 07:00:00,6.35,,6.12,6.45,100636.0,MIG
2019-04-22 07:00:00,7.63,,7.48,,47900.0,MIG
2019-07-01 07:00:00,,6.85,6.85,6.85,,MIG
2019-12-02 07:00:00,6.41,,,6.52,,MIG
2020-06-26 07:00:00,6.07,,6.01,,,MIG
2020-10-26 07:00:00,6.31,6.61,6.25,6.49,114034.0,MIG
2020-12-23 07:00:00,,9.85,9.37,9.55,894246.0,MIG
2021-03-09 07:00:00,10.12,10.15,,10.12,159300.0,MIG
2021-07-29 07:00:00,11.81,11.88,11.71,11.88,,MIG
2021-10-01 07:00:00,16.89,16.96,16.5,,490600.0,MIG
2022-02-10 07:00:00,,15.61,,15.31,,MIG
2022-07-13 07:00:00,,18.37,17.24,17.88,1120400.0,MIG
2022-08-10 07:00:00,18.98,19.25,18.75,,1758700.0,MIG
2023-02-15 07:00:00,11.77,11.88,11.43,,606100.0,MIG
2023-05-17 07:00:00,13.36,13.78,13.32,13.63,1103500.0,MIG
2023-12-28 07:00:00,15.26,,15.09,15.5,145000.0,MIG
2024-04-25 07:00:00,14.15,14.52,14.07,14.52,,MIG
2024-05-03 07:00:00,15.08,15.08,14.6,14.86,267700.0,MIG
2024-05-09 07:00:00,,15.08,14.95,15.08,113300.0,MIG
2024-06-26 07:00:00,,18.77,,,718000.0,MIG
2024-10-29 07:00:00,,,14.47,14.73,203700.0,MIG
2024-12-02 07:00:00,,16.25,15.91,16.17,,MIG
2025-11-12 07:00:00,,17.5,17.0,,,MIG
2026-01-05 07:00:00,,,17.4,17.45,203100.0,MIG
2020-08-18 07:00:00,40.07,40.07,39.79,,7605.0,MML
2021-09-21 07:00:00,82.7,,79.58,80.81,23264.0,MML
2021-12-17 07:00:00,80.3,81.3,80.3,80.8,,MML
2022-01-24 07:00:00,77.0,77.0,77.0,76.9,9.0,MML
2022-02-18 07:00:00,75.5,75.5,,75.0,1500.0,MML
2022-05-24 07:00:00,66.0,,66.0,71.8,1700.0,MML
2022-07-22 07:00:00,,61.9,,61.6,,MML
2023-03-22 07:00:00,29.2,30.5,29.2,30.5,,MML
2023-05-04 07:00:00,34.0,,34.0,34.0,503.0,MML
2023-05-22 07:00:00,,33.5,33.5,33.5,600.0,MML
2023-10-10 07:00:00,26.3,,25.3,25.3,10400.0,MML
2023-11-13 07:00:00,24.5,24.5,,24.5,2500.0,MML
2024-10-21 07:00:00,24.8,,24.8,,11426.0,MML
2025-01-23 07:00:00,,26.0,,25.7,24905.0,MML
2025-05-09 07:00:00,27.8,27.9,27.4,,43600.0,MML
2025-08-01 07:00:00,,35.0,,34.7,,MML
2025-12-12 07:00:00,,36.3,,,114800.0,MML
2025-12-19 07:00:00,,,35.9,,107500.0,MML
2017-11-21 07:00:00,,11.24,,11.08,1400.0,MPC
2018-04-13 07:00:00,13.68,,13.19,13.36,14610.0,MPC
2019-01-08 07:00:00,12.58,,,,,MPC
2019-05-24 07:00:00,15.72,15.72,14.92,15.06,,MPC
2019-05-31 07:00:00,14.27,14.34,,13.8,,MPC
2019-11-22 07:00:00,7.62,7.7,,7.26,,MPC
2019-12-16 07:00:00,7.7,7.7,7.59,,167802.0,MPC
2020-02-25 07:00:00,,8.6,,,105615.0,MPC
2020-06-03 07:00:00,,11.07,10.83,11.03,,MPC
2020-10-08 07:00:00,12.25,12.29,,,,MPC
2020-10-15 07:00:00,11.97,12.05,11.9,11.97,129140.0,MPC
2020-11-16 07:00:00,11.26,,11.09,11.09,70042.0,MPC
2021-09-13 07:00:00,17.3,17.51,,17.14,,MPC
2021-09-27 07:00:00,,16.14,,,,MPC
2022-04-05 07:00:00,19.19,19.36,18.79,19.27,,MPC
2022-08-25 07:00:00,19.62,,19.62,19.89,,MPC
2023-06-30 07:00:00,16.36,16.55,16.36,16.45,160600.0,MPC
2023-11-16 07:00:00,,15.81,15.44,15.72,37930.0,MPC
2023-12-15 07:00:00,16.38,16.47,16.09,16.09,26943.0,MPC
2024-01-17 07:00:00,,,15.62,,,MPC
2024-01-24 07:00:00,15.91,16.28,15.91,,210600.0,MPC
2025-02-28 07:00:00,13.93,14.03,13.83,14.03,54100.0,MPC
2025-03-26 07:00:00,,,,12.65,10951.0,MPC
2025-07-28 07:00:00,14.82,,14.72,,,MPC
2025-08-18 07:00:00,,15.81,15.51,,,MPC
2025-10-07 07:00:00,16.7,,16.4,,,MPC
2025-11-14 07:00:00,16.6,,16.3,,,MPC
2026-01-26 07:00:00,16.0,16.3,,16.0,,MPC
2026-02-11 07:00:00,17.6,18.1,,18.0,458900.0,MPC
2016-07-19 07:00:00,,11.13,10.0,10.3,650000.0,MPT
2016-07-22 07:00:00,11.74,,10.6,,716500.0,MPT
2016-09-26 07:00:00,4.54,4.62,4.24,,,MPT
2017-02-13 07:00:00,5.34,6.02,5.34,,,MPT
2017-07-11 07:00:00,3.75,3.84,3.66,,137300.0,MPT
2017-09-27 07:00:00,,,,,,MPT
2018-05-28 07:00:00,,,,,,MPT
2018-11-09 07:00:00,3.93,,,,805720.0,MPT
2019-01-30 07:00:00,3.3,3.48,3.3,,,MPT
2019-04-16 07:00:00,3.21,3.21,2.95,,,MPT
2020-08-10 07:00:00,1.7,1.8,1.6,1.7,,MPT
2020-08-27 07:00:00,1.7,1.7,,,,MPT
2021-09-10 07:00:00,1.4,1.6,1.4,1.6,,MPT
2021-06-29 07:00:00,11.45,,11.39,11.45,15280600.0,MSB
2021-07-12 07:00:00,,11.11,10.37,10.58,,MSB
2021-09-01 07:00:00,,10.81,,10.81,,MSB
2022-02-23 07:00:00,13.36,13.61,13.31,,9718900.0,MSB
2022-06-16 07:00:00,,,,8.47,803600.0,MSB
2023-02-09 07:00:00,,8.12,,8.09,1872100.0,MSB
2024-07-03 07:00:00,,9.44,9.34,9.44,3526000.0,MSB
2024-07-15 07:00:00,9.28,9.37,,9.34,3901800.0,MSB
2025-04-11 07:00:00,9.0,9.25,8.83,9.21,17391900.0,MSB
2025-08-25 07:00:00,,,,13.96,36087500.0,MSB
2016-05-11 07:00:00,37.16,37.16,36.39,37.16,353890.0,MSN
2016-12-28 07:00:00,33.7,33.81,32.88,,,MSN
2017-04-11 07:00:00,37.67,,37.27,37.35,245780.0,MSN
2019-09-11 07:00:00,61.73,63.35,,63.19,569250.0,MSN
2020-01-08 07:00:00,,,45.04,45.37,,MSN
2020-03-31 07:00:00,39.78,,39.05,,3667100.0,MSN
2020-07-06 07:00:00,46.34,46.99,46.26,46.66,855780.0,MSN
2020-11-19 07:00:00,,67.57,,,1205410.0,MSN
2020-12-01 07:00:00,,67.24,65.22,,,MSN
2021-06-01 07:00:00,90.18,90.18,85.84,87.72,2426200.0,MSN
2021-06-17 07:00:00,84.44,86.9,,84.44,1384400.0,MSN
2021-07-13 07:00:00,99.1,99.1,93.56,95.05,1521900.0,MSN
2021-08-09 07:00:00,110.75,116.54,110.75,116.54,1525400.0,MSN
2021-09-15 07:00:00,111.58,119.76,111.58,,2796100.0,MSN
2022-07-08 07:00:00,,104.9,103.5,104.9,,MSN
2023-03-15 07:00:00,83.7,,,84.7,1108600.0,MSN
2023-06-15 07:00:00,78.0,78.1,76.7,,1224800.0,MSN
2023-07-24 07:00:00,84.6,84.7,,,,MSN
2024-12-05 07:00:00,71.9,73.7,,73.7,,MSN
2024-12-09 07:00:00,73.4,,73.1,73.2,2810900.0,MSN
2025-02-13 07:00:00,68.8,69.0,68.3,68.9,1824000.0,MSN
2025-06-18 07:00:00,67.9,67.9,,,5472800.0,MSN
2021-03-22 07:00:00,,8.46,8.34,8.34,,MTP
2021-05-18 07:00:00,,7.15,,7.15,800.0,MTP
2022-03-08 07:00:00,8.84,8.84,8.84,8.84,,MTP
2024-03-25 07:00:00,,10.12,9.8,,4500.0,MTP
2025-03-27 07:00:00,13.37,,13.37,13.37,1001.0,MTP
2021-04-05 07:00:00,,,5.6,,,NAB
2022-01-06 07:00:00,7.83,8.59,,8.31,1268194.0,NAB
2022-01-12 07:00:00,,,7.67,8.03,,NAB
2023-03-16 07:00:00,5.08,5.13,5.03,5.13,68162.0,NAB
2023-03-31 07:00:00,5.13,,5.08,5.13,,NAB
2023-04-25 07:00:00,5.23,,5.18,,57095.0,NAB
2023-07-18 07:00:00,,7.99,,7.92,108975.0,NAB
2024-09-04 07:00:00,13.03,13.19,12.87,,2337300.0,NAB
2025-08-14 07:00:00,15.6,,15.55,16.3,4640400.0,NAB
2025-10-13 07:00:00,14.7,,14.7,15.05,1216300.0,NAB
2026-02-13 07:00:00,14.1,14.1,,14.05,,NAB
2016-02-22 07:00:00,17.21,17.45,17.21,,171010.0,NAF
2016-03-10 07:00:00,,,17.09,17.21,167100.0,NAF
2016-09-23 07:00:00,20.89,21.26,,21.14,174160.0,NAF
2017-01-06 07:00:00,,19.7,19.58,19.64,117660.0,NAF
2017-06-22 07:00:00,15.28,15.53,15.28,15.34,65150.0,NAF
2017-09-13 07:00:00,16.71,16.84,16.52,,74750.0,NAF
2017-09-28 07:00:00,15.59,15.78,15.59,15.59,,NAF
2018-07-10 07:00:00,8.44,8.63,8.37,8.37,58820.0,NAF
2018-09-04 07:00:00,7.0,7.19,,7.19,15050.0,NAF
2018-09-07 07:00:00,,,,7.19,19290.0,NAF
2019-06-12 07:00:00,13.29,14.03,13.25,14.03,288480.0,NAF
2019-07-25 07:00:00,16.1,16.34,15.97,16.22,155010.0,NAF
2019-11-01 07:00:00,,18.24,18.08,18.24,,NAF
2020-08-03 07:00:00,,,18.66,19.4,70640.0,NAF
2022-01-14 07:00:00,17.83,,17.33,,173200.0,NAF
2023-01-27 07:00:00,8.92,9.25,8.92,9.0,163400.0,NAF
2023-04-06 07:00:00,8.83,9.33,,9.25,,NAF
2023-06-20 07:00:00,11.39,11.85,11.39,,253100.0,NAF
2023-09-29 07:00:00,13.46,,13.12,13.21,101200.0,NAF
2024-02-28 07:00:00,12.63,12.63,12.42,12.59,56300.0,NAF
2024-10-10 07:00:00,19.08,,,,242400.0,NAF
2026-02-11 07:00:00,43.5,43.75,42.2,42.7,1007700.0,NAF
2016-05-26 07:00:00,2.21,2.21,2.13,2.17,59200.0,NAG
2016-10-31 07:00:00,,,,2.12,,NAG
2016-11-01 07:00:00,2.12,2.16,2.08,,,NAG
2017-07-13 07:00:00,3.32,3.42,3.18,,361220.0,NAG
2017-07-28 07:00:00,,3.7,3.56,,107300.0,NAG
2018-01-08 07:00:00,3.18,3.18,2.99,3.13,,NAG
2018-03-14 07:00:00,2.56,2.94,2.56,2.94,2710.0,NAG
2018-03-29 07:00:00,2.85,2.9,2.71,2.71,36200.0,NAG
2019-06-04 07:00:00,2.59,2.59,2.59,2.59,,NAG
2019-09-03 07:00:00,,2.64,2.59,2.59,,NAG
2019-09-25 07:00:00,2.54,2.54,,2.48,2900.0,NAG
2020-03-30 07:00:00,2.04,2.15,,2.15,2400.0,NAG
2020-08-03 07:00:00,2.48,,,2.43,,NAG
2021-03-24 07:00:00,4.04,4.34,4.04,4.34,,NAG
2021-05-24 07:00:00,,4.59,4.22,,189251.0,NAG
2022-03-11 07:00:00,,9.76,,,152623.0,NAG
2022-04-19 07:00:00,10.53,10.85,,,298398.0,NAG
2022-06-16 07:00:00,11.22,,10.82,10.98,138170.0,NAG
2022-10-06 07:00:00,9.01,9.09,8.19,9.09,50405.0,NAG
2022-12-20 07:00:00,11.46,11.63,11.14,11.46,382848.0,NAG
2023-05-29 07:00:00,,,13.59,13.59,372711.0,NAG
2023-10-05 07:00:00,,8.89,8.54,,,NAG
2023-12-28 07:00:00,7.43,7.43,,7.43,158400.0,NAG
2024-05-16 07:00:00,9.91,10.08,,10.0,,NAG
2024-10-25 07:00:00,,9.83,,,,NAG
2024-11-04 07:00:00,9.83,9.83,9.74,9.74,464601.0,NAG
2025-05-28 07:00:00,14.21,14.21,13.84,14.21,565400.0,NAG
2025-07-17 07:00:00,13.3,13.5,13.0,,1073400.0,NAG
2025-07-21 07:00:00,13.1,13.3,,,513200.0,NAG
2025-07-23 07:00:00,12.9,,12.8,,424300.0,NAG
2025-09-08 07:00:00,,13.5,12.9,13.2,351800.0,NAG
2025-10-17 07:00:00,12.7,12.8,12.4,12.4,297400.0,NAG
2026-03-03 07:00:00,8.0,,7.8,8.1,47500.0,NAG
2017-03-02 07:00:00,20.74,,19.8,19.88,,NAS
2017-05-10 07:00:00,19.08,20.09,19.08,20.09,2200.0,NAS
2018-01-15 07:00:00,26.69,26.69,23.98,25.49,12078.0,NAS
2018-02-28 07:00:00,25.65,25.65,25.65,25.65,,NAS
2018-03-22 07:00:00,25.89,25.89,25.89,25.89,13900.0,NAS
2019-02-21 07:00:00,26.98,26.98,26.98,26.98,400.0,NAS
2019-02-26 07:00:00,24.84,24.84,,,100.0,NAS
2020-09-30 07:00:00,26.47,26.47,26.19,26.19,1900.0,NAS
2020-12-16 07:00:00,27.6,27.6,27.6,27.6,,NAS
2021-01-20 07:00:00,28.0,30.5,28.0,,11150.0,NAS
2021-02-22 07:00:00,30.0,,30.0,30.0,,NAS
2021-03-19 07:00:00,31.0,34.5,,33.0,,NAS
2022-03-25 07:00:00,34.3,34.3,34.0,34.0,2000.0,NAS
2023-10-11 07:00:00,30.3,,30.3,30.3,,NAS
2024-07-08 07:00:00,,25.0,25.0,,,NAS
2024-07-22 07:00:00,24.0,24.0,23.8,23.8,,NAS
2024-07-24 07:00:00,,26.2,24.0,26.0,,NAS
2025-01-06 07:00:00,30.5,,30.0,30.0,803.0,NAS
2026-02-04 07:00:00,35.1,35.1,35.1,35.1,300.0,NAS
2015-12-31 07:00:00,4.88,4.88,,,4300.0,ND2
2016-08-02 07:00:00,5.48,,5.48,5.75,,ND2
2017-01-24 07:00:00,7.81,7.81,7.81,7.81,1000.0,ND2
2017-06-13 07:00:00,8.3,8.3,8.15,8.15,,ND2
2017-06-29 07:00:00,8.78,8.93,8.78,8.93,,ND2
2017-07-25 07:00:00,9.53,,,,3300.0,ND2
2017-11-27 07:00:00,10.65,10.75,10.65,10.75,,ND2
2018-09-11 07:00:00,13.08,13.08,13.08,,,ND2
2018-10-19 07:00:00,12.79,12.79,12.79,12.79,2500.0,ND2
2019-08-12 07:00:00,14.01,14.01,14.01,14.01,,ND2
2020-05-19 07:00:00,16.68,16.68,16.68,16.68,2000.0,ND2
2021-04-08 07:00:00,21.1,,21.1,21.1,63.0,ND2
2022-04-13 07:00:00,,24.2,,24.2,4200.0,ND2
2022-06-30 07:00:00,26.05,26.05,25.98,25.98,800.0,ND2
2022-08-01 07:00:00,28.24,28.64,28.24,28.64,11600.0,ND2
2023-04-07 07:00:00,,27.43,25.77,27.43,511.0,ND2
2023-08-22 07:00:00,,25.4,25.4,25.4,100.0,ND2
2024-04-19 07:00:00,,30.53,30.53,30.53,300.0,ND2
2024-09-16 07:00:00,,32.81,30.94,32.81,210.0,ND2
2026-03-23 07:00:00,35.6,,,35.6,,ND2
2026-04-06 07:00:00,,36.2,,36.0,,ND2
2015-10-12 07:00:00,16.04,16.04,16.04,16.04,,NDC
2016-07-22 07:00:00,20.62,20.62,20.62,,1000.0,NDC
2016-09-26 07:00:00,,27.45,21.4,21.4,2100.0,NDC
2017-03-08 07:00:00,17.85,,17.85,17.85,100.0,NDC
2020-01-07 07:00:00,42.93,42.93,42.93,43.52,200.0,NDC
2021-02-26 07:00:00,40.44,40.44,,40.44,100.0,NDC
2021-06-23 07:00:00,96.95,96.95,,96.95,1200.0,NDC
2022-05-10 07:00:00,,110.89,110.89,,500.0,NDC
2024-08-26 07:00:00,,131.55,131.55,131.55,100.0,NDC
2024-12-26 07:00:00,114.99,114.99,114.99,114.99,100.0,NDC
2025-03-10 07:00:00,132.53,132.53,132.43,132.53,1400.0,NDC
2025-07-22 07:00:00,116.0,116.2,116.0,,2400.0,NDC
2025-10-24 07:00:00,127.2,127.2,127.2,127.2,100.0,NDC
2017-07-18 07:00:00,22.0,,,22.0,100.0,NDP
2018-09-21 07:00:00,21.45,,,21.45,,NDP
2022-05-26 07:00:00,,,,,100.0,NDP
2023-02-24 07:00:00,21.04,,21.04,21.04,5.0,NDP
2023-07-03 07:00:00,,,19.36,20.29,,NDP
2024-05-27 07:00:00,,21.39,21.39,,224.0,NDP
2025-02-25 07:00:00,26.07,26.07,26.07,,,NDP
2025-09-03 07:00:00,20.2,,,20.2,,NDP
2018-12-13 07:00:00,,,6.12,,100.0,NDT
2020-01-06 07:00:00,,6.71,,6.71,,NDT
2020-10-02 07:00:00,3.4,,3.4,,,NDT
2021-04-14 07:00:00,7.22,,6.88,8.07,5800.0,NDT
2021-07-06 07:00:00,12.91,,12.32,12.32,2500.0,NDT
2021-07-21 07:00:00,,,9.85,10.19,,NDT
2022-01-10 07:00:00,26.17,26.17,25.32,25.32,70100.0,NDT
2022-08-22 07:00:00,18.01,18.01,,17.5,24600.0,NDT
2023-02-08 07:00:00,7.9,8.0,7.9,7.9,,NDT
2023-07-26 07:00:00,8.2,8.3,,8.3,81872.0,NDT
2023-08-09 07:00:00,7.5,,7.4,7.7,,NDT
2023-10-31 07:00:00,5.7,,,,,NDT
2024-10-04 07:00:00,,6.1,6.1,,50.0,NDT
2025-08-18 07:00:00,5.0,5.1,,4.9,1100.0,NDT
2025-09-30 07:00:00,,4.9,4.9,,1100.0,NDT
2016-02-24 07:00:00,3.8,3.59,3.51,3.55,66200.0,NDX
2016-05-25 07:00:00,3.89,,3.63,3.63,32100.0,NDX
2017-02-14 07:00:00,,4.61,,4.61,5500.0,NDX
2017-05-26 07:00:00,4.91,,4.87,4.91,1600.0,NDX
2018-07-20 07:00:00,7.89,,7.5,7.72,,NDX
2018-09-24 07:00:00,7.61,7.61,,,3600.0,NDX
2018-10-29 07:00:00,,7.75,,7.75,,NDX
2019-06-11 07:00:00,8.11,8.18,8.11,8.11,4800.0,NDX
2019-09-18 07:00:00,8.31,8.31,8.31,,2200.0,NDX
2020-06-11 07:00:00,,8.63,8.63,,8300.0,NDX
2020-09-29 07:00:00,,7.43,7.43,7.43,500.0,NDX
2021-02-18 07:00:00,,5.99,5.55,,3714.0,NDX
2021-09-22 07:00:00,6.76,,6.68,7.15,291700.0,NDX
2022-05-04 07:00:00,,,6.37,6.44,55300.0,NDX
2022-06-08 07:00:00,5.97,6.05,5.89,6.05,52100.0,NDX
2022-09-28 07:00:00,,,,5.54,,NDX
2023-02-01 07:00:00,5.21,5.63,,5.54,46500.0,NDX
2023-03-06 07:00:00,5.38,,5.38,,,NDX
2023-05-24 07:00:00,,5.63,5.63,5.63,58900.0,NDX
2023-12-20 07:00:00,6.06,6.06,6.06,,3.0,NDX
2024-08-16 07:00:00,5.41,5.59,5.41,5.59,3600.0,NDX
2024-10-17 07:00:00,,5.7,5.7,5.7,10.0,NDX
2025-03-13 07:00:00,5.2,5.3,5.2,5.3,,NDX
2018-01-17 07:00:00,,5.84,5.42,5.84,1400.0,NFC
2018-11-21 07:00:00,,2.46,2.46,2.46,100.0,NFC
2021-12-07 07:00:00,9.88,9.88,9.88,9.88,,NFC
2024-10-25 07:00:00,15.59,15.59,15.59,15.59,1700.0,NFC
2026-01-06 07:00:00,51.33,56.33,,52.35,2400.0,NFC
2016-04-20 07:00:00,,1.97,1.88,1.9,,NHA
2016-08-08 07:00:00,3.27,3.27,3.1,,12435.0,NHA
2016-12-01 07:00:00,2.79,,2.79,2.96,,NHA
2018-01-17 07:00:00,,3.3,,,3300.0,NHA
2018-09-19 07:00:00,,2.51,,2.51,22100.0,NHA
2019-04-23 07:00:00,,,,,2000.0,NHA
2019-06-17 07:00:00,2.51,2.51,2.51,2.51,1100.0,NHA
2020-06-26 07:00:00,3.91,3.91,3.77,,,NHA
2020-12-04 07:00:00,7.56,,7.41,7.46,,NHA
2021-03-04 07:00:00,15.01,,14.72,14.92,160400.0,NHA
2021-05-27 07:00:00,,,15.24,15.3,145200.0,NHA
2022-05-04 07:00:00,33.77,33.77,31.49,31.56,,NHA
2022-09-14 07:00:00,21.31,21.9,20.95,,187500.0,NHA
2023-01-19 07:00:00,10.42,,9.9,10.06,169200.0,NHA
2023-02-16 07:00:00,,,8.68,9.07,58900.0,NHA
2023-03-07 07:00:00,,8.68,8.52,8.6,25400.0,NHA
2024-02-16 07:00:00,13.26,13.73,,13.53,,NHA
2024-08-14 07:00:00,19.57,19.57,18.7,18.86,561900.0,NHA
2024-10-24 07:00:00,21.03,21.19,20.44,20.44,832900.0,NHA
2025-02-04 07:00:00,19.65,,,,410200.0,NHA
2025-02-21 07:00:00,20.08,20.4,19.92,20.16,,NHA
2025-03-14 07:00:00,20.95,,,21.19,,NHA
2025-08-12 07:00:00,23.33,,21.64,22.81,,NHA
2025-10-24 07:00:00,18.08,,17.82,17.99,305000.0,NHA
2017-10-19 07:00:00,9.24,,,9.24,1300.0,NHH
2017-12-14 07:00:00,,10.17,,9.7,24300.0,NHH
2019-05-09 07:00:00,9.57,,,9.57,500.0,NHH
2019-07-05 07:00:00,12.64,,,,,NHH
2019-09-27 07:00:00,30.47,34.23,30.47,31.49,21290.0,NHH
2020-06-26 07:00:00,29.49,,29.49,30.46,,NHH
2021-03-15 07:00:00,,48.02,,47.6,376500.0,NHH
2021-05-27 07:00:00,,,,41.43,,NHH
2021-08-18 07:00:00,29.9,29.9,29.19,29.19,,NHH
2022-03-11 07:00:00,21.36,22.39,,21.75,,NHH
2022-07-27 07:00:00,12.93,13.06,12.24,12.88,,NHH
2022-09-06 07:00:00,,13.79,13.2,13.29,,NHH
2022-12-26 07:00:00,13.11,,12.43,12.56,,NHH
2023-10-30 07:00:00,17.73,17.92,17.08,17.08,704900.0,NHH
2023-12-13 07:00:00,18.77,,17.41,17.41,1265700.0,NHH
2024-08-06 07:00:00,15.04,15.43,14.65,15.33,131200.0,NHH
2025-12-26 07:00:00,11.55,11.55,,11.4,104600.0,NHH
2026-03-17 07:00:00,10.25,,,,35000.0,NHH
2018-01-23 07:00:00,,4.57,,,7093.0,NHT
2018-04-05 07:00:00,7.42,,7.42,7.42,,NHT
2018-09-11 07:00:00,,10.46,10.44,,600.0,NHT
2019-02-12 07:00:00,10.57,10.57,,10.57,101.0,NHT
2019-03-13 07:00:00,,11.86,11.86,11.86,200.0,NHT
2019-06-04 07:00:00,16.8,16.96,16.8,16.96,300.0,NHT
2019-12-27 07:00:00,17.68,17.68,,17.68,310.0,NHT
2020-06-10 07:00:00,,,11.86,11.86,5300.0,NHT
2020-09-08 07:00:00,,13.0,12.65,,,NHT
2021-01-04 07:00:00,19.0,19.0,,19.0,,NHT
2022-11-16 07:00:00,10.94,10.94,,,7000.0,NHT
2024-02-05 07:00:00,,10.7,10.37,10.7,2500.0,NHT
2024-12-12 07:00:00,,11.2,11.2,11.2,100.0,NHT
2025-09-30 07:00:00,10.45,10.45,10.45,10.45,,NHT
2026-03-12 07:00:00,10.2,10.3,,,,NHT
2022-06-15 07:00:00,15.03,15.03,13.72,13.72,200.0,NJC
2023-04-11 07:00:00,13.46,13.46,13.46,13.46,7102.0,NJC
2023-04-19 07:00:00,13.59,13.59,13.32,13.32,300.0,NJC
2023-09-19 07:00:00,,16.94,,16.67,24100.0,NJC
2024-02-06 07:00:00,16.27,16.27,15.61,,3200.0,NJC
2024-11-05 07:00:00,,,,13.84,100.0,NJC
2025-04-22 07:00:00,,13.65,13.29,13.29,6100.0,NJC
2016-05-09 07:00:00,10.66,,,10.57,168280.0,NLG
2016-07-19 07:00:00,9.63,9.68,9.5,9.54,112130.0,NLG
2017-05-22 07:00:00,12.78,12.98,,12.37,906990.0,NLG
2017-08-10 07:00:00,15.44,15.69,15.37,15.42,1062880.0,NLG
2017-09-19 07:00:00,13.75,,13.67,13.75,,NLG
2017-09-26 07:00:00,13.6,13.67,13.55,,,NLG
2017-10-17 07:00:00,13.75,,13.75,,836180.0,NLG
2018-07-17 07:00:00,18.18,,17.85,18.21,375210.0,NLG
2018-11-08 07:00:00,17.42,17.58,,17.42,156960.0,NLG
2019-05-10 07:00:00,17.79,18.16,,,693130.0,NLG
2019-05-16 07:00:00,,19.1,18.77,18.86,,NLG
2020-08-14 07:00:00,18.53,,18.11,18.32,1548760.0,NLG
2020-11-19 07:00:00,,21.7,21.28,21.28,1052400.0,NLG
2021-01-12 07:00:00,26.54,26.77,25.77,,1055700.0,NLG
2021-01-20 07:00:00,24.54,,,,739400.0,NLG
2021-05-10 07:00:00,29.84,30.23,29.46,29.92,,NLG
2021-08-23 07:00:00,31.34,32.19,,31.69,2413600.0,NLG
2021-11-11 07:00:00,48.21,,48.21,50.85,7545400.0,NLG
2022-01-21 07:00:00,46.75,47.01,44.84,45.97,3923900.0,NLG
2022-05-30 07:00:00,,42.66,41.95,,,NLG
2022-10-14 07:00:00,23.48,,,23.57,2952400.0,NLG
2022-11-04 07:00:00,,,,,3629700.0,NLG
2023-07-06 07:00:00,30.05,,29.07,,2781100.0,NLG
2024-08-06 07:00:00,34.38,,34.29,35.46,,NLG
2024-09-18 07:00:00,38.0,38.0,37.82,37.95,1953400.0,NLG
2025-04-08 07:00:00,,,25.2,,2559600.0,NLG
2016-12-29 07:00:00,6.72,6.72,6.68,6.68,2300.0,NNT
2019-04-26 07:00:00,,10.52,10.52,10.52,100.0,NNT
2025-03-25 07:00:00,57.8,60.53,,,200.0,NNT
2025-06-03 07:00:00,66.0,66.0,66.0,66.0,,NNT
2025-10-02 07:00:00,,,,63.4,100.0,NNT
2026-03-05 07:00:00,,63.0,,63.0,,NNT
2026-04-09 07:00:00,61.0,61.0,58.0,60.3,3700.0,NNT
2016-07-25 07:00:00,63.51,63.51,,60.62,,NSC
2016-08-18 07:00:00,,58.89,,,1520.0,NSC
2017-09-18 07:00:00,,,67.74,68.15,,NSC
2017-11-23 07:00:00,,,66.5,66.5,10.0,NSC
2018-08-29 07:00:00,65.09,,,,,NSC
2019-04-26 07:00:00,,,66.3,68.18,,NSC
2019-06-25 07:00:00,59.39,61.97,59.39,,260.0,NSC
2020-03-23 07:00:00,,56.69,,56.69,,NSC
2020-05-11 07:00:00,,48.31,45.11,,20210.0,NSC
2020-08-18 07:00:00,44.76,45.47,44.76,45.47,2770.0,NSC
2020-10-28 07:00:00,,,48.6,,,NSC
2021-04-13 07:00:00,54.99,55.29,54.47,54.54,11456.0,NSC
2021-07-23 07:00:00,,61.61,,60.46,,NSC
2021-08-27 07:00:00,57.63,,57.63,59.62,21672.0,NSC
2021-10-08 07:00:00,62.84,64.21,62.84,,1300.0,NSC
2022-04-19 07:00:00,,76.82,75.02,,6800.0,NSC
2022-08-25 07:00:00,72.85,72.85,71.3,72.28,,NSC
2022-10-04 07:00:00,64.74,65.97,64.41,65.56,9400.0,NSC
2024-06-07 07:00:00,67.98,68.07,,67.8,1300.0,NSC
2024-10-14 07:00:00,,,,73.84,200.0,NSC
2026-01-21 07:00:00,75.1,75.1,75.1,75.1,600.0,NSC
2016-07-05 07:00:00,10.27,,10.27,10.27,,NSG
2017-05-11 07:00:00,9.83,,8.67,,,NSG
2019-10-31 07:00:00,9.5,,9.5,,1000.0,NSG
2026-01-12 07:00:00,15.82,18.1,13.61,,,NTF
2020-04-15 07:00:00,17.99,,,,200.0,NTH
2020-10-06 07:00:00,,,,16.68,2300.0,NTH
2021-03-30 07:00:00,,20.0,20.0,20.0,3500.0,NTH
2023-03-10 07:00:00,38.05,,38.05,38.05,73.0,NTH
2025-06-17 07:00:00,,,46.96,,200.0,NTH
2019-12-24 07:00:00,,,,5.05,,NUE
2020-02-14 07:00:00,5.23,5.29,5.23,5.29,4000.0,NUE
2022-03-01 07:00:00,,,,,1700.0,NUE
2022-10-27 07:00:00,,,7.51,,11700.0,NUE
2023-05-18 07:00:00,7.11,7.11,,7.11,100.0,NUE
2023-09-28 07:00:00,6.75,6.75,6.75,6.75,,NUE
2024-01-24 07:00:00,6.84,6.84,,6.84,200.0,NUE
2024-07-30 07:00:00,,9.43,,8.88,,NUE
2024-09-06 07:00:00,,8.32,,8.32,,NUE
2024-12-19 07:00:00,8.97,8.97,,,2600.0,NUE
2025-05-16 07:00:00,9.71,9.71,9.71,9.71,200.0,NUE
2017-01-05 07:00:00,25.3,25.35,25.18,25.22,,NVL
2017-03-29 07:00:00,29.23,29.44,,,,NVL
2018-06-25 07:00:00,,28.4,27.84,28.23,1946880.0,NVL
2018-07-27 07:00:00,33.46,,33.07,,576480.0,NVL
2018-10-26 07:00:00,41.2,41.59,40.09,,997510.0,NVL
2019-05-20 07:00:00,,,32.63,33.07,,NVL
2020-02-26 07:00:00,29.84,29.96,29.68,,376460.0,NVL
2020-03-02 07:00:00,,,,29.84,524050.0,NVL
2021-06-18 07:00:00,78.66,,78.28,78.66,2463900.0,NVL
2022-02-15 07:00:00,78.0,79.6,77.5,79.0,2724200.0,NVL
2022-05-10 07:00:00,77.0,79.0,,79.0,,NVL
2023-03-20 07:00:00,11.45,11.5,11.05,,9860500.0,NVL
2024-11-21 07:00:00,11.25,11.3,,11.25,,NVL
2025-04-02 07:00:00,10.35,10.5,10.25,,7884700.0,NVL
2025-06-02 07:00:00,14.2,14.9,,,,NVL
2025-06-13 07:00:00,14.05,14.3,,,30353700.0,NVL
2025-09-23 07:00:00,,,,15.65,,NVL
2025-11-27 07:00:00,15.55,,,14.85,16187400.0,NVL
2026-02-05 07:00:00,12.55,,12.35,12.35,,NVL
2026-03-10 07:00:00,10.0,,10.0,,,NVL
2018-10-30 07:00:00,13.0,,,13.09,265700.0,OIL
2019-12-12 07:00:00,8.54,,8.26,8.36,,OIL
2020-03-17 07:00:00,5.57,5.85,5.48,5.85,186370.0,OIL
2020-10-27 07:00:00,,,,,384818.0,OIL
2020-11-10 07:00:00,7.61,7.71,,,420067.0,OIL
2021-08-25 07:00:00,11.61,11.7,11.33,11.61,1145900.0,OIL
2022-05-19 07:00:00,12.44,12.81,11.88,12.72,1917554.0,OIL
2022-06-30 07:00:00,11.88,,,11.51,,OIL
2023-07-07 07:00:00,9.8,9.99,9.7,9.99,,OIL
2024-02-21 07:00:00,,,,9.88,524418.0,OIL
2024-05-13 07:00:00,,9.49,,9.49,,OIL
2024-07-09 07:00:00,,,13.47,13.76,4559080.0,OIL
2024-12-05 07:00:00,11.91,12.1,11.71,11.81,1341071.0,OIL
2024-12-31 07:00:00,11.91,,,,512531.0,OIL
2025-09-17 07:00:00,,12.0,,11.8,,OIL
2026-01-14 07:00:00,12.6,14.0,,,,OIL
2026-03-13 07:00:00,21.0,21.9,,19.2,10599900.0,OIL
2016-01-19 07:00:00,,,4.64,4.64,2500.0,ONE
2016-06-03 07:00:00,4.56,4.53,4.43,4.48,15700.0,ONE
2016-08-01 07:00:00,,,4.12,4.24,3100.0,ONE
2016-08-31 07:00:00,,,3.83,4.12,800.0,ONE
2016-09-09 07:00:00,4.29,4.29,4.29,4.29,,ONE
2016-12-21 07:00:00,4.06,4.06,3.89,3.89,2400.0,ONE
2018-01-22 07:00:00,,3.3,3.11,3.18,23800.0,ONE
2018-03-27 07:00:00,3.24,3.3,3.24,3.3,3800.0,ONE
2018-12-06 07:00:00,,3.37,3.18,3.3,4700.0,ONE
2020-04-10 07:00:00,2.48,2.48,,2.48,9700.0,ONE
2020-10-13 07:00:00,3.42,,,,,ONE
2020-12-16 07:00:00,3.59,3.76,3.59,3.76,67100.0,ONE
2021-07-05 07:00:00,,5.59,5.41,5.41,,ONE
2022-05-11 07:00:00,7.88,,7.79,7.79,5000.0,ONE
2022-10-28 07:00:00,,,6.23,,,ONE
2022-11-11 07:00:00,,,,5.68,17700.0,ONE
2023-01-05 07:00:00,5.5,5.59,5.5,5.59,,ONE
2023-05-23 07:00:00,,,5.0,5.0,,ONE
2023-06-20 07:00:00,5.3,,,,13413.0,ONE
2023-07-28 07:00:00,5.5,,5.5,,,ONE
2024-02-29 07:00:00,6.0,,,6.0,,ONE
2024-05-29 07:00:00,6.4,,,,14800.0,ONE
2024-11-01 07:00:00,,5.0,,,,ONE
2024-12-10 07:00:00,5.4,5.4,,5.4,175.0,ONE
2026-01-15 07:00:00,8.9,8.9,,,42700.0,ONE
2018-12-28 07:00:00,15.3,15.3,,15.3,100.0,ONW
2021-12-28 07:00:00,18.0,18.0,,,1000.0,PAP
2022-05-11 07:00:00,,12.2,12.2,12.2,,PAP
2023-02-28 07:00:00,15.2,15.2,15.2,,,PAP
2023-04-21 07:00:00,15.0,15.0,9.2,9.2,2000.0,PAP
2024-12-26 07:00:00,23.2,27.0,23.2,,1600.0,PAP
2025-04-23 07:00:00,26.5,,,,5229.0,PAP
2020-03-06 07:00:00,19.55,,19.55,,100.0,PBC
2020-07-23 07:00:00,17.85,17.85,17.85,,100.0,PBC
2021-04-09 07:00:00,14.47,14.47,,12.39,400.0,PBC
2021-06-08 07:00:00,14.93,15.83,14.93,15.83,16100.0,PBC
2021-06-17 07:00:00,15.38,15.38,,,,PBC
2021-07-21 07:00:00,,16.83,15.56,15.56,7000.0,PBC
2021-08-10 07:00:00,,16.1,14.66,,3200.0,PBC
2021-10-11 07:00:00,17.19,17.19,,,,PBC
2022-01-05 07:00:00,17.01,17.19,16.65,16.74,148000.0,PBC
2022-01-19 07:00:00,15.56,15.56,14.84,14.93,28800.0,PBC
2022-04-28 07:00:00,,,14.47,14.84,39200.0,PBC
2022-07-28 07:00:00,13.57,14.38,13.57,,16608.0,PBC
2022-08-08 07:00:00,14.02,,,,50500.0,PBC
2022-09-12 07:00:00,14.06,,13.97,14.9,126900.0,PBC
2022-11-07 07:00:00,12.57,12.94,12.39,,,PBC
2022-12-01 07:00:00,13.69,13.97,,,70700.0,PBC
2023-04-10 07:00:00,,12.44,12.24,12.24,,PBC
2023-05-16 07:00:00,,12.63,12.15,12.24,,PBC
2023-10-03 07:00:00,10.89,,10.32,10.32,,PBC
2023-10-16 07:00:00,,10.8,,10.51,,PBC
2024-02-28 07:00:00,,,,,51500.0,PBC
2024-03-19 07:00:00,6.65,6.65,6.56,6.65,21162.0,PBC
2024-04-10 07:00:00,,6.75,,6.65,11700.0,PBC
2024-12-03 07:00:00,,6.46,6.36,6.46,,PBC
2025-01-16 07:00:00,6.36,6.36,,6.36,,PBC
2025-11-12 07:00:00,,7.0,6.3,,,PBC
2025-12-16 07:00:00,6.2,6.2,,6.2,2500.0,PBC
2017-06-05 07:00:00,9.24,,9.24,,166550.0,PC1
2017-10-19 07:00:00,,9.93,9.75,9.75,,PC1
2018-01-03 07:00:00,11.34,11.34,11.14,11.28,75160.0,PC1
2018-01-04 07:00:00,11.31,,11.08,,239200.0,PC1
2018-03-16 07:00:00,9.96,9.96,9.87,9.87,81980.0,PC1
2018-03-28 07:00:00,9.39,9.61,9.39,9.44,70280.0,PC1
2018-05-11 07:00:00,,,9.47,9.47,,PC1
2018-09-14 07:00:00,8.62,,8.55,8.67,185670.0,PC1
2018-09-17 07:00:00,8.84,,,8.72,,PC1
2018-11-22 07:00:00,,,,,306800.0,PC1
2019-07-23 07:00:00,7.11,,6.99,7.15,,PC1
2019-11-12 07:00:00,,7.67,7.55,,153430.0,PC1
2020-01-16 07:00:00,6.95,,,6.95,,PC1
2020-10-05 07:00:00,8.74,,,9.06,,PC1
2020-12-30 07:00:00,10.62,10.62,,,270270.0,PC1
2021-07-05 07:00:00,,,12.5,12.81,,PC1
2022-01-19 07:00:00,18.92,20.0,18.89,19.32,880000.0,PC1
2022-08-01 07:00:00,21.03,,20.86,,2262100.0,PC1
2023-01-13 07:00:00,,,15.78,15.85,1217400.0,PC1
2023-04-10 07:00:00,18.8,18.84,18.54,18.74,1965200.0,PC1
2023-09-11 07:00:00,20.45,20.74,,,5528900.0,PC1
2023-10-05 07:00:00,20.51,,19.72,,,PC1
2023-10-30 07:00:00,17.36,17.49,16.7,16.7,1671700.0,PC1
2023-12-22 07:00:00,21.52,,21.29,21.56,1862600.0,PC1
2024-04-09 07:00:00,,21.26,20.95,,2334500.0,PC1
2024-04-10 07:00:00,,21.41,21.18,21.18,3335900.0,PC1
2024-06-20 07:00:00,,22.84,21.86,22.43,8651900.0,PC1
2024-12-18 07:00:00,,19.94,19.73,19.86,692300.0,PC1
2025-03-07 07:00:00,20.64,20.73,,20.51,2117300.0,PC1
2025-03-18 07:00:00,,,,20.2,,PC1
2025-05-22 07:00:00,18.99,19.42,,,,PC1
2026-03-23 07:00:00,26.65,,25.15,,,PC1
2018-08-22 07:00:00,,,8.07,8.07,100.0,PCC
2020-06-18 07:00:00,11.11,,11.11,12.78,300.0,PCC
2020-12-21 07:00:00,,11.2,,11.2,,PCC
2021-06-21 07:00:00,,,9.87,9.87,200.0,PCC
2021-07-09 07:00:00,11.42,11.42,,11.42,,PCC
2021-10-29 07:00:00,,12.02,11.94,11.94,,PCC
2022-06-22 07:00:00,12.65,14.63,,,600.0,PCC
2023-07-26 07:00:00,11.39,,,11.39,,PCC
2023-08-07 07:00:00,,,,11.72,,PCC
2023-10-03 07:00:00,15.69,15.69,15.44,,,PCC
2023-10-27 07:00:00,,,14.76,,,PCC
2025-03-07 07:00:00,22.12,22.12,,22.12,100.0,PCC
2022-09-09 07:00:00,,,6.28,6.36,129300.0,PCH
2022-09-13 07:00:00,6.91,6.91,6.44,,,PCH
2022-10-13 07:00:00,,4.4,,,33500.0,PCH
2022-10-26 07:00:00,,,,4.08,9200.0,PCH
2023-07-05 07:00:00,4.16,4.24,,4.16,,PCH
2023-12-04 07:00:00,8.35,8.61,8.0,8.61,,PCH
2024-01-23 07:00:00,8.43,,8.17,8.35,11060.0,PCH
2024-05-30 07:00:00,9.65,9.91,9.57,,132906.0,PCH
2024-10-31 07:00:00,12.19,12.38,12.19,12.29,95000.0,PCH
2025-03-04 07:00:00,13.24,13.43,13.24,13.33,82600.0,PCH
2025-09-17 07:00:00,,19.7,19.5,19.5,104400.0,PCH
2025-10-02 07:00:00,20.0,20.2,20.0,20.1,99700.0,PCH
2025-10-08 07:00:00,,22.0,20.4,,,PCH
2025-10-28 07:00:00,20.1,20.2,20.0,20.0,85800.0,PCH
2026-01-29 07:00:00,20.0,20.1,,19.9,,PCH
2017-11-17 07:00:00,3.95,3.95,,,,PCM
2018-11-01 07:00:00,2.79,2.79,2.79,,100.0,PCM
2019-10-24 07:00:00,10.16,10.16,,,,PCM
2020-12-08 07:00:00,10.4,,10.3,10.3,12100.0,PCM
2021-09-16 07:00:00,9.0,9.0,9.0,,,PCM
2022-04-27 07:00:00,11.1,11.1,,,100.0,PCM
2022-06-13 07:00:00,,13.6,13.6,13.6,1900.0,PCM
2023-03-23 07:00:00,,,,13.8,1700.0,PCM
2023-09-12 07:00:00,12.6,,12.6,12.6,6.0,PCM
2025-08-20 07:00:00,12.4,12.4,12.4,12.4,200.0,PCM
2016-05-27 07:00:00,6.97,,7.67,,,PCT
2016-11-30 07:00:00,,7.65,6.9,,300.0,PCT
2018-08-22 07:00:00,5.4,5.48,5.4,5.48,7273.0,PCT
2021-01-21 07:00:00,5.32,,5.32,,1500.0,PCT
2021-09-10 07:00:00,5.82,,,5.65,22800.0,PCT
2021-11-12 07:00:00,,7.89,,,27373.0,PCT
2021-12-16 07:00:00,7.06,,,7.06,12941.0,PCT
2022-04-20 07:00:00,6.65,6.65,,6.15,11000.0,PCT
2022-05-18 07:00:00,,,6.48,6.48,,PCT
2022-08-30 07:00:00,7.23,,6.65,7.23,,PCT
2022-11-01 07:00:00,6.9,,,,12300.0,PCT
2022-12-14 07:00:00,5.6,5.9,5.2,,22100.0,PCT
2023-03-08 07:00:00,6.8,,6.4,6.6,11920.0,PCT
2025-10-10 07:00:00,,10.4,10.2,10.4,,PCT
2025-11-14 07:00:00,,9.5,,,,PCT
2026-04-16 07:00:00,10.0,10.0,10.0,10.0,500.0,PCT
2022-04-14 07:00:00,9.3,,9.3,9.3,100.0,PEG
2022-05-09 07:00:00,8.7,,,8.4,5200.0,PEG
2022-08-12 07:00:00,,6.3,6.3,6.3,1500.0,PEG
2025-07-28 07:00:00,3.9,,,,1600.0,PEG
2025-11-11 07:00:00,,3.8,3.8,,300.0,PEG
2025-12-03 07:00:00,,,,,,PEG
2022-06-27 07:00:00,,,9.25,9.57,25600.0,PGB
2022-11-09 07:00:00,8.89,8.89,8.58,8.58,,PGB
2022-12-26 07:00:00,7.91,,7.76,7.76,6100.0,PGB
2023-02-01 07:00:00,8.38,8.58,8.22,8.22,,PGB
2023-03-28 07:00:00,,10.65,10.13,10.5,123122.0,PGB
2023-04-25 07:00:00,16.75,17.06,,17.06,103271.0,PGB
2023-06-06 07:00:00,14.22,,,14.84,,PGB
2023-08-03 07:00:00,,,14.63,14.89,95270.0,PGB
2023-10-17 07:00:00,14.06,14.22,14.01,14.01,15558.0,PGB
2023-11-28 07:00:00,12.51,,,,1400.0,PGB
2023-12-27 07:00:00,13.96,,13.86,14.06,,PGB
2024-10-31 07:00:00,,,,,5971.0,PGB
2024-11-19 07:00:00,11.76,,11.26,,,PGB
2025-01-03 07:00:00,,11.11,10.97,,5500.0,PGB
2025-06-16 07:00:00,10.71,10.86,10.55,10.78,,PGB
2025-08-27 07:00:00,12.62,13.0,12.62,12.69,66100.0,PGB
2026-01-22 07:00:00,12.9,12.9,12.6,12.7,,PGB
2026-01-29 07:00:00,12.5,,12.4,12.5,5200.0,PGB
2016-04-29 07:00:00,21.71,,21.66,,181340.0,PGD
2016-07-15 07:00:00,22.93,22.93,,22.93,,PGD
2016-08-24 07:00:00,22.49,,22.49,,505500.0,PGD
2016-10-04 07:00:00,21.76,21.76,,21.46,9280.0,PGD
2016-10-13 07:00:00,,,22.31,22.56,9480.0,PGD
2016-10-24 07:00:00,22.26,22.26,22.21,22.21,14030.0,PGD
2016-12-29 07:00:00,,19.91,,19.13,,PGD
2017-07-26 07:00:00,26.07,,24.66,26.02,3440.0,PGD
2017-10-17 07:00:00,,,20.78,20.86,,PGD
2017-11-15 07:00:00,,,,19.81,1070.0,PGD
2018-07-19 07:00:00,18.82,,18.82,20.33,2060.0,PGD
2019-07-02 07:00:00,,18.89,18.44,18.89,1050.0,PGD
2019-08-05 07:00:00,,,,19.25,,PGD
2020-03-06 07:00:00,,21.23,,,5110.0,PGD
2022-07-05 07:00:00,,,,,8500.0,PGD
2022-07-26 07:00:00,22.61,,22.33,22.61,,PGD
2022-10-04 07:00:00,21.85,22.83,21.85,22.68,3500.0,PGD
2022-10-24 07:00:00,20.86,21.85,,20.48,10000.0,PGD
2023-01-06 07:00:00,19.72,19.72,19.57,,9200.0,PGD
2023-12-01 07:00:00,33.61,,33.61,,,PGD
2024-02-20 07:00:00,33.43,33.43,,33.34,,PGD
2024-07-30 07:00:00,30.13,30.13,,,3500.0,PGD
2024-08-08 07:00:00,30.09,,29.73,29.73,1100.0,PGD
2024-10-16 07:00:00,29.44,30.25,,30.2,27700.0,PGD
2024-11-22 07:00:00,29.4,29.49,29.4,29.49,,PGD
2025-06-19 07:00:00,27.18,,,,,PGD
2025-11-25 07:00:00,,24.8,,24.3,1400.0,PGD
2017-02-15 07:00:00,,4.0,,,2380.0,PGT
2017-07-12 07:00:00,4.1,4.1,4.1,4.1,100.0,PGT
2017-09-20 07:00:00,3.4,3.4,,3.4,,PGT
2018-07-13 07:00:00,4.0,4.0,4.0,,,PGT
2018-09-27 07:00:00,,,,4.4,27.0,PGT
2018-11-19 07:00:00,,4.2,,,5.0,PGT
2019-08-07 07:00:00,4.9,,4.1,,,PGT
2020-10-26 07:00:00,3.5,3.5,3.5,3.5,100.0,PGT
2020-12-15 07:00:00,,3.2,3.2,3.2,90.0,PGT
2021-04-15 07:00:00,6.9,,,,17027.0,PGT
2021-08-11 07:00:00,,,,5.3,53500.0,PGT
2021-09-09 07:00:00,11.3,,,,50085.0,PGT
2021-12-07 07:00:00,11.3,,11.3,11.5,35500.0,PGT
2022-07-15 07:00:00,5.1,,5.0,5.2,21000.0,PGT
2022-10-12 07:00:00,3.4,,,,1200.0,PGT
2022-10-13 07:00:00,3.5,3.6,3.4,3.6,1800.0,PGT
2022-10-18 07:00:00,3.7,3.8,3.7,3.8,,PGT
2023-06-14 07:00:00,4.1,4.4,4.0,4.2,19700.0,PGT
2023-11-14 07:00:00,3.5,3.5,3.2,3.2,16801.0,PGT
2024-03-26 07:00:00,3.9,4.0,3.7,4.0,6700.0,PGT
2024-06-24 07:00:00,,3.5,3.3,3.5,14401.0,PGT
2024-10-01 07:00:00,3.1,,2.9,3.1,8727.0,PGT
2025-03-28 07:00:00,,11.2,10.3,,,PGT
2025-09-11 07:00:00,,8.4,8.2,8.4,1400.0,PGT
2026-01-22 07:00:00,,7.8,7.2,7.8,,PGT
2019-08-09 07:00:00,,,8.1,8.18,,PGV
2020-08-05 07:00:00,,8.42,8.42,8.42,,PGV
2020-08-28 07:00:00,8.96,8.96,8.81,8.81,2110.0,PGV
2020-09-24 07:00:00,,9.35,9.2,,800.0,PGV
2020-12-09 07:00:00,12.08,12.47,12.0,12.31,65800.0,PGV
2021-06-15 07:00:00,,13.48,13.25,13.25,,PGV
2021-08-12 07:00:00,15.45,15.87,15.37,15.45,,PGV
2021-11-03 07:00:00,,27.36,26.17,26.26,119411.0,PGV
2022-10-11 07:00:00,,,18.84,,,PGV
2023-05-24 07:00:00,23.03,,22.85,22.9,60500.0,PGV
2023-10-30 07:00:00,20.75,22.04,20.75,20.94,3000.0,PGV
2023-10-31 07:00:00,20.65,20.94,20.17,,27400.0,PGV
2023-11-23 07:00:00,21.37,,20.75,20.75,21300.0,PGV
2024-02-29 07:00:00,,,,,18900.0,PGV
2024-07-12 07:00:00,,,24.15,24.45,32600.0,PGV
2024-09-10 07:00:00,,21.6,21.3,21.6,30000.0,PGV
2025-01-24 07:00:00,,20.15,19.35,19.4,,PGV
2025-08-06 07:00:00,20.3,20.75,19.65,20.2,100700.0,PGV
2025-08-22 07:00:00,,,20.25,20.55,27300.0,PGV
2025-11-05 07:00:00,19.95,20.0,19.9,19.95,2100.0,PGV
2015-12-09 07:00:00,,,2.12,,36500.0,PHC
2016-07-28 07:00:00,2.37,2.5,2.37,,3100.0,PHC
2016-09-16 07:00:00,,2.31,,2.31,26900.0,PHC
2017-05-05 07:00:00,,,5.27,5.52,,PHC
2017-12-27 07:00:00,7.06,,6.92,,,PHC
2018-02-07 07:00:00,7.92,,7.87,8.02,,PHC
2018-02-13 07:00:00,7.87,8.06,7.87,,246700.0,PHC
2018-02-28 07:00:00,,,7.87,,194210.0,PHC
2019-05-09 07:00:00,6.92,,,6.92,263490.0,PHC
2020-03-30 07:00:00,,6.09,5.67,,,PHC
2020-05-19 07:00:00,,6.04,,5.97,63430.0,PHC
2022-11-09 07:00:00,5.15,5.5,,5.45,122700.0,PHC
2022-12-12 07:00:00,,6.3,6.29,6.3,330100.0,PHC
2023-03-22 07:00:00,,5.16,5.14,5.14,76800.0,PHC
2023-04-03 07:00:00,5.27,,5.23,,85300.0,PHC
2023-10-30 07:00:00,6.08,6.08,,5.89,,PHC
2023-11-08 07:00:00,,,,6.42,155100.0,PHC
2024-02-26 07:00:00,6.7,6.87,,6.79,,PHC
2024-07-15 07:00:00,6.1,,,6.09,28500.0,PHC
2025-02-19 07:00:00,5.59,,5.5,5.58,,PHC
2025-03-10 07:00:00,,,5.42,5.45,74800.0,PHC
2025-04-01 07:00:00,5.45,5.46,5.4,5.46,,PHC
2025-04-25 07:00:00,5.09,,5.05,5.1,,PHC
2025-07-24 07:00:00,5.29,5.29,5.2,5.24,,PHC
2025-09-29 07:00:00,,,5.62,5.71,109600.0,PHC
2025-11-11 07:00:00,4.98,5.18,,,54700.0,PHC
2026-03-10 07:00:00,,,4.4,4.55,,PHC
2015-12-03 07:00:00,,,3.82,3.82,100.0,PIC
2016-03-31 07:00:00,4.42,4.42,,4.42,2800.0,PIC
2016-07-06 07:00:00,6.23,6.23,6.23,6.23,10700.0,PIC
2017-10-09 07:00:00,8.95,9.5,,,7707.0,PIC
2017-12-05 07:00:00,9.92,,9.62,,500.0,PIC
2018-01-17 07:00:00,9.07,,9.07,9.07,,PIC
2018-06-27 07:00:00,,,9.0,9.0,,PIC
2018-09-21 07:00:00,,8.94,8.81,8.94,1846.0,PIC
2018-11-26 07:00:00,8.74,,8.29,,846.0,PIC
2019-01-28 07:00:00,7.9,,7.9,,,PIC
2020-03-17 07:00:00,6.56,,6.42,,653.0,PIC
2020-11-13 07:00:00,6.8,,6.8,,4890.0,PIC
2022-03-03 07:00:00,,10.1,9.71,,1300.0,PIC
2022-06-27 07:00:00,9.95,9.95,,,3000.0,PIC
2022-07-15 07:00:00,,12.05,,12.05,15.0,PIC
2023-01-05 07:00:00,13.18,13.18,13.18,,1204.0,PIC
2023-04-03 07:00:00,,13.8,13.63,13.8,,PIC
2023-12-18 07:00:00,12.75,,12.75,,500.0,PIC
2024-06-24 07:00:00,18.21,21.51,18.21,21.51,9243.0,PIC
2017-06-26 07:00:00,10.22,10.22,,10.22,100.0,PIS
2025-03-03 07:00:00,11.45,11.45,,11.45,9.0,PIS
2018-10-05 07:00:00,20.71,20.71,17.41,17.41,300.0,PJC
2022-08-30 07:00:00,17.56,17.56,,,102.0,PJC
2024-07-01 07:00:00,22.86,23.2,22.86,,,PJC
2025-02-27 07:00:00,30.19,30.19,,30.19,101.0,PJC
2018-07-12 07:00:00,,6.67,6.39,6.39,10980.0,PLP
2018-11-02 07:00:00,6.62,6.62,6.44,6.47,,PLP
2019-09-18 07:00:00,6.89,,6.84,6.84,151210.0,PLP
2019-12-19 07:00:00,5.14,,,5.36,1000.0,PLP
2019-12-27 07:00:00,5.36,5.36,5.14,,,PLP
2020-04-22 07:00:00,4.1,4.16,3.94,4.1,66620.0,PLP
2020-07-13 07:00:00,,,5.71,,,PLP
2020-07-24 07:00:00,6.45,6.54,,6.1,,PLP
2020-09-01 07:00:00,6.91,6.96,6.82,,,PLP
2020-10-20 07:00:00,,,,5.95,,PLP
2021-09-17 07:00:00,,12.64,,,694500.0,PLP
2021-10-13 07:00:00,,,12.34,,789500.0,PLP
2021-11-09 07:00:00,13.91,13.91,13.48,13.87,,PLP
2021-11-11 07:00:00,14.04,,13.91,,2306900.0,PLP
2022-04-26 07:00:00,,12.45,11.4,,782900.0,PLP
2022-07-12 07:00:00,,7.71,,7.71,260100.0,PLP
2022-10-26 07:00:00,5.07,5.1,,4.97,50400.0,PLP
2022-11-14 07:00:00,3.59,3.69,,,258600.0,PLP
2022-12-14 07:00:00,4.45,4.45,,4.3,,PLP
2023-03-20 07:00:00,4.4,4.4,4.33,4.4,13900.0,PLP
2023-07-11 07:00:00,5.5,,5.43,5.47,193100.0,PLP
2024-02-01 07:00:00,4.65,4.65,,4.54,149200.0,PLP
2024-02-06 07:00:00,4.85,4.85,,,,PLP
2024-12-23 07:00:00,4.57,4.58,4.38,4.5,,PLP
2025-09-22 07:00:00,,5.69,5.37,5.53,84100.0,PLP
2025-09-30 07:00:00,,,,5.49,17700.0,PLP
2025-10-01 07:00:00,5.4,5.6,,5.59,52600.0,PLP
2026-04-28 07:00:00,,4.76,,4.45,229600.0,PLP
2016-04-08 07:00:00,10.27,,10.27,10.27,60.0,PNC
2016-06-09 07:00:00,,11.3,11.3,11.3,100.0,PNC
2017-08-31 07:00:00,,11.97,11.62,11.97,,PNC
2018-03-06 07:00:00,15.45,16.56,,,,PNC
2018-10-09 07:00:00,12.21,12.21,12.21,12.21,460.0,PNC
2018-11-01 07:00:00,11.46,11.46,,,40.0,PNC
2019-01-11 07:00:00,20.18,20.18,20.18,,10.0,PNC
2020-03-13 07:00:00,9.37,10.58,,,1000.0,PNC
2020-03-27 07:00:00,,,9.78,9.82,1090.0,PNC
2020-08-14 07:00:00,7.36,,7.36,7.88,250.0,PNC
2020-11-20 07:00:00,,7.54,7.54,,180.0,PNC
2021-07-28 07:00:00,8.08,,8.03,8.03,,PNC
2023-09-12 07:00:00,9.97,,8.98,,,PNC
2024-05-31 07:00:00,8.26,,8.26,8.26,,PNC
2025-05-21 07:00:00,22.96,,,,6800.0,PNC
2025-06-03 07:00:00,,25.51,24.53,,900.0,PNC
2020-12-28 07:00:00,8.3,,8.3,,,PND
2022-08-16 07:00:00,,16.88,16.79,16.79,228.0,PND
2023-03-14 07:00:00,7.5,7.5,7.5,7.5,,PND
2023-05-22 07:00:00,,7.9,6.4,7.9,201.0,PND
2023-09-19 07:00:00,7.7,8.0,7.7,7.9,1300.0,PND
2025-01-17 07:00:00,6.3,6.6,6.3,6.6,1400.0,PND
2025-05-15 07:00:00,6.6,6.6,6.6,6.6,4900.0,PND
2023-12-07 07:00:00,,,,,,PNP
2024-08-07 07:00:00,19.47,19.47,19.47,19.47,1905.0,PNP
2025-02-21 07:00:00,21.53,,21.53,22.47,403.0,PNP
2025-05-15 07:00:00,,,21.07,,,PNP
2026-01-28 07:00:00,,,20.0,20.0,4500.0,PNP
2026-04-03 07:00:00,20.3,20.5,20.3,,2500.0,PNP
2016-12-21 07:00:00,5.37,,5.32,,5800.0,POS
2017-10-23 07:00:00,6.34,,6.34,,4600.0,POS
2018-10-02 07:00:00,5.66,6.78,,6.78,,POS
2018-12-12 07:00:00,,5.66,5.66,5.66,1000.0,POS
2019-05-07 07:00:00,5.72,5.72,,5.72,100.0,POS
2019-08-06 07:00:00,5.3,5.3,5.3,5.3,,POS
2020-01-16 07:00:00,5.15,5.15,5.15,,100.0,POS
2020-04-15 07:00:00,4.39,5.28,4.39,5.28,,POS
2020-10-12 07:00:00,,7.47,7.47,7.47,100.0,POS
2020-11-17 07:00:00,,,6.78,6.99,28200.0,POS
2020-12-08 07:00:00,,,10.07,,,POS
2021-02-01 07:00:00,,10.48,,,20400.0,POS
2022-03-28 07:00:00,,14.92,14.48,14.7,,POS
2022-05-09 07:00:00,9.7,10.67,9.7,10.67,5100.0,POS
2022-07-21 07:00:00,9.78,9.78,9.63,9.7,2907.0,POS
2022-11-02 07:00:00,8.02,8.02,,7.79,9805.0,POS
2023-01-04 07:00:00,8.5,,7.87,8.26,8102.0,POS
2023-02-08 07:00:00,,8.1,8.1,,,POS
2023-02-20 07:00:00,7.87,,,8.1,6881.0,POS
2023-07-19 07:00:00,9.91,9.91,9.83,,2800.0,POS
2023-11-14 07:00:00,10.25,,10.25,,7100.0,POS
2023-12-26 07:00:00,10.25,10.25,10.25,10.25,,POS
2024-08-23 07:00:00,18.6,,18.1,18.1,4404.0,POS
2025-02-17 07:00:00,21.94,23.42,21.68,22.47,,POS
2016-04-12 07:00:00,4.18,,,4.18,5600.0,POV
2021-07-27 07:00:00,5.06,,5.06,5.06,3000.0,POV
2022-01-17 07:00:00,9.65,9.81,,,2300.0,POV
2022-04-04 07:00:00,,11.13,10.9,,3000.0,POV
2022-09-16 07:00:00,,10.17,9.64,9.64,,POV
2022-10-24 07:00:00,9.03,9.03,9.03,9.03,100.0,POV
2023-05-11 07:00:00,7.8,,7.71,7.71,2000.0,POV
2023-09-18 07:00:00,8.19,8.19,8.19,8.28,7.0,POV
2024-01-22 07:00:00,,,8.28,,,POV
2024-04-16 07:00:00,,8.0,8.0,8.0,100.0,POV
2025-08-07 07:00:00,7.7,7.7,,7.7,6000.0,POV
2026-01-22 07:00:00,7.9,7.9,,,14500.0,POV
2018-07-18 07:00:00,,9.32,7.34,9.32,2205187.0,POW
2018-09-12 07:00:00,11.84,,11.6,,1712540.0,POW
2018-10-19 07:00:00,11.37,12.0,11.13,11.21,2106500.0,POW
2019-10-17 07:00:00,,,10.34,10.42,,POW
2020-01-15 07:00:00,,8.6,8.53,,,POW
2020-02-20 07:00:00,8.29,8.64,8.29,8.6,4728350.0,POW
2020-09-22 07:00:00,7.93,7.97,7.9,7.9,5109720.0,POW
2020-10-09 07:00:00,8.37,8.49,8.29,8.33,4068630.0,POW
2020-10-13 07:00:00,8.21,8.21,,,3308250.0,POW
2020-11-05 07:00:00,7.78,7.78,,7.71,3329460.0,POW
2021-05-19 07:00:00,,9.85,9.44,,16967900.0,POW
2021-09-15 07:00:00,9.36,,,,6169800.0,POW
2023-02-27 07:00:00,,,9.81,,6322200.0,POW
2023-05-08 07:00:00,10.88,,,,,POW
2023-06-15 07:00:00,11.38,11.38,,11.21,5863000.0,POW
2023-07-18 07:00:00,11.05,11.21,11.01,11.17,,POW
2023-10-06 07:00:00,9.06,,9.02,9.27,5141700.0,POW
2024-07-12 07:00:00,12.5,12.62,,,8413800.0,POW
2024-09-11 07:00:00,10.72,,10.59,,3784500.0,POW
2025-05-09 07:00:00,10.68,10.72,10.47,,,POW
2025-05-28 07:00:00,,,10.97,11.17,,POW
2025-06-09 07:00:00,11.13,11.21,,,10443500.0,POW
2025-07-10 07:00:00,,11.3,,,,POW
2025-10-09 07:00:00,11.92,12.08,,12.08,6528500.0,POW
2018-05-28 07:00:00,6.59,6.59,,6.59,1000.0,PPH
2018-06-13 07:00:00,6.81,,6.76,6.76,,PPH
2019-09-26 07:00:00,8.18,,8.13,,1500.0,PPH
2020-07-28 07:00:00,6.39,7.26,6.39,7.26,2600.0,PPH
2021-09-10 07:00:00,19.09,19.96,,19.71,,PPH
2023-12-28 07:00:00,,,21.15,21.23,,PPH
2024-02-02 07:00:00,22.09,22.17,,,,PPH
2024-05-10 07:00:00,,23.72,,,31300.0,PPH
2024-08-05 07:00:00,25.9,26.26,25.37,,21501.0,PPH
2024-12-27 07:00:00,27.86,,27.5,27.68,44700.0,PPH
2025-08-22 07:00:00,,,26.2,26.48,11100.0,PPH
2025-11-19 07:00:00,28.0,28.0,27.72,27.81,,PPH
2025-11-26 07:00:00,28.0,28.1,27.9,27.9,24000.0,PPH
2025-12-29 07:00:00,27.6,27.7,27.4,27.7,13900.0,PPH
2026-01-19 07:00:00,28.0,,27.9,,3700.0,PPH
2018-05-04 07:00:00,,,,5.27,,PPP
2020-03-24 07:00:00,,10.25,9.04,,400.0,PPP
2020-04-23 07:00:00,10.38,,10.38,10.38,,PPP
2021-07-22 07:00:00,7.76,,,7.96,30500.0,PPP
2022-03-03 07:00:00,,13.03,11.88,,173926.0,PPP
2022-04-08 07:00:00,12.14,12.14,,11.85,25900.0,PPP
2022-04-19 07:00:00,11.56,,,,4900.0,PPP
2022-05-20 07:00:00,10.92,10.92,,10.71,7210.0,PPP
2022-09-06 07:00:00,,10.71,10.56,,1100.0,PPP
2022-11-14 07:00:00,9.77,,,,300.0,PPP
2024-09-24 07:00:00,,14.35,14.18,14.18,,PPP
2025-03-28 07:00:00,16.59,,16.59,16.68,2300.0,PPP
2026-01-29 07:00:00,,17.61,17.61,,,PPP
2026-03-10 07:00:00,,17.61,17.61,17.61,200.0,PPP
2021-02-22 07:00:00,,,,10.97,14600.0,PRE
2022-07-20 07:00:00,14.02,14.02,14.02,14.02,,PRE
2022-10-03 07:00:00,,12.84,,12.84,,PRE
2022-11-29 07:00:00,12.84,12.84,12.47,,5700.0,PRE
2023-03-20 07:00:00,13.82,13.82,13.58,13.66,1500.0,PRE
2023-07-06 07:00:00,,,13.66,13.66,,PRE
2023-11-10 07:00:00,14.13,,14.13,14.81,,PRE
2024-04-11 07:00:00,15.58,15.58,,15.58,100.0,PRE
2025-06-12 07:00:00,,18.57,18.57,,6100.0,PRE
2025-07-31 07:00:00,18.47,18.47,18.47,,6900.0,PRE
2025-10-20 07:00:00,18.66,18.85,18.66,18.66,27000.0,PRE
2026-03-17 07:00:00,22.0,22.0,22.0,,,PRE
2015-10-02 07:00:00,6.9,,,6.9,100.0,PRO
2016-02-05 07:00:00,7.0,7.0,7.0,7.0,4100.0,PRO
2020-04-13 07:00:00,,4.2,,4.2,200.0,PRO
2020-10-15 07:00:00,4.7,4.7,4.7,,200.0,PRO
2021-03-26 07:00:00,5.0,5.0,,5.0,1600.0,PRO
2021-10-18 07:00:00,6.1,6.7,6.1,6.1,,PRO
2024-03-29 07:00:00,,4.6,4.6,4.6,200.0,PRO
2024-09-05 07:00:00,3.8,,3.8,,,PRO
2024-09-09 07:00:00,4.4,,4.4,4.4,,PRO
2025-02-25 07:00:00,,5.3,,5.3,,PRO
2015-11-24 07:00:00,4.19,4.34,,4.19,2830.0,PSB
2016-03-17 07:00:00,3.58,3.58,,3.58,100.0,PSB
2016-07-08 07:00:00,2.97,3.06,2.97,,,PSB
2017-11-21 07:00:00,5.8,,5.8,5.8,2958.0,PSB
2019-02-28 07:00:00,,3.3,3.2,3.2,980.0,PSB
2019-12-23 07:00:00,3.1,3.1,3.0,3.0,1230.0,PSB
2021-01-12 07:00:00,7.0,,7.0,7.2,4110.0,PSB
2021-06-01 07:00:00,6.8,,6.7,,4733.0,PSB
2021-06-11 07:00:00,6.9,6.9,6.8,6.8,3449.0,PSB
2021-07-23 07:00:00,6.4,6.4,6.4,6.4,1101.0,PSB
2022-03-08 07:00:00,10.4,,10.4,,,PSB
2022-10-07 07:00:00,7.3,8.2,7.3,8.2,4480.0,PSB
2023-08-11 07:00:00,6.5,6.7,6.5,,7295.0,PSB
2024-05-31 07:00:00,5.2,,5.1,,56184.0,PSB
2024-10-17 07:00:00,6.4,6.5,6.4,,28034.0,PSB
2025-03-26 07:00:00,5.1,5.1,4.9,5.0,,PSB
2025-04-18 07:00:00,3.5,,3.5,4.0,174802.0,PSB
2025-10-27 07:00:00,4.3,,4.3,4.3,,PSB
2026-02-05 07:00:00,5.4,5.4,4.6,4.6,22000.0,PSB
2015-11-26 07:00:00,12.99,12.56,,,,PTI
2018-09-07 07:00:00,11.15,,11.15,,200.0,PTI
2019-05-07 07:00:00,10.09,,,10.09,,PTI
2020-07-02 07:00:00,12.56,,12.56,12.56,,PTI
2020-08-17 07:00:00,10.65,,,10.65,646.0,PTI
2021-01-22 07:00:00,,17.3,,17.3,,PTI
2021-01-25 07:00:00,17.23,17.43,17.23,,2800.0,PTI
2021-03-22 07:00:00,18.39,19.36,18.07,,4021.0,PTI
2021-10-18 07:00:00,25.67,25.67,25.67,,,PTI
2023-06-09 07:00:00,,23.67,,22.13,8050.0,PTI
2024-01-31 07:00:00,26.0,26.0,23.87,,801.0,PTI
2024-03-28 07:00:00,26.27,,26.27,,200.0,PTI
2024-12-24 07:00:00,,23.33,23.33,23.33,,PTI
2025-07-23 07:00:00,23.8,23.8,,23.3,6300.0,PTI
2025-12-02 07:00:00,34.7,34.7,,,1000.0,PTI
2026-02-25 07:00:00,30.8,30.8,,30.7,,PTI
2015-11-23 07:00:00,1.8,,,1.7,240430.0,PTL
2016-01-28 07:00:00,1.6,1.6,,1.6,32370.0,PTL
2016-08-03 07:00:00,2.1,2.2,,,,PTL
2016-09-20 07:00:00,2.08,2.08,,2.0,76710.0,PTL
2017-06-14 07:00:00,2.82,,2.82,2.91,,PTL
2017-07-25 07:00:00,3.33,,,3.41,,PTL
2018-01-03 07:00:00,4.0,4.0,3.9,4.0,98750.0,PTL
2018-03-20 07:00:00,,3.73,,,3710.0,PTL
2018-06-25 07:00:00,3.05,3.28,2.88,,7800.0,PTL
2018-12-19 07:00:00,,2.7,,2.7,,PTL
2019-04-18 07:00:00,2.95,2.95,2.95,,210.0,PTL
2019-11-15 07:00:00,4.41,4.63,,,,PTL
2019-12-27 07:00:00,4.3,,4.3,4.5,2030.0,PTL
2021-03-10 07:00:00,6.5,6.6,6.2,6.6,,PTL
2021-03-26 07:00:00,6.1,6.1,5.6,,10800.0,PTL
2021-10-19 07:00:00,7.6,8.49,7.6,8.18,,PTL
2022-07-22 07:00:00,4.58,4.6,4.4,,169900.0,PTL
2024-03-18 07:00:00,4.11,,4.0,4.0,,PTL
2025-09-26 07:00:00,3.6,,,3.57,113700.0,PTL
2025-12-10 07:00:00,3.05,,,2.98,,PTL
2026-04-28 07:00:00,2.72,2.93,2.6,,,PTL
2016-04-25 07:00:00,,,8.62,,,PTM
2016-05-30 07:00:00,,10.08,8.97,,,PTM
2018-01-22 07:00:00,,,7.5,,,PTM
2023-06-28 07:00:00,,16.98,16.98,16.98,203.0,PTO
2025-07-18 07:00:00,16.66,,,18.8,,PTO
2015-12-08 07:00:00,1.89,1.77,1.73,,500.0,PTS
2015-12-16 07:00:00,,,,1.87,18000.0,PTS
2015-12-18 07:00:00,2.29,2.14,,,300.0,PTS
2015-12-22 07:00:00,1.97,,1.86,1.86,400.0,PTS
2016-03-17 07:00:00,,2.26,2.19,2.19,1100.0,PTS
2017-06-09 07:00:00,3.09,3.09,3.09,3.09,10000.0,PTS
2017-08-30 07:00:00,3.09,3.09,,,,PTS
2020-10-26 07:00:00,5.09,5.09,4.94,4.94,,PTS
2021-07-26 07:00:00,,,6.84,7.0,,PTS
2021-08-26 07:00:00,7.8,8.04,7.64,7.8,,PTS
2021-10-28 07:00:00,,10.62,,10.46,43800.0,PTS
2021-11-23 07:00:00,,10.13,9.49,10.05,6500.0,PTS
2022-05-09 07:00:00,11.02,11.02,10.29,11.02,900.0,PTS
2023-02-03 07:00:00,,,,,200.0,PTS
2023-07-11 07:00:00,8.4,9.43,8.4,9.43,1200.0,PTS
2023-07-12 07:00:00,,,8.74,,601.0,PTS
2023-09-25 07:00:00,,8.52,,,,PTS
2023-10-30 07:00:00,7.87,7.87,7.87,7.87,1000.0,PTS
2024-01-10 07:00:00,6.94,7.4,6.66,6.66,6911.0,PTS
2024-06-21 07:00:00,9.35,9.81,9.26,9.81,114827.0,PTS
2025-08-19 07:00:00,9.1,9.6,,,1500.0,PTS
2026-03-13 07:00:00,9.1,9.1,,9.1,,PTS
2015-11-02 07:00:00,,1.8,1.7,1.7,84900.0,PV2
2016-03-22 07:00:00,2.3,2.4,,2.4,116600.0,PV2
2016-06-29 07:00:00,1.9,,,1.9,141400.0,PV2
2016-07-29 07:00:00,,1.7,,1.7,143700.0,PV2
2016-08-17 07:00:00,2.0,2.0,,2.0,163000.0,PV2
2018-01-17 07:00:00,2.7,,,,,PV2
2018-07-19 07:00:00,2.9,,2.9,3.0,10100.0,PV2
2019-10-18 07:00:00,,,3.0,,4400.0,PV2
2020-07-16 07:00:00,2.1,,2.1,2.3,200.0,PV2
2021-03-09 07:00:00,,3.8,3.6,,,PV2
2022-08-15 07:00:00,,3.9,3.7,3.9,157300.0,PV2
2022-12-02 07:00:00,2.6,2.7,,,165774.0,PV2
2023-05-04 07:00:00,1.9,2.0,1.9,,40800.0,PV2
2023-06-23 07:00:00,2.8,2.9,2.7,2.8,164700.0,PV2
2023-07-07 07:00:00,,,,2.7,170600.0,PV2
2023-12-07 07:00:00,2.7,2.8,2.6,,71800.0,PV2
2024-05-08 07:00:00,2.7,2.8,2.6,2.7,,PV2
2025-03-10 07:00:00,3.6,3.7,,3.4,457500.0,PV2
2025-12-17 07:00:00,2.7,,2.7,2.7,27800.0,PV2
2026-02-05 07:00:00,2.7,2.7,2.6,2.6,,PV2
2025-07-11 07:00:00,0.6,0.7,0.6,,11100.0,PVH
2016-04-27 07:00:00,2.0,,,2.0,95000.0,PVL
2016-05-19 07:00:00,2.2,2.2,2.2,,72600.0,PVL
2016-07-28 07:00:00,2.3,2.5,2.3,2.4,,PVL
2016-09-08 07:00:00,2.4,,2.2,2.3,103200.0,PVL
2017-02-14 07:00:00,2.3,2.5,2.2,2.4,,PVL
2017-03-20 07:00:00,2.4,2.5,,2.5,34200.0,PVL
2017-10-09 07:00:00,3.2,,3.1,,175000.0,PVL
2018-03-19 07:00:00,2.3,2.3,2.2,2.3,34200.0,PVL
2018-03-28 07:00:00,,2.3,2.2,2.3,5420.0,PVL
2018-12-28 07:00:00,,2.1,2.0,2.1,30100.0,PVL
2019-03-13 07:00:00,,,,1.8,,PVL
2019-06-06 07:00:00,1.9,,1.7,1.8,,PVL
2019-12-16 07:00:00,1.5,,1.5,,2700.0,PVL
2020-12-18 07:00:00,1.3,1.4,1.3,1.4,211200.0,PVL
2021-12-01 07:00:00,22.0,22.1,19.9,,,PVL
2022-01-11 07:00:00,,20.0,18.3,18.9,3180810.0,PVL
2022-09-14 07:00:00,,5.8,5.4,5.7,321502.0,PVL
2022-10-13 07:00:00,3.5,,3.3,,143800.0,PVL
2023-06-30 07:00:00,2.4,2.6,,,,PVL
2023-10-27 07:00:00,2.9,3.0,,3.0,,PVL
2016-04-04 07:00:00,4.08,,4.08,4.08,100.0,PVO
2016-08-23 07:00:00,3.55,3.55,3.24,,2100.0,PVO
2016-11-14 07:00:00,3.24,3.24,2.87,3.24,46000.0,PVO
2016-12-16 07:00:00,2.72,,,2.79,,PVO
2017-04-05 07:00:00,4.3,,4.3,4.53,,PVO
2017-06-28 07:00:00,3.77,,3.77,3.85,17400.0,PVO
2017-08-03 07:00:00,4.0,,,,12100.0,PVO
2018-03-30 07:00:00,6.02,,6.02,,9420.0,PVO
2018-05-16 07:00:00,,,5.74,,,PVO
2018-05-17 07:00:00,6.11,6.11,5.56,5.74,,PVO
2018-07-11 07:00:00,4.38,4.38,4.29,,,PVO
2019-04-25 07:00:00,,,4.2,,2900.0,PVO
2019-05-17 07:00:00,4.2,4.2,4.1,4.1,,PVO
2019-12-25 07:00:00,3.15,3.15,3.15,3.15,300.0,PVO
2020-01-17 07:00:00,3.05,3.05,,3.05,400.0,PVO
2021-04-29 07:00:00,,,6.67,6.87,,PVO
2021-05-24 07:00:00,6.67,6.87,,6.39,,PVO
2022-06-07 07:00:00,11.67,11.96,,11.29,80017.0,PVO
2022-06-27 07:00:00,,8.68,,,,PVO
2022-10-21 07:00:00,,6.75,,6.46,2500.0,PVO
2023-04-20 07:00:00,4.53,,,,,PVO
2023-10-06 07:00:00,,,,5.46,,PVO
2025-02-05 07:00:00,6.11,,6.11,6.11,,PVO
2025-03-07 07:00:00,6.4,6.5,6.4,6.4,,PVO
2025-04-23 07:00:00,,5.22,5.12,5.22,,PVO
2025-05-07 07:00:00,5.32,5.32,5.32,,,PVO
2016-01-21 07:00:00,3.33,3.43,,3.43,,PVR
2017-04-03 07:00:00,2.38,,2.38,2.38,,PVR
2017-05-05 07:00:00,2.1,2.1,2.1,,,PVR
2019-08-09 07:00:00,1.4,1.4,,,23127.0,PVR
2019-08-16 07:00:00,1.6,1.6,1.3,,400.0,PVR
2019-09-27 07:00:00,,1.3,1.3,,700.0,PVR
2021-11-26 07:00:00,3.6,,3.4,,686720.0,PVR
2022-10-07 07:00:00,,1.9,1.7,,,PVR
2024-07-12 07:00:00,,,1.0,1.1,,PVR
2024-09-06 07:00:00,0.9,1.0,0.8,,41266.0,PVR
2026-01-23 07:00:00,1.1,1.1,,1.1,22600.0,PVR
2016-01-07 07:00:00,3.99,4.03,,,1177290.0,PVT
2017-05-11 07:00:00,5.83,5.9,5.83,5.87,408460.0,PVT
2017-10-13 07:00:00,,7.1,,,,PVT
2017-11-30 07:00:00,,8.33,,8.23,,PVT
2018-04-18 07:00:00,9.8,9.97,9.65,,123150.0,PVT
2019-03-21 07:00:00,,,,,,PVT
2019-05-08 07:00:00,,8.34,,8.34,213590.0,PVT
2019-05-27 07:00:00,8.78,8.94,8.78,8.86,,PVT
2019-10-24 07:00:00,9.21,9.26,9.18,9.21,,PVT
2019-11-25 07:00:00,9.51,,,,,PVT
2020-03-24 07:00:00,4.11,4.2,4.02,,,PVT
2020-09-03 07:00:00,6.6,,6.46,6.51,2647810.0,PVT
2021-05-05 07:00:00,10.79,11.24,10.66,11.21,,PVT
2021-10-01 07:00:00,,15.31,14.88,,4639400.0,PVT
2021-10-18 07:00:00,,,16.25,,4809600.0,PVT
2022-09-26 07:00:00,14.17,,,,4030100.0,PVT
2023-03-01 07:00:00,,13.97,12.99,13.97,4045500.0,PVT
2023-08-10 07:00:00,16.06,16.16,,15.72,4524300.0,PVT
2023-12-11 07:00:00,,17.92,,,2478000.0,PVT
2025-11-10 07:00:00,17.7,17.7,17.3,17.4,1496000.0,PVT
2025-12-24 07:00:00,18.5,,18.5,18.9,4089100.0,PVT
2026-03-19 07:00:00,24.55,24.7,,,,PVT
2026-04-15 07:00:00,,22.05,21.35,,7308400.0,PVT
2015-09-30 07:00:00,2.39,,2.39,2.48,,PVV
2016-10-03 07:00:00,,1.41,1.24,1.33,61500.0,PVV
2017-04-26 07:00:00,1.15,1.15,1.06,1.15,7204.0,PVV
2017-08-08 07:00:00,,2.21,2.03,,,PVV
2017-09-06 07:00:00,1.68,1.77,1.59,,195600.0,PVV
2018-02-28 07:00:00,1.3,1.3,1.2,,256900.0,PVV
2018-06-29 07:00:00,1.0,1.1,1.0,1.0,8500.0,PVV
2018-09-12 07:00:00,0.8,0.9,0.7,,354400.0,PVV
2019-11-11 07:00:00,0.4,0.5,,0.5,15700.0,PVV
2020-10-21 07:00:00,0.8,0.9,0.8,0.9,53310.0,PVV
2021-02-02 07:00:00,1.4,1.5,1.3,,,PVV
2022-05-20 07:00:00,3.2,3.6,3.0,3.4,1063556.0,PVV
2025-06-06 07:00:00,,1.3,,1.3,,PVV
2025-06-27 07:00:00,1.3,,1.2,,46100.0,PVV
2025-07-25 07:00:00,1.6,1.6,,1.5,136400.0,PVV
2017-12-29 07:00:00,,3.23,,2.77,,PVY
2018-03-02 07:00:00,2.12,,2.12,,5102.0,PVY
2019-01-11 07:00:00,1.85,1.94,1.66,1.94,,PVY
2020-02-21 07:00:00,1.85,1.85,1.85,1.85,1000.0,PVY
2021-06-04 07:00:00,,,1.94,2.22,,PVY
2023-09-08 07:00:00,3.0,,2.6,3.0,39434.0,PVY
2015-11-10 07:00:00,,2.7,2.3,2.4,128400.0,PXA
2015-12-07 07:00:00,3.3,3.4,3.2,3.3,57800.0,PXA
2017-03-07 07:00:00,,1.3,1.2,1.2,82700.0,PXA
2017-08-31 07:00:00,,1.7,1.5,1.5,58900.0,PXA
2017-10-17 07:00:00,1.4,1.5,1.4,1.4,48500.0,PXA
2017-12-25 07:00:00,,,,,700.0,PXA
2018-01-12 07:00:00,1.3,,1.3,1.3,160400.0,PXA
2018-08-30 07:00:00,,,1.5,1.6,162716.0,PXA
2019-06-28 07:00:00,2.3,2.3,,2.3,28000.0,PXA
2020-04-24 07:00:00,,2.0,1.8,2.0,,PXA
2022-11-18 07:00:00,,1.3,,1.3,,PXA
2026-02-13 07:00:00,0.9,,0.9,0.9,1100.0,PXA
2015-12-01 07:00:00,5.6,5.7,5.5,5.5,,PXI
2015-12-29 07:00:00,5.5,5.6,5.5,5.6,20160.0,PXI
2016-03-31 07:00:00,5.5,5.6,,5.5,,PXI
2016-08-19 07:00:00,,4.9,4.7,,6170.0,PXI
2016-10-31 07:00:00,,4.3,,4.3,410.0,PXI
2017-07-14 07:00:00,3.1,,2.94,3.16,29760.0,PXI
2017-09-06 07:00:00,,2.48,,,8270.0,PXI
2017-11-17 07:00:00,,2.3,2.21,2.25,,PXI
2018-07-13 07:00:00,2.48,2.59,2.48,2.59,1010.0,PXI
2018-08-06 07:00:00,,2.74,,2.74,,PXI
2018-09-26 07:00:00,,2.55,2.53,2.54,1660.0,PXI
2020-07-08 07:00:00,2.74,2.74,2.74,2.74,60.0,PXI
2020-08-21 07:00:00,3.4,3.49,3.23,3.35,,PXI
2020-11-23 07:00:00,3.26,3.28,,3.28,56600.0,PXI
2021-06-10 07:00:00,3.5,,3.5,3.55,17300.0,PXI
2021-09-14 07:00:00,3.28,3.48,3.28,3.48,383800.0,PXI
2021-09-28 07:00:00,3.51,,3.51,3.74,390300.0,PXI
2022-03-22 07:00:00,,,,,,PXI
2022-07-21 07:00:00,3.3,3.4,,3.4,149902.0,PXI
2022-08-02 07:00:00,3.3,3.5,3.2,,207001.0,PXI
2023-02-17 07:00:00,2.1,2.1,2.0,2.0,,PXI
2023-03-06 07:00:00,,2.1,2.0,,,PXI
2023-08-18 07:00:00,4.5,4.5,3.9,3.9,665600.0,PXI
2024-09-11 07:00:00,,2.3,2.3,2.3,10900.0,PXI
2026-04-10 07:00:00,1.0,1.0,0.9,,26800.0,PXI
2015-12-11 07:00:00,0.51,,,0.51,,PXM
2016-09-16 07:00:00,0.4,,,,5000.0,PXM
2021-01-29 07:00:00,0.5,,0.5,0.6,161900.0,PXM
2015-11-04 07:00:00,,13.34,,12.91,339460.0,PXS
2015-11-25 07:00:00,12.06,,11.98,,209710.0,PXS
2016-04-22 07:00:00,,11.38,,11.3,1011770.0,PXS
2016-09-16 07:00:00,11.42,11.42,11.21,,372980.0,PXS
2016-11-01 07:00:00,9.73,9.73,9.38,9.56,,PXS
2017-12-21 07:00:00,,,8.9,9.16,587440.0,PXS
2018-04-10 07:00:00,7.1,7.2,7.07,7.12,163770.0,PXS
2019-05-10 07:00:00,5.0,,5.0,5.09,97480.0,PXS
2019-11-01 07:00:00,5.0,5.24,,,337340.0,PXS
2020-01-16 07:00:00,,5.98,5.7,5.7,,PXS
2020-01-31 07:00:00,,5.8,5.31,5.31,,PXS
2021-01-15 07:00:00,8.3,8.5,8.3,8.5,435900.0,PXS
2021-01-27 07:00:00,7.5,7.5,,6.93,415300.0,PXS
2021-04-05 07:00:00,7.76,7.76,,7.62,483000.0,PXS
2021-06-28 07:00:00,6.86,7.05,6.79,6.84,229800.0,PXS
2022-02-18 07:00:00,11.2,,11.0,,474600.0,PXS
2022-06-01 07:00:00,,5.6,5.25,,733700.0,PXS
2022-11-11 07:00:00,3.5,3.5,,,238600.0,PXS
2023-08-22 07:00:00,5.9,5.9,5.6,5.7,,PXS
2024-03-21 07:00:00,4.3,4.4,4.3,4.4,,PXS
2025-07-18 07:00:00,3.4,,3.2,3.3,362100.0,PXS
2025-11-21 07:00:00,2.9,,2.9,,,PXS
2026-02-27 07:00:00,3.2,,3.1,3.2,,PXS
2016-07-26 07:00:00,,23.11,22.46,23.11,,QHD
2016-08-31 07:00:00,25.92,,25.92,26.13,16600.0,QHD
2017-05-25 07:00:00,,12.66,12.33,,10790.0,QHD
2017-05-30 07:00:00,,12.8,12.7,12.7,,QHD
2018-10-01 07:00:00,7.32,,7.32,7.53,700.0,QHD
2018-10-12 07:00:00,6.8,,,,100.0,QHD
2020-01-03 07:00:00,,13.12,13.12,13.12,100.0,QHD
2020-02-24 07:00:00,12.26,,12.26,12.26,11800.0,QHD
2020-05-22 07:00:00,11.7,11.7,11.7,,100.0,QHD
2021-03-18 07:00:00,18.4,18.4,18.4,,,QHD
2024-02-28 07:00:00,26.13,26.13,26.13,26.13,100.0,QHD
2016-01-06 07:00:00,,5.52,5.52,5.52,18324.0,QNC
2016-05-16 07:00:00,6.31,6.31,6.31,6.31,100.0,QNC
2017-02-07 07:00:00,,4.44,,4.44,100.0,QNC
2017-05-26 07:00:00,,,3.94,3.94,500.0,QNC
2017-08-25 07:00:00,,3.94,,3.94,69.0,QNC
2021-03-02 07:00:00,6.71,6.71,6.21,,8076.0,QNC
2021-05-24 07:00:00,7.2,,,7.0,20600.0,QNC
2021-10-25 07:00:00,13.2,13.2,,12.9,178000.0,QNC
2023-04-21 07:00:00,6.0,,6.0,6.0,5825.0,QNC
2024-05-02 07:00:00,6.8,,6.8,,3000.0,QNC
2025-01-17 07:00:00,6.2,6.2,6.1,6.1,,QNC
2025-04-28 07:00:00,5.9,5.9,5.8,,,QNC
2025-08-05 07:00:00,6.0,,6.0,,12300.0,QNC
2025-11-06 07:00:00,5.9,,5.5,,,QNC
2026-04-23 07:00:00,,5.5,4.9,4.9,8000.0,QNC
2024-02-16 07:00:00,,6.16,,6.16,,QNW
2024-11-20 07:00:00,16.58,,,,149.0,QNW
2026-01-06 07:00:00,,16.0,16.0,16.0,100.0,QNW
2021-01-20 07:00:00,,12.31,12.31,,4800.0,QPH
2021-08-26 07:00:00,14.46,14.64,14.46,,,QPH
2021-12-10 07:00:00,17.81,,,19.71,3100.0,QPH
2022-09-19 07:00:00,17.3,17.36,,17.36,6100.0,QPH
2022-11-10 07:00:00,14.75,,,14.63,600.0,QPH
2025-10-20 07:00:00,,36.5,35.1,,15300.0,QPH
2025-03-14 07:00:00,23.55,23.55,23.55,23.55,600.0,QST
2025-12-17 07:00:00,29.3,,29.3,29.3,100.0,QST
2016-04-19 07:00:00,,9.9,9.73,9.77,3100.0,QTC
2018-03-07 07:00:00,,11.48,,11.43,900.0,QTC
2020-03-05 07:00:00,10.78,10.78,10.78,,100.0,QTC
2021-03-08 07:00:00,11.02,11.02,,11.02,11100.0,QTC
2021-05-06 07:00:00,10.87,10.87,10.87,10.87,,QTC
2021-07-08 07:00:00,,11.31,,10.95,2100.0,QTC
2022-06-07 07:00:00,12.44,12.44,12.44,,6800.0,QTC
2023-04-25 07:00:00,10.91,10.91,10.91,,9100.0,QTC
2025-05-23 07:00:00,15.74,15.74,,,,QTC
2025-09-26 07:00:00,17.1,20.4,17.1,,500.0,QTC
2016-09-23 07:00:00,7.25,7.25,7.25,7.25,100.0,RAT
2022-06-29 07:00:00,14.62,14.62,14.62,14.62,100.0,RAT
2015-10-13 07:00:00,11.1,11.1,10.5,10.5,,RIC
2018-08-06 07:00:00,,7.5,,7.01,20.0,RIC
2018-08-29 07:00:00,7.36,7.36,6.4,,,RIC
2019-03-06 07:00:00,6.08,6.08,6.08,6.08,10.0,RIC
2019-11-01 07:00:00,6.0,6.37,,6.36,80.0,RIC
2020-09-17 07:00:00,5.0,5.15,,,1500.0,RIC
2021-03-29 07:00:00,18.0,,18.0,18.0,11100.0,RIC
2022-10-27 07:00:00,6.9,8.0,,,372.0,RIC
2023-09-27 07:00:00,5.3,5.3,5.0,5.1,,RIC
2024-02-05 07:00:00,4.1,4.1,4.1,,,RIC
2025-09-16 07:00:00,,10.2,9.3,,158100.0,RIC
2025-01-24 07:00:00,,13.4,12.1,13.0,13300.0,RYG
2025-06-02 07:00:00,,14.05,,14.0,31100.0,RYG
2025-06-20 07:00:00,,12.9,,,,RYG
2025-07-16 07:00:00,11.9,11.9,,11.9,12200.0,RYG
2025-08-22 07:00:00,12.3,12.5,,,44800.0,RYG
2026-02-05 07:00:00,10.65,,10.5,,,RYG
2026-02-24 07:00:00,10.7,10.9,10.4,,341300.0,RYG
2016-02-17 07:00:00,3.3,3.3,,3.3,,S12
2017-02-22 07:00:00,0.35,0.35,0.35,,33000.0,S12
2017-06-12 07:00:00,,0.41,0.41,,,S12
2018-01-11 07:00:00,,0.86,0.78,,3100.0,S12
2018-03-13 07:00:00,1.0,1.1,1.0,,6000.0,S12
2021-12-24 07:00:00,2.8,3.5,2.8,,84200.0,S12
2022-12-30 07:00:00,2.5,2.5,2.5,2.5,,S12
2023-07-28 07:00:00,2.3,2.3,2.3,2.3,4700.0,S12
2021-08-27 07:00:00,,,,,,S72
2021-11-04 07:00:00,7.6,,6.5,7.5,1200.0,S72
2021-12-07 07:00:00,,7.8,,,1100.0,S72
2021-12-27 07:00:00,7.3,7.4,,7.4,300.0,S72
2022-01-28 07:00:00,7.4,7.4,7.4,7.4,200.0,S72
2023-06-07 07:00:00,7.1,7.1,7.1,7.1,100.0,S72
2023-06-30 07:00:00,7.0,7.0,6.9,7.0,600.0,S72
2024-07-19 07:00:00,5.6,,5.6,5.6,,S72
2024-08-07 07:00:00,,5.6,5.6,,,S72
2024-10-17 07:00:00,7.3,7.3,7.0,7.0,3100.0,S72
2025-04-16 07:00:00,,6.9,6.9,6.9,1000.0,S72
2017-03-21 07:00:00,3.41,3.48,,3.41,49200.0,S99
2017-04-24 07:00:00,3.48,3.61,3.48,3.48,,S99
2018-01-12 07:00:00,3.82,3.89,,3.89,55212.0,S99
2018-03-20 07:00:00,3.48,3.61,,3.61,46530.0,S99
2018-04-24 07:00:00,3.75,3.82,3.75,3.82,,S99
2018-08-13 07:00:00,4.17,,3.96,,,S99
2018-11-29 07:00:00,5.45,,5.3,5.3,52800.0,S99
2019-04-05 07:00:00,5.3,5.52,,5.52,440.0,S99
2019-06-25 07:00:00,6.39,6.61,6.32,6.47,34100.0,S99
2020-05-11 07:00:00,5.11,5.27,5.11,,2100.0,S99
2020-11-16 07:00:00,,12.67,,12.67,,S99
2021-02-24 07:00:00,18.93,20.61,18.78,20.61,3722616.0,S99
2021-04-15 07:00:00,18.32,18.4,,17.56,2033392.0,S99
2021-06-28 07:00:00,16.11,16.64,,16.34,746363.0,S99
2021-08-13 07:00:00,,,12.98,13.28,979300.0,S99
2022-05-23 07:00:00,,10.08,9.54,,133810.0,S99
2022-10-25 07:00:00,5.53,5.77,4.95,5.28,342633.0,S99
2022-12-15 07:00:00,6.6,6.85,6.52,,198607.0,S99
2023-10-03 07:00:00,,,8.17,8.36,,S99
2024-01-17 07:00:00,8.17,8.17,7.99,,105925.0,S99
2024-05-10 07:00:00,10.53,10.72,10.44,10.53,321962.0,S99
2024-07-12 07:00:00,10.26,10.44,,,185300.0,S99
2024-07-30 07:00:00,,8.99,,,,S99
2024-09-04 07:00:00,8.23,8.42,,8.42,37209.0,S99
2025-02-27 07:00:00,,,,8.52,286929.0,S99
2025-03-21 07:00:00,,7.46,,,,S99
2025-06-30 07:00:00,6.89,6.99,6.89,6.89,29400.0,S99
2025-10-24 07:00:00,9.1,,,9.4,153600.0,S99
2026-02-03 07:00:00,8.9,8.9,,,,S99
2017-01-19 07:00:00,3.86,,3.86,,,SAC
2017-11-29 07:00:00,6.76,6.76,6.52,6.52,12700.0,SAC
2018-11-26 07:00:00,5.94,,5.94,5.94,600.0,SAC
2018-11-27 07:00:00,6.23,6.23,,,,SAC
2019-06-20 07:00:00,,6.28,,,8.0,SAC
2019-08-08 07:00:00,7.53,,7.53,,100.0,SAC
2019-08-20 07:00:00,6.01,6.01,5.75,5.75,1800.0,SAC
2019-10-07 07:00:00,5.28,5.28,5.28,5.28,1000.0,SAC
2020-09-23 07:00:00,,,5.44,,,SAC
2021-01-18 07:00:00,9.0,9.59,,8.77,,SAC
2021-05-11 07:00:00,6.72,,6.61,6.61,4800.0,SAC
2021-06-28 07:00:00,,6.72,,6.61,12700.0,SAC
2021-11-22 07:00:00,8.83,,8.18,8.24,31019.0,SAC
2024-07-12 07:00:00,19.1,,18.74,18.88,,SAC
2024-07-24 07:00:00,,18.88,,18.45,,SAC
2025-07-04 07:00:00,,,,13.3,,SAC
2018-04-20 07:00:00,4.69,4.69,4.69,4.69,900.0,SAL
2022-11-28 07:00:00,3.83,3.83,,,5.0,SAL
2016-02-04 07:00:00,5.3,5.37,,,,SAM
2016-03-08 07:00:00,5.81,,5.62,,,SAM
2016-07-19 07:00:00,5.75,,,,,SAM
2016-09-14 07:00:00,,5.42,,5.34,52350.0,SAM
2017-01-16 07:00:00,5.3,5.37,,5.29,343050.0,SAM
2017-04-04 07:00:00,5.89,5.93,5.86,5.91,604500.0,SAM
2017-09-27 07:00:00,6.5,,,,,SAM
2018-02-05 07:00:00,,,6.5,6.57,,SAM
2018-03-07 07:00:00,,,5.99,6.04,1380130.0,SAM
2019-04-01 07:00:00,6.5,6.54,,6.5,,SAM
2019-07-11 07:00:00,7.15,7.15,,,117890.0,SAM
2020-08-12 07:00:00,,9.91,,9.82,104040.0,SAM
2020-12-25 07:00:00,8.93,8.93,8.88,,92780.0,SAM
2021-03-10 07:00:00,10.69,10.78,10.5,10.69,195200.0,SAM
2021-03-18 07:00:00,10.87,,,10.78,317500.0,SAM
2021-04-09 07:00:00,11.15,,10.92,10.96,570600.0,SAM
2021-12-24 07:00:00,24.96,,,,,SAM
2022-02-11 07:00:00,19.42,,19.23,,575200.0,SAM
2022-02-25 07:00:00,19.66,,19.13,,1637300.0,SAM
2022-04-15 07:00:00,,16.44,15.58,15.67,765000.0,SAM
2023-11-16 07:00:00,,6.31,,,416300.0,SAM
2024-08-15 07:00:00,6.51,,6.06,6.54,282900.0,SAM
2025-06-19 07:00:00,6.45,6.48,6.42,6.42,135100.0,SAM
2025-09-10 07:00:00,,8.4,,8.28,765500.0,SAM
2016-04-14 07:00:00,16.42,16.71,16.42,,,SAS
2016-04-19 07:00:00,,,,,,SAS
2017-01-13 07:00:00,,16.5,16.2,16.5,,SAS
2017-10-04 07:00:00,,18.19,18.06,18.19,11300.0,SAS
2018-01-16 07:00:00,19.07,19.13,18.87,,33500.0,SAS
2019-09-18 07:00:00,,28.01,26.96,,16556.0,SAS
2020-04-01 07:00:00,16.58,,16.58,17.18,6170.0,SAS
2021-02-08 07:00:00,,,,20.71,,SAS
2021-03-23 07:00:00,,24.02,23.63,24.02,9228.0,SAS
2021-04-01 07:00:00,23.54,,23.54,23.94,,SAS
2021-11-01 07:00:00,22.33,22.33,22.09,22.17,,SAS
2022-02-24 07:00:00,,,24.9,26.03,38607.0,SAS
2022-02-25 07:00:00,,26.51,25.38,26.43,8000.0,SAS
2023-03-20 07:00:00,23.05,25.61,,23.73,11800.0,SAS
2024-05-29 07:00:00,25.06,25.06,,,5101.0,SAS
2024-12-04 07:00:00,33.72,,,34.65,48700.0,SAS
2024-12-12 07:00:00,34.19,34.75,34.19,,10500.0,SAS
2026-04-29 07:00:00,36.1,36.6,,36.5,6500.0,SAS
2016-08-01 07:00:00,2.43,2.45,2.4,,1210.0,SAV
2017-01-25 07:00:00,2.42,,2.31,,490.0,SAV
2017-02-13 07:00:00,2.23,2.23,,2.03,46370.0,SAV
2017-03-22 07:00:00,,3.52,3.32,3.32,38830.0,SAV
2018-06-26 07:00:00,3.74,3.74,3.27,3.27,,SAV
2018-10-12 07:00:00,3.33,3.46,,3.46,9950.0,SAV
2018-10-23 07:00:00,,,,3.33,,SAV
2019-06-19 07:00:00,4.09,,4.09,4.09,,SAV
2019-07-16 07:00:00,4.05,4.11,4.03,4.07,1210.0,SAV
2019-10-10 07:00:00,,4.07,4.07,,,SAV
2019-11-11 07:00:00,3.99,3.99,,,,SAV
2019-12-13 07:00:00,,,3.84,3.84,,SAV
2020-08-12 07:00:00,3.72,,3.72,,5430.0,SAV
2020-08-27 07:00:00,5.98,6.12,5.93,5.93,,SAV
2021-03-08 07:00:00,,14.03,13.52,,81500.0,SAV
2021-04-01 07:00:00,18.18,18.37,,,,SAV
2021-10-25 07:00:00,14.48,15.25,14.48,15.22,325500.0,SAV
2022-01-05 07:00:00,,14.9,14.53,14.75,29800.0,SAV
2022-12-19 07:00:00,9.34,9.68,,9.68,24500.0,SAV
2023-10-10 07:00:00,12.99,13.07,12.54,12.84,,SAV
2023-12-08 07:00:00,10.98,11.81,10.86,11.81,244900.0,SAV
2024-03-14 07:00:00,,,,11.32,83500.0,SAV
2024-06-27 07:00:00,17.27,17.63,16.59,17.54,,SAV
2016-01-14 07:00:00,,4.42,,4.42,35000.0,SBA
2016-03-21 07:00:00,4.51,4.56,4.46,4.56,54290.0,SBA
2016-06-27 07:00:00,4.61,4.61,4.51,4.61,27640.0,SBA
2017-11-09 07:00:00,,,8.56,,,SBA
2018-06-01 07:00:00,,8.95,,,15040.0,SBA
2018-10-08 07:00:00,,,,9.13,,SBA
2018-11-08 07:00:00,,8.41,8.37,8.41,1160.0,SBA
2018-12-14 07:00:00,,8.53,8.47,8.53,15950.0,SBA
2019-01-22 07:00:00,8.47,,8.41,8.41,,SBA
2019-01-24 07:00:00,8.41,8.41,,8.41,23810.0,SBA
2021-08-24 07:00:00,11.64,11.71,11.43,11.64,,SBA
2021-11-29 07:00:00,14.97,15.05,14.75,15.05,124900.0,SBA
2022-10-05 07:00:00,,20.17,19.85,20.17,,SBA
2023-02-08 07:00:00,19.96,19.96,19.71,19.96,10500.0,SBA
2023-09-07 07:00:00,,20.78,,20.6,1500.0,SBA
2024-07-10 07:00:00,31.23,31.42,31.23,31.28,6000.0,SBA
2026-02-04 07:00:00,28.2,,28.0,,28900.0,SBA
2026-03-23 07:00:00,,28.85,,28.2,22600.0,SBA
2024-04-09 07:00:00,,,13.86,,4100.0,SBB
2024-11-11 07:00:00,,18.6,18.0,18.2,,SBB
2025-11-05 07:00:00,,17.8,17.1,17.2,99700.0,SBB
2026-01-07 07:00:00,,17.0,16.4,16.8,43300.0,SBB
2026-03-05 07:00:00,16.0,,,16.8,,SBB
2017-08-04 07:00:00,,,17.72,,,SBV
2018-03-22 07:00:00,19.38,,,,16700.0,SBV
2018-08-21 07:00:00,15.78,16.46,15.75,16.46,350.0,SBV
2018-12-21 07:00:00,8.95,9.08,8.83,,,SBV
2019-03-13 07:00:00,,,7.75,7.84,470.0,SBV
2019-07-22 07:00:00,7.18,7.65,7.18,,,SBV
2019-11-07 07:00:00,4.69,4.69,4.63,4.63,,SBV
2020-03-25 07:00:00,6.52,6.53,,6.53,2120.0,SBV
2020-04-21 07:00:00,6.16,6.16,,6.16,7910.0,SBV
2020-07-16 07:00:00,6.6,,6.43,6.56,,SBV
2020-09-04 07:00:00,,6.8,,6.79,3600.0,SBV
2021-04-05 07:00:00,12.47,12.47,12.25,12.4,172800.0,SBV
2021-04-27 07:00:00,12.62,12.62,11.26,11.87,317300.0,SBV
2022-02-25 07:00:00,13.64,13.76,,,79100.0,SBV
2022-07-19 07:00:00,,,11.32,11.52,46400.0,SBV
2022-08-12 07:00:00,,11.36,,11.36,,SBV
2023-03-03 07:00:00,9.37,9.41,9.32,9.41,11800.0,SBV
2023-09-28 07:00:00,9.3,9.3,,9.26,9100.0,SBV
2024-01-10 07:00:00,9.18,,9.16,9.16,,SBV
2024-08-28 07:00:00,,9.68,9.63,,2000.0,SBV
2024-11-05 07:00:00,9.86,9.86,9.86,,100.0,SBV
2025-02-17 07:00:00,9.19,,8.76,9.05,2700.0,SBV
2025-12-08 07:00:00,,,7.52,,900.0,SBV
2026-03-06 07:00:00,7.6,,7.4,,2300.0,SBV
2015-11-10 07:00:00,13.41,13.41,13.41,13.41,70.0,SC5
2016-03-01 07:00:00,,14.26,14.26,14.26,560.0,SC5
2016-05-24 07:00:00,,14.84,13.86,14.84,110.0,SC5
2017-07-26 07:00:00,18.67,,,17.62,10310.0,SC5
2017-08-07 07:00:00,17.66,,16.79,,3520.0,SC5
2018-07-17 07:00:00,17.78,17.78,17.78,17.78,10.0,SC5
2019-02-27 07:00:00,19.53,,19.19,19.19,7000.0,SC5
2019-10-17 07:00:00,,16.86,,,,SC5
2019-11-04 07:00:00,,,15.21,17.14,2890.0,SC5
2020-06-08 07:00:00,15.03,15.03,14.35,14.35,70.0,SC5
2020-07-24 07:00:00,15.64,15.78,,14.02,800.0,SC5
2021-04-12 07:00:00,18.08,,17.45,,,SC5
2021-04-14 07:00:00,,18.24,17.85,,2800.0,SC5
2022-07-06 07:00:00,,16.31,,,,SC5
2023-10-19 07:00:00,17.9,,17.9,17.9,1400.0,SC5
2024-03-12 07:00:00,,,18.96,20.14,200.0,SC5
2024-12-25 07:00:00,,21.0,21.0,21.0,700.0,SC5
2025-04-14 07:00:00,16.85,,16.8,,200.0,SC5
2025-08-08 07:00:00,,17.2,17.2,17.2,100.0,SC5
2026-02-09 07:00:00,15.3,15.3,14.55,,26500.0,SC5
2021-05-18 07:00:00,,47.49,,44.15,15850.0,SCG
2022-05-19 07:00:00,,,67.0,67.0,620740.0,SCG
2022-09-09 07:00:00,68.9,,,68.4,417000.0,SCG
2023-04-03 07:00:00,,70.5,65.0,65.0,200500.0,SCG
2023-11-17 07:00:00,64.2,,,63.9,62300.0,SCG
2024-05-21 07:00:00,,,64.6,64.9,44500.0,SCG
2024-11-04 07:00:00,64.8,64.9,64.7,64.8,38500.0,SCG
2026-03-16 07:00:00,65.2,,64.8,65.0,21400.0,SCG
2026-03-30 07:00:00,63.6,63.6,63.1,63.2,22100.0,SCG
2015-12-29 07:00:00,3.98,4.24,3.98,4.03,10600.0,SCL
2016-03-28 07:00:00,4.19,,4.19,4.19,200.0,SCL
2016-05-06 07:00:00,3.76,,3.71,3.71,700.0,SCL
2017-11-20 07:00:00,,1.75,1.75,,200.0,SCL
2018-01-12 07:00:00,1.75,1.75,1.75,,160.0,SCL
2018-02-23 07:00:00,1.8,,,1.8,,SCL
2020-11-04 07:00:00,2.92,3.29,,3.29,12200.0,SCL
2020-11-19 07:00:00,2.97,3.13,,3.02,,SCL
2021-03-05 07:00:00,6.2,,6.15,6.63,194110.0,SCL
2021-10-08 07:00:00,,,11.52,11.86,,SCL
2021-12-08 07:00:00,16.48,16.48,,15.96,57700.0,SCL
2023-10-04 07:00:00,11.1,,11.04,11.16,,SCL
2024-05-03 07:00:00,26.28,27.02,26.28,26.75,,SCL
2024-07-24 07:00:00,14.93,18.51,,18.24,26538.0,SCL
2024-11-12 07:00:00,18.04,18.31,,18.31,,SCL
2025-02-20 07:00:00,,21.68,21.21,,,SCL
2025-05-27 07:00:00,,22.73,22.48,,32300.0,SCL
2025-09-03 07:00:00,18.99,18.99,18.99,,2200.0,SCL
2026-02-25 07:00:00,21.2,21.2,20.8,20.8,,SCL
2016-08-08 07:00:00,,7.81,7.66,7.74,67900.0,SD2
2017-07-12 07:00:00,5.45,5.45,,5.45,,SD2
2019-03-11 07:00:00,5.46,,,,1000.0,SD2
2019-12-27 07:00:00,4.55,4.55,4.55,4.55,28000.0,SD2
2020-09-14 07:00:00,,6.28,5.64,6.28,12700.0,SD2
2021-03-25 07:00:00,,5.37,,5.37,1200.0,SD2
2021-10-04 07:00:00,,7.28,,7.28,,SD2
2021-12-07 07:00:00,11.84,11.84,,,16401.0,SD2
2022-03-01 07:00:00,9.92,10.11,9.92,10.01,11600.0,SD2
2022-04-28 07:00:00,7.28,,,8.19,19100.0,SD2
2022-06-21 07:00:00,,5.55,,5.55,4000.0,SD2
2022-11-02 07:00:00,,4.55,,4.55,200.0,SD2
2023-03-22 07:00:00,,6.01,5.1,5.1,2933.0,SD2
2024-01-03 07:00:00,,4.2,4.2,,4500.0,SD2
2015-12-17 07:00:00,6.74,,6.74,,100.0,SD3
2016-04-07 07:00:00,5.89,5.89,5.89,5.89,,SD3
2017-05-29 07:00:00,,4.53,4.44,4.44,,SD3
2018-06-29 07:00:00,,,3.0,,2000.0,SD3
2019-11-06 07:00:00,1.7,1.7,,,,SD3
2020-05-21 07:00:00,,,1.5,1.7,34400.0,SD3
2020-08-13 07:00:00,2.3,2.7,,2.7,,SD3
2020-11-17 07:00:00,3.3,3.3,3.3,3.3,100.0,SD3
2020-12-03 07:00:00,3.3,3.3,,3.3,107.0,SD3
2021-08-17 07:00:00,,4.0,3.8,,16146.0,SD3
2021-12-14 07:00:00,8.4,8.5,8.3,8.5,,SD3
2022-07-18 07:00:00,4.8,,,4.8,,SD3
2022-09-14 07:00:00,4.7,4.7,4.7,4.5,,SD3
2022-10-04 07:00:00,4.0,,3.6,3.9,2211.0,SD3
2023-02-03 07:00:00,3.7,3.8,,,8600.0,SD3
2023-05-15 07:00:00,4.0,4.0,4.0,4.0,400.0,SD3
2023-05-24 07:00:00,,4.6,4.2,,3900.0,SD3
2023-11-27 07:00:00,,4.7,4.7,,1900.0,SD3
2024-07-01 07:00:00,7.5,7.5,6.3,6.3,27800.0,SD3
2025-05-22 07:00:00,6.7,6.8,,,3100.0,SD3
2025-07-15 07:00:00,6.6,6.6,6.6,,,SD3
2025-10-06 07:00:00,,7.6,7.5,7.6,200.0,SD3
2026-02-10 07:00:00,7.1,,,7.1,6300.0,SD3
2016-01-07 07:00:00,7.44,8.39,7.37,8.39,4100.0,SD4
2016-12-27 07:00:00,8.32,,8.32,,500.0,SD4
2017-01-06 07:00:00,,8.59,,8.59,9600.0,SD4
2017-09-29 07:00:00,,10.63,10.63,10.63,,SD4
2018-01-10 07:00:00,11.07,,10.98,11.07,21800.0,SD4
2018-03-13 07:00:00,9.4,,,9.5,1100.0,SD4
2019-05-28 07:00:00,6.0,6.0,6.0,,700.0,SD4
2019-11-12 07:00:00,,4.0,,3.9,4100.0,SD4
2020-01-16 07:00:00,,,3.6,,,SD4
2020-09-03 07:00:00,4.5,4.7,4.3,,11400.0,SD4
2020-09-17 07:00:00,,5.2,4.7,4.7,6470.0,SD4
2021-07-30 07:00:00,,,4.2,4.2,3100.0,SD4
2022-02-14 07:00:00,8.2,8.2,,7.9,20633.0,SD4
2022-04-20 07:00:00,6.9,,6.8,6.9,,SD4
2023-07-04 07:00:00,4.0,4.0,3.4,3.4,,SD4
2023-09-26 07:00:00,3.1,3.1,3.0,3.0,1000.0,SD4
2023-12-01 07:00:00,2.6,2.7,2.6,2.7,,SD4
2024-03-11 07:00:00,2.9,3.0,2.9,2.9,4200.0,SD4
2024-05-28 07:00:00,3.8,,,3.5,,SD4
2024-07-10 07:00:00,,3.3,3.3,3.3,1128.0,SD4
2024-10-17 07:00:00,2.8,,,,2000.0,SD4
2025-07-04 07:00:00,2.3,2.3,,2.1,,SD4
2015-10-12 07:00:00,10.05,10.12,9.97,10.12,,SD6
2017-01-17 07:00:00,7.7,7.7,,,200.0,SD6
2017-05-24 07:00:00,7.78,,,7.96,,SD6
2017-11-28 07:00:00,7.35,,,,14.0,SD6
2018-05-17 07:00:00,6.0,6.0,6.0,6.0,2000.0,SD6
2019-02-14 07:00:00,4.0,4.0,4.0,4.0,,SD6
2019-09-30 07:00:00,3.0,3.6,3.0,,41200.0,SD6
2021-03-11 07:00:00,4.1,4.5,4.1,4.4,,SD6
2021-07-29 07:00:00,4.0,,,4.0,121000.0,SD6
2022-01-07 07:00:00,8.8,,,9.6,1226986.0,SD6
2022-10-24 07:00:00,3.2,3.2,2.9,,5900.0,SD6
2023-05-10 07:00:00,,,,,,SD6
2023-09-08 07:00:00,,,3.7,3.8,36600.0,SD6
2024-03-04 07:00:00,3.6,3.7,3.6,,5705.0,SD6
2024-08-16 07:00:00,2.4,2.7,2.4,2.6,,SD6
2024-10-24 07:00:00,3.6,3.6,3.1,3.2,278100.0,SD6
2025-08-22 07:00:00,,2.6,2.4,,26900.0,SD6
2026-02-06 07:00:00,2.2,2.2,2.1,2.1,1300.0,SD6
2018-10-10 07:00:00,9.3,9.3,9.3,9.3,100.0,SDU
2019-01-02 07:00:00,8.6,8.6,,8.6,100.0,SDU
2021-04-19 07:00:00,,10.2,,10.2,500.0,SDU
2021-07-20 07:00:00,,,,9.0,200.0,SDU
2022-08-11 07:00:00,24.4,24.4,20.1,,,SDU
2022-12-05 07:00:00,,21.9,18.8,21.9,,SDU
2023-07-04 07:00:00,29.0,,29.0,,100.0,SDU
2023-07-20 07:00:00,30.0,30.5,,30.5,300.0,SDU
2025-09-30 07:00:00,,19.1,19.1,,100.0,SDU
2016-01-11 07:00:00,8.74,8.97,8.74,,510.0,SFI
2017-03-07 07:00:00,9.42,,9.39,9.85,,SFI
2017-08-31 07:00:00,9.0,9.64,9.0,9.48,5220.0,SFI
2017-12-29 07:00:00,9.55,,,9.55,110.0,SFI
2018-11-07 07:00:00,,9.35,,9.32,,SFI
2018-12-19 07:00:00,9.22,9.22,8.56,8.56,3350.0,SFI
2019-03-20 07:00:00,,9.2,,,6790.0,SFI
2019-08-16 07:00:00,8.89,9.27,8.89,9.23,5840.0,SFI
2020-11-30 07:00:00,10.33,11.16,,11.16,,SFI
2021-06-03 07:00:00,,,14.94,,,SFI
2021-09-07 07:00:00,21.79,22.0,,21.74,26100.0,SFI
2021-12-28 07:00:00,31.05,31.49,31.05,,5800.0,SFI
2022-02-15 07:00:00,31.05,31.23,,31.23,600.0,SFI
2022-05-06 07:00:00,35.34,35.34,,35.34,10200.0,SFI
2022-10-13 07:00:00,,23.73,22.19,23.27,19400.0,SFI
2023-05-30 07:00:00,27.48,,27.32,27.44,,SFI
2024-01-29 07:00:00,26.17,26.5,26.17,26.17,29900.0,SFI
2024-02-02 07:00:00,25.76,,25.76,,,SFI
2024-03-12 07:00:00,30.26,,,30.26,63200.0,SFI
2024-03-19 07:00:00,29.77,,29.77,29.77,,SFI
2024-08-05 07:00:00,,27.23,26.75,26.84,,SFI
2024-08-22 07:00:00,27.7,,,,,SFI
2025-03-24 07:00:00,,,25.76,26.25,1800.0,SFI
2025-06-06 07:00:00,26.3,26.3,26.3,26.3,,SFI
2026-03-20 07:00:00,,28.4,,28.4,18100.0,SFI
2016-10-07 07:00:00,,,16.46,16.46,8100.0,SFN
2016-11-15 07:00:00,16.08,16.08,16.08,16.08,1000.0,SFN
2017-07-19 07:00:00,20.91,20.91,19.96,19.96,1100.0,SFN
2017-11-15 07:00:00,21.62,,21.62,,,SFN
2018-05-02 07:00:00,,,,22.13,13400.0,SFN
2019-05-21 07:00:00,,20.34,17.05,17.05,20900.0,SFN
2020-10-20 07:00:00,,17.41,17.41,,,SFN
2021-12-27 07:00:00,,20.63,19.74,19.74,6300.0,SFN
2026-04-23 07:00:00,18.8,18.8,18.8,,100.0,SFN
2016-02-02 07:00:00,,5.34,,,,SGD
2016-05-24 07:00:00,,,5.23,5.23,,SGD
2016-06-07 07:00:00,5.01,5.01,5.01,5.01,200.0,SGD
2017-04-27 07:00:00,6.64,,6.64,,100.0,SGD
2019-01-28 07:00:00,,,7.29,7.29,500.0,SGD
2020-07-13 07:00:00,8.25,8.25,,8.25,1000.0,SGD
2021-11-25 07:00:00,8.97,9.06,8.97,8.97,550.0,SGD
2021-12-28 07:00:00,,9.69,,9.69,,SGD
2017-03-27 07:00:00,20.61,22.42,20.61,22.26,,SGH
2017-07-27 07:00:00,21.1,,21.1,21.1,100.0,SGH
2020-05-12 07:00:00,34.6,34.77,,34.77,700.0,SGH
2023-01-10 07:00:00,55.46,55.46,55.46,,,SGH
2023-05-05 07:00:00,,,21.76,21.76,900.0,SGH
2023-05-22 07:00:00,,21.93,,21.93,700.0,SGH
2024-02-23 07:00:00,,,20.98,,34.0,SGH
2024-07-01 07:00:00,25.31,27.74,25.31,27.74,400.0,SGH
2024-07-04 07:00:00,36.84,36.84,36.84,36.84,847.0,SGH
2025-01-08 07:00:00,31.05,,,31.05,100.0,SGH
2021-09-21 07:00:00,22.8,,22.45,22.45,5400.0,SGI
2021-11-15 07:00:00,24.8,26.11,,,,SGI
2022-02-16 07:00:00,,24.37,23.84,,,SGI
2022-03-03 07:00:00,24.45,24.54,,,30700.0,SGI
2022-06-06 07:00:00,,,,19.75,,SGI
2024-08-07 07:00:00,,13.36,12.47,12.47,10200.0,SGI
2024-12-12 07:00:00,11.58,11.58,,,,SGI
2025-02-26 07:00:00,,,,,13100.0,SGI
2025-03-10 07:00:00,14.28,,14.28,,,SGI
2016-09-07 07:00:00,,2.9,,,,SGS
2016-10-13 07:00:00,3.34,3.34,3.34,3.34,100.0,SGS
2016-10-25 07:00:00,,3.01,,,13050.0,SGS
2016-12-30 07:00:00,,,,,125700.0,SGS
2017-07-24 07:00:00,3.34,4.07,,4.07,200.0,SGS
2019-01-24 07:00:00,,8.82,8.82,8.82,100.0,SGS
2021-01-05 07:00:00,9.34,9.92,9.34,9.92,2800.0,SGS
2021-02-02 07:00:00,,8.52,,,100.0,SGS
2022-03-28 07:00:00,11.51,,11.51,11.51,8419.0,SGS
2022-08-23 07:00:00,9.46,9.46,,,,SGS
2022-09-21 07:00:00,,9.59,,9.59,100.0,SGS
2022-11-30 07:00:00,,8.05,7.99,7.99,1501.0,SGS
2023-07-25 07:00:00,10.23,,10.23,10.23,2005.0,SGS
2023-09-13 07:00:00,11.51,,,11.51,103.0,SGS
2025-01-10 07:00:00,10.16,,10.16,11.19,200.0,SGS
2025-11-14 07:00:00,13.94,13.94,,13.87,2100.0,SGS
2017-03-31 07:00:00,8.92,9.46,,9.46,,SHN
2017-04-14 07:00:00,8.92,,,,1799920.0,SHN
2017-11-30 07:00:00,,9.12,,9.12,824400.0,SHN
2017-12-22 07:00:00,9.12,,,9.12,858000.0,SHN
2018-08-03 07:00:00,9.4,9.49,9.31,,76100.0,SHN
2019-05-13 07:00:00,9.1,9.2,,9.2,,SHN
2019-08-15 07:00:00,9.0,,,9.0,,SHN
2019-08-16 07:00:00,8.9,,8.8,9.0,40800.0,SHN
2019-10-29 07:00:00,,,,,300.0,SHN
2020-07-28 07:00:00,7.2,7.5,7.2,,700.0,SHN
2022-07-22 07:00:00,7.2,7.6,7.2,7.6,400.0,SHN
2022-11-28 07:00:00,8.3,8.3,7.7,,6610.0,SHN
2023-05-26 07:00:00,7.9,7.9,7.0,7.3,1327.0,SHN
2024-01-04 07:00:00,7.2,7.2,,6.9,4210.0,SHN
2024-01-24 07:00:00,7.5,7.5,7.0,7.0,600.0,SHN
2024-05-10 07:00:00,7.1,7.1,,7.1,400.0,SHN
2025-02-27 07:00:00,7.0,7.0,6.3,,503.0,SHN
2025-05-15 07:00:00,,5.8,5.8,5.8,100.0,SHN
2026-01-21 07:00:00,4.5,4.6,,4.6,18700.0,SHN
2015-10-09 07:00:00,1.34,,1.32,1.32,401525.0,SHS
2015-12-29 07:00:00,1.34,1.4,,1.4,354620.0,SHS
2016-09-07 07:00:00,1.13,1.13,1.11,,88500.0,SHS
2016-11-08 07:00:00,1.0,1.02,,1.02,67500.0,SHS
2017-06-28 07:00:00,2.76,,2.74,,1284711.0,SHS
2017-07-21 07:00:00,2.98,,2.9,2.92,1958480.0,SHS
2017-11-17 07:00:00,3.73,3.8,3.63,3.67,,SHS
2018-01-30 07:00:00,4.83,4.87,4.67,4.87,2529060.0,SHS
2018-02-21 07:00:00,,,4.51,4.59,1744302.0,SHS
2018-04-03 07:00:00,4.85,5.05,4.77,,3144019.0,SHS
2018-10-17 07:00:00,,2.98,2.92,2.96,1025653.0,SHS
2019-03-20 07:00:00,,,,2.96,,SHS
2019-05-27 07:00:00,2.89,2.94,,,436780.0,SHS
2019-08-12 07:00:00,2.53,2.56,,2.5,223620.0,SHS
2019-08-22 07:00:00,2.44,2.44,2.35,,922820.0,SHS
2019-12-13 07:00:00,2.27,2.47,2.24,,,SHS
2019-12-27 07:00:00,,2.24,2.18,2.24,,SHS
2020-01-15 07:00:00,2.18,,2.15,2.18,165877.0,SHS
2020-05-06 07:00:00,2.32,2.35,2.27,2.35,1323172.0,SHS
2020-06-02 07:00:00,2.64,,2.58,2.61,3210787.0,SHS
2020-08-07 07:00:00,3.28,3.35,,,1477492.0,SHS
2021-02-26 07:00:00,,,,8.57,6939065.0,SHS
2022-02-09 07:00:00,,19.12,,,,SHS
2022-02-10 07:00:00,,18.9,18.45,,,SHS
2022-10-31 07:00:00,,6.77,,6.52,,SHS
2023-07-17 07:00:00,12.35,12.61,12.27,12.44,17430145.0,SHS
2023-07-25 07:00:00,12.35,13.03,12.35,,,SHS
2023-09-06 07:00:00,,16.42,15.4,16.16,17401465.0,SHS
2025-01-22 07:00:00,10.49,,,10.49,8846609.0,SHS
2026-04-24 07:00:00,16.9,17.2,16.8,16.9,,SHS
2017-08-28 07:00:00,14.6,14.6,14.6,,100.0,SID
2020-05-13 07:00:00,9.41,,,,200.0,SID
2021-04-28 07:00:00,11.96,,,13.52,200.0,SID
2021-11-17 07:00:00,17.11,17.11,16.92,17.02,8600.0,SID
2021-11-24 07:00:00,,17.51,15.74,,,SID
2022-04-08 07:00:00,16.72,17.61,16.13,16.13,5000.0,SID
2022-11-15 07:00:00,,8.95,,8.36,,SID
2023-08-31 07:00:00,12.79,,,13.28,,SID
2023-10-20 07:00:00,13.67,14.95,13.08,13.08,17900.0,SID
2024-01-16 07:00:00,13.28,,,13.28,22.0,SID
2024-02-21 07:00:00,12.1,,11.8,,14305.0,SID
2024-04-17 07:00:00,11.9,12.39,,,3100.0,SID
2024-05-29 07:00:00,11.51,11.8,,,14010.0,SID
2025-01-20 07:00:00,,11.9,11.7,11.9,,SID
2025-03-28 07:00:00,,15.74,,14.85,,SID
2025-12-05 07:00:00,15.5,16.9,15.5,,9400.0,SID
2016-05-06 07:00:00,1.06,1.06,1.06,1.06,3800.0,SJM
2019-08-07 07:00:00,,1.1,1.1,1.1,,SJM
2020-05-22 07:00:00,,0.8,0.8,0.8,,SJM
2020-11-30 07:00:00,2.4,2.4,2.4,2.4,200.0,SJM
2021-07-16 07:00:00,,3.9,3.9,3.9,19000.0,SJM
2022-06-16 07:00:00,7.9,7.9,7.9,,,SJM
2024-01-02 07:00:00,6.9,6.9,,6.9,100.0,SJM
2024-03-06 07:00:00,,5.5,5.5,5.5,200.0,SJM
2024-04-26 07:00:00,6.4,6.4,6.4,6.4,2700.0,SJM
2024-09-25 07:00:00,6.7,6.8,6.7,6.8,15400.0,SJM
2024-12-19 07:00:00,6.3,,,,6500.0,SJM
2025-03-26 07:00:00,7.1,7.3,,7.3,4400.0,SJM
2025-08-20 07:00:00,5.6,5.8,5.6,,,SJM
2025-10-17 07:00:00,4.9,,,,1000.0,SJM
2025-10-22 07:00:00,4.8,,4.8,,100.0,SJM
2025-12-23 07:00:00,7.2,,7.2,7.3,534000.0,SJM
2016-03-15 07:00:00,3.08,3.08,2.97,,,SMA
2016-07-18 07:00:00,,,,4.03,18570.0,SMA
2016-07-27 07:00:00,,,3.91,,,SMA
2016-08-10 07:00:00,3.8,3.86,,,4670.0,SMA
2016-09-08 07:00:00,3.26,3.44,3.26,3.44,,SMA
2017-03-23 07:00:00,,,,,20170.0,SMA
2017-05-15 07:00:00,4.86,4.86,4.86,,3500.0,SMA
2017-05-17 07:00:00,4.98,4.98,4.92,4.98,360.0,SMA
2017-08-15 07:00:00,,5.93,5.58,5.9,101220.0,SMA
2017-09-20 07:00:00,5.46,5.46,5.46,5.46,,SMA
2018-03-08 07:00:00,7.36,7.36,7.36,7.36,,SMA
2018-09-07 07:00:00,,9.06,9.06,9.06,10.0,SMA
2020-06-15 07:00:00,,10.45,,10.45,200.0,SMA
2020-12-03 07:00:00,7.2,7.41,7.11,7.28,,SMA
2022-01-10 07:00:00,9.62,9.99,,9.62,27700.0,SMA
2022-02-18 07:00:00,,9.62,,,4300.0,SMA
2022-05-19 07:00:00,,9.25,,9.25,,SMA
2023-09-14 07:00:00,7.6,7.6,,7.51,8900.0,SMA
2024-01-16 07:00:00,7.43,7.99,,,1600.0,SMA
2025-09-19 07:00:00,10.7,10.7,9.85,10.7,,SMA
2025-09-30 07:00:00,9.28,9.39,,9.28,6100.0,SMA
2015-11-27 07:00:00,12.4,12.4,12.14,12.4,600.0,SMT
2016-06-20 07:00:00,12.72,12.72,12.72,,500.0,SMT
2016-10-20 07:00:00,13.94,13.94,,13.94,,SMT
2017-01-18 07:00:00,12.59,12.59,,12.59,,SMT
2017-05-25 07:00:00,12.53,12.53,12.53,12.53,,SMT
2017-06-29 07:00:00,12.28,12.28,12.28,12.28,1100.0,SMT
2017-07-21 07:00:00,12.28,,,,,SMT
2017-10-17 07:00:00,,15.61,14.96,15.61,200.0,SMT
2018-04-20 07:00:00,18.21,,15.61,15.61,200.0,SMT
2018-06-28 07:00:00,,,18.6,,,SMT
2021-08-16 07:00:00,6.05,6.05,6.05,,100.0,SMT
2021-09-09 07:00:00,,18.79,18.79,,11247.0,SMT
2022-01-17 07:00:00,,,8.68,,116008.0,SMT
2022-03-22 07:00:00,,,17.91,18.07,,SMT
2022-06-08 07:00:00,9.55,10.27,9.16,,,SMT
2022-07-28 07:00:00,8.84,,8.76,9.55,79000.0,SMT
2023-03-06 07:00:00,6.69,6.85,6.69,6.85,200.0,SMT
2023-09-11 07:00:00,5.97,,5.65,5.89,1937.0,SMT
2024-06-10 07:00:00,,,4.54,4.54,400.0,SMT
2024-11-22 07:00:00,4.46,4.46,4.46,4.46,100.0,SMT
2024-12-02 07:00:00,,4.54,4.3,4.54,1100.0,SMT
2025-06-10 07:00:00,7.17,7.48,6.37,7.48,,SMT
2025-12-17 07:00:00,11.5,11.9,11.5,,,SMT
2026-04-13 07:00:00,,,9.1,,500.0,SMT
2016-09-14 07:00:00,3.97,,3.97,3.97,100.0,SPD
2016-10-27 07:00:00,8.48,,8.48,8.48,100.0,SPD
2017-03-30 07:00:00,,5.06,4.98,5.06,,SPD
2018-03-28 07:00:00,,5.86,5.86,5.86,300.0,SPD
2020-12-04 07:00:00,9.0,11.5,,11.5,,SPD
2021-01-25 07:00:00,,8.5,,8.5,,SPD
2021-04-14 07:00:00,,9.0,,,3600.0,SPD
2022-01-26 07:00:00,11.0,11.0,,,200.0,SPD
2022-08-25 07:00:00,11.3,,11.3,11.3,300.0,SPD
2024-01-04 07:00:00,,8.4,8.4,8.4,5900.0,SPD
2015-11-12 07:00:00,,6.4,,6.4,810.0,SRF
2016-06-10 07:00:00,10.19,,9.86,,8070.0,SRF
2016-08-26 07:00:00,13.79,14.02,,13.65,34800.0,SRF
2017-04-14 07:00:00,,13.46,,13.22,3120.0,SRF
2017-10-04 07:00:00,13.2,13.2,13.0,,,SRF
2017-11-27 07:00:00,,12.62,12.44,12.62,7670.0,SRF
2017-12-05 07:00:00,,13.34,,,37120.0,SRF
2018-06-11 07:00:00,11.68,11.82,11.68,11.82,310.0,SRF
2018-08-29 07:00:00,10.87,10.87,,10.33,5070.0,SRF
2019-10-21 07:00:00,,12.22,11.57,,900.0,SRF
2019-11-12 07:00:00,,11.93,,11.81,560.0,SRF
2020-07-22 07:00:00,11.64,12.73,,,2850.0,SRF
2021-02-08 07:00:00,,,12.0,,,SRF
2021-05-21 07:00:00,,11.91,,,17800.0,SRF
2022-09-23 07:00:00,,,,,,SRF
2023-05-05 07:00:00,,9.5,,9.1,,SRF
2024-08-29 07:00:00,9.95,10.0,,9.87,51000.0,SRF
2024-11-18 07:00:00,8.03,8.4,8.03,,5000.0,SRF
2024-12-16 07:00:00,8.07,8.1,,,,SRF
2025-01-10 07:00:00,,8.3,,8.25,,SRF
2025-10-01 07:00:00,,8.36,8.36,,100.0,SRF
2025-10-10 07:00:00,,8.0,,8.0,3700.0,SRF
2021-11-12 07:00:00,,21.28,20.99,21.28,,SSB
2022-09-13 07:00:00,,23.14,22.88,23.1,1291300.0,SSB
2023-04-28 07:00:00,,,,23.43,945800.0,SSB
2023-06-23 07:00:00,23.48,23.92,23.44,23.92,997100.0,SSB
2023-07-03 07:00:00,,,23.79,,724200.0,SSB
2023-07-07 07:00:00,,,25.07,,674700.0,SSB
2023-07-27 07:00:00,26.08,26.17,25.99,,,SSB
2023-10-16 07:00:00,21.76,22.03,,21.85,,SSB
2024-06-27 07:00:00,18.68,18.68,17.62,18.33,3590900.0,SSB
2024-08-14 07:00:00,,,,19.03,2116300.0,SSB
2025-03-03 07:00:00,19.4,19.6,,19.45,1711300.0,SSB
2025-04-10 07:00:00,,20.65,20.0,,2667000.0,SSB
2025-05-12 07:00:00,,19.15,,,,SSB
2015-12-08 07:00:00,23.4,,,,700.0,SSF
2016-04-22 07:00:00,8.6,8.6,,,100.0,SSF
2016-05-30 07:00:00,11.2,11.2,,11.2,,SSF
2021-10-27 07:00:00,,,77.97,77.97,280300.0,SSH
2022-12-05 07:00:00,69.7,,68.8,,201100.0,SSH
2024-01-24 07:00:00,,65.4,,65.1,,SSH
2024-06-07 07:00:00,68.5,69.0,68.5,69.0,54600.0,SSH
2024-08-07 07:00:00,68.2,,68.2,68.8,,SSH
2024-10-29 07:00:00,,68.0,67.3,67.8,,SSH
2025-02-03 07:00:00,68.4,68.5,,,46603.0,SSH
2025-04-29 07:00:00,88.5,88.9,88.5,88.7,,SSH
2015-10-16 07:00:00,11.25,11.25,10.25,,74800.0,SSN
2015-11-18 07:00:00,,9.62,,,46400.0,SSN
2015-12-21 07:00:00,10.35,,,,33600.0,SSN
2016-01-04 07:00:00,8.62,,8.53,8.53,25900.0,SSN
2016-03-08 07:00:00,,6.53,6.35,,,SSN
2016-09-09 07:00:00,,,19.25,,,SSN
2018-02-23 07:00:00,18.7,18.7,18.7,18.7,,SSN
2018-10-10 07:00:00,15.7,,,14.9,152900.0,SSN
2019-10-15 07:00:00,4.9,5.5,4.9,,141460.0,SSN
2019-12-02 07:00:00,4.2,,,4.0,15500.0,SSN
2019-12-24 07:00:00,3.9,3.9,,,,SSN
2020-04-24 07:00:00,,2.9,2.9,,20100.0,SSN
2020-10-27 07:00:00,,4.5,4.4,,,SSN
2020-12-14 07:00:00,,5.2,5.0,,74332.0,SSN
2021-07-21 07:00:00,5.5,5.6,,,,SSN
2022-01-27 07:00:00,11.9,12.0,11.2,,108200.0,SSN
2022-07-22 07:00:00,7.2,7.8,,7.4,79900.0,SSN
2022-08-01 07:00:00,8.1,8.1,7.8,,,SSN
2024-03-01 07:00:00,1.4,1.4,,1.3,6900.0,SSN
2016-02-22 07:00:00,,11.0,,10.8,876220.0,STB
2016-05-26 07:00:00,11.3,11.6,10.9,11.0,,STB
2017-12-12 07:00:00,,12.55,,12.45,,STB
2018-02-13 07:00:00,,16.1,15.85,,10209140.0,STB
2018-07-05 07:00:00,10.25,10.35,9.67,9.72,5658700.0,STB
2018-12-24 07:00:00,12.3,12.45,12.15,12.15,3321220.0,STB
2018-12-25 07:00:00,12.0,,11.7,11.95,6727130.0,STB
2019-06-10 07:00:00,11.75,,11.75,11.8,3030830.0,STB
2019-11-14 07:00:00,10.8,10.85,10.65,10.7,2044260.0,STB
2020-01-10 07:00:00,10.15,10.5,,,10754160.0,STB
2021-06-30 07:00:00,,,30.5,30.6,16495700.0,STB
2022-02-10 07:00:00,35.0,35.25,,34.75,,STB
2022-03-11 07:00:00,31.4,,,,15987700.0,STB
2023-10-09 07:00:00,,31.3,,31.2,9199800.0,STB
2024-08-21 07:00:00,29.65,29.95,29.4,29.95,8881200.0,STB
2024-10-29 07:00:00,33.85,34.3,33.8,34.05,10111000.0,STB
2024-11-21 07:00:00,32.4,,32.25,33.05,8026600.0,STB
2025-02-27 07:00:00,38.55,38.65,38.1,38.3,12864400.0,STB
2025-07-14 07:00:00,,48.1,,47.95,8661400.0,STB
2016-04-04 07:00:00,9.9,9.9,9.9,9.9,100.0,STC
2017-02-17 07:00:00,,13.86,,13.86,100.0,STC
2017-02-28 07:00:00,,12.87,11.88,11.88,210.0,STC
2017-05-16 07:00:00,,,,14.6,100.0,STC
2017-10-13 07:00:00,14.65,,14.65,15.12,300.0,STC
2018-01-24 07:00:00,,,,,,STC
2018-07-04 07:00:00,,12.16,12.16,,100.0,STC
2018-12-18 07:00:00,,,9.64,,,STC
2019-12-05 07:00:00,7.69,,7.69,7.75,400.0,STC
2020-03-25 07:00:00,,10.91,,,,STC
2020-05-26 07:00:00,9.48,9.48,9.48,9.48,,STC
2020-09-24 07:00:00,,,,,1150.0,STC
2020-10-27 07:00:00,7.92,,,9.09,,STC
2021-03-08 07:00:00,11.25,,11.25,11.25,20100.0,STC
2021-06-01 07:00:00,,11.94,,11.67,200.0,STC
2024-05-27 07:00:00,15.5,15.5,14.9,14.9,,STC
2024-06-21 07:00:00,14.65,14.65,14.65,14.65,200.0,STC
2025-08-08 07:00:00,16.38,16.38,16.38,16.38,100.0,STC
2017-09-19 07:00:00,19.87,19.87,19.65,,41610.0,STG
2017-09-21 07:00:00,19.65,19.74,19.3,,210960.0,STG
2017-10-03 07:00:00,18.22,,17.74,18.08,26840.0,STG
2018-01-16 07:00:00,,,18.13,18.39,127870.0,STG
2018-02-21 07:00:00,16.65,17.39,16.52,17.39,,STG
2018-06-20 07:00:00,16.52,,16.08,16.13,,STG
2018-10-05 07:00:00,,,,,,STG
2021-04-12 07:00:00,15.7,15.7,15.5,,,STG
2021-07-09 07:00:00,16.8,16.95,16.8,16.95,,STG
2021-11-16 07:00:00,33.9,,33.9,34.85,88200.0,STG
2022-01-04 07:00:00,,,30.0,,,STG
2022-05-23 07:00:00,32.4,32.4,29.8,31.0,7600.0,STG
2022-09-29 07:00:00,26.8,,26.8,27.0,,STG
2024-10-30 07:00:00,42.0,44.4,,,,STG
2025-09-03 07:00:00,36.95,36.95,,36.8,1400.0,STG
2026-02-26 07:00:00,36.8,36.8,36.8,36.8,500.0,STG
2015-10-23 07:00:00,,3.1,,2.73,4100.0,STL
2016-01-07 07:00:00,,2.82,2.73,2.82,6500.0,STL
2016-02-22 07:00:00,2.73,2.91,2.73,,300.0,STL
2016-04-14 07:00:00,,3.29,3.29,3.29,200.0,STL
2017-07-14 07:00:00,1.6,,,1.6,20.0,STL
2018-03-30 07:00:00,0.7,0.7,,0.7,,STL
2021-05-21 07:00:00,1.4,1.4,1.4,,116244.0,STL
2021-07-02 07:00:00,,1.4,1.2,,,STL
2023-06-30 07:00:00,,1.4,1.3,1.3,6000.0,STL
2016-04-12 07:00:00,,4.87,4.68,,61680.0,STT
2017-08-09 07:00:00,9.28,9.28,,,,STT
2017-09-15 07:00:00,9.54,9.54,9.54,,10.0,STT
2018-03-16 07:00:00,7.99,8.59,,8.59,1210.0,STT
2019-03-11 07:00:00,6.68,,6.68,,50.0,STT
2015-12-22 07:00:00,8.62,8.65,,8.56,34780.0,SVC
2016-06-02 07:00:00,8.49,8.76,8.42,,42850.0,SVC
2016-09-08 07:00:00,,10.27,9.88,9.88,30060.0,SVC
2016-10-17 07:00:00,10.31,10.31,10.06,,,SVC
2017-02-15 07:00:00,10.54,,10.39,10.45,111360.0,SVC
2018-03-01 07:00:00,11.73,,,,10840.0,SVC
2018-08-28 07:00:00,10.39,10.62,10.39,10.62,1210.0,SVC
2019-01-23 07:00:00,9.97,,9.97,9.97,2000.0,SVC
2019-05-21 07:00:00,,10.41,9.99,,10500.0,SVC
2019-08-06 07:00:00,10.01,10.04,10.01,,,SVC
2019-09-17 07:00:00,9.42,9.42,9.42,,810.0,SVC
2020-08-19 07:00:00,23.4,,23.4,23.4,1220.0,SVC
2020-09-17 07:00:00,,22.9,22.57,22.57,,SVC
2020-12-29 07:00:00,22.9,23.07,22.9,,90.0,SVC
2021-09-01 07:00:00,22.25,,22.05,23.53,7300.0,SVC
2021-12-03 07:00:00,36.98,,36.64,37.11,,SVC
2023-04-24 07:00:00,,24.85,,,800.0,SVC
2023-07-26 07:00:00,25.05,26.08,24.85,,2600.0,SVC
2023-08-01 07:00:00,25.4,25.47,25.12,25.19,2600.0,SVC
2025-04-25 07:00:00,13.92,13.92,13.92,13.92,900.0,SVC
2025-05-29 07:00:00,,14.28,,14.28,6100.0,SVC
2025-07-21 07:00:00,14.63,14.63,,,1500.0,SVC
2025-11-19 07:00:00,27.7,,,26.0,,SVC
2017-10-11 07:00:00,5.26,,5.26,5.26,,SVG
2023-07-28 07:00:00,5.0,5.0,,5.0,,SVG
2023-09-08 07:00:00,,6.0,,,100.0,SVG
2024-06-25 07:00:00,,5.7,,5.7,100.0,SVG
2024-10-29 07:00:00,,,6.1,,100.0,SVG
2026-02-05 07:00:00,6.9,8.0,6.9,7.1,800.0,SVG
2026-02-27 07:00:00,,,6.7,6.7,100.0,SVG
2016-08-26 07:00:00,,6.62,,,,SWC
2016-10-24 07:00:00,,7.14,7.1,7.1,54300.0,SWC
2017-02-21 07:00:00,6.4,6.66,,6.57,18310.0,SWC
2017-04-25 07:00:00,9.82,9.82,9.51,,330440.0,SWC
2017-05-08 07:00:00,,,9.42,,,SWC
2017-06-12 07:00:00,,7.48,7.25,,,SWC
2017-08-01 07:00:00,8.5,,,8.39,231620.0,SWC
2018-01-08 07:00:00,7.12,7.18,,,,SWC
2019-02-26 07:00:00,11.81,12.47,11.15,,137248.0,SWC
2019-04-19 07:00:00,11.69,,,11.78,7064.0,SWC
2021-01-08 07:00:00,,,,15.95,,SWC
2022-09-22 07:00:00,,21.48,,,707.0,SWC
2022-10-03 07:00:00,20.3,,19.39,,11500.0,SWC
2023-08-18 07:00:00,,,21.29,21.75,18700.0,SWC
2023-10-06 07:00:00,,,21.84,,100.0,SWC
2024-03-06 07:00:00,,23.92,,23.56,9600.0,SWC
2024-06-20 07:00:00,30.81,,29.9,31.53,63600.0,SWC
2024-08-23 07:00:00,26.55,26.73,,,2900.0,SWC
2025-09-18 07:00:00,,,,31.5,,SWC
2025-12-22 07:00:00,,,30.3,30.8,1700.0,SWC
2026-01-08 07:00:00,33.8,,,,48800.0,SWC
2022-04-18 07:00:00,34.23,36.55,,34.58,102400.0,SZG
2022-04-20 07:00:00,34.23,34.23,33.72,34.15,31000.0,SZG
2022-05-18 07:00:00,32.56,,32.56,33.43,,SZG
2023-05-31 07:00:00,27.9,32.2,27.9,,9300.0,SZG
2025-07-16 07:00:00,36.2,38.0,36.2,38.0,,SZG
2025-10-01 07:00:00,,42.5,,37.8,1100.0,SZG
2026-01-29 07:00:00,38.7,38.7,38.7,38.7,100.0,SZG
2025-03-25 07:00:00,42.0,42.0,,42.0,1500.0,TAN
2025-08-07 07:00:00,42.0,42.0,42.0,,2500.0,TAN
2025-11-24 07:00:00,,42.2,,,2600.0,TAN
2025-12-05 07:00:00,43.0,43.0,43.0,43.0,4200.0,TAN
2026-03-04 07:00:00,44.0,44.0,,44.0,4600.0,TAN
2019-07-24 07:00:00,19.32,19.53,,,66400.0,TAR
2019-09-23 07:00:00,19.39,,17.81,19.18,96300.0,TAR
2021-04-12 07:00:00,18.7,19.77,,19.6,1198139.0,TAR
2021-04-22 07:00:00,16.97,,16.47,,,TAR
2021-06-25 07:00:00,14.74,14.83,,14.74,253800.0,TAR
2021-08-10 07:00:00,14.31,,14.13,14.49,,TAR
2021-11-15 07:00:00,34.86,,34.41,34.59,1136582.0,TAR
2022-04-12 07:00:00,31.69,31.78,28.34,,1649601.0,TAR
2023-06-23 07:00:00,,,,,2316486.0,TAR
2023-07-27 07:00:00,21.0,,20.4,,3867308.0,TAR
2023-08-07 07:00:00,22.2,23.1,,,3821315.0,TAR
2017-11-27 07:00:00,,,13.9,13.9,1000.0,TBC
2017-12-29 07:00:00,,12.83,12.51,12.83,1290.0,TBC
2018-01-04 07:00:00,12.94,12.96,,12.94,4950.0,TBC
2018-03-20 07:00:00,13.34,,13.34,13.36,,TBC
2018-11-15 07:00:00,13.8,,13.8,,4840.0,TBC
2019-10-03 07:00:00,15.19,15.19,,,,TBC
2020-03-30 07:00:00,13.54,13.73,13.54,13.73,1020.0,TBC
2020-06-09 07:00:00,14.4,14.64,,,,TBC
2020-07-08 07:00:00,,14.28,13.76,,,TBC
2021-09-14 07:00:00,,21.2,,21.13,23300.0,TBC
2022-06-01 07:00:00,22.88,22.96,22.88,,3600.0,TBC
2022-08-10 07:00:00,23.18,23.48,23.18,,1300.0,TBC
2022-12-23 07:00:00,23.86,23.9,23.86,,1500.0,TBC
2023-01-10 07:00:00,24.97,24.97,,24.88,22600.0,TBC
2023-04-10 07:00:00,28.7,28.87,27.14,,10900.0,TBC
2023-05-24 07:00:00,29.48,29.48,,,7600.0,TBC
2023-07-05 07:00:00,,30.83,,30.83,,TBC
2024-02-20 07:00:00,34.1,34.28,34.1,34.28,,TBC
2024-10-28 07:00:00,,37.46,37.37,37.37,2100.0,TBC
2025-07-03 07:00:00,35.65,35.65,,,20900.0,TBC
2025-10-01 07:00:00,35.89,35.93,,,,TBC
2025-12-19 07:00:00,35.7,35.75,,,300.0,TBC
2025-12-24 07:00:00,,,,34.97,900.0,TBC
2023-09-12 07:00:00,6.81,6.81,6.81,6.81,100.0,TBR
2025-05-15 07:00:00,,,6.14,6.14,,TBR
2025-08-28 07:00:00,,,6.52,,100.0,TBR
2018-10-08 07:00:00,,,4.3,4.3,9700.0,TCI
2021-07-05 07:00:00,,11.34,,,270200.0,TCI
2021-09-06 07:00:00,,13.75,13.1,13.49,,TCI
2021-10-19 07:00:00,15.69,16.48,,16.13,,TCI
2022-06-10 07:00:00,8.98,8.98,,,,TCI
2023-03-07 07:00:00,6.45,,6.28,,,TCI
2024-02-07 07:00:00,,11.64,11.33,11.33,,TCI
2024-03-05 07:00:00,11.51,,11.16,11.46,743500.0,TCI
2024-03-11 07:00:00,11.81,,,,725200.0,TCI
2024-04-15 07:00:00,,11.03,10.29,10.33,463400.0,TCI
2024-06-20 07:00:00,11.5,11.6,11.3,,298800.0,TCI
2025-03-17 07:00:00,9.19,9.34,9.17,9.34,83800.0,TCI
2025-12-23 07:00:00,9.39,,9.27,9.27,210300.0,TCI
2026-03-31 07:00:00,,9.0,8.9,9.0,,TCI
2019-06-21 07:00:00,,3.9,3.9,,30000.0,TCJ
2022-11-11 07:00:00,5.0,5.0,5.0,5.0,,TCJ
2017-06-30 07:00:00,10.32,10.32,,,33300.0,TCW
2017-08-02 07:00:00,9.13,9.13,9.1,9.13,,TCW
2018-06-06 07:00:00,7.09,7.13,6.96,7.13,5489.0,TCW
2020-06-01 07:00:00,,13.19,12.98,13.05,,TCW
2020-06-02 07:00:00,13.12,13.19,12.98,13.19,34805.0,TCW
2020-09-25 07:00:00,14.42,,14.29,14.42,50044.0,TCW
2021-06-11 07:00:00,22.32,22.32,21.98,22.32,,TCW
2021-08-10 07:00:00,23.97,25.09,23.74,,,TCW
2022-06-14 07:00:00,,21.25,20.92,20.92,1200.0,TCW
2022-08-03 07:00:00,,20.44,20.2,,26100.0,TCW
2023-08-25 07:00:00,,22.43,,22.34,11556.0,TCW
2023-09-13 07:00:00,,23.73,23.38,,3028.0,TCW
2023-10-12 07:00:00,23.38,23.64,23.38,23.64,700.0,TCW
2023-12-19 07:00:00,23.38,23.38,,23.21,,TCW
2024-07-03 07:00:00,,,30.85,,956.0,TCW
2024-11-29 07:00:00,27.96,28.05,27.87,,9414.0,TCW
2024-12-23 07:00:00,28.89,29.36,,29.26,15867.0,TCW
2025-05-07 07:00:00,,28.98,28.89,28.89,,TCW
2025-07-17 07:00:00,,30.6,,30.5,,TCW
2025-12-12 07:00:00,32.1,32.1,,32.0,3200.0,TCW
2016-02-16 07:00:00,3.24,3.33,,,,TDC
2016-12-07 07:00:00,2.98,3.03,2.98,,,TDC
2017-11-30 07:00:00,4.5,,4.26,,652690.0,TDC
2017-12-13 07:00:00,4.64,4.64,4.42,4.42,81600.0,TDC
2018-09-17 07:00:00,,5.45,5.39,,33180.0,TDC
2018-12-27 07:00:00,5.63,5.63,5.42,5.62,28960.0,TDC
2019-01-11 07:00:00,,5.62,5.6,,25960.0,TDC
2019-01-23 07:00:00,,5.6,,,156720.0,TDC
2019-02-15 07:00:00,5.67,,,,92760.0,TDC
2019-02-28 07:00:00,5.74,5.74,5.56,5.67,82930.0,TDC
2019-09-09 07:00:00,7.66,,7.58,7.58,456200.0,TDC
2020-01-13 07:00:00,7.1,,7.01,,37080.0,TDC
2020-05-08 07:00:00,,,6.15,6.15,97730.0,TDC
2020-06-02 07:00:00,,,,6.56,,TDC
2020-11-20 07:00:00,8.3,,8.09,,,TDC
2021-06-09 07:00:00,17.67,,16.9,,628600.0,TDC
2021-07-09 07:00:00,16.86,,16.49,,,TDC
2021-09-17 07:00:00,20.46,,20.22,,1194700.0,TDC
2022-04-22 07:00:00,15.25,,,,,TDC
2022-05-25 07:00:00,13.61,13.95,13.46,13.9,322000.0,TDC
2022-07-26 07:00:00,14.19,14.57,13.61,13.8,505100.0,TDC
2022-08-25 07:00:00,21.33,21.33,20.27,,2438000.0,TDC
2023-03-10 07:00:00,,9.8,9.64,9.7,,TDC
2024-01-10 07:00:00,9.95,9.95,9.77,9.8,282700.0,TDC
2024-01-24 07:00:00,9.55,9.65,9.54,,101200.0,TDC
2024-01-29 07:00:00,9.5,,9.35,9.4,294400.0,TDC
2024-05-14 07:00:00,,8.6,8.45,8.5,,TDC
2024-08-27 07:00:00,10.7,,10.7,11.1,1441300.0,TDC
2025-06-26 07:00:00,,11.1,,11.05,420200.0,TDC
2021-12-14 07:00:00,,22.25,21.59,,300.0,TDF
2022-03-18 07:00:00,23.65,23.65,,,,TDF
2022-05-13 07:00:00,17.3,,17.3,22.66,200.0,TDF
2023-03-15 07:00:00,15.8,,15.8,15.8,,TDF
2023-08-31 07:00:00,,15.72,,15.72,,TDF
2024-11-08 07:00:00,12.45,12.45,12.45,12.45,100.0,TDF
2025-01-22 07:00:00,,11.74,11.74,,1000.0,TDF
2026-04-02 07:00:00,9.2,9.2,,,,TDF
2016-04-05 07:00:00,,5.59,,,100.0,TDS
2017-08-22 07:00:00,,,4.1,4.1,100.0,TDS
2018-03-26 07:00:00,6.36,,6.31,6.31,4800.0,TDS
2018-09-25 07:00:00,,,6.59,,1701.0,TDS
2020-02-03 07:00:00,6.7,6.7,,,2700.0,TDS
2020-08-28 07:00:00,,8.3,8.3,8.3,2001.0,TDS
2021-02-02 07:00:00,9.86,9.86,9.86,9.86,,TDS
2021-03-02 07:00:00,,10.0,9.93,10.0,5706.0,TDS
2021-03-04 07:00:00,10.29,10.36,10.14,,4209.0,TDS
2021-06-18 07:00:00,12.06,13.03,,12.66,36000.0,TDS
2021-07-15 07:00:00,,,12.36,13.78,,TDS
2022-02-08 07:00:00,16.55,16.92,,16.47,3500.0,TDS
2022-03-18 07:00:00,17.0,17.97,17.0,17.97,300.0,TDS
2023-09-12 07:00:00,7.86,,,7.86,,TDS
2025-03-10 07:00:00,,10.5,10.3,10.3,20610.0,TDS
2019-04-09 07:00:00,5.67,5.72,5.63,5.67,51000.0,TDT
2019-11-11 07:00:00,5.58,5.58,5.4,5.4,46400.0,TDT
2019-12-18 07:00:00,,5.97,,,,TDT
2020-04-08 07:00:00,,4.74,4.69,,,TDT
2020-05-12 07:00:00,,5.06,,5.06,58710.0,TDT
2021-05-20 07:00:00,,,,7.06,82000.0,TDT
2021-10-25 07:00:00,9.63,10.59,,10.59,1677666.0,TDT
2022-08-02 07:00:00,,7.9,7.74,,,TDT
2022-09-05 07:00:00,9.22,9.22,8.14,,,TDT
2022-11-28 07:00:00,6.98,6.98,,6.8,107455.0,TDT
2023-05-29 07:00:00,,6.8,6.62,6.8,143900.0,TDT
2024-11-21 07:00:00,6.25,6.35,,,39100.0,TDT
2025-08-28 07:00:00,6.9,,,6.9,145000.0,TDT
2025-09-04 07:00:00,6.9,6.9,,6.9,,TDT
2025-11-06 07:00:00,6.5,,,6.5,,TDT
2016-09-28 07:00:00,19.04,,18.98,20.69,,TDW
2019-01-18 07:00:00,15.49,15.49,15.49,15.49,10.0,TDW
2020-07-27 07:00:00,19.24,,19.24,,10.0,TDW
2023-06-06 07:00:00,,37.27,37.27,37.27,100.0,TDW
2025-03-24 07:00:00,54.62,54.71,54.52,54.52,500.0,TDW
2026-03-18 07:00:00,44.0,44.0,,,1000.0,TDW
2026-04-01 07:00:00,46.0,,46.0,47.6,300.0,TDW
2016-12-05 07:00:00,13.55,,13.55,13.55,800.0,TET
2018-12-28 07:00:00,28.95,28.95,28.95,,100.0,TET
2026-04-06 07:00:00,,29.2,,,,TET
2016-01-28 07:00:00,11.7,11.74,11.7,11.74,600.0,TFC
2016-02-23 07:00:00,11.88,12.01,11.74,,8200.0,TFC
2016-11-11 07:00:00,5.83,5.89,5.83,5.89,,TFC
2017-02-15 07:00:00,,4.9,,,100.0,TFC
2017-06-12 07:00:00,,4.24,4.17,4.24,,TFC
2017-06-16 07:00:00,4.24,4.24,4.11,4.17,,TFC
2017-06-21 07:00:00,4.44,4.44,4.11,4.11,,TFC
2017-07-04 07:00:00,4.24,,4.17,4.17,1750.0,TFC
2017-08-15 07:00:00,,,3.38,3.38,,TFC
2017-09-29 07:00:00,4.24,4.24,,4.24,600.0,TFC
2019-05-20 07:00:00,4.03,4.03,3.53,,10100.0,TFC
2019-05-29 07:00:00,3.81,3.89,3.81,,,TFC
2019-12-04 07:00:00,,3.11,,3.11,2400.0,TFC
2020-08-18 07:00:00,,3.86,3.86,3.86,100.0,TFC
2020-10-14 07:00:00,4.25,4.25,4.25,,50.0,TFC
2021-04-08 07:00:00,6.57,,6.57,,,TFC
2021-04-15 07:00:00,6.09,,5.69,,,TFC
2022-03-02 07:00:00,,,,6.98,1400.0,TFC
2023-04-25 07:00:00,5.3,5.3,5.3,,,TFC
2023-11-10 07:00:00,,7.48,7.01,7.01,,TFC
2024-12-25 07:00:00,45.59,45.89,,45.89,,TFC
2020-08-14 07:00:00,1.0,,,0.99,,TGG
2021-01-22 07:00:00,,1.87,,,409800.0,TGG
2021-03-25 07:00:00,,,,2.64,949900.0,TGG
2021-08-10 07:00:00,,13.25,13.25,,,TGG
2022-04-29 07:00:00,,,13.5,,,TGG
2022-11-02 07:00:00,2.72,2.89,2.72,2.89,599500.0,TGG
2022-12-30 07:00:00,3.76,,3.68,3.68,364900.0,TGG
2023-04-10 07:00:00,4.55,,,,547200.0,TGG
2023-07-24 07:00:00,3.28,3.37,,3.35,,TGG
2016-03-04 07:00:00,,,15.5,18.8,,TH1
2016-06-30 07:00:00,,11.9,,11.9,,TH1
2017-03-02 07:00:00,8.0,8.0,,8.0,,TH1
2020-11-27 07:00:00,,,9.1,10.8,600.0,TH1
2022-04-29 07:00:00,7.5,7.5,7.3,,3200.0,TH1
2022-12-09 07:00:00,3.4,,3.4,,,TH1
2016-03-30 07:00:00,6.37,,6.37,,9930.0,THG
2016-09-21 07:00:00,10.42,10.42,10.12,10.37,,THG
2017-03-03 07:00:00,9.22,9.32,,9.02,19180.0,THG
2019-08-14 07:00:00,11.77,,11.47,11.65,,THG
2020-02-28 07:00:00,12.6,,12.38,12.6,,THG
2020-07-02 07:00:00,16.51,16.51,15.85,15.92,,THG
2020-08-07 07:00:00,15.98,,15.98,,6210.0,THG
2021-12-13 07:00:00,36.04,,,,,THG
2022-01-28 07:00:00,29.75,30.14,29.71,,,THG
2022-02-08 07:00:00,31.69,,31.61,32.01,,THG
2022-05-31 07:00:00,30.86,,30.86,31.18,29800.0,THG
2022-09-21 07:00:00,25.12,,24.72,,11200.0,THG
2022-12-07 07:00:00,20.23,20.68,19.55,20.68,42900.0,THG
2023-08-24 07:00:00,24.49,,,24.55,32200.0,THG
2023-11-29 07:00:00,24.36,24.86,24.24,24.86,18400.0,THG
2024-06-18 07:00:00,30.33,31.5,30.33,,56100.0,THG
2024-10-21 07:00:00,32.82,,32.82,33.2,8700.0,THG
2025-03-24 07:00:00,,48.56,47.07,48.4,,THG
2025-07-17 07:00:00,,,55.79,55.98,42300.0,THG
2025-12-18 07:00:00,,44.24,,,,THG
2026-02-12 07:00:00,43.8,,43.5,43.99,,THG
2020-11-06 07:00:00,7.84,,7.76,,2100.0,THP
2022-01-13 07:00:00,,12.09,12.09,12.09,,THP
2022-03-11 07:00:00,11.22,,,,,THP
2022-07-21 07:00:00,10.19,,9.93,9.93,,THP
2022-09-29 07:00:00,7.94,9.32,,9.32,,THP
2022-11-02 07:00:00,8.64,8.64,8.64,8.64,400.0,THP
2023-06-26 07:00:00,8.46,,8.46,8.46,300.0,THP
2023-08-29 07:00:00,,8.46,8.28,8.46,4100.0,THP
2025-12-12 07:00:00,10.1,10.3,,10.3,300.0,THP
2016-08-09 07:00:00,,2.7,2.61,2.7,,THT
2016-10-28 07:00:00,2.47,2.61,2.47,,15200.0,THT
2017-01-20 07:00:00,,2.84,2.7,2.7,40880.0,THT
2018-07-03 07:00:00,3.39,,3.39,3.39,200.0,THT
2018-09-10 07:00:00,3.56,3.61,,3.56,20210.0,THT
2018-09-27 07:00:00,,3.78,3.61,3.67,,THT
2019-04-05 07:00:00,,4.8,,4.8,8500.0,THT
2019-08-05 07:00:00,,4.27,4.2,,3100.0,THT
2020-08-27 07:00:00,4.9,,,5.05,9700.0,THT
2020-11-09 07:00:00,,,,5.41,8500.0,THT
2021-02-05 07:00:00,5.41,5.41,5.41,5.41,8100.0,THT
2021-06-17 07:00:00,,6.85,6.7,,51000.0,THT
2022-04-01 07:00:00,12.45,,12.14,12.38,,THT
2022-06-01 07:00:00,,,11.75,12.77,330909.0,THT
2022-08-05 07:00:00,10.39,10.47,,10.39,50200.0,THT
2022-08-09 07:00:00,10.39,10.9,,,108100.0,THT
2023-01-18 07:00:00,,,,,22300.0,THT
2023-04-05 07:00:00,,,,,38608.0,THT
2024-12-17 07:00:00,,11.97,11.68,11.97,25400.0,THT
2025-10-23 07:00:00,7.8,,7.8,8.1,,THT
2017-02-17 07:00:00,,12.66,,12.66,100.0,THW
2023-11-20 07:00:00,,8.81,7.81,,,THW
2024-09-27 07:00:00,12.92,12.92,12.92,12.92,,THW
2026-01-20 07:00:00,17.6,,17.6,17.6,100.0,THW
2016-09-23 07:00:00,,3.99,,3.99,100.0,TJC
2016-10-31 07:00:00,,,3.8,,,TJC
2016-12-30 07:00:00,,,3.8,4.13,13000.0,TJC
2017-03-10 07:00:00,3.99,4.27,3.99,,6200.0,TJC
2017-03-27 07:00:00,4.08,4.17,4.04,,11620.0,TJC
2018-03-26 07:00:00,,2.92,2.64,2.64,57800.0,TJC
2018-07-06 07:00:00,,3.69,,3.69,5000.0,TJC
2018-10-04 07:00:00,3.69,3.69,3.64,,500.0,TJC
2018-12-19 07:00:00,3.91,3.91,3.91,,,TJC
2021-09-28 07:00:00,7.32,,6.99,7.22,,TJC
2023-08-10 07:00:00,8.38,8.38,,,,TJC
2024-01-12 07:00:00,,,9.2,,3500.0,TJC
2024-04-11 07:00:00,,9.52,,,100.0,TJC
2024-05-14 07:00:00,10.91,,10.58,,,TJC
2024-06-06 07:00:00,11.51,11.51,11.51,11.51,,TJC
2025-08-14 07:00:00,9.05,9.85,9.05,9.85,200.0,TJC
2026-04-29 07:00:00,18.0,18.0,,16.2,,TJC
2015-10-02 07:00:00,3.71,,3.71,3.83,2664.0,TL4
2016-01-12 07:00:00,5.63,,5.33,5.7,,TL4
2016-05-27 07:00:00,,5.45,5.39,,,TL4
2016-06-03 07:00:00,5.76,5.82,,5.7,,TL4
2016-09-08 07:00:00,4.96,5.08,4.96,5.08,24100.0,TL4
2017-03-03 07:00:00,5.13,5.13,,4.99,1500.0,TL4
2017-04-12 07:00:00,4.99,,4.99,,,TL4
2017-05-22 07:00:00,,5.13,5.06,5.06,10100.0,TL4
2017-09-11 07:00:00,4.99,,,4.99,,TL4
2017-12-27 07:00:00,4.8,4.88,4.8,,17000.0,TL4
2018-09-10 07:00:00,5.31,5.31,5.31,,16.0,TL4
2019-03-20 07:00:00,,,6.83,,,TL4
2020-05-15 07:00:00,6.16,6.95,6.16,6.95,,TL4
2021-02-23 07:00:00,,8.13,7.55,8.13,3700.0,TL4
2021-12-07 07:00:00,,16.6,16.0,16.5,123947.0,TL4
2022-07-28 07:00:00,8.8,8.8,8.2,,,TL4
2018-09-17 07:00:00,,,,8.72,,TLP
2019-03-19 07:00:00,8.47,8.64,8.14,,3500.0,TLP
2020-05-15 07:00:00,7.44,7.53,7.44,,5000.0,TLP
2020-06-22 07:00:00,,7.96,7.79,7.79,1500.0,TLP
2021-01-14 07:00:00,9.75,9.75,9.75,9.75,,TLP
2021-09-20 07:00:00,9.12,9.21,,9.12,21000.0,TLP
2021-12-30 07:00:00,11.45,11.63,11.18,,,TLP
2023-05-22 07:00:00,,,,,,TLP
2023-06-23 07:00:00,,,,6.68,,TLP
2023-08-31 07:00:00,6.96,6.96,6.96,6.96,1.0,TLP
2023-10-31 07:00:00,6.03,6.03,5.85,5.85,17200.0,TLP
2024-03-05 07:00:00,,6.59,,6.59,1800.0,TLP
2024-04-22 07:00:00,6.03,,,,1600.0,TLP
2024-05-24 07:00:00,6.13,6.22,6.13,6.22,200.0,TLP
2024-10-23 07:00:00,6.12,6.31,6.12,6.31,,TLP
2025-04-24 07:00:00,5.93,5.93,5.93,,100.0,TLP
2025-12-12 07:00:00,,,,,14300.0,TLP
2026-03-05 07:00:00,8.2,8.5,7.3,8.3,25900.0,TLP
2020-11-17 07:00:00,12.48,13.25,12.41,,6000.0,TMB
2020-12-21 07:00:00,,12.94,,12.94,,TMB
2021-05-18 07:00:00,10.96,,10.96,10.96,300.0,TMB
2021-09-01 07:00:00,12.33,,12.33,12.98,20100.0,TMB
2022-02-08 07:00:00,13.06,13.06,13.06,13.06,,TMB
2022-05-05 07:00:00,18.61,,17.96,18.61,15100.0,TMB
2022-07-20 07:00:00,,,,18.39,18.0,TMB
2022-09-09 07:00:00,23.56,,23.56,,2400.0,TMB
2022-11-07 07:00:00,15.85,15.85,13.58,13.75,9200.0,TMB
2022-11-21 07:00:00,16.12,16.12,16.12,16.12,100.0,TMB
2023-12-28 07:00:00,38.77,,38.77,38.86,,TMB
2024-01-04 07:00:00,39.81,,,,12824.0,TMB
2024-05-28 07:00:00,67.07,67.07,,66.5,,TMB
2024-07-11 07:00:00,87.39,88.85,,,39247.0,TMB
2024-09-20 07:00:00,66.81,,65.06,66.81,15394.0,TMB
2025-01-15 07:00:00,76.61,,74.28,76.22,,TMB
2025-01-16 07:00:00,74.87,75.64,68.65,,10811.0,TMB
2025-02-14 07:00:00,72.15,72.34,71.08,71.56,21992.0,TMB
2025-06-19 07:00:00,,,69.9,70.0,5700.0,TMB
2026-01-28 07:00:00,54.7,55.5,54.7,,800.0,TMB
2026-03-06 07:00:00,59.4,62.0,57.0,57.1,10700.0,TMB
2015-11-25 07:00:00,41.84,42.63,41.44,42.63,,TMT
2016-04-27 07:00:00,31.87,,31.16,31.56,,TMT
2016-05-19 07:00:00,32.91,32.91,32.51,32.75,14310.0,TMT
2016-12-01 07:00:00,16.35,16.35,,,,TMT
2016-12-29 07:00:00,,,13.41,,,TMT
2017-05-17 07:00:00,11.25,11.25,,,33610.0,TMT
2017-06-08 07:00:00,10.61,10.93,10.61,10.89,73040.0,TMT
2017-06-26 07:00:00,,11.99,11.02,,32980.0,TMT
2017-07-26 07:00:00,10.84,11.12,10.79,11.02,,TMT
2017-12-12 07:00:00,8.45,,8.3,,9930.0,TMT
2017-12-28 07:00:00,7.95,,7.95,8.66,16970.0,TMT
2018-04-03 07:00:00,7.72,7.94,7.53,7.94,8710.0,TMT
2018-05-10 07:00:00,,9.1,8.54,,,TMT
2020-04-22 07:00:00,,4.94,4.42,,6640.0,TMT
2020-11-09 07:00:00,,4.41,,4.41,10540.0,TMT
2021-05-12 07:00:00,,8.68,8.68,8.68,100.0,TMT
2021-12-09 07:00:00,16.26,16.26,,16.12,11800.0,TMT
2022-03-24 07:00:00,20.58,20.67,20.03,20.67,140800.0,TMT
2022-07-13 07:00:00,,19.35,18.4,18.5,,TMT
2022-08-23 07:00:00,,19.5,,19.2,,TMT
2022-12-28 07:00:00,9.5,9.5,,,100.0,TMT
2023-03-17 07:00:00,17.0,,16.3,,15800.0,TMT
2024-08-05 07:00:00,9.78,9.78,9.04,9.04,13700.0,TMT
2025-05-15 07:00:00,12.2,12.25,,12.05,19000.0,TMT
2016-05-31 07:00:00,4.82,4.82,3.87,4.34,8800.0,TNB
2016-08-22 07:00:00,4.5,,,,2500.0,TNB
2017-05-22 07:00:00,3.88,,3.83,,,TNB
2017-11-21 07:00:00,,3.54,2.78,3.54,,TNB
2018-03-02 07:00:00,2.96,,,3.07,,TNB
2018-12-13 07:00:00,,,,,,TNB
2018-12-21 07:00:00,3.54,,,3.54,100.0,TNB
2019-08-13 07:00:00,,,3.98,3.98,12300.0,TNB
2019-11-26 07:00:00,5.4,5.4,,,2000.0,TNB
2020-06-01 07:00:00,7.96,7.96,,7.83,400.0,TNB
2020-06-19 07:00:00,,,10.11,,1400.0,TNB
2021-09-22 07:00:00,16.68,16.68,16.68,16.68,,TNB
2021-12-13 07:00:00,,,20.94,20.94,,TNB
2021-12-16 07:00:00,20.94,,,,16711.0,TNB
2023-03-14 07:00:00,11.8,11.8,11.8,11.8,,TNB
2023-05-08 07:00:00,8.5,8.5,8.5,,,TNB
2025-01-02 07:00:00,,10.6,,10.6,,TNB
2025-11-20 07:00:00,9.3,9.3,,,100.0,TNB
2015-11-09 07:00:00,5.26,5.8,,,690.0,TNC
2016-02-01 07:00:00,,5.38,5.26,5.38,30.0,TNC
2016-10-07 07:00:00,,5.55,5.55,,500.0,TNC
2017-06-02 07:00:00,8.01,8.01,8.01,8.01,16000.0,TNC
2017-10-09 07:00:00,7.98,7.98,7.91,7.98,,TNC
2018-01-08 07:00:00,,8.08,8.01,,,TNC
2018-03-09 07:00:00,,8.28,,8.28,,TNC
2018-10-09 07:00:00,,9.32,9.18,9.18,410.0,TNC
2018-12-14 07:00:00,7.93,,7.93,7.93,,TNC
2020-11-12 07:00:00,25.52,,22.98,25.44,2030.0,TNC
2021-01-07 07:00:00,25.07,26.22,24.62,26.22,4200.0,TNC
2021-05-11 07:00:00,24.62,24.62,24.62,,60000.0,TNC
2021-12-28 07:00:00,31.44,31.44,31.44,31.44,,TNC
2022-05-20 07:00:00,,41.03,41.03,41.03,1100.0,TNC
2022-06-30 07:00:00,,43.36,42.32,43.36,,TNC
2023-05-30 07:00:00,,49.44,49.44,49.44,2500.0,TNC
2023-06-06 07:00:00,,49.44,49.35,,,TNC
2023-08-14 07:00:00,,50.32,47.09,50.32,,TNC
2025-06-20 07:00:00,27.72,27.87,27.72,27.87,400.0,TNC
2025-06-23 07:00:00,,,26.01,,,TNC
2025-07-24 07:00:00,,31.25,,,,TNC
2025-10-17 07:00:00,28.75,29.5,,,1400.0,TNC
2023-01-03 07:00:00,,,11.17,,100.0,TNP
2024-08-21 07:00:00,,27.51,,,,TNP
2018-01-11 07:00:00,4.71,,,4.9,12700.0,TNS
2018-08-08 07:00:00,2.5,,2.5,2.5,5700.0,TNS
2018-08-30 07:00:00,2.5,2.5,2.3,,,TNS
2018-08-31 07:00:00,2.4,,2.4,,2000.0,TNS
2019-08-19 07:00:00,2.7,,,2.7,,TNS
2020-01-02 07:00:00,3.6,3.6,,3.6,3500.0,TNS
2021-07-06 07:00:00,5.6,,,5.5,,TNS
2022-06-09 07:00:00,,6.8,,6.4,74500.0,TNS
2023-01-06 07:00:00,3.0,3.0,,2.8,,TNS
2023-02-01 07:00:00,3.2,3.3,3.0,3.0,74800.0,TNS
2023-03-17 07:00:00,2.3,2.5,2.3,2.3,,TNS
2024-07-26 07:00:00,5.4,5.6,,5.0,98303.0,TNS
2017-09-08 07:00:00,4.25,4.26,4.13,,290870.0,TNT
2017-09-26 07:00:00,4.32,,,4.34,,TNT
2017-10-27 07:00:00,,,3.18,,49190.0,TNT
2019-01-21 07:00:00,,,2.59,2.59,63450.0,TNT
2019-01-31 07:00:00,2.31,2.35,,2.26,121850.0,TNT
2020-03-31 07:00:00,,,1.31,,177280.0,TNT
2020-11-05 07:00:00,,2.02,,,752400.0,TNT
2021-07-13 07:00:00,8.0,8.2,7.71,7.95,186800.0,TNT
2021-10-06 07:00:00,9.4,9.65,,,,TNT
2021-10-20 07:00:00,,10.4,9.8,9.94,,TNT
2022-10-25 07:00:00,3.52,3.83,3.36,3.55,559000.0,TNT
2023-03-03 07:00:00,,3.98,3.85,3.86,,TNT
2023-03-24 07:00:00,3.76,3.78,3.7,3.76,40700.0,TNT
2024-05-28 07:00:00,5.21,,5.16,,327200.0,TNT
2024-09-16 07:00:00,4.25,4.26,4.18,4.19,,TNT
2024-12-16 07:00:00,,4.32,4.25,,104100.0,TNT
2025-07-22 07:00:00,,5.56,,,553100.0,TNT
2026-03-19 07:00:00,8.9,,8.66,,,TNT
2026-04-23 07:00:00,10.4,,10.0,10.35,,TNT
2025-08-21 07:00:00,10.7,10.7,,,200.0,TNV
2026-01-16 07:00:00,,,,23.0,6600.0,TNV
2017-06-07 07:00:00,6.35,,6.35,6.35,,TNW
2018-08-20 07:00:00,6.8,,6.8,6.8,1000.0,TNW
2024-08-12 07:00:00,9.14,9.23,9.04,9.04,,TNW
2026-03-25 07:00:00,,12.5,12.5,12.5,100.0,TNW
2015-11-03 07:00:00,2.85,,2.47,2.47,352700.0,TOP
2017-03-07 07:00:00,1.89,,1.72,,1530200.0,TOP
2018-10-18 07:00:00,1.1,,1.0,1.0,265500.0,TOP
2018-10-22 07:00:00,1.0,1.1,1.0,1.0,,TOP
2019-06-25 07:00:00,0.8,,,0.7,36500.0,TOP
2019-12-10 07:00:00,0.8,0.8,0.7,0.7,5700.0,TOP
2022-06-17 07:00:00,1.5,,1.4,1.5,182100.0,TOP
2018-08-22 07:00:00,,5.9,,5.84,435620.0,TPB
2018-09-12 07:00:00,,5.84,5.76,5.78,311310.0,TPB
2019-03-04 07:00:00,,6.13,5.91,,619900.0,TPB
2019-06-12 07:00:00,7.15,7.16,7.03,,1339830.0,TPB
2019-09-03 07:00:00,6.59,,6.44,6.44,272060.0,TPB
2020-11-13 07:00:00,6.91,,6.85,6.89,1526510.0,TPB
2021-01-05 07:00:00,9.66,9.76,9.55,9.6,2719500.0,TPB
2021-03-25 07:00:00,9.41,9.5,,9.31,5221400.0,TPB
2021-04-14 07:00:00,10.19,10.3,10.04,10.26,,TPB
2021-08-16 07:00:00,,,12.46,12.84,,TPB
2021-10-27 07:00:00,14.86,,14.71,14.99,1765600.0,TPB
2022-09-09 07:00:00,12.75,,12.43,12.61,,TPB
2023-01-16 07:00:00,10.47,10.51,,10.28,,TPB
2023-06-30 07:00:00,13.06,13.09,12.98,,,TPB
2023-07-27 07:00:00,,13.6,13.27,13.38,6659700.0,TPB
2023-12-06 07:00:00,12.33,12.69,12.3,12.59,14002600.0,TPB
2024-03-19 07:00:00,,,13.13,13.13,,TPB
2024-04-11 07:00:00,,,13.06,13.24,6870000.0,TPB
2024-05-21 07:00:00,,13.34,13.13,13.24,4448700.0,TPB
2025-09-12 07:00:00,18.87,18.87,18.44,,13552300.0,TPB
2026-01-30 07:00:00,16.8,17.2,16.65,,6437600.0,TPB
2016-10-25 07:00:00,15.58,,15.58,16.15,3406.0,TPP
2018-07-12 07:00:00,,,,,21100.0,TPP
2019-03-08 07:00:00,11.41,,,,2.0,TPP
2020-03-30 07:00:00,,9.3,,9.3,,TPP
2020-03-31 07:00:00,9.3,9.3,9.3,9.3,,TPP
2021-10-20 07:00:00,9.3,9.38,9.3,,1000.0,TPP
2022-02-11 07:00:00,9.98,,,,,TPP
2022-04-12 07:00:00,11.26,,10.53,10.53,2800.0,TPP
2022-08-17 07:00:00,10.53,10.8,,10.8,2200.0,TPP
2024-05-13 07:00:00,,9.65,,9.65,100.0,TPP
2025-07-14 07:00:00,10.13,,,,4800.0,TPP
2025-07-23 07:00:00,,9.94,9.65,9.94,300.0,TPP
2026-04-06 07:00:00,,,10.1,10.1,,TPP
2019-11-12 07:00:00,32.96,,32.96,,100.0,TQN
2016-08-08 07:00:00,13.06,13.13,13.06,13.13,,TRC
2017-02-10 07:00:00,18.75,19.31,,19.28,,TRC
2017-06-21 07:00:00,19.06,,19.06,19.31,58520.0,TRC
2017-07-20 07:00:00,18.46,18.59,18.43,18.43,29590.0,TRC
2017-08-03 07:00:00,18.66,18.99,,18.92,57990.0,TRC
2018-02-06 07:00:00,,,,18.92,,TRC
2018-06-08 07:00:00,17.67,17.67,17.08,17.41,,TRC
2018-12-06 07:00:00,16.44,16.66,16.44,,6870.0,TRC
2019-04-03 07:00:00,19.57,20.0,,19.96,,TRC
2019-06-25 07:00:00,,,,23.97,,TRC
2019-07-10 07:00:00,24.6,,24.6,24.6,31840.0,TRC
2019-08-22 07:00:00,,31.67,30.55,30.63,21120.0,TRC
2019-12-09 07:00:00,,33.33,,,,TRC
2019-12-11 07:00:00,,,30.47,,9910.0,TRC
2020-07-16 07:00:00,25.2,25.2,25.15,25.2,8020.0,TRC
2020-11-23 07:00:00,,,30.07,,1420.0,TRC
2021-03-31 07:00:00,,,,,2600.0,TRC
2021-08-09 07:00:00,30.83,30.83,30.83,30.83,,TRC
2022-02-09 07:00:00,42.8,,41.95,41.95,,TRC
2022-04-08 07:00:00,,46.19,44.58,44.58,,TRC
2022-07-29 07:00:00,34.42,35.04,34.42,35.04,1000.0,TRC
2023-03-17 07:00:00,23.54,,23.54,23.54,,TRC
2023-04-14 07:00:00,25.14,25.43,,25.43,,TRC
2023-09-13 07:00:00,28.82,28.82,28.82,,,TRC
2024-03-19 07:00:00,,,36.63,36.63,,TRC
2024-04-26 07:00:00,39.41,39.41,39.41,39.41,,TRC
2025-05-09 07:00:00,65.8,,63.0,,166700.0,TRC
2025-05-23 07:00:00,,,,63.48,89700.0,TRC
2025-09-05 07:00:00,72.0,75.0,72.0,73.3,276300.0,TRC
2025-12-29 07:00:00,77.5,78.0,75.7,,,TRC
2026-02-02 07:00:00,77.6,,76.5,77.0,,TRC
2018-11-29 07:00:00,17.02,,17.02,17.02,100.0,TRS
2020-11-02 07:00:00,,,16.62,16.62,140.0,TRS
2024-09-16 07:00:00,25.51,,,25.51,,TRS
2026-01-09 07:00:00,14.4,14.4,14.0,,19600.0,TRV
2022-01-06 07:00:00,,,,9.7,15000.0,TS3
2022-02-24 07:00:00,8.6,8.6,8.3,,4800.0,TS3
2022-03-31 07:00:00,8.5,8.7,,8.3,6100.0,TS3
2022-07-06 07:00:00,,4.9,4.9,,100.0,TS3
2023-10-18 07:00:00,,5.9,5.3,5.7,40400.0,TS3
2024-01-12 07:00:00,4.5,4.5,4.5,,,TS3
2024-04-08 07:00:00,4.9,5.5,,5.0,44701.0,TS3
2025-04-03 07:00:00,5.6,5.6,,,61002.0,TS3
2025-11-04 07:00:00,5.8,5.8,,,600.0,TS3
2020-11-13 07:00:00,6.58,,,6.58,,TSG
2021-07-22 07:00:00,8.57,,,,,TSG
2023-07-24 07:00:00,,,11.09,11.09,,TSG
2024-10-03 07:00:00,,,15.43,15.43,200.0,TSG
2015-12-07 07:00:00,,4.71,,4.71,2700.0,TST
2016-05-13 07:00:00,4.8,4.98,4.8,4.98,,TST
2019-02-25 07:00:00,,7.08,7.08,7.08,,TST
2019-03-06 07:00:00,7.18,7.18,,,,TST
2019-04-04 07:00:00,7.08,,,7.08,,TST
2019-07-15 07:00:00,8.65,8.65,8.65,,,TST
2020-12-23 07:00:00,12.8,12.8,12.8,12.8,100.0,TST
2022-04-29 07:00:00,7.9,9.4,7.8,9.4,500.0,TST
2025-04-25 07:00:00,7.6,7.6,6.3,6.3,,TST
2024-08-02 07:00:00,,13.03,9.88,12.13,31600.0,TT6
2024-08-14 07:00:00,,7.99,7.99,7.99,,TT6
2024-09-05 07:00:00,6.02,,6.02,6.29,,TT6
2024-12-24 07:00:00,,,,,,TT6
2025-03-10 07:00:00,6.2,,5.93,5.93,24600.0,TT6
2025-04-22 07:00:00,5.3,,,,,TT6
2025-04-29 07:00:00,,,,4.94,7400.0,TT6
2025-05-13 07:00:00,5.12,5.21,5.03,5.21,3600.0,TT6
2025-12-05 07:00:00,6.7,6.9,6.4,6.8,11200.0,TT6
2026-02-25 07:00:00,5.0,,4.9,,,TT6
2016-09-27 07:00:00,9.53,9.74,9.32,9.32,,TTC
2017-12-27 07:00:00,,9.62,,8.28,,TTC
2018-01-04 07:00:00,8.51,8.51,8.51,8.51,1000.0,TTC
2020-05-21 07:00:00,7.1,7.4,7.1,,,TTC
2020-11-24 07:00:00,,,7.1,7.1,3500.0,TTC
2021-03-08 07:00:00,8.82,9.38,8.82,9.38,25400.0,TTC
2021-11-16 07:00:00,11.32,11.32,10.92,11.32,15300.0,TTC
2022-03-29 07:00:00,,12.42,12.05,12.05,,TTC
2022-09-06 07:00:00,,,,9.5,3200.0,TTC
2022-10-26 07:00:00,,8.11,8.11,8.11,13.0,TTC
2023-07-12 07:00:00,10.15,10.15,,,,TTC
2024-06-19 07:00:00,9.36,,9.36,9.36,100.0,TTC
2024-08-05 07:00:00,8.85,8.85,8.85,,1.0,TTC
2025-03-06 07:00:00,,,7.83,,2900.0,TTC
2025-05-23 07:00:00,,,6.56,6.56,3900.0,TTC
2025-06-12 07:00:00,,5.85,5.85,5.85,400.0,TTC
2025-07-14 07:00:00,5.49,5.49,5.49,5.49,4700.0,TTC
2025-11-11 07:00:00,7.65,7.65,7.65,7.65,900.0,TTC
2025-11-13 07:00:00,8.01,8.1,,8.1,3500.0,TTC
2026-03-03 07:00:00,,9.0,9.0,,800.0,TTC
2015-10-12 07:00:00,18.1,18.1,17.8,17.8,,TTF
2016-11-21 07:00:00,3.81,4.37,3.81,4.37,,TTF
2018-05-31 07:00:00,,,,4.06,381140.0,TTF
2019-01-15 07:00:00,,3.05,,3.02,431410.0,TTF
2019-12-26 07:00:00,2.7,2.73,2.69,2.7,240960.0,TTF
2020-04-10 07:00:00,,1.98,1.86,1.98,974170.0,TTF
2020-05-28 07:00:00,,2.75,2.67,,2178840.0,TTF
2020-09-24 07:00:00,,5.23,,5.17,3821820.0,TTF
2020-10-06 07:00:00,,5.6,5.48,,3207080.0,TTF
2021-01-19 07:00:00,7.13,7.2,,6.7,,TTF
2021-10-14 07:00:00,7.66,8.1,,,12438800.0,TTF
2021-11-22 07:00:00,,10.8,,10.05,11554200.0,TTF
2022-01-19 07:00:00,13.8,14.1,13.55,13.9,,TTF
2022-01-25 07:00:00,12.5,,12.1,12.85,,TTF
2022-03-16 07:00:00,16.7,17.4,16.6,17.0,7558100.0,TTF
2022-04-13 07:00:00,14.3,14.85,,,4440700.0,TTF
2022-10-17 07:00:00,5.14,5.14,4.9,4.95,1052700.0,TTF
2023-01-11 07:00:00,,,4.15,,,TTF
2023-02-15 07:00:00,4.3,4.4,4.28,,1427400.0,TTF
2023-09-08 07:00:00,5.66,5.7,5.58,5.61,,TTF
2023-11-08 07:00:00,3.87,4.0,3.85,4.0,,TTF
2023-12-04 07:00:00,,4.08,,4.07,1695900.0,TTF
2024-06-28 07:00:00,3.89,,3.81,3.81,930900.0,TTF
2024-12-19 07:00:00,,3.05,3.01,,580300.0,TTF
2025-01-17 07:00:00,3.09,3.09,,,,TTF
2025-07-03 07:00:00,2.59,2.74,2.58,,2058800.0,TTF
2025-11-06 07:00:00,2.86,2.87,,2.85,,TTF
2017-09-01 07:00:00,,2.33,,,100.0,TTN
2017-11-29 07:00:00,2.43,2.43,2.43,,2000.0,TTN
2018-09-18 07:00:00,3.53,3.53,3.53,3.53,,TTN
2019-08-22 07:00:00,6.8,6.8,6.65,6.8,,TTN
2020-01-03 07:00:00,4.07,4.07,4.07,4.07,1600.0,TTN
2020-05-21 07:00:00,4.12,4.28,4.12,4.28,86502.0,TTN
2020-09-10 07:00:00,4.84,4.84,4.66,4.72,,TTN
2020-12-18 07:00:00,5.54,,,5.59,25750.0,TTN
2021-05-25 07:00:00,,7.29,6.88,7.29,51200.0,TTN
2021-11-04 07:00:00,,10.05,9.67,,132028.0,TTN
2022-05-13 07:00:00,,12.95,,12.87,,TTN
2025-03-27 07:00:00,17.67,17.76,17.29,,,TTN
2025-05-26 07:00:00,16.43,16.53,,16.43,99500.0,TTN
2026-01-19 07:00:00,20.2,22.4,,,998300.0,TTN
2026-03-12 07:00:00,15.8,15.8,,15.5,29800.0,TTN
2016-03-18 07:00:00,,4.02,3.84,,65600.0,TTZ
2017-02-28 07:00:00,2.68,2.68,2.59,2.59,,TTZ
2017-04-27 07:00:00,3.13,3.22,3.13,3.13,270100.0,TTZ
2017-11-13 07:00:00,,2.86,2.68,2.77,,TTZ
2018-01-12 07:00:00,4.02,4.11,,4.11,219600.0,TTZ
2018-06-18 07:00:00,,,7.17,8.03,6300.0,TTZ
2019-05-13 07:00:00,7.7,,,,,TTZ
2020-07-09 07:00:00,,,,,60300.0,TTZ
2020-08-21 07:00:00,4.3,4.6,4.2,4.6,,TTZ
2021-01-13 07:00:00,3.2,,3.1,3.2,,TTZ
2022-06-23 07:00:00,,,2.9,,11700.0,TTZ
2022-06-30 07:00:00,3.0,3.0,2.9,,22600.0,TTZ
2021-01-22 07:00:00,8.3,8.96,8.3,8.39,2700.0,TV1
2024-06-11 07:00:00,,20.98,,20.88,,TV1
2024-09-19 07:00:00,20.65,21.43,20.65,,,TV1
2025-01-06 07:00:00,21.53,21.73,21.53,21.63,,TV1
2025-04-08 07:00:00,,20.95,19.48,19.88,,TV1
2025-05-14 07:00:00,,,23.48,23.58,44200.0,TV1
2025-07-01 07:00:00,24.65,24.65,,24.36,22500.0,TV1
2021-12-13 07:00:00,12.56,12.56,12.56,12.56,,TVG
2016-04-06 07:00:00,,8.32,8.06,,600.0,TVN
2016-07-18 07:00:00,6.43,6.52,6.34,6.34,10000.0,TVN
2016-08-18 07:00:00,5.79,5.79,,5.79,100.0,TVN
2017-01-05 07:00:00,6.97,6.97,,,400.0,TVN
2017-05-10 07:00:00,6.61,6.61,6.34,6.52,4600.0,TVN
2018-06-04 07:00:00,10.01,10.2,9.43,9.53,18300.0,TVN
2018-08-08 07:00:00,9.15,,,9.05,5700.0,TVN
2018-12-13 07:00:00,,9.24,9.15,,,TVN
2019-07-16 07:00:00,,8.39,,6.86,3600.0,TVN
2020-02-07 07:00:00,5.81,,5.81,6.29,600.0,TVN
2020-03-11 07:00:00,,5.72,,5.62,6200.0,TVN
2020-10-07 07:00:00,,6.48,6.29,6.48,128820.0,TVN
2020-11-19 07:00:00,7.81,8.19,7.62,7.72,,TVN
2020-11-23 07:00:00,7.05,7.24,6.96,7.24,246400.0,TVN
2020-12-04 07:00:00,7.24,,,7.24,157048.0,TVN
2021-03-31 07:00:00,13.34,13.82,13.15,,792200.0,TVN
2021-05-18 07:00:00,,14.29,13.24,14.1,843853.0,TVN
2021-12-01 07:00:00,17.06,17.06,16.58,16.87,,TVN
2021-12-30 07:00:00,15.44,15.63,15.25,15.53,,TVN
2022-05-12 07:00:00,10.48,,,9.72,216700.0,TVN
2023-01-10 07:00:00,,,4.95,4.95,92268.0,TVN
2023-10-18 07:00:00,,6.1,5.81,5.91,247451.0,TVN
2024-06-26 07:00:00,8.9,,8.6,,2174657.0,TVN
2025-02-07 07:00:00,8.5,9.2,8.5,8.9,1741909.0,TVN
2025-02-11 07:00:00,8.2,,8.1,,488249.0,TVN
2025-06-06 07:00:00,,7.5,,,,TVN
2025-08-14 07:00:00,,,8.7,8.9,589100.0,TVN
2025-10-30 07:00:00,7.8,8.2,7.7,8.2,,TVN
2026-01-22 07:00:00,,9.2,,9.0,,TVN
2016-10-27 07:00:00,,,5.57,6.19,2300.0,TXM
2017-11-06 07:00:00,8.3,8.3,8.3,8.3,,TXM
2018-03-01 07:00:00,8.39,8.86,,,1100.0,TXM
2018-05-08 07:00:00,,8.58,,8.3,302.0,TXM
2018-11-05 07:00:00,11.93,11.93,,11.93,,TXM
2019-10-25 07:00:00,2.74,,2.74,2.84,5000.0,TXM
2019-11-26 07:00:00,3.03,3.03,2.74,2.84,,TXM
2020-06-12 07:00:00,2.74,2.74,2.64,,,TXM
2020-07-31 07:00:00,,2.74,,2.44,,TXM
2020-09-03 07:00:00,,,2.84,3.03,,TXM
2020-09-21 07:00:00,3.32,3.62,,3.62,27900.0,TXM
2020-10-30 07:00:00,,,4.4,,9300.0,TXM
2021-02-23 07:00:00,4.9,,4.8,4.9,,TXM
2021-09-14 07:00:00,,6.0,,,20700.0,TXM
2022-08-16 07:00:00,,5.4,5.3,5.4,,TXM
2022-10-13 07:00:00,4.0,,,4.3,400.0,TXM
2023-02-13 07:00:00,3.2,3.3,,,3100.0,TXM
2023-07-13 07:00:00,,5.0,4.2,,22016.0,TXM
2024-07-15 07:00:00,11.9,12.8,11.0,12.8,105475.0,TXM
2024-08-01 07:00:00,7.3,7.4,,6.6,,TXM
2024-08-22 07:00:00,4.6,,4.2,4.4,85181.0,TXM
2024-11-26 07:00:00,,4.6,4.5,,23703.0,TXM
2024-12-12 07:00:00,,4.9,4.5,,108316.0,TXM
2024-12-24 07:00:00,4.5,4.7,,4.7,,TXM
2025-12-30 07:00:00,,4.5,4.5,,3100.0,TXM
2017-04-05 07:00:00,3.43,,,,14400.0,UDC
2017-07-17 07:00:00,,4.42,4.24,4.34,,UDC
2017-10-20 07:00:00,,3.82,,3.81,7910.0,UDC
2017-10-27 07:00:00,,,3.7,,1000.0,UDC
2018-02-12 07:00:00,3.65,3.66,,3.43,9330.0,UDC
2018-03-06 07:00:00,3.53,3.6,,,15190.0,UDC
2019-03-11 07:00:00,,4.59,,,,UDC
2019-06-24 07:00:00,,5.05,,4.73,7630.0,UDC
2019-07-26 07:00:00,4.95,4.95,,4.65,,UDC
2019-08-13 07:00:00,4.7,4.8,4.7,4.8,3640.0,UDC
2019-08-30 07:00:00,,4.8,4.52,4.72,7190.0,UDC
2019-09-05 07:00:00,,4.9,4.32,,,UDC
2020-04-01 07:00:00,2.8,2.97,2.8,,210.0,UDC
2020-05-13 07:00:00,,,,3.0,9030.0,UDC
2020-11-09 07:00:00,5.96,5.96,,5.79,23900.0,UDC
2020-12-18 07:00:00,5.08,,5.01,,,UDC
2021-03-17 07:00:00,7.25,7.25,6.91,7.19,150300.0,UDC
2021-05-17 07:00:00,6.3,,6.05,6.29,,UDC
2022-02-15 07:00:00,11.05,11.8,11.05,11.5,42000.0,UDC
2022-08-23 07:00:00,,9.19,8.89,9.15,94200.0,UDC
2022-11-17 07:00:00,5.46,5.86,,5.84,,UDC
2022-12-06 07:00:00,,6.69,5.98,5.98,65100.0,UDC
2023-01-12 07:00:00,,,,4.82,,UDC
2023-06-07 07:00:00,4.3,4.7,4.2,4.7,72958.0,UDC
2023-11-01 07:00:00,4.0,4.0,3.8,,,UDC
2024-09-10 07:00:00,3.7,4.0,3.7,,,UDC
2024-10-11 07:00:00,3.9,,3.9,3.9,30800.0,UDC
2025-06-12 07:00:00,4.4,4.7,4.4,4.6,88200.0,UDC
2025-06-18 07:00:00,4.8,,4.4,4.5,,UDC
2026-02-05 07:00:00,3.7,,3.5,,,UDC
2017-07-28 07:00:00,15.76,15.76,15.76,15.76,3000.0,UEM
2016-01-11 07:00:00,,11.06,,,600.0,UIC
2016-07-05 07:00:00,14.83,14.83,14.43,,35980.0,UIC
2017-03-28 07:00:00,,18.62,17.84,18.26,,UIC
2017-06-14 07:00:00,,19.7,19.46,,,UIC
2018-02-13 07:00:00,18.11,18.11,,17.99,,UIC
2018-03-01 07:00:00,,18.97,17.74,18.36,3520.0,UIC
2018-08-03 07:00:00,17.69,,17.62,17.62,80.0,UIC
2018-10-05 07:00:00,17.86,,,17.83,7190.0,UIC
2019-02-27 07:00:00,,,22.76,24.14,,UIC
2019-03-22 07:00:00,23.36,24.79,23.22,24.71,5200.0,UIC
2019-03-26 07:00:00,,,22.83,24.07,11680.0,UIC
2020-01-30 07:00:00,31.06,31.06,,31.06,,UIC
2021-02-08 07:00:00,42.52,,,42.93,,UIC
2021-12-21 07:00:00,57.6,,,58.08,,UIC
2022-09-12 07:00:00,,43.5,,,,UIC
2024-08-09 07:00:00,38.85,,,38.85,900.0,UIC
2024-12-09 07:00:00,40.0,40.05,39.5,40.05,,UIC
2025-08-12 07:00:00,48.5,48.75,47.4,,36400.0,UIC
2015-11-25 07:00:00,10.0,,9.28,9.28,5300.0,UNI
2016-03-08 07:00:00,9.1,8.53,7.98,,,UNI
2016-06-15 07:00:00,7.6,,7.5,7.9,2900.0,UNI
2016-10-07 07:00:00,6.0,6.2,6.0,6.0,,UNI
2017-12-04 07:00:00,4.9,,4.7,,16137.0,UNI
2018-08-22 07:00:00,6.5,6.5,6.4,,4124.0,UNI
2019-03-15 07:00:00,7.7,8.3,,8.3,,UNI
2019-07-08 07:00:00,5.5,,,,13442.0,UNI
2020-09-17 07:00:00,5.0,,5.0,5.1,1800.0,UNI
2022-09-13 07:00:00,,,13.5,,1101.0,UNI
2023-04-27 07:00:00,8.8,,8.8,8.8,700.0,UNI
2023-05-08 07:00:00,,9.3,9.0,9.3,300.0,UNI
2023-08-01 07:00:00,12.2,,,12.2,55410.0,UNI
2024-03-08 07:00:00,7.3,,,,,UNI
2024-09-06 07:00:00,,7.6,,7.6,9901.0,UNI
2017-12-29 07:00:00,20.44,20.44,20.44,20.44,14000.0,UPH
2021-10-11 07:00:00,,11.4,11.1,,1300.0,UPH
2022-07-04 07:00:00,10.8,10.8,,,800.0,UPH
2023-06-12 07:00:00,6.0,6.0,6.0,6.0,100.0,UPH
2025-09-19 07:00:00,,9.7,,9.7,100.0,UPH
2020-02-12 07:00:00,,9.13,,8.95,8100.0,VBB
2020-05-13 07:00:00,,,7.79,,1800.0,VBB
2021-06-10 07:00:00,13.58,13.58,,13.25,77710.0,VBB
2022-05-16 07:00:00,7.29,,7.15,7.29,,VBB
2023-01-16 07:00:00,,,6.82,6.82,2300.0,VBB
2023-07-03 07:00:00,,7.09,7.09,,,VBB
2023-07-04 07:00:00,7.09,7.09,,7.09,,VBB
2023-12-14 07:00:00,6.36,6.36,6.36,,,VBB
2024-01-15 07:00:00,,,6.86,,19120.0,VBB
2025-01-23 07:00:00,7.52,7.52,7.52,,4305.0,VBB
2025-09-10 07:00:00,11.49,11.58,,11.39,,VBB
2016-03-14 07:00:00,,3.5,3.5,3.5,500.0,VC6
2016-07-07 07:00:00,,,,3.57,24400.0,VC6
2016-08-24 07:00:00,2.93,2.93,,2.93,200.0,VC6
2017-07-21 07:00:00,,3.24,,,,VC6
2017-12-05 07:00:00,3.12,3.12,3.12,,100.0,VC6
2018-04-19 07:00:00,3.64,3.74,3.64,3.74,,VC6
2018-06-04 07:00:00,3.74,3.74,3.74,3.74,,VC6
2018-08-31 07:00:00,,3.78,3.78,,400.0,VC6
2020-01-16 07:00:00,,3.92,3.92,,2000.0,VC6
2021-08-05 07:00:00,,,,,200.0,VC6
2022-09-28 07:00:00,,5.48,5.48,5.48,600.0,VC6
2023-03-22 07:00:00,,5.07,5.07,5.07,,VC6
2024-06-13 07:00:00,13.7,13.7,,13.63,,VC6
2024-07-23 07:00:00,17.39,,17.39,17.39,100.0,VC6
2024-11-14 07:00:00,,20.08,18.26,18.26,4102.0,VC6
2025-11-21 07:00:00,24.0,25.5,,,500.0,VC6
2016-06-20 07:00:00,3.54,3.54,3.54,3.54,,VCA
2016-08-02 07:00:00,,3.9,,3.86,10100.0,VCA
2016-08-23 07:00:00,,3.72,3.68,3.72,,VCA
2017-08-09 07:00:00,4.48,4.48,4.43,4.43,14800.0,VCA
2017-08-31 07:00:00,4.52,,,4.52,,VCA
2018-01-29 07:00:00,6.62,6.67,,,14510.0,VCA
2018-05-10 07:00:00,7.24,7.34,7.24,7.34,11800.0,VCA
2019-06-13 07:00:00,,7.58,7.51,,,VCA
2020-04-03 07:00:00,6.95,6.95,,6.95,4400.0,VCA
2020-12-04 07:00:00,8.18,8.26,8.18,8.26,,VCA
2020-12-15 07:00:00,8.74,8.74,,8.42,1530.0,VCA
2021-02-02 07:00:00,9.93,10.25,9.93,10.17,11800.0,VCA
2021-07-05 07:00:00,11.33,,11.33,11.42,48700.0,VCA
2021-08-25 07:00:00,12.61,,12.36,,,VCA
2022-10-24 07:00:00,,11.75,,11.75,4900.0,VCA
2023-01-03 07:00:00,,,11.4,11.4,100.0,VCA
2023-01-11 07:00:00,,11.05,10.65,11.0,1000.0,VCA
2023-03-02 07:00:00,9.8,9.8,,9.8,300.0,VCA
2023-12-08 07:00:00,,,8.58,8.58,38200.0,VCA
2024-03-18 07:00:00,9.57,9.57,9.57,,,VCA
2024-04-10 07:00:00,9.7,,,9.65,,VCA
2024-04-25 07:00:00,9.0,9.0,8.64,8.66,2300.0,VCA
2024-08-12 07:00:00,,9.0,,9.0,200.0,VCA
2025-02-05 07:00:00,,11.9,11.3,,9600.0,VCA
2025-06-24 07:00:00,9.56,,9.56,,700.0,VCA
2025-07-14 07:00:00,9.72,,9.72,,71300.0,VCA
2025-11-05 07:00:00,8.41,8.99,8.41,,1800.0,VCA
2026-01-08 07:00:00,8.1,,8.1,,5100.0,VCA
2026-01-19 07:00:00,8.37,8.38,8.2,,20000.0,VCA
2026-04-01 07:00:00,7.35,7.35,7.35,7.35,,VCA
2015-11-25 07:00:00,6.65,6.52,,,6100.0,VCC
2015-12-22 07:00:00,,6.29,5.98,,,VCC
2016-04-19 07:00:00,7.73,8.15,,,42053.0,VCC
2016-05-20 07:00:00,,,7.0,,9500.0,VCC
2017-06-29 07:00:00,,6.9,,,,VCC
2018-01-23 07:00:00,7.37,7.37,,7.37,48400.0,VCC
2020-01-09 07:00:00,6.83,,,6.83,500.0,VCC
2020-01-21 07:00:00,,6.83,6.83,6.83,2000.0,VCC
2021-11-23 07:00:00,18.95,19.83,,19.83,39600.0,VCC
2022-01-26 07:00:00,23.25,,23.25,,10200.0,VCC
2022-04-13 07:00:00,22.29,22.45,21.34,22.45,11900.0,VCC
2022-04-27 07:00:00,,,13.93,15.69,24500.0,VCC
2022-07-26 07:00:00,,11.95,11.95,11.95,100.0,VCC
2024-02-21 07:00:00,11.08,11.67,11.08,11.67,7902.0,VCC
2024-03-27 07:00:00,11.08,,10.6,11.08,,VCC
2024-04-23 07:00:00,,10.4,9.92,,,VCC
2024-11-27 07:00:00,,9.6,,9.6,3100.0,VCC
2025-04-14 07:00:00,8.9,9.1,8.9,,,VCC
2025-11-05 07:00:00,,9.9,9.9,,1000.0,VCC
2025-12-24 07:00:00,,9.9,9.9,9.9,4500.0,VCC
2026-04-02 07:00:00,,10.4,9.9,,43700.0,VCC
2016-12-30 07:00:00,,,6.94,,804420.0,VCG
2017-01-03 07:00:00,6.99,,6.94,6.99,,VCG
2017-03-29 07:00:00,8.32,8.32,8.17,8.22,,VCG
2017-12-27 07:00:00,,11.94,11.66,11.88,,VCG
2018-03-29 07:00:00,12.99,,,12.77,452152.0,VCG
2018-04-11 07:00:00,12.71,,,,2612445.0,VCG
2018-12-28 07:00:00,12.92,,12.53,12.87,,VCG
2019-05-06 07:00:00,16.0,,15.71,15.71,,VCG
2020-02-21 07:00:00,14.69,14.81,,14.81,35040.0,VCG
2020-07-28 07:00:00,15.17,,,15.53,5126.0,VCG
2021-02-08 07:00:00,28.79,28.79,28.48,28.79,,VCG
2021-03-12 07:00:00,28.63,,,28.79,,VCG
2021-03-31 07:00:00,27.29,27.56,27.29,27.5,,VCG
2021-10-01 07:00:00,25.72,,25.4,,414700.0,VCG
2022-03-18 07:00:00,,28.11,27.48,27.73,,VCG
2022-09-08 07:00:00,16.6,,,,4360200.0,VCG
2022-11-18 07:00:00,,10.0,8.74,10.0,8263200.0,VCG
2022-11-21 07:00:00,10.22,10.51,10.04,10.29,5533300.0,VCG
2022-12-15 07:00:00,,,12.94,13.3,,VCG
2023-04-25 07:00:00,,,13.7,,3733100.0,VCG
2023-09-05 07:00:00,23.27,,22.91,23.11,15946400.0,VCG
2023-09-14 07:00:00,22.95,23.15,22.23,,13888700.0,VCG
2024-12-30 07:00:00,,16.7,,16.48,7964100.0,VCG
2025-04-08 07:00:00,18.04,,17.24,,,VCG
2025-05-14 07:00:00,19.25,19.56,,19.16,9939300.0,VCG
2025-12-16 07:00:00,23.05,23.6,22.4,,,VCG
2026-02-10 07:00:00,,18.55,18.15,,3571800.0,VCG
2017-07-07 07:00:00,7.16,,7.16,,114260.0,VCI
2017-08-07 07:00:00,7.54,7.61,7.54,7.59,,VCI
2017-11-16 07:00:00,8.53,8.96,8.53,8.96,53800.0,VCI
2017-12-06 07:00:00,9.32,9.32,,9.14,80270.0,VCI
2018-03-29 07:00:00,,13.43,13.31,,51330.0,VCI
2019-07-29 07:00:00,5.91,5.93,5.82,5.93,,VCI
2020-02-19 07:00:00,5.01,5.01,4.84,,2080.0,VCI
2020-12-25 07:00:00,9.8,10.38,9.7,,,VCI
2021-01-20 07:00:00,,11.64,10.95,11.43,1419200.0,VCI
2021-05-12 07:00:00,,14.08,13.45,,2025300.0,VCI
2021-10-04 07:00:00,22.65,22.81,,22.1,6105700.0,VCI
2022-04-07 07:00:00,23.51,23.95,23.03,23.07,2076900.0,VCI
2022-04-25 07:00:00,17.76,18.15,,,,VCI
2022-07-20 07:00:00,15.61,,15.52,15.97,,VCI
2023-02-07 07:00:00,14.9,15.38,14.6,,5811300.0,VCI
2023-05-22 07:00:00,18.66,18.89,18.53,18.77,3611200.0,VCI
2023-09-12 07:00:00,,27.72,26.08,,6366500.0,VCI
2023-11-02 07:00:00,19.43,,19.3,20.42,,VCI
2024-01-17 07:00:00,,23.72,22.92,23.06,5977300.0,VCI
2025-05-14 07:00:00,26.72,,26.58,,16062200.0,VCI
2025-10-17 07:00:00,31.11,31.61,,30.42,,VCI
2025-11-06 07:00:00,27.19,27.3,,26.68,,VCI
2026-03-24 07:00:00,25.09,,24.87,25.01,,VCI
2026-01-20 07:00:00,30.19,30.29,,29.94,3457000.0,VCK
2020-04-14 07:00:00,8.13,8.13,,8.13,,VCM
2021-08-16 07:00:00,,6.83,6.79,,6100.0,VCM
2024-03-08 07:00:00,,7.5,,7.5,,VCM
2024-05-07 07:00:00,7.7,7.7,,,,VCM
2024-10-16 07:00:00,7.65,7.65,7.65,7.65,200.0,VCM
2024-11-20 07:00:00,11.0,,11.0,11.5,310.0,VCM
2025-07-17 07:00:00,8.0,8.0,8.0,,5000.0,VCM
2017-03-15 07:00:00,9.06,,9.01,9.01,14000.0,VCP
2017-12-18 07:00:00,13.57,13.87,12.87,12.97,11208.0,VCP
2018-07-16 07:00:00,,16.91,14.5,15.57,23000.0,VCP
2018-07-31 07:00:00,16.44,16.74,16.44,16.68,6800.0,VCP
2018-10-31 07:00:00,19.2,19.86,19.2,19.86,13460.0,VCP
2019-04-01 07:00:00,23.29,,23.29,,,VCP
2019-11-29 07:00:00,35.29,,35.29,,12498.0,VCP
2020-10-13 07:00:00,31.91,,31.84,31.91,92112.0,VCP
2020-10-26 07:00:00,,,31.18,31.84,73946.0,VCP
2021-07-26 07:00:00,29.02,29.02,29.02,29.02,,VCP
2021-09-30 07:00:00,28.75,,27.17,27.17,,VCP
2022-05-04 07:00:00,,24.93,24.44,24.44,6501.0,VCP
2022-12-26 07:00:00,21.51,22.19,,21.02,,VCP
2023-02-07 07:00:00,23.85,23.85,,,100.0,VCP
2024-06-27 07:00:00,24.64,24.64,23.85,24.05,225125.0,VCP
2025-04-16 07:00:00,,25.32,,24.93,40920.0,VCP
2026-03-20 07:00:00,23.6,,23.6,23.8,,VCP
2026-04-02 07:00:00,24.2,,24.1,24.3,6200.0,VCP
2015-12-31 07:00:00,,3.35,3.13,3.35,,VDS
2016-05-05 07:00:00,3.02,,3.02,,,VDS
2016-10-25 07:00:00,2.61,,,2.79,2200.0,VDS
2017-03-21 07:00:00,2.98,,,2.94,,VDS
2017-04-19 07:00:00,3.76,3.84,3.72,3.8,,VDS
2017-08-10 07:00:00,4.55,4.55,4.43,,8910.0,VDS
2017-08-17 07:00:00,,4.24,,4.24,,VDS
2017-08-31 07:00:00,4.0,4.0,4.0,4.0,5200.0,VDS
2018-07-16 07:00:00,3.43,3.45,,3.44,,VDS
2018-10-22 07:00:00,4.34,,4.31,4.31,,VDS
2019-08-30 07:00:00,,3.86,,3.81,29630.0,VDS
2021-03-22 07:00:00,8.0,8.03,7.8,7.85,,VDS
2021-12-02 07:00:00,20.0,20.21,19.68,19.68,523400.0,VDS
2022-02-28 07:00:00,22.34,,21.86,21.86,598600.0,VDS
2022-10-14 07:00:00,7.5,,,7.5,111900.0,VDS
2023-01-06 07:00:00,,,,6.04,227100.0,VDS
2023-05-16 07:00:00,,,,,,VDS
2023-08-30 07:00:00,,,13.7,,1519500.0,VDS
2024-10-15 07:00:00,,,19.18,19.27,1594600.0,VDS
2024-10-29 07:00:00,18.49,18.49,18.13,18.22,,VDS
2024-10-30 07:00:00,18.13,,17.9,18.04,949600.0,VDS
2024-11-06 07:00:00,17.9,,,18.31,,VDS
2024-11-28 07:00:00,16.36,16.63,16.36,,,VDS
2025-10-28 07:00:00,,,18.55,19.5,1367200.0,VDS
2025-12-04 07:00:00,,18.95,18.45,18.7,,VDS
2026-02-26 07:00:00,18.35,,18.1,18.4,745100.0,VDS
2016-01-26 07:00:00,,,7.21,7.45,,VE8
2016-02-17 07:00:00,9.42,8.31,,8.31,,VE8
2017-11-28 07:00:00,10.4,,10.4,11.0,1700.0,VE8
2021-01-11 07:00:00,4.8,4.8,4.8,,10.0,VE8
2021-01-27 07:00:00,,8.6,8.6,8.6,3700.0,VE8
2021-06-10 07:00:00,7.5,,,7.5,600.0,VE8
2021-09-14 07:00:00,,,7.4,8.1,6500.0,VE8
2022-02-24 07:00:00,9.2,9.3,9.0,,1400.0,VE8
2025-04-22 07:00:00,3.1,3.1,,,27000.0,VE8
2015-10-05 07:00:00,,5.31,,4.77,68880.0,VE9
2015-11-19 07:00:00,4.26,,3.57,3.57,,VE9
2016-01-13 07:00:00,,3.43,3.43,3.43,,VE9
2016-03-23 07:00:00,,3.34,,3.34,13100.0,VE9
2016-10-07 07:00:00,4.17,4.17,4.17,,100.0,VE9
2017-10-10 07:00:00,4.98,,,4.98,117270.0,VE9
2017-10-13 07:00:00,,,,,,VE9
2018-03-06 07:00:00,6.37,6.92,,6.92,1200202.0,VE9
2018-03-23 07:00:00,6.65,,6.28,6.46,,VE9
2018-11-09 07:00:00,3.05,3.23,3.05,3.23,17560.0,VE9
2018-12-11 07:00:00,2.86,2.95,,2.86,33800.0,VE9
2019-01-02 07:00:00,,2.58,2.49,,29700.0,VE9
2019-02-26 07:00:00,,2.58,2.4,2.4,50300.0,VE9
2019-04-12 07:00:00,2.58,2.58,2.58,,7015.0,VE9
2019-12-16 07:00:00,1.38,,,1.38,100.0,VE9
2020-02-20 07:00:00,1.38,1.38,1.29,,,VE9
2020-06-26 07:00:00,,,1.02,,185100.0,VE9
2020-08-27 07:00:00,,1.2,1.2,,,VE9
2021-02-01 07:00:00,1.8,1.8,,1.8,11700.0,VE9
2022-07-19 07:00:00,3.0,3.1,2.9,3.0,15500.0,VE9
2022-10-17 07:00:00,2.3,2.3,,2.2,10280.0,VE9
2022-11-08 07:00:00,1.8,1.8,1.7,,5808.0,VE9
2023-01-16 07:00:00,,1.7,,1.7,,VE9
2023-02-07 07:00:00,,,,1.8,3400.0,VE9
2023-02-13 07:00:00,1.7,1.8,1.6,1.8,10900.0,VE9
2025-05-27 07:00:00,1.9,,1.9,2.0,5300.0,VE9
2025-08-21 07:00:00,4.5,4.5,,4.5,27100.0,VE9
2016-09-05 07:00:00,47.64,52.15,47.11,52.15,65030.0,VEF
2016-10-03 07:00:00,49.7,50.36,49.03,49.1,,VEF
2017-02-24 07:00:00,32.51,,30.52,,38425.0,VEF
2017-03-20 07:00:00,40.54,41.07,,,,VEF
2017-08-22 07:00:00,,,,35.56,,VEF
2017-12-21 07:00:00,41.71,41.71,41.44,,,VEF
2018-01-09 07:00:00,39.44,39.44,38.5,38.9,20800.0,VEF
2018-02-01 07:00:00,35.96,35.96,35.96,,800.0,VEF
2018-02-06 07:00:00,33.49,,,,,VEF
2018-11-13 07:00:00,42.71,,,43.18,,VEF
2019-01-10 07:00:00,53.82,53.89,53.55,53.55,14700.0,VEF
2019-11-13 07:00:00,,,80.66,,,VEF
2020-06-30 07:00:00,76.98,79.52,76.98,,15100.0,VEF
2020-11-20 07:00:00,,59.17,,,12800.0,VEF
2021-06-23 07:00:00,87.69,87.69,87.02,,5500.0,VEF
2022-02-08 07:00:00,125.78,131.8,125.17,127.18,7260.0,VEF
2022-10-03 07:00:00,66.94,,,62.92,4700.0,VEF
2023-05-24 07:00:00,,92.37,84.81,84.81,,VEF
2023-09-26 07:00:00,84.61,84.61,82.47,84.54,16410.0,VEF
2024-03-20 07:00:00,123.84,123.84,,121.83,,VEF
2025-05-14 07:00:00,160.65,161.92,155.63,156.37,,VEF
2025-11-11 07:00:00,129.7,,128.5,129.5,,VEF
2015-11-06 07:00:00,1.02,1.02,,,500.0,VES
2016-06-16 07:00:00,1.16,1.16,,,7400.0,VES
2016-08-02 07:00:00,1.09,1.09,1.0,1.0,17110.0,VES
2017-07-25 07:00:00,1.1,1.1,1.1,,8301.0,VES
2017-12-01 07:00:00,1.1,1.1,1.1,1.1,1.0,VES
2025-04-04 07:00:00,6.4,6.4,6.4,6.4,226.0,VES
2026-01-30 07:00:00,28.4,28.4,28.4,28.4,5800.0,VES
2018-07-19 07:00:00,36.65,36.65,36.65,36.65,200.0,VET
2018-08-23 07:00:00,,35.18,35.18,35.18,100.0,VET
2018-10-03 07:00:00,,49.64,49.64,49.64,100.0,VET
2021-11-16 07:00:00,,,64.2,,,VET
2022-03-09 07:00:00,72.99,,72.99,,,VET
2022-05-05 07:00:00,77.84,77.84,77.29,77.29,,VET
2023-06-26 07:00:00,,,,34.82,1800.0,VET
2023-08-24 07:00:00,,,45.44,,103.0,VET
2024-02-29 07:00:00,,,29.6,,2200.0,VET
2024-06-20 07:00:00,23.2,23.3,,,1100.0,VET
2024-06-27 07:00:00,28.5,,,,,VET
2024-07-05 07:00:00,,27.1,27.0,27.1,3112.0,VET
2024-10-30 07:00:00,,18.1,17.7,18.0,1008.0,VET
2025-07-15 07:00:00,,17.3,17.3,17.3,400.0,VET
2025-11-10 07:00:00,16.5,16.5,16.5,16.5,100.0,VET
2026-04-08 07:00:00,15.5,,,15.4,4000.0,VET
2021-10-15 07:00:00,15.38,,,15.38,100.0,VFC
2021-10-20 07:00:00,15.47,,15.47,,300.0,VFC
2021-10-21 07:00:00,,16.82,16.34,,900.0,VFC
2022-05-27 07:00:00,,30.56,,30.56,100.0,VFC
2016-08-12 07:00:00,20.83,20.83,20.18,20.44,,VFG
2016-11-14 07:00:00,,,21.22,22.01,,VFG
2017-06-28 07:00:00,,18.06,17.33,,4870.0,VFG
2017-07-05 07:00:00,18.51,18.51,,,620.0,VFG
2017-07-25 07:00:00,18.2,18.2,,17.57,20510.0,VFG
2018-05-11 07:00:00,17.15,,,17.15,60.0,VFG
2018-10-15 07:00:00,,,,,2810.0,VFG
2018-12-17 07:00:00,18.66,19.29,18.66,19.29,,VFG
2019-03-05 07:00:00,17.84,18.09,17.84,18.09,120.0,VFG
2019-12-12 07:00:00,20.01,22.4,,21.88,,VFG
2021-04-26 07:00:00,,31.92,28.83,31.92,1899.0,VFG
2021-05-13 07:00:00,,35.24,,,13504.0,VFG
2023-03-14 07:00:00,,29.99,27.35,29.99,200.0,VFG
2025-04-11 07:00:00,63.42,,,61.85,33200.0,VFG
2018-08-29 07:00:00,,7.61,7.45,7.61,,VGV
2020-05-25 07:00:00,8.43,,,7.52,300.0,VGV
2020-07-02 07:00:00,7.85,7.85,7.85,7.85,,VGV
2020-12-24 07:00:00,8.0,8.0,8.0,8.0,,VGV
2021-02-24 07:00:00,9.48,9.48,,8.78,,VGV
2021-03-12 07:00:00,9.3,9.39,9.3,,3000.0,VGV
2021-09-14 07:00:00,9.04,9.04,8.86,8.86,3500.0,VGV
2023-01-19 07:00:00,13.19,,13.19,13.66,,VGV
2023-03-22 07:00:00,,,,14.41,,VGV
2023-04-04 07:00:00,,14.69,,14.69,107300.0,VGV
2023-08-08 07:00:00,,22.6,20.72,,71301.0,VGV
2023-10-10 07:00:00,28.56,28.56,26.27,26.75,,VGV
2023-12-22 07:00:00,28.56,28.94,27.89,28.66,,VGV
2024-01-09 07:00:00,27.32,,,28.56,1800.0,VGV
2024-04-05 07:00:00,,28.47,27.22,,2400.0,VGV
2026-02-02 07:00:00,40.0,,40.0,40.0,,VGV
2016-09-30 07:00:00,18.84,18.84,18.22,,,VHC
2016-12-20 07:00:00,17.16,17.45,17.04,17.32,277240.0,VHC
2018-04-24 07:00:00,22.37,,22.17,22.53,804610.0,VHC
2018-05-30 07:00:00,16.87,16.94,,16.74,238730.0,VHC
2018-10-16 07:00:00,,29.67,28.52,29.6,100660.0,VHC
2018-12-19 07:00:00,,30.87,,28.82,,VHC
2019-01-18 07:00:00,31.21,31.61,31.21,31.47,,VHC
2019-08-27 07:00:00,,27.78,27.23,27.57,250950.0,VHC
2019-10-02 07:00:00,28.67,,28.29,28.43,160460.0,VHC
2019-10-04 07:00:00,28.46,,,27.95,159180.0,VHC
2020-03-16 07:00:00,,17.01,15.77,,389170.0,VHC
2021-08-09 07:00:00,29.79,,29.64,30.5,1789300.0,VHC
2021-10-06 07:00:00,,39.55,38.76,39.33,637300.0,VHC
2021-10-13 07:00:00,41.13,41.56,40.62,41.34,,VHC
2022-03-02 07:00:00,57.71,61.7,57.41,59.92,,VHC
2022-04-19 07:00:00,78.27,78.42,75.24,75.46,,VHC
2022-12-30 07:00:00,52.03,,51.72,,565900.0,VHC
2023-06-21 07:00:00,,46.94,46.33,46.64,481800.0,VHC
2023-11-28 07:00:00,,51.95,50.66,51.88,471400.0,VHC
2025-03-10 07:00:00,68.61,,67.07,,1730200.0,VHC
2025-07-21 07:00:00,,,54.99,,984900.0,VHC
2015-11-13 07:00:00,15.31,15.36,15.36,15.36,7.0,VHL
2016-05-04 07:00:00,19.28,19.35,19.35,19.35,1500.0,VHL
2017-06-02 07:00:00,29.15,29.15,,29.15,11220.0,VHL
2018-02-21 07:00:00,38.56,38.56,32.66,35.98,2381.0,VHL
2019-03-12 07:00:00,,23.69,21.54,23.69,5000.0,VHL
2021-01-15 07:00:00,23.25,23.25,23.25,23.25,7900.0,VHL
2021-11-11 07:00:00,24.23,24.23,24.05,,200.0,VHL
2022-03-16 07:00:00,22.93,22.93,,,100.0,VHL
2022-04-08 07:00:00,22.83,,22.65,24.23,116227.0,VHL
2023-04-14 07:00:00,,,,21.8,,VHL
2023-07-05 07:00:00,19.2,19.2,19.2,19.2,,VHL
2024-10-31 07:00:00,11.0,11.0,11.0,11.0,100.0,VHL
2025-07-04 07:00:00,11.0,11.0,11.0,,,VHL
2025-09-26 07:00:00,11.0,11.0,,11.0,100.0,VHL
2026-01-28 07:00:00,10.5,10.5,,10.5,,VHL
2026-03-04 07:00:00,11.2,11.2,,,,VHL
2018-06-20 07:00:00,,67.63,,67.04,613980.0,VHM
2018-11-14 07:00:00,,,54.64,55.23,,VHM
2018-12-28 07:00:00,,54.28,53.48,,399190.0,VHM
2019-03-27 07:00:00,66.3,,,,389620.0,VHM
2019-09-06 07:00:00,,65.62,64.89,65.48,243750.0,VHM
2020-03-16 07:00:00,52.35,52.94,49.77,,968810.0,VHM
2021-03-08 07:00:00,73.51,,,,3046500.0,VHM
2022-01-19 07:00:00,74.82,76.08,74.82,75.4,3344400.0,VHM
2022-03-17 07:00:00,,73.65,71.8,,2869600.0,VHM
2022-08-10 07:00:00,61.0,,60.8,,,VHM
2024-11-12 07:00:00,,41.35,40.3,40.3,16217500.0,VHM
2024-12-31 07:00:00,,40.5,40.0,,,VHM
2025-10-16 07:00:00,123.8,123.8,,,9475900.0,VHM
2026-03-13 07:00:00,94.5,98.0,93.9,98.0,3989100.0,VHM
2017-11-22 07:00:00,10.0,,9.0,9.0,,VIE
2021-12-22 07:00:00,,,7.1,7.6,2300.0,VIE
2023-01-12 07:00:00,4.2,4.2,,4.2,100.0,VIE
2023-05-19 07:00:00,3.1,3.7,,3.7,301.0,VIE
2023-06-08 07:00:00,3.5,,3.5,4.5,200.0,VIE
2023-07-12 07:00:00,6.3,6.3,,6.3,5800.0,VIE
2023-08-04 07:00:00,,5.6,,5.6,5.0,VIE
2023-12-14 07:00:00,7.9,7.9,7.9,7.9,,VIE
2025-02-13 07:00:00,4.3,4.3,4.3,,1.0,VIE
2017-02-07 07:00:00,,7.58,7.42,7.42,,VIF
2017-11-09 07:00:00,8.19,8.79,,,10100.0,VIF
2017-12-07 07:00:00,,8.37,8.37,,,VIF
2018-02-07 07:00:00,11.02,11.08,,11.08,,VIF
2020-05-21 07:00:00,12.37,12.37,,,1000.0,VIF
2020-10-15 07:00:00,13.36,,13.36,,2200.0,VIF
2021-07-15 07:00:00,12.69,,12.69,,500.0,VIF
2021-12-30 07:00:00,17.06,,17.06,17.15,,VIF
2022-03-22 07:00:00,16.48,17.57,16.48,17.32,,VIF
2022-04-12 07:00:00,17.32,17.4,,17.4,,VIF
2022-07-22 07:00:00,15.06,15.06,,15.06,,VIF
2023-07-07 07:00:00,13.62,13.8,,13.8,2100.0,VIF
2023-09-27 07:00:00,17.48,17.48,,,2601.0,VIF
2023-10-30 07:00:00,15.83,,15.83,,500.0,VIF
2024-05-09 07:00:00,15.09,,15.09,15.46,,VIF
2024-07-18 07:00:00,16.4,17.85,,17.56,9800.0,VIF
2024-08-21 07:00:00,16.79,17.27,,17.27,,VIF
2024-11-19 07:00:00,16.69,16.69,16.69,16.69,7000.0,VIF
2025-01-02 07:00:00,16.59,,,15.92,5100.0,VIF
2025-05-06 07:00:00,16.11,,16.01,16.01,7500.0,VIF
2025-12-09 07:00:00,,16.1,,16.1,,VIF
2026-02-04 07:00:00,15.8,,,16.0,11200.0,VIF
2015-11-02 07:00:00,,,3.3,3.4,,VIG
2016-05-23 07:00:00,,3.2,3.0,,,VIG
2016-10-03 07:00:00,1.7,1.7,,1.6,114800.0,VIG
2017-02-03 07:00:00,,1.4,1.3,,50400.0,VIG
2017-03-09 07:00:00,,1.5,1.4,1.4,219600.0,VIG
2017-10-17 07:00:00,1.8,,,,,VIG
2017-12-08 07:00:00,,3.4,,,,VIG
2018-03-19 07:00:00,3.2,3.2,3.1,3.1,81400.0,VIG
2018-05-07 07:00:00,,2.9,2.9,,,VIG
2019-08-13 07:00:00,1.0,1.1,1.0,1.1,,VIG
2019-10-18 07:00:00,1.1,1.1,1.0,1.1,260600.0,VIG
2021-11-30 07:00:00,15.9,16.3,15.6,,,VIG
2022-01-21 07:00:00,14.0,14.2,13.3,13.6,814906.0,VIG
2023-06-29 07:00:00,,8.0,,7.8,,VIG
2023-10-30 07:00:00,6.6,,6.3,6.3,212350.0,VIG
2024-02-21 07:00:00,,7.7,7.6,7.6,177680.0,VIG
2025-03-27 07:00:00,7.6,7.6,,7.5,,VIG
2025-07-11 07:00:00,6.7,7.0,,,1355800.0,VIG
2025-09-22 07:00:00,,,6.9,7.0,,VIG
2025-12-09 07:00:00,5.8,5.8,5.7,5.7,81500.0,VIG
2026-02-25 07:00:00,5.5,,5.4,,,VIG
2026-03-23 07:00:00,,4.6,,,,VIG
2026-04-10 07:00:00,4.9,,,,70800.0,VIG
2026-04-14 07:00:00,4.8,4.8,4.7,4.8,62500.0,VIG
2018-03-01 07:00:00,,7.55,,,,VIN
2020-08-12 07:00:00,,9.61,9.61,,1000.0,VIN
2021-08-17 07:00:00,11.86,,11.39,11.47,40100.0,VIN
2021-10-12 07:00:00,,14.33,14.25,14.33,1700.0,VIN
2021-12-07 07:00:00,,15.05,,14.33,1700.0,VIN
2022-02-15 07:00:00,14.57,,14.57,14.89,1000.0,VIN
2022-04-06 07:00:00,23.89,23.89,23.89,23.89,,VIN
2022-06-02 07:00:00,,36.63,,36.63,100.0,VIN
2017-04-28 07:00:00,73.86,,,72.89,225640.0,VJC
2018-05-28 07:00:00,124.72,,,120.97,361800.0,VJC
2018-07-02 07:00:00,,,135.3,135.89,254710.0,VJC
2018-10-10 07:00:00,141.95,143.74,141.95,143.74,748570.0,VJC
2018-10-31 07:00:00,125.89,,,132.54,1064990.0,VJC
2018-11-19 07:00:00,127.08,,126.79,127.28,501830.0,VJC
2019-01-03 07:00:00,115.98,116.48,114.0,,579590.0,VJC
2019-01-16 07:00:00,,116.28,114.0,114.99,,VJC
2019-05-29 07:00:00,124.5,124.5,122.8,123.5,443520.0,VJC
2019-11-29 07:00:00,144.6,145.1,144.6,,,VJC
2020-05-28 07:00:00,,114.2,,,436060.0,VJC
2020-05-29 07:00:00,,113.3,,113.0,449840.0,VJC
2020-06-23 07:00:00,108.5,111.0,108.2,,277520.0,VJC
2021-02-02 07:00:00,125.3,129.8,,129.7,606400.0,VJC
2021-03-03 07:00:00,,,135.5,137.2,704400.0,VJC
2021-07-05 07:00:00,,121.0,117.8,118.3,480300.0,VJC
2021-08-19 07:00:00,118.0,120.0,,120.0,1395400.0,VJC
2021-10-05 07:00:00,131.4,131.7,129.2,130.8,813900.0,VJC
2021-11-12 07:00:00,,128.9,127.5,,,VJC
2022-01-05 07:00:00,125.8,,123.0,123.0,,VJC
2022-06-20 07:00:00,,127.2,,127.0,759500.0,VJC
2022-07-08 07:00:00,129.3,129.3,127.0,127.8,450200.0,VJC
2022-08-16 07:00:00,124.2,124.3,123.3,,676900.0,VJC
2023-08-15 07:00:00,100.5,,,101.9,823200.0,VJC
2024-09-12 07:00:00,105.5,105.7,104.8,105.3,,VJC
2024-10-24 07:00:00,104.5,104.5,,,771400.0,VJC
2025-05-13 07:00:00,91.5,,,90.5,,VJC
2025-07-23 07:00:00,108.0,108.8,107.5,108.8,,VJC
2025-11-27 07:00:00,207.0,,193.3,202.0,,VJC
2016-08-08 07:00:00,13.26,13.45,13.17,13.45,9800.0,VKC
2017-12-26 07:00:00,,7.1,,,42000.0,VKC
2018-02-02 07:00:00,7.5,,7.5,7.5,259900.0,VKC
2018-08-24 07:00:00,5.7,5.7,5.7,5.7,3510.0,VKC
2019-08-30 07:00:00,3.7,3.7,3.7,,3300.0,VKC
2020-06-18 07:00:00,4.4,4.9,,4.9,,VKC
2020-12-15 07:00:00,,4.2,4.1,,13246.0,VKC
2021-05-24 07:00:00,,8.5,8.2,8.4,147800.0,VKC
2022-08-11 07:00:00,,5.8,5.1,,1311000.0,VKC
2022-12-07 07:00:00,2.0,,1.8,1.8,355500.0,VKC
2024-05-31 07:00:00,,,1.4,,551600.0,VKC
2016-01-12 07:00:00,,,0.94,0.94,600.0,VKP
2016-02-18 07:00:00,0.77,0.77,0.77,0.77,,VKP
2016-02-19 07:00:00,0.77,,,,,VKP
2016-07-15 07:00:00,0.4,,0.4,0.5,1100.0,VKP
2020-01-10 07:00:00,20.82,20.82,20.76,,,VLB
2020-02-10 07:00:00,22.31,,22.31,,,VLB
2021-03-18 07:00:00,,33.33,,31.68,70800.0,VLB
2021-04-09 07:00:00,,,31.25,31.61,12400.0,VLB
2021-09-15 07:00:00,35.05,36.61,35.05,35.52,32500.0,VLB
2022-05-06 07:00:00,30.07,30.07,,,53300.0,VLB
2022-07-29 07:00:00,27.34,27.65,27.26,27.65,,VLB
2023-01-19 07:00:00,22.12,23.36,22.12,23.03,97600.0,VLB
2023-03-02 07:00:00,26.16,26.16,25.34,,,VLB
2023-05-30 07:00:00,24.02,24.1,,,164500.0,VLB
2023-10-04 07:00:00,29.3,30.46,29.14,30.37,69197.0,VLB
2024-03-01 07:00:00,,,29.78,30.04,81718.0,VLB
2024-04-11 07:00:00,28.42,28.51,28.34,,17347.0,VLB
2024-11-19 07:00:00,,34.43,,,68701.0,VLB
2026-03-05 07:00:00,49.6,,48.3,,,VLB
2016-05-09 07:00:00,,,,12.9,468900.0,VLC
2016-12-09 07:00:00,,13.83,12.47,13.47,920225.0,VLC
2017-07-21 07:00:00,12.23,12.53,12.23,12.3,38000.0,VLC
2018-12-19 07:00:00,,14.77,12.96,14.77,900.0,VLC
2020-02-03 07:00:00,13.37,,,13.37,1000.0,VLC
2020-05-26 07:00:00,23.11,24.1,,,68480.0,VLC
2020-07-24 07:00:00,22.52,,19.65,21.42,,VLC
2021-03-19 07:00:00,32.47,34.41,32.39,,90020.0,VLC
2021-08-09 07:00:00,,26.99,,26.48,25800.0,VLC
2022-07-08 07:00:00,16.93,,16.41,16.67,73938.0,VLC
2022-11-07 07:00:00,14.35,,,,,VLC
2023-07-31 07:00:00,16.46,,,16.66,257584.0,VLC
2024-10-24 07:00:00,17.2,17.3,17.1,17.1,135900.0,VLC
2025-01-13 07:00:00,16.7,,,,119508.0,VLC
2025-02-07 07:00:00,17.1,17.4,,17.4,284942.0,VLC
2025-12-29 07:00:00,13.8,,13.8,13.8,,VLC
2016-05-25 07:00:00,,2.78,2.78,2.78,726.0,VMA
2015-12-28 07:00:00,15.6,15.65,,15.35,,VMD
2016-01-04 07:00:00,15.05,15.05,14.65,,,VMD
2016-04-06 07:00:00,16.44,16.44,15.35,15.35,255040.0,VMD
2016-07-14 07:00:00,,,18.22,,22700.0,VMD
2016-09-21 07:00:00,15.35,15.35,,15.35,100.0,VMD
2017-05-29 07:00:00,14.99,16.3,14.99,,540.0,VMD
2018-07-09 07:00:00,9.89,10.57,,10.57,2110.0,VMD
2018-09-05 07:00:00,,9.5,,9.5,,VMD
2020-09-07 07:00:00,13.89,13.96,13.89,13.96,90.0,VMD
2020-09-08 07:00:00,,,13.96,13.96,,VMD
2021-02-03 07:00:00,15.56,15.56,14.69,,3200.0,VMD
2021-05-10 07:00:00,,16.57,16.57,16.57,800.0,VMD
2021-07-12 07:00:00,18.77,,18.47,18.47,4000.0,VMD
2022-01-12 07:00:00,24.78,24.78,,,34200.0,VMD
2022-05-04 07:00:00,19.35,19.35,,19.24,,VMD
2022-06-01 07:00:00,20.04,20.43,19.43,19.43,16500.0,VMD
2022-11-01 07:00:00,15.62,15.62,14.74,14.89,2800.0,VMD
2022-11-28 07:00:00,13.81,14.46,,14.46,11700.0,VMD
2022-12-21 07:00:00,,16.46,,16.46,3100.0,VMD
2023-03-15 07:00:00,,16.87,15.89,,25800.0,VMD
2023-05-25 07:00:00,19.96,20.62,19.96,20.45,3200.0,VMD
2023-07-21 07:00:00,18.5,18.5,18.33,,28600.0,VMD
2024-03-06 07:00:00,15.34,,15.34,15.43,,VMD
2024-04-03 07:00:00,,,,,1100.0,VMD
2024-09-23 07:00:00,16.15,16.37,,16.37,1900.0,VMD
2025-01-16 07:00:00,,16.65,16.4,16.55,500.0,VMD
2025-06-17 07:00:00,16.8,16.8,16.7,,,VMD
2026-02-10 07:00:00,,15.65,15.6,,1200.0,VMD
2017-12-25 07:00:00,,,,2.13,,VMG
2019-01-21 07:00:00,2.5,2.5,2.5,2.5,,VMG
2019-09-19 07:00:00,2.8,2.8,2.8,,500.0,VMG
2019-11-22 07:00:00,2.5,2.5,2.5,,,VMG
2020-10-19 07:00:00,,,,,,VMG
2020-11-18 07:00:00,,,,,100.0,VMG
2020-12-01 07:00:00,,4.5,3.6,,,VMG
2021-09-08 07:00:00,,,,,,VMG
2022-04-22 07:00:00,,,,,27300.0,VMG
2022-07-26 07:00:00,,5.5,4.9,5.5,3000.0,VMG
2023-06-09 07:00:00,,4.2,4.2,,700.0,VMG
2023-06-15 07:00:00,4.2,4.6,3.7,,28600.0,VMG
2023-11-17 07:00:00,3.3,3.3,3.3,,200.0,VMG
2024-01-09 07:00:00,3.2,,3.2,3.2,100.0,VMG
2024-08-12 07:00:00,3.8,,3.8,4.2,6700.0,VMG
2024-08-28 07:00:00,5.0,5.1,,,1400.0,VMG
2025-08-22 07:00:00,,5.0,4.5,4.7,58200.0,VMG
2026-02-13 07:00:00,2.7,2.9,2.7,2.9,,VMG
2016-02-24 07:00:00,11.03,11.5,,,,VNG
2016-09-21 07:00:00,11.87,,11.69,11.97,,VNG
2017-05-16 07:00:00,10.44,10.93,10.35,10.74,148380.0,VNG
2017-06-19 07:00:00,11.71,11.71,11.32,11.52,104370.0,VNG
2017-10-23 07:00:00,13.47,,13.18,,72500.0,VNG
2018-01-12 07:00:00,17.08,17.18,,17.08,,VNG
2018-01-22 07:00:00,16.64,,16.59,,,VNG
2018-05-15 07:00:00,14.15,,14.06,14.25,,VNG
2018-07-24 07:00:00,15.13,15.52,15.13,15.37,,VNG
2018-08-29 07:00:00,17.57,,16.93,17.18,,VNG
2018-09-19 07:00:00,17.57,17.96,,17.96,,VNG
2019-11-28 07:00:00,20.8,20.9,20.65,,,VNG
2020-10-28 07:00:00,15.05,15.05,14.9,15.0,174750.0,VNG
2021-03-23 07:00:00,,,,,378100.0,VNG
2022-01-24 07:00:00,13.3,13.3,12.9,13.05,76100.0,VNG
2022-04-01 07:00:00,16.6,16.65,,,184500.0,VNG
2022-04-14 07:00:00,,16.7,16.3,16.5,,VNG
2022-08-10 07:00:00,,12.0,,11.95,,VNG
2023-02-28 07:00:00,,,8.6,8.79,2500.0,VNG
2024-05-24 07:00:00,,8.8,8.33,8.34,8200.0,VNG
2025-02-25 07:00:00,,8.09,7.92,8.09,6800.0,VNG
2025-06-13 07:00:00,,,7.72,7.85,4900.0,VNG
2025-07-22 07:00:00,7.74,,7.73,7.78,17300.0,VNG
2025-11-11 07:00:00,,,,7.24,,VNG
2025-12-15 07:00:00,6.85,7.6,6.85,7.6,,VNG
2026-04-07 07:00:00,6.9,,6.75,,700.0,VNG
2016-11-14 07:00:00,1.1,,,1.2,920.0,VNH
2017-08-03 07:00:00,1.24,1.24,1.24,1.24,30600.0,VNH
2017-09-11 07:00:00,1.24,,,,2000.0,VNH
2017-11-16 07:00:00,1.02,1.02,0.88,,129510.0,VNH
2018-02-28 07:00:00,,1.0,,0.9,,VNH
2019-05-31 07:00:00,0.7,,0.7,0.7,1400.0,VNH
2020-07-02 07:00:00,,,,1.0,11000.0,VNH
2020-10-20 07:00:00,,1.1,,1.1,,VNH
2022-04-06 07:00:00,,7.3,7.0,7.2,172500.0,VNH
2022-12-08 07:00:00,,2.7,2.5,2.5,22900.0,VNH
2023-04-25 07:00:00,,1.9,1.8,1.8,,VNH
2016-06-07 07:00:00,3.87,3.87,3.87,3.87,900.0,VNI
2017-07-05 07:00:00,,9.1,9.1,9.1,400.0,VNI
2018-01-17 07:00:00,7.15,7.15,7.15,7.15,120.0,VNI
2018-01-29 07:00:00,,7.2,,,5500.0,VNI
2018-05-30 07:00:00,8.0,8.0,,8.0,100.0,VNI
2018-12-05 07:00:00,8.1,10.3,8.1,,,VNI
2019-03-13 07:00:00,,10.0,,10.0,20.0,VNI
2019-04-25 07:00:00,10.0,10.0,10.0,10.0,450.0,VNI
2019-10-18 07:00:00,,9.1,,9.1,100.0,VNI
2021-11-19 07:00:00,11.9,,11.9,14.0,,VNI
2023-08-04 07:00:00,9.0,,7.1,,270.0,VNI
2024-12-18 07:00:00,12.8,12.8,,12.8,,VNI
2025-01-06 07:00:00,11.6,11.6,11.6,,4.0,VNI
2025-01-17 07:00:00,,18.0,,18.0,1242.0,VNI
2025-08-11 07:00:00,,9.3,9.1,9.3,7000.0,VNI
2016-07-28 07:00:00,,8.03,7.02,8.03,20.0,VNL
2016-11-03 07:00:00,,7.71,7.4,,20.0,VNL
2017-05-26 07:00:00,6.57,6.76,,6.76,1510.0,VNL
2018-02-23 07:00:00,5.82,,5.82,,110.0,VNL
2019-02-19 07:00:00,5.48,5.48,5.48,5.48,20.0,VNL
2019-05-17 07:00:00,5.63,6.12,5.63,6.12,70.0,VNL
2019-06-17 07:00:00,5.94,5.94,5.94,5.94,20.0,VNL
2019-08-16 07:00:00,5.82,,,,2020.0,VNL
2019-10-14 07:00:00,,5.52,,4.88,210.0,VNL
2020-05-29 07:00:00,6.05,,6.05,6.05,3170.0,VNL
2020-12-25 07:00:00,,7.57,,7.28,,VNL
2021-01-19 07:00:00,8.09,8.67,8.06,8.67,93600.0,VNL
2021-07-15 07:00:00,8.14,8.14,8.14,8.14,,VNL
2021-11-17 07:00:00,14.36,,,14.08,102500.0,VNL
2022-03-23 07:00:00,,12.54,12.09,12.35,,VNL
2022-04-05 07:00:00,,,12.74,12.78,32900.0,VNL
2022-08-22 07:00:00,11.55,,10.84,11.06,18300.0,VNL
2022-09-19 07:00:00,11.55,11.55,,11.43,37100.0,VNL
2022-11-09 07:00:00,,,9.89,,1600.0,VNL
2023-03-22 07:00:00,,10.42,,10.26,,VNL
2023-04-28 07:00:00,,11.5,10.47,10.76,2500.0,VNL
2023-06-02 07:00:00,11.58,11.58,,,19500.0,VNL
2023-12-20 07:00:00,11.53,11.53,11.53,11.53,300.0,VNL
2024-02-06 07:00:00,11.9,11.9,11.9,,,VNL
2024-05-29 07:00:00,,12.58,12.41,12.54,11000.0,VNL
2025-10-17 07:00:00,21.25,,21.16,21.16,5200.0,VNL
2025-11-14 07:00:00,22.12,22.12,22.02,22.02,6200.0,VNL
2015-09-29 07:00:00,1.75,1.75,,1.75,16000.0,VNP
2015-11-12 07:00:00,1.62,1.69,1.48,1.69,14400.0,VNP
2015-12-09 07:00:00,,2.97,2.97,2.97,400.0,VNP
2016-06-02 07:00:00,4.04,4.19,,,77235.0,VNP
2017-07-10 07:00:00,3.9,3.9,3.66,3.66,10500.0,VNP
2017-08-10 07:00:00,4.8,4.8,,4.55,154100.0,VNP
2017-08-28 07:00:00,4.31,,4.14,,55100.0,VNP
2017-10-05 07:00:00,,3.88,3.8,3.88,,VNP
2017-12-01 07:00:00,4.39,4.39,4.14,4.31,,VNP
2017-12-11 07:00:00,6.08,6.08,,5.57,152710.0,VNP
2018-09-17 07:00:00,,,,4.62,52400.0,VNP
2019-01-25 07:00:00,,4.7,4.7,4.7,,VNP
2019-04-02 07:00:00,4.44,,4.44,,800.0,VNP
2020-04-27 07:00:00,,3.91,,,17700.0,VNP
2020-11-16 07:00:00,5.59,5.59,5.41,5.5,51900.0,VNP
2021-04-19 07:00:00,8.52,9.68,8.52,9.68,803400.0,VNP
2022-06-07 07:00:00,,15.89,,15.71,2600.0,VNP
2022-09-19 07:00:00,14.82,15.09,,13.58,38320.0,VNP
2023-04-12 07:00:00,10.03,10.03,,9.5,,VNP
2023-06-12 07:00:00,12.69,,,12.96,1621.0,VNP
2023-09-18 07:00:00,11.36,11.36,,11.36,7300.0,VNP
2023-11-23 07:00:00,11.45,11.45,,,1500.0,VNP
2024-07-26 07:00:00,,10.56,10.47,10.56,2500.0,VNP
2024-09-24 07:00:00,,9.76,9.68,9.76,1100.0,VNP
2024-11-06 07:00:00,,9.41,9.41,9.41,600.0,VNP
2025-10-07 07:00:00,12.8,12.8,12.5,12.7,,VNP
2025-11-20 07:00:00,18.6,19.8,18.1,,260500.0,VNP
2025-12-16 07:00:00,,20.6,,20.2,138400.0,VNP
2016-07-08 07:00:00,8.56,,8.52,8.6,470100.0,VNR
2016-10-18 07:00:00,8.24,,8.24,8.44,,VNR
2017-03-28 07:00:00,9.4,9.8,,,11310.0,VNR
2017-04-26 07:00:00,,10.0,9.6,10.0,39200.0,VNR
2018-01-11 07:00:00,10.11,10.11,,10.06,34823.0,VNR
2018-01-17 07:00:00,9.89,9.89,9.75,9.8,,VNR
2018-08-10 07:00:00,9.97,9.97,9.97,9.97,10.0,VNR
2018-12-27 07:00:00,9.35,,9.3,10.14,490.0,VNR
2019-02-25 07:00:00,,9.26,,8.86,,VNR
2020-07-14 07:00:00,,9.42,9.42,9.42,100.0,VNR
2021-12-23 07:00:00,,,,20.11,108700.0,VNR
2022-01-26 07:00:00,16.91,,16.47,16.66,38800.0,VNR
2022-02-25 07:00:00,,19.67,19.11,19.36,37017.0,VNR
2022-05-11 07:00:00,16.03,16.03,14.71,,69700.0,VNR
2022-09-12 07:00:00,18.56,18.56,17.96,18.42,,VNR
2022-11-10 07:00:00,13.45,13.72,,13.72,,VNR
2022-12-14 07:00:00,,13.59,13.32,13.39,,VNR
2023-07-24 07:00:00,19.02,19.02,18.54,,,VNR
2023-11-10 07:00:00,18.17,18.17,17.79,18.09,,VNR
2025-08-08 07:00:00,20.8,21.1,,,27900.0,VNR
2025-08-14 07:00:00,21.8,22.4,21.7,21.8,51500.0,VNR
2026-03-10 07:00:00,,,20.4,20.7,9300.0,VNR
2026-04-03 07:00:00,20.6,20.8,,20.7,16600.0,VNR
2020-11-20 07:00:00,0.11,0.12,0.11,,500.0,VNX
2021-08-26 07:00:00,0.1,,,0.08,,VNX
2022-04-26 07:00:00,7.1,8.1,,7.1,2900.0,VNY
2022-06-21 07:00:00,5.1,5.1,5.0,5.0,,VNY
2022-07-18 07:00:00,5.2,,5.2,5.2,100.0,VNY
2022-08-11 07:00:00,5.3,5.3,5.2,,8800.0,VNY
2023-07-25 07:00:00,5.1,,,4.9,6600.0,VNY
2023-08-29 07:00:00,5.9,5.9,4.9,,600.0,VNY
2024-11-04 07:00:00,5.9,,5.9,5.9,,VNY
2015-12-08 07:00:00,,2.7,2.51,2.7,24580.0,VOS
2016-02-29 07:00:00,2.33,2.42,,2.42,196640.0,VOS
2016-08-15 07:00:00,1.58,,,1.58,,VOS
2017-02-16 07:00:00,1.05,,1.04,1.1,200000.0,VOS
2017-03-22 07:00:00,1.04,1.04,0.98,1.01,27120.0,VOS
2017-06-20 07:00:00,2.91,2.91,2.54,2.54,1067900.0,VOS
2017-07-11 07:00:00,1.96,1.96,,1.9,896460.0,VOS
2017-12-26 07:00:00,2.99,3.25,2.99,,,VOS
2018-10-09 07:00:00,,,1.68,1.68,166360.0,VOS
2018-10-29 07:00:00,1.54,,,1.49,33440.0,VOS
2018-11-21 07:00:00,1.44,1.49,1.44,1.47,29330.0,VOS
2018-11-23 07:00:00,,,,1.44,22950.0,VOS
2018-11-29 07:00:00,1.43,1.52,1.43,1.52,,VOS
2019-03-08 07:00:00,1.61,,,,45710.0,VOS
2019-06-14 07:00:00,,1.49,,1.49,,VOS
2019-08-05 07:00:00,,1.46,,,285740.0,VOS
2019-09-30 07:00:00,1.76,1.84,1.75,1.77,178230.0,VOS
2020-02-17 07:00:00,1.48,,,1.48,72670.0,VOS
2021-09-24 07:00:00,,,18.43,18.85,,VOS
2021-12-31 07:00:00,,,17.41,17.69,993900.0,VOS
2022-07-05 07:00:00,,16.85,,15.54,2980500.0,VOS
2022-10-14 07:00:00,,,,10.75,457300.0,VOS
2022-10-19 07:00:00,11.17,11.59,11.12,11.54,826800.0,VOS
2023-08-23 07:00:00,,,10.29,,,VOS
2023-10-27 07:00:00,9.05,9.22,,8.98,1844600.0,VOS
2023-12-15 07:00:00,,10.15,9.87,10.01,,VOS
2024-05-15 07:00:00,13.03,13.92,12.89,13.92,,VOS
2024-07-12 07:00:00,19.73,20.01,19.13,19.45,,VOS
2025-05-26 07:00:00,,13.78,,13.78,7114300.0,VOS
2016-06-08 07:00:00,7.4,7.4,7.4,,1300.0,VPA
2021-06-04 07:00:00,3.6,3.6,3.6,,1100.0,VPA
2021-08-04 07:00:00,3.7,,3.3,,6339.0,VPA
2021-08-31 07:00:00,,5.1,5.1,5.1,200.0,VPA
2021-11-19 07:00:00,8.5,8.5,,8.5,,VPA
2021-12-24 07:00:00,6.8,,6.5,6.7,,VPA
2021-12-30 07:00:00,,7.2,,,,VPA
2022-03-25 07:00:00,10.0,,,,7300.0,VPA
2022-04-14 07:00:00,8.1,8.2,,,3600.0,VPA
2023-01-04 07:00:00,,,3.0,3.1,,VPA
2023-01-11 07:00:00,3.0,,,,500.0,VPA
2023-10-27 07:00:00,,,3.3,3.3,,VPA
2018-02-12 07:00:00,,,5.22,5.32,128290.0,VPG
2019-03-14 07:00:00,,,6.67,6.79,,VPG
2019-06-05 07:00:00,6.56,,,6.21,,VPG
2019-09-12 07:00:00,7.59,,7.52,,164330.0,VPG
2019-10-09 07:00:00,7.8,,,7.83,,VPG
2020-05-15 07:00:00,9.58,9.63,9.49,,,VPG
2020-05-26 07:00:00,9.44,,,9.44,,VPG
2020-09-07 07:00:00,6.26,6.37,6.12,6.18,,VPG
2021-01-18 07:00:00,10.26,10.32,10.15,,955300.0,VPG
2021-01-21 07:00:00,10.07,10.64,9.96,10.62,693500.0,VPG
2021-02-02 07:00:00,,10.53,10.02,,467500.0,VPG
2021-03-18 07:00:00,12.63,13.34,,13.23,,VPG
2022-01-10 07:00:00,44.44,44.44,41.94,42.75,685800.0,VPG
2022-03-02 07:00:00,48.71,,,48.47,,VPG
2022-04-26 07:00:00,,49.92,47.42,49.84,1141400.0,VPG
2024-09-04 07:00:00,13.15,,12.8,13.5,882300.0,VPG
2024-11-15 07:00:00,,,11.95,,,VPG
2024-12-19 07:00:00,,12.05,11.75,11.95,519200.0,VPG
2025-08-11 07:00:00,10.2,10.5,9.81,9.95,2026300.0,VPG
2026-04-28 07:00:00,,,,3.49,,VPG
2016-03-16 07:00:00,,3.29,,3.25,,VPH
2016-06-20 07:00:00,3.62,,3.59,3.7,,VPH
2017-02-23 07:00:00,4.71,4.71,4.71,4.71,358580.0,VPH
2018-09-21 07:00:00,4.34,4.48,,,90030.0,VPH
2018-10-19 07:00:00,,4.34,4.23,,,VPH
2019-02-21 07:00:00,3.43,,3.36,3.4,31790.0,VPH
2019-04-16 07:00:00,4.22,,,4.13,,VPH
2019-08-05 07:00:00,4.08,4.09,3.96,,37760.0,VPH
2019-08-13 07:00:00,,3.83,,3.75,37260.0,VPH
2019-12-06 07:00:00,3.33,3.42,,3.42,31750.0,VPH
2020-01-02 07:00:00,,,,3.35,26320.0,VPH
2020-03-27 07:00:00,,2.9,2.77,2.87,22130.0,VPH
2020-06-19 07:00:00,,,3.71,3.79,,VPH
2020-07-16 07:00:00,3.65,3.65,3.45,,21240.0,VPH
2021-03-22 07:00:00,,4.61,4.57,,208800.0,VPH
2021-09-07 07:00:00,,,4.59,4.62,,VPH
2022-01-20 07:00:00,12.21,,,,1644400.0,VPH
2022-08-11 07:00:00,,,8.2,8.56,504700.0,VPH
2022-11-17 07:00:00,3.58,,3.58,,210800.0,VPH
2023-01-13 07:00:00,3.88,,3.78,,,VPH
2023-04-14 07:00:00,4.29,4.35,,,112900.0,VPH
2023-04-17 07:00:00,4.12,4.29,,4.24,71200.0,VPH
2024-04-17 07:00:00,6.55,6.55,6.22,6.22,119200.0,VPH
2024-09-23 07:00:00,8.31,8.33,8.15,,92200.0,VPH
2024-11-11 07:00:00,,7.4,6.93,7.2,431000.0,VPH
2025-01-23 07:00:00,6.6,6.6,6.41,6.59,,VPH
2025-03-14 07:00:00,,,6.44,6.5,,VPH
2025-11-24 07:00:00,,4.99,4.88,4.88,,VPH
2025-12-24 07:00:00,,,,4.55,49000.0,VPH
2026-03-25 07:00:00,3.6,3.84,3.6,3.79,,VPH
2026-04-08 07:00:00,,3.73,3.5,,60700.0,VPH
2017-07-14 07:00:00,4.79,,,,,VQC
2017-08-09 07:00:00,,5.93,,5.93,,VQC
2017-08-28 07:00:00,5.73,5.73,5.73,5.73,,VQC
2022-03-17 07:00:00,,17.59,17.59,17.59,100.0,VQC
2022-05-26 07:00:00,16.74,16.74,,16.74,100.0,VQC
2022-06-08 07:00:00,11.11,,,13.52,1000.0,VQC
2022-12-15 07:00:00,,17.3,16.5,,,VQC
2024-05-23 07:00:00,10.77,10.77,10.77,,100.0,VQC
2024-08-16 07:00:00,,12.81,12.81,,,VQC
2024-09-20 07:00:00,10.68,,10.68,11.89,200.0,VQC
2019-11-11 07:00:00,34.8,,34.6,34.7,2275720.0,VRE
2019-11-20 07:00:00,35.3,,34.7,,,VRE
2020-03-24 07:00:00,17.7,18.0,,17.7,6890560.0,VRE
2021-06-16 07:00:00,,,32.5,32.8,5055400.0,VRE
2021-06-25 07:00:00,,,31.6,31.6,3583400.0,VRE
2023-03-31 07:00:00,,31.0,29.55,,,VRE
2023-05-16 07:00:00,,28.4,,28.4,,VRE
2023-07-03 07:00:00,26.95,27.2,,,3200500.0,VRE
2023-08-15 07:00:00,,,29.9,31.3,9339500.0,VRE
2023-09-13 07:00:00,29.55,29.6,,29.0,6439000.0,VRE
2025-03-14 07:00:00,18.9,19.1,18.7,,11422100.0,VRE
2025-09-23 07:00:00,28.5,28.8,28.3,,3505100.0,VRE
2017-03-15 07:00:00,2.04,2.44,2.04,,,VRG
2017-08-22 07:00:00,,,2.64,2.64,400.0,VRG
2018-04-19 07:00:00,,,2.97,,,VRG
2018-04-26 07:00:00,,,,2.84,,VRG
2018-12-05 07:00:00,,,3.76,,,VRG
2019-04-22 07:00:00,6.53,6.59,,6.46,136870.0,VRG
2019-08-20 07:00:00,10.42,10.75,,10.68,236057.0,VRG
2019-08-28 07:00:00,10.09,10.16,9.89,,113405.0,VRG
2019-10-03 07:00:00,,,7.19,7.32,,VRG
2020-03-11 07:00:00,6.95,,6.74,,17900.0,VRG
2020-07-31 07:00:00,11.15,,,11.15,,VRG
2020-08-21 07:00:00,,12.93,12.08,12.93,174685.0,VRG
2020-10-01 07:00:00,,13.36,12.93,,74817.0,VRG
2020-10-09 07:00:00,15.63,16.91,15.63,16.2,,VRG
2020-10-20 07:00:00,,,15.13,15.99,,VRG
2021-06-29 07:00:00,17.69,17.69,,17.69,,VRG
2021-12-15 07:00:00,18.06,18.06,17.41,17.55,34800.0,VRG
2022-09-05 07:00:00,,,21.67,21.67,,VRG
2023-05-05 07:00:00,16.48,16.48,15.71,,,VRG
2023-10-23 07:00:00,18.27,18.35,18.27,18.35,1100.0,VRG
2024-01-26 07:00:00,26.36,27.61,26.36,,29300.0,VRG
2024-03-27 07:00:00,29.94,,,29.7,18532.0,VRG
2024-08-21 07:00:00,22.74,22.92,,22.83,,VRG
2025-01-03 07:00:00,21.69,21.69,21.69,21.69,,VRG
2025-01-06 07:00:00,,21.86,21.34,21.42,24116.0,VRG
2025-03-25 07:00:00,20.46,20.9,20.46,20.9,,VRG
2026-04-02 07:00:00,17.0,,16.8,16.8,8600.0,VRG
2018-06-29 07:00:00,,11.7,11.5,11.7,10000.0,VSF
2019-10-18 07:00:00,6.0,,6.0,6.5,35905.0,VSF
2019-12-30 07:00:00,5.7,5.7,,6.5,100.0,VSF
2020-01-10 07:00:00,10.0,,,10.1,14400.0,VSF
2023-05-26 07:00:00,,,8.4,8.4,4500.0,VSF
2023-08-10 07:00:00,,39.0,,33.2,27085.0,VSF
2024-05-06 07:00:00,,,,34.0,9484.0,VSF
2024-12-13 07:00:00,33.4,33.4,,,900.0,VSF
2025-08-12 07:00:00,27.2,,,27.1,14600.0,VSF
2025-12-17 07:00:00,,,,24.8,20400.0,VSF
2016-03-29 07:00:00,9.52,9.64,9.52,9.58,59350.0,VSH
2016-04-05 07:00:00,9.89,,,,14720.0,VSH
2016-10-25 07:00:00,9.98,,9.98,9.98,,VSH
2017-10-17 07:00:00,11.9,,,,57980.0,VSH
2017-11-24 07:00:00,11.29,11.49,11.29,,40980.0,VSH
2018-08-10 07:00:00,,12.73,12.52,12.73,44280.0,VSH
2018-10-25 07:00:00,12.48,12.48,12.16,12.3,,VSH
2020-04-22 07:00:00,,,12.76,,,VSH
2020-08-12 07:00:00,12.23,,,12.01,2400.0,VSH
2021-02-19 07:00:00,,,13.6,,,VSH
2021-12-06 07:00:00,21.27,21.65,20.28,21.12,,VSH
2022-02-25 07:00:00,21.46,,21.38,21.61,15600.0,VSH
2023-01-31 07:00:00,,28.81,,,76000.0,VSH
2023-03-15 07:00:00,30.37,30.72,29.9,,21900.0,VSH
2023-05-05 07:00:00,,32.45,31.7,32.45,41200.0,VSH
2024-05-15 07:00:00,43.24,44.05,43.24,44.05,,VSH
2024-08-09 07:00:00,46.3,46.3,45.85,46.3,,VSH
2025-01-03 07:00:00,,45.86,45.4,45.86,6800.0,VSH
2025-05-19 07:00:00,,49.1,,49.1,800.0,VSH
2025-07-30 07:00:00,,45.77,44.7,44.84,15200.0,VSH
2025-12-31 07:00:00,,43.5,42.72,43.5,7200.0,VSH
2016-07-18 07:00:00,5.41,5.54,5.32,,,VSI
2016-09-20 07:00:00,4.39,,,4.56,,VSI
2018-01-30 07:00:00,7.25,7.46,7.02,,8440.0,VSI
2019-06-04 07:00:00,15.76,,15.22,15.22,11930.0,VSI
2019-08-21 07:00:00,11.77,,11.77,12.66,3090.0,VSI
2020-09-01 07:00:00,11.6,11.6,11.31,,,VSI
2021-06-28 07:00:00,11.27,,,11.3,,VSI
2022-02-18 07:00:00,14.72,14.72,,14.72,1000.0,VSI
2022-03-22 07:00:00,14.62,14.62,14.62,,100.0,VSI
2023-10-20 07:00:00,14.28,14.28,14.28,14.28,100.0,VSI
2024-09-16 07:00:00,16.82,,15.68,17.52,3900.0,VSI
2025-07-15 07:00:00,18.58,18.58,,,100.0,VSI
2025-12-01 07:00:00,,23.09,21.74,,,VSI
2015-11-12 07:00:00,1.61,1.61,1.61,1.61,16200.0,VST
2015-11-25 07:00:00,1.61,1.61,1.61,1.61,,VST
2019-08-09 07:00:00,,0.5,0.4,0.5,,VST
2016-04-29 07:00:00,,,5.27,5.27,,VTA
2017-07-06 07:00:00,4.84,5.12,,5.12,,VTA
2018-01-10 07:00:00,7.61,7.61,7.61,,100.0,VTA
2018-03-19 07:00:00,,6.04,5.94,,10200.0,VTA
2019-04-16 07:00:00,5.85,5.85,5.85,5.85,85.0,VTA
2019-10-03 07:00:00,6.59,,,,100.0,VTA
2020-08-11 07:00:00,4.18,,4.18,,,VTA
2021-03-03 07:00:00,,6.5,6.13,6.5,,VTA
2021-06-21 07:00:00,,6.5,6.5,,,VTA
2022-04-19 07:00:00,,,6.31,6.5,2219.0,VTA
2022-05-17 07:00:00,,5.94,5.2,5.94,,VTA
2022-07-13 07:00:00,4.92,,4.83,4.92,11710.0,VTA
2022-08-08 07:00:00,,5.76,5.76,5.76,3200.0,VTA
2022-08-16 07:00:00,,5.94,5.57,5.94,9600.0,VTA
2023-07-14 07:00:00,4.0,4.3,4.0,4.3,6400.0,VTA
2024-03-13 07:00:00,3.3,3.4,3.3,3.4,304.0,VTA
2024-03-29 07:00:00,3.3,3.7,3.3,3.7,3500.0,VTA
2024-12-23 07:00:00,,,,3.3,,VTA
2025-01-15 07:00:00,3.5,3.5,2.9,3.5,7500.0,VTA
2025-02-11 07:00:00,,4.0,,3.7,214.0,VTA
2026-02-06 07:00:00,2.3,2.3,,,100.0,VTA
2019-11-21 07:00:00,18.43,20.24,,20.24,,VTD
2020-06-16 07:00:00,15.83,16.7,,,106100.0,VTD
2020-07-27 07:00:00,15.04,15.28,,,191510.0,VTD
2021-02-03 07:00:00,6.93,7.25,,7.17,,VTD
2021-04-23 07:00:00,12.52,12.6,,,171548.0,VTD
2021-07-22 07:00:00,9.69,9.92,9.69,9.77,29700.0,VTD
2021-09-24 07:00:00,,12.21,11.81,11.97,92000.0,VTD
2021-10-22 07:00:00,12.05,12.29,10.24,11.97,423625.0,VTD
2021-11-23 07:00:00,13.23,14.02,,,,VTD
2021-12-09 07:00:00,12.44,12.84,12.36,,60900.0,VTD
2022-08-19 07:00:00,14.8,,14.2,14.4,35000.0,VTD
2022-10-03 07:00:00,11.5,,11.2,,29500.0,VTD
2023-07-17 07:00:00,11.0,11.3,11.0,,149600.0,VTD
2023-12-28 07:00:00,7.7,7.7,,,25000.0,VTD
2024-03-14 07:00:00,,8.0,7.8,7.9,,VTD
2024-06-04 07:00:00,9.4,9.5,,9.0,431175.0,VTD
2024-07-08 07:00:00,8.3,,8.2,,43005.0,VTD
2024-11-01 07:00:00,,,6.8,,2495.0,VTD
2025-04-08 07:00:00,11.1,11.1,9.0,9.3,,VTD
2025-11-27 07:00:00,,6.9,6.8,,22200.0,VTD
2016-03-28 07:00:00,8.8,9.32,,9.11,24200.0,VTH
2016-12-01 07:00:00,,5.86,5.74,5.86,3200.0,VTH
2017-07-13 07:00:00,,7.59,7.1,7.1,168500.0,VTH
2017-10-16 07:00:00,,6.73,,6.73,100.0,VTH
2017-11-28 07:00:00,6.73,,6.24,6.24,,VTH
2018-09-12 07:00:00,,6.68,6.43,6.49,35700.0,VTH
2018-11-12 07:00:00,6.36,6.36,5.92,5.92,,VTH
2026-02-12 07:00:00,8.0,8.0,,8.0,2100.0,VTH
2026-03-03 07:00:00,,,,,2900.0,VTH
2026-03-12 07:00:00,8.6,,8.6,8.6,2900.0,VTH
2015-10-09 07:00:00,,5.88,5.88,,,VTX
2015-12-04 07:00:00,,,,9.15,,VTX
2015-12-18 07:00:00,,10.21,,8.98,21500.0,VTX
2016-02-18 07:00:00,11.27,12.09,11.27,12.09,10220.0,VTX
2016-05-18 07:00:00,11.11,11.11,11.11,,3300.0,VTX
2016-08-16 07:00:00,11.36,11.61,,11.53,,VTX
2018-07-30 07:00:00,8.96,,8.96,,100.0,VTX
2018-09-26 07:00:00,,11.03,11.03,,,VTX
2020-03-16 07:00:00,16.9,17.0,16.9,16.9,782.0,VTX
2020-06-11 07:00:00,18.9,18.9,18.9,18.9,104.0,VTX
2020-09-07 07:00:00,13.8,,13.8,15.0,,VTX
2021-03-17 07:00:00,12.5,14.0,,14.0,2200.0,VTX
2021-08-19 07:00:00,14.0,14.0,14.0,,,VTX
2021-08-27 07:00:00,17.0,17.0,14.0,14.0,430.0,VTX
2021-09-07 07:00:00,16.4,17.0,,17.0,,VTX
2022-02-09 07:00:00,19.5,19.5,19.5,,101.0,VTX
2022-09-29 07:00:00,12.0,12.0,,,103.0,VTX
2023-07-05 07:00:00,16.39,20.15,16.39,,1200.0,VVS
2023-11-14 07:00:00,18.31,18.31,,18.31,100.0,VVS
2025-08-27 07:00:00,,,35.5,36.7,47500.0,VVS
2026-01-23 07:00:00,63.0,65.0,,61.0,66500.0,VVS
2017-03-14 07:00:00,9.73,,,,1300.0,VXB
2017-06-15 07:00:00,10.57,10.57,,,,VXB
2017-09-06 07:00:00,,,12.54,,100.0,VXB
2018-02-06 07:00:00,10.85,10.85,,10.85,100.0,VXB
2018-10-16 07:00:00,15.1,15.1,,15.1,100.0,VXB
2020-07-07 07:00:00,,,4.6,4.6,,VXB
2021-10-07 07:00:00,,,,,18900.0,VXB
2022-01-04 07:00:00,,,25.2,,20400.0,VXB
2022-03-02 07:00:00,42.5,42.5,42.5,42.5,900.0,VXB
2022-03-29 07:00:00,37.0,38.6,,38.6,1100.0,VXB
2022-05-10 07:00:00,15.0,16.9,14.5,,,VXB
2022-05-31 07:00:00,,15.2,,14.5,3000.0,VXB
2021-03-25 07:00:00,,18.43,18.43,,2000.0,VXP
2019-04-16 07:00:00,,,,7.01,4400.0,X20
2021-03-11 07:00:00,,6.07,6.07,6.07,,X20
2022-09-20 07:00:00,7.1,7.1,7.1,7.1,,X20
2024-01-31 07:00:00,8.9,9.69,8.9,9.69,1100.0,X20
2025-04-10 07:00:00,,13.29,,,,X20
2025-06-03 07:00:00,12.55,12.64,12.55,12.55,,X20
2025-07-29 07:00:00,12.08,12.46,12.08,,9400.0,X20
2025-08-05 07:00:00,,12.46,12.27,12.46,,X20
2025-12-18 07:00:00,12.4,,12.4,12.5,,X20
2026-01-12 07:00:00,,,12.3,12.3,900.0,X20
2018-11-14 07:00:00,,14.35,14.35,,,X26
2019-01-02 07:00:00,11.89,,,11.89,,X26
2019-05-31 07:00:00,11.33,11.33,,11.33,,X26
2021-01-06 07:00:00,14.41,,14.41,,,X26
2021-07-09 07:00:00,15.86,15.86,15.86,15.86,100.0,X26
2022-06-15 07:00:00,34.53,34.53,34.53,,1000.0,X26
2023-08-17 07:00:00,20.79,,20.79,20.79,,X26
2019-08-29 07:00:00,8.67,8.67,8.6,8.6,4566.0,XMC
2020-02-26 07:00:00,7.05,,7.05,7.05,,XMC
2020-07-07 07:00:00,6.76,,6.76,6.76,600.0,XMC
2020-07-31 07:00:00,,,,6.69,,XMC
2021-01-29 07:00:00,8.97,9.79,8.97,,6600.0,XMC
2021-05-24 07:00:00,9.71,9.95,9.71,,18932.0,XMC
2021-08-12 07:00:00,8.48,,,,14765.0,XMC
2021-08-30 07:00:00,,8.89,,8.89,14410.0,XMC
2021-10-29 07:00:00,9.87,11.18,9.87,11.18,186119.0,XMC
2022-02-21 07:00:00,,15.34,,14.19,310900.0,XMC
2022-04-26 07:00:00,,,10.86,11.03,,XMC
2023-06-20 07:00:00,6.92,6.92,6.65,6.92,,XMC
2023-06-21 07:00:00,7.01,7.09,,,30900.0,XMC
2023-08-03 07:00:00,8.58,,8.32,8.49,,XMC
2024-07-02 07:00:00,7.8,,7.3,7.4,37018.0,XMC
2025-10-31 07:00:00,,9.2,8.1,9.2,,XMC
2025-11-25 07:00:00,,,8.7,,,XMC
2025-12-24 07:00:00,10.1,10.3,9.8,10.3,,XMC
2026-02-13 07:00:00,,,9.1,,1100.0,XMC
2026-04-08 07:00:00,,9.3,,,,XMC
2015-10-21 07:00:00,7.03,,6.94,6.94,11100.0,XPH
2016-08-12 07:00:00,6.77,6.77,6.77,6.77,1700.0,XPH
2017-01-24 07:00:00,5.22,5.5,,,,XPH
2017-03-13 07:00:00,6.83,7.21,6.74,6.74,,XPH
2017-03-28 07:00:00,8.06,8.06,,,,XPH
2017-09-27 07:00:00,,5.5,5.5,5.5,300.0,XPH
2018-01-15 07:00:00,6.7,6.9,,6.9,700.0,XPH
2018-09-18 07:00:00,6.6,,6.6,,100.0,XPH
2019-04-25 07:00:00,5.4,5.4,5.3,5.3,,XPH
2020-08-03 07:00:00,6.3,6.5,,6.5,600.0,XPH
2020-12-11 07:00:00,,6.0,6.0,6.0,2300.0,XPH
2021-04-28 07:00:00,10.5,,9.3,,21900.0,XPH
2021-06-30 07:00:00,9.8,9.9,9.0,,5800.0,XPH
2024-08-20 07:00:00,,5.5,5.3,,10000.0,XPH
2024-08-21 07:00:00,,5.4,5.2,5.3,4600.0,XPH
2025-07-03 07:00:00,,,11.3,11.4,10700.0,XPH
2025-08-15 07:00:00,,,14.6,15.4,28600.0,XPH
2025-09-15 07:00:00,15.9,,,15.9,500.0,XPH
2026-01-09 07:00:00,15.0,15.0,15.0,,4800.0,XPH
2026-03-03 07:00:00,14.5,,14.5,14.5,5500.0,XPH
2026-03-06 07:00:00,15.4,,,,600.0,XPH
2026-04-22 07:00:00,,14.9,14.1,,4600.0,XPH
2017-11-01 07:00:00,16.29,16.29,,16.29,100.0,YTC
2020-09-16 07:00:00,31.29,31.29,31.29,31.29,20.0,YTC
2021-06-16 07:00:00,38.46,38.46,,38.22,4400.0,YTC
2021-08-06 07:00:00,32.49,,,,3600.0,YTC
2024-04-15 07:00:00,40.57,,,,4700.0,YTC
2024-10-21 07:00:00,58.14,58.14,58.14,58.14,,YTC
2024-11-21 07:00:00,44.72,,38.76,,,YTC
2026-04-08 07:00:00,21.0,21.0,21.0,,100.0,YTC
2016-04-12 07:00:00,,4.87,4.68,,61680.0,STT
2023-09-14 07:00:00,,,,,1.0,BAL
2020-07-24 07:00:00,1.3,1.4,,1.4,29700.0,KSQ
2021-12-28 07:00:00,6.67,7.2,,7.02,,BLN
2020-04-20 07:00:00,2.09,2.24,2.09,2.24,711430.0,HCD
2024-08-07 07:00:00,19.47,19.47,19.47,19.47,1905.0,PNP
2021-12-20 07:00:00,,13.52,13.02,,,ITD
2019-06-20 07:00:00,,5.11,5.11,5.11,200.0,EBS
2023-07-21 07:00:00,,7.21,,7.21,,HMR
2025-07-11 07:00:00,6.7,7.0,,,1355800.0,VIG
2021-03-23 07:00:00,20.58,20.58,,19.32,216348.0,CSC
2015-10-05 07:00:00,,5.31,,4.77,68880.0,VE9
2020-03-09 07:00:00,,,7.46,,,ACL
2019-04-11 07:00:00,11.29,11.29,11.29,,6100.0,BAB
2022-08-09 07:00:00,10.39,10.9,,,108100.0,THT
2018-11-02 07:00:00,,23.85,23.85,,10.0,HOT
2018-01-08 07:00:00,3.18,3.18,2.99,3.13,,NAG
2017-03-23 07:00:00,,,,,20170.0,SMA
2018-08-10 07:00:00,,12.73,12.52,12.73,44280.0,VSH
2021-04-09 07:00:00,,,31.25,31.61,12400.0,VLB
2021-08-17 07:00:00,7.83,8.06,7.68,7.8,664700.0,EVG
2020-09-23 07:00:00,,,5.44,,,SAC
2023-06-07 07:00:00,7.1,7.1,7.1,7.1,100.0,S72
2016-01-20 07:00:00,9.18,9.18,,,,BHP
2017-11-08 07:00:00,,,3.34,3.36,,ANV
2023-12-28 07:00:00,15.26,,15.09,15.5,145000.0,MIG
2024-09-12 07:00:00,34.24,,34.24,34.24,502.0,AGP
2023-05-11 07:00:00,7.8,,7.71,7.71,2000.0,POV
2024-02-06 07:00:00,11.9,11.9,11.9,,,VNL
2016-10-25 07:00:00,15.58,,15.58,16.15,3406.0,TPP
2023-01-11 07:00:00,,11.05,10.65,11.0,1000.0,VCA
2019-06-07 07:00:00,1.33,1.33,1.33,,100.0,MCO
2026-03-24 07:00:00,25.09,,24.87,25.01,,VCI
2021-04-06 07:00:00,3.8,4.0,,4.0,56003.0,MCO
2022-05-27 07:00:00,,,5.78,,,BLN
2023-10-20 07:00:00,,,36.41,,3400.0,BHN
2023-09-27 07:00:00,17.48,17.48,,,2601.0,VIF
2018-01-10 07:00:00,3.88,,,4.23,,DXV
2024-11-01 07:00:00,,,52.89,,,AVC
2023-01-27 07:00:00,8.92,9.25,8.92,9.0,163400.0,NAF
2026-03-03 07:00:00,,9.0,9.0,,800.0,TTC
2020-09-03 07:00:00,6.6,,6.46,6.51,2647810.0,PVT
2018-03-28 07:00:00,,2.3,2.2,2.3,5420.0,PVL
2025-12-08 07:00:00,,,57.1,57.1,75400.0,DHA
2024-12-12 07:00:00,,4.9,4.5,,108316.0,TXM
2022-05-05 07:00:00,77.84,77.84,77.29,77.29,,VET
2017-02-17 07:00:00,,12.66,,12.66,100.0,THW
2026-03-20 07:00:00,,28.4,,28.4,18100.0,SFI
2021-10-21 07:00:00,20.1,20.28,20.0,,1072800.0,DBC
2021-08-09 07:00:00,,26.99,,26.48,25800.0,VLC
2022-06-21 07:00:00,2.8,,2.8,3.0,191500.0,KSQ
2021-05-19 07:00:00,,12.89,11.71,,,DC1
2022-07-26 07:00:00,12.22,,,12.22,500.0,HPH
2016-06-08 07:00:00,7.4,7.4,7.4,,1300.0,VPA
2019-12-13 07:00:00,,,3.84,3.84,,SAV
2025-07-29 07:00:00,12.08,12.46,12.08,,9400.0,X20
2025-05-12 07:00:00,,19.15,,,,SSB
2018-11-07 07:00:00,11.94,,11.44,,42030.0,D2D
2019-06-21 07:00:00,,3.9,3.9,,30000.0,TCJ
2017-02-13 07:00:00,14.1,,12.95,13.91,222420.0,FTM
2022-05-24 07:00:00,66.0,,66.0,71.8,1700.0,MML
2020-05-29 07:00:00,5.12,5.12,4.62,,,EVS
2022-03-25 07:00:00,34.3,34.3,34.0,34.0,2000.0,NAS
2021-10-05 07:00:00,,,30.4,30.45,,HPX
2020-02-03 07:00:00,,6.26,6.26,,,HAS
2022-02-18 07:00:00,,9.62,,,4300.0,SMA
2024-10-21 07:00:00,24.8,,24.8,,11426.0,MML
2024-05-21 07:00:00,,8.59,7.29,,,BVL
2023-03-07 07:00:00,6.45,,6.28,,,TCI
2016-04-27 07:00:00,,5.43,5.36,5.43,22925.0,HHG
2022-12-30 07:00:00,2.5,2.5,2.5,2.5,,S12
2018-01-26 07:00:00,8.67,9.05,8.67,8.83,15420.0,CSV
2020-08-12 07:00:00,,9.91,,9.82,104040.0,SAM
2020-06-22 07:00:00,,7.96,7.79,7.79,1500.0,TLP
2025-11-25 07:00:00,12.1,,,,3709800.0,IJC
2022-12-26 07:00:00,2.6,2.95,2.6,,150600.0,MCG
2025-12-10 07:00:00,41.0,41.0,,41.0,100.0,GMA
2022-11-10 07:00:00,1.84,1.87,,1.75,,DLG
2018-04-16 07:00:00,4.37,,4.37,5.01,300.0,DC1
2022-05-31 07:00:00,,15.2,,14.5,3000.0,VXB
2024-09-10 07:00:00,3.7,4.0,3.7,,,UDC
2018-12-27 07:00:00,5.63,5.63,5.42,5.62,28960.0,TDC
2016-03-08 07:00:00,5.81,,5.62,,,SAM
2025-07-17 07:00:00,13.3,13.5,13.0,,1073400.0,NAG
2021-05-25 07:00:00,5.84,,5.84,,6600.0,CQT
2021-09-01 07:00:00,,14.05,14.05,14.05,107.0,CTB
2020-12-25 07:00:00,0.8,,,0.7,288005.0,HTT
2019-02-28 07:00:00,5.74,5.74,5.56,5.67,82930.0,TDC
2023-11-10 07:00:00,,,,3.4,300.0,KTT
2021-10-08 07:00:00,9.87,9.93,,9.93,1393200.0,HDB
2023-09-07 07:00:00,,20.78,,20.6,1500.0,SBA
2018-12-11 07:00:00,2.86,2.95,,2.86,33800.0,VE9
2023-02-09 07:00:00,,8.12,,8.09,1872100.0,MSB
2026-01-22 07:00:00,,7.8,7.2,7.8,,PGT
2023-07-24 07:00:00,7.5,,7.5,8.0,11100.0,CMM
2022-06-07 07:00:00,,15.89,,15.71,2600.0,VNP
2019-10-15 07:00:00,4.9,5.5,4.9,,141460.0,SSN
2019-07-11 07:00:00,7.15,7.15,,,117890.0,SAM
2020-07-31 07:00:00,,2.74,,2.44,,TXM
2025-11-24 07:00:00,7.3,7.4,7.3,,,MCO
2025-06-02 07:00:00,,14.05,,14.0,31100.0,RYG
2022-01-24 07:00:00,7.52,,7.2,7.2,,CX8
2022-03-22 07:00:00,,,,,226800.0,CLX
2024-03-19 07:00:00,6.65,6.65,6.56,6.65,21162.0,PBC
2023-05-22 07:00:00,16.1,,,15.82,48000.0,DVN
2022-07-26 07:00:00,53.42,54.18,,53.14,857300.0,FRT
2024-01-31 07:00:00,26.0,26.0,23.87,,801.0,PTI
2020-02-28 07:00:00,12.6,,12.38,12.6,,THG
2024-06-14 07:00:00,7.6,8.7,,8.7,,DPC
2021-06-23 07:00:00,96.95,96.95,,96.95,1200.0,NDC
2016-11-24 07:00:00,,,24.13,,900.0,LDP
2023-01-11 07:00:00,20.99,20.99,,20.84,4100.0,GHC
2019-07-11 07:00:00,,,3.37,3.44,,ELC
2018-12-04 07:00:00,10.19,10.74,10.15,10.71,760830.0,ANV
2018-01-17 07:00:00,,3.3,,,3300.0,NHA
2023-04-26 07:00:00,10.83,,10.67,,233200.0,CSV
2022-11-10 07:00:00,14.75,,,14.63,600.0,QPH
2022-01-20 07:00:00,12.21,,,,1644400.0,VPH
2016-11-02 07:00:00,2.48,2.53,2.42,2.47,,HAP
2022-10-19 07:00:00,,2.4,2.2,2.3,243376.0,FTM
2022-02-25 07:00:00,21.46,,21.38,21.61,15600.0,VSH
2016-01-11 07:00:00,,11.06,,,600.0,UIC
2018-09-19 07:00:00,12.75,,12.75,12.75,100.0,CT3
2017-08-11 07:00:00,,,8.78,,3660700.0,HAG
2024-02-21 07:00:00,,7.7,7.6,7.6,177680.0,VIG
2017-09-29 07:00:00,,11.71,11.68,11.71,6100.0,GHC
2025-12-04 07:00:00,38.8,,,38.55,,DPR
2019-06-06 07:00:00,0.5,0.6,,,90000.0,ACM
2025-09-26 07:00:00,11.5,12.4,11.5,12.4,700.0,HAC
2019-02-12 07:00:00,10.57,10.57,,10.57,101.0,NHT
2017-11-28 07:00:00,6.73,,6.24,6.24,,VTH
2017-03-03 07:00:00,9.22,9.32,,9.02,19180.0,THG
2026-03-09 07:00:00,13.4,,12.5,,1600.0,KST
2016-10-07 07:00:00,4.17,4.17,4.17,,100.0,VE9
2015-11-12 07:00:00,,10.52,,,10980.0,DAT
2015-12-03 07:00:00,,,3.82,3.82,100.0,PIC
2023-05-26 07:00:00,,,8.4,8.4,4500.0,VSF
2021-12-17 07:00:00,10.0,10.5,,10.0,3000549.0,DST
2023-08-25 07:00:00,12.61,12.75,12.52,,3300.0,CSM
2017-09-06 07:00:00,,,12.54,,100.0,VXB
2022-02-09 07:00:00,19.5,19.5,19.5,,101.0,VTX
2025-06-24 07:00:00,9.56,,9.56,,700.0,VCA
2019-03-15 07:00:00,27.84,,27.84,27.84,170.0,ABT
2016-09-16 07:00:00,,2.31,,2.31,26900.0,PHC
2021-07-09 07:00:00,16.86,,16.49,,,TDC
2025-05-28 07:00:00,,,20.98,21.36,,ELC
2021-08-13 07:00:00,,,12.98,13.28,979300.0,S99
2017-03-13 07:00:00,,6.1,5.99,6.08,,CSV
2023-11-29 07:00:00,4.0,4.0,,,100.0,DSG
2019-07-16 07:00:00,4.05,4.11,4.03,4.07,1210.0,SAV
2022-03-14 07:00:00,,,10.62,11.11,448400.0,HCD
2019-06-07 07:00:00,,6.8,6.8,6.8,10000.0,KTT
2022-10-05 07:00:00,46.19,,44.83,46.1,7500.0,BHN
2024-07-24 07:00:00,,26.2,24.0,26.0,,NAS
2023-07-18 07:00:00,11.05,11.21,11.01,11.17,,POW
2018-02-28 07:00:00,,7.59,,,11967370.0,MBB
2020-04-03 07:00:00,,5.6,,,3574343.0,ACB
2022-05-26 07:00:00,5.85,6.29,,,1288009.0,MAC
2023-06-28 07:00:00,20.17,21.46,20.17,,392251.0,DSC
2019-07-29 07:00:00,5.91,5.93,5.82,5.93,,VCI
2024-04-10 07:00:00,9.7,,,9.65,,VCA
2025-08-12 07:00:00,27.2,,,27.1,14600.0,VSF
2025-12-05 07:00:00,15.5,16.9,15.5,,9400.0,SID
2018-09-27 07:00:00,,,3.34,,56860.0,KMR
2022-02-10 07:00:00,,7.3,,,,MCO
2022-04-12 07:00:00,17.32,17.4,,17.4,,VIF
2018-02-08 07:00:00,3.1,3.4,2.8,3.4,5636180.0,DST
2019-12-10 07:00:00,6.04,,5.87,,171460.0,DBC
2016-07-01 07:00:00,,,7.36,7.36,29890.0,DPR
2021-04-26 07:00:00,27.82,28.08,27.5,27.61,255500.0,D2D
2021-03-09 07:00:00,,8.57,8.57,8.57,,MA1
2018-09-17 07:00:00,4.33,4.49,,4.33,,ELC
2020-03-12 07:00:00,1.68,1.76,,1.68,412740.0,FTM
2024-03-14 07:00:00,,,,11.32,83500.0,SAV
2021-05-18 07:00:00,,47.49,,44.15,15850.0,SCG
2021-06-17 07:00:00,15.38,15.38,,,,PBC
2017-04-19 07:00:00,3.76,3.84,3.72,3.8,,VDS
2025-01-09 07:00:00,8.41,,7.92,8.31,4200.0,CX8
2026-01-23 07:00:00,6.1,6.1,6.0,,,DHM
2023-12-19 07:00:00,23.38,23.38,,23.21,,TCW
2018-09-26 07:00:00,,,10.71,11.36,,DRH
2024-03-19 07:00:00,,,13.13,13.13,,TPB
2023-09-13 07:00:00,29.55,29.6,,29.0,6439000.0,VRE
2015-12-29 07:00:00,1.34,1.4,,1.4,354620.0,SHS
2020-01-15 07:00:00,,,,16.49,100.0,HMS
2017-02-16 07:00:00,1.05,,1.04,1.1,200000.0,VOS
2026-03-04 07:00:00,162.7,,155.0,,899600.0,FRT
2025-09-23 07:00:00,,,11.45,,,APG
2016-04-22 07:00:00,8.6,8.6,,,100.0,SSF
2023-05-17 07:00:00,32.95,32.95,,,200.0,DTL
2019-03-07 07:00:00,,2.39,2.3,,64850.0,HID
2026-04-01 07:00:00,46.0,,46.0,47.6,300.0,TDW
2021-04-14 07:00:00,,18.24,17.85,,2800.0,SC5
2025-03-18 07:00:00,,,,20.2,,PC1
2026-03-12 07:00:00,15.8,15.8,,15.5,29800.0,TTN
2023-09-29 07:00:00,,,,11.6,,BMJ
2025-02-11 07:00:00,,4.0,,3.7,214.0,VTA
2022-06-09 07:00:00,,6.8,,6.4,74500.0,TNS
2019-06-14 07:00:00,,1.49,,1.49,,VOS
2021-02-24 07:00:00,18.93,20.61,18.78,20.61,3722616.0,S99
2023-07-19 07:00:00,,,,12.94,6400.0,CSM
2026-02-04 07:00:00,15.8,,,16.0,11200.0,VIF
2023-10-27 07:00:00,9.05,9.22,,8.98,1844600.0,VOS
2024-09-06 07:00:00,,8.32,,8.32,,NUE
2016-08-23 07:00:00,12.66,12.66,12.49,12.49,429420.0,DHM
2020-03-31 07:00:00,39.78,,39.05,,3667100.0,MSN
2021-05-11 07:00:00,,31.87,31.49,31.87,,DHA
2018-05-23 07:00:00,8.17,,8.17,,,DNH
2019-10-11 07:00:00,12.25,12.27,12.04,12.1,17610.0,ACL
2017-01-06 07:00:00,,19.7,19.58,19.64,117660.0,NAF
2026-02-04 07:00:00,57.5,,56.3,57.9,156700.0,DHA
2025-12-16 07:00:00,10.3,10.3,,10.0,1000.0,HEJ
2016-03-14 07:00:00,,3.32,3.12,,,D2D
2025-03-14 07:00:00,18.9,19.1,18.7,,11422100.0,VRE
2016-04-08 07:00:00,,,4.81,5.01,,CSV
2019-09-19 07:00:00,2.8,2.8,2.8,,500.0,VMG
2022-11-28 07:00:00,6.98,6.98,,6.8,107455.0,TDT
2020-07-28 07:00:00,6.39,7.26,6.39,7.26,2600.0,PPH
2020-06-10 07:00:00,,3.89,,,4759940.0,ASM
2022-01-28 07:00:00,29.75,30.14,29.71,,,THG
2024-01-12 07:00:00,,,9.2,,3500.0,TJC
2018-03-20 07:00:00,,8.58,,8.41,,HDB
2025-09-08 07:00:00,5.29,,,5.49,400.0,HBH
2022-11-17 07:00:00,5.46,5.86,,5.84,,UDC
2026-04-14 07:00:00,6.9,6.9,6.9,6.9,100.0,IHK
2026-03-06 07:00:00,,,8.9,9.1,22600.0,DHB
2018-06-29 07:00:00,1.0,1.1,1.0,1.0,8500.0,PVV
2023-03-28 07:00:00,8.45,8.61,8.29,8.29,,IJC
2024-07-02 07:00:00,7.8,,7.3,7.4,37018.0,XMC
2015-11-03 07:00:00,,8.09,,8.03,497600.0,DAG
2024-03-05 07:00:00,,6.59,,6.59,1800.0,TLP
2017-08-01 07:00:00,13.47,13.47,13.47,,2000.0,DPC
2021-06-30 07:00:00,,,30.5,30.6,16495700.0,STB
2018-03-05 07:00:00,15.67,,15.67,15.67,1100.0,AVC
2026-02-04 07:00:00,5.2,,5.0,5.4,6200.0,MCO
2020-10-27 07:00:00,22.09,,22.09,,460.0,ABT
2025-08-25 07:00:00,17.17,17.46,16.48,16.48,3568700.0,FCN
2017-01-16 07:00:00,5.3,5.37,,5.29,343050.0,SAM
2024-07-24 07:00:00,,18.88,,18.45,,SAC
2020-12-09 07:00:00,4.17,4.17,3.98,4.09,,EVG
2018-06-08 07:00:00,17.67,17.67,17.08,17.41,,TRC
2023-10-06 07:00:00,,,21.84,,100.0,SWC
2021-07-06 07:00:00,,,,10.6,46700.0,ACL
2023-10-10 07:00:00,28.56,28.56,26.27,26.75,,VGV
2018-01-19 07:00:00,39.28,39.28,38.36,,,CIA
2023-10-13 07:00:00,3.4,3.4,3.2,3.4,230510.0,LMH
2017-02-07 07:00:00,,7.58,7.42,7.42,,VIF
2024-07-02 07:00:00,,48.95,48.95,,,CID
2017-07-13 07:00:00,,,,7.05,700.0,DNC
2020-07-16 07:00:00,2.1,,2.1,2.3,200.0,PV2
2018-03-06 07:00:00,15.45,16.56,,,,PNC
2024-09-20 07:00:00,12.38,12.38,12.19,12.38,,BTP
2021-03-08 07:00:00,37.55,,36.72,,3700.0,LHC
2025-03-14 07:00:00,20.95,,,21.19,,NHA
2023-12-04 07:00:00,8.35,8.61,8.0,8.61,,PCH
2016-08-05 07:00:00,4.96,,4.84,4.96,162740.0,HCD
2017-12-29 07:00:00,9.55,,,9.55,110.0,SFI
2026-01-22 07:00:00,,9.2,,9.0,,TVN
2024-11-29 07:00:00,40.53,,,42.6,4587700.0,DGW
2025-06-17 07:00:00,16.8,16.8,16.7,,,VMD
2024-02-16 07:00:00,12.14,12.28,11.85,11.94,47000.0,CSM
2021-03-31 07:00:00,,5.12,4.86,4.94,,ILA
2017-11-17 07:00:00,,2.3,2.21,2.25,,PXI
2017-08-25 07:00:00,3.64,3.79,3.55,3.79,281590.0,MCG
2023-01-10 07:00:00,55.46,55.46,55.46,,,SGH
2017-06-19 07:00:00,11.71,11.71,11.32,11.52,104370.0,VNG
2023-08-21 07:00:00,7.3,,7.3,7.54,,HCD
2016-05-27 07:00:00,6.97,,7.67,,,PCT
2025-10-29 07:00:00,,23.0,,22.8,3900.0,CKD
2020-04-24 07:00:00,,2.9,2.9,,20100.0,SSN
2025-08-25 07:00:00,22.9,22.98,22.65,22.73,10100.0,IDV
2021-07-27 07:00:00,,3.43,,3.43,11740.0,MAC
2021-06-09 07:00:00,,5.87,5.58,5.58,1200.0,HPH
2022-08-08 07:00:00,14.02,,,,50500.0,PBC
2024-04-05 07:00:00,,28.47,27.22,,2400.0,VGV
2021-09-23 07:00:00,,18.79,,,300.0,DAT
2019-08-19 07:00:00,4.35,,4.28,4.28,14320.0,DRI
2020-07-02 07:00:00,12.56,,12.56,12.56,,PTI
2017-11-27 07:00:00,10.65,10.75,10.65,10.75,,ND2
2024-02-20 07:00:00,33.43,33.43,,33.34,,PGD
2021-08-10 07:00:00,,13.25,13.25,,,TGG
2022-09-29 07:00:00,,,17.18,17.18,500.0,CQN
2018-01-17 07:00:00,9.07,,9.07,9.07,,PIC
2024-11-01 07:00:00,,5.0,,,,ONE
2023-08-29 07:00:00,,,19.4,19.8,300.0,HOT
2025-10-17 07:00:00,21.25,,21.16,21.16,5200.0,VNL
2019-05-17 07:00:00,5.63,6.12,5.63,6.12,70.0,VNL
2020-01-13 07:00:00,7.1,,7.01,,37080.0,TDC
2019-04-17 07:00:00,3.31,,3.31,,6600.0,BMS
2025-05-15 07:00:00,6.6,6.6,6.6,6.6,4900.0,PND
2023-06-01 07:00:00,,15.1,14.62,14.65,,DBC
2016-07-29 07:00:00,7.43,7.43,,,,BBS
2023-08-31 07:00:00,9.94,10.67,9.94,10.51,458816.0,BMS
2025-02-05 07:00:00,6.11,,6.11,6.11,,PVO
2022-08-23 07:00:00,,19.5,,19.2,,TMT
2024-12-11 07:00:00,11.31,11.31,11.17,11.27,12700.0,BTP
2024-08-01 07:00:00,120.61,121.66,115.06,,588800.0,CTR
2025-10-24 07:00:00,127.2,127.2,127.2,127.2,100.0,NDC
2020-09-21 07:00:00,8.78,9.02,,9.02,268542.0,BVS
2023-04-03 07:00:00,5.27,,5.23,,85300.0,PHC
2020-05-29 07:00:00,2.06,,2.06,2.07,,EVG
2024-10-21 07:00:00,32.82,,32.82,33.2,8700.0,THG
2021-12-31 07:00:00,,10.05,8.7,9.34,,CTX
2023-05-16 07:00:00,33.23,33.31,33.06,33.15,21415.0,MCM
2024-06-17 07:00:00,13.33,13.38,13.24,13.29,,BTP
2022-04-25 07:00:00,7.8,7.8,,,636700.0,HID
2024-10-01 07:00:00,,3.4,3.1,,,DST
2024-01-24 07:00:00,15.91,16.28,15.91,,210600.0,MPC
2022-06-20 07:00:00,,127.2,,127.0,759500.0,VJC
2022-10-28 07:00:00,4.91,,4.91,4.91,,DTI
2025-07-21 07:00:00,30.39,30.68,30.39,,9800.0,MH3
2025-03-27 07:00:00,17.67,17.76,17.29,,,TTN
2021-02-08 07:00:00,,,,20.71,,SAS
2022-03-21 07:00:00,38.5,38.5,,38.5,2500.0,HOT
2021-01-13 07:00:00,,8.82,,8.82,100.0,BT1
2022-12-29 07:00:00,,10.0,9.15,10.0,346900.0,CRE
2024-11-19 07:00:00,,34.43,,,68701.0,VLB
2018-04-16 07:00:00,3.69,3.69,,,80.0,DXV
2021-01-05 07:00:00,8.8,,,,10700.0,BLI
2017-06-06 07:00:00,4.77,4.77,4.77,4.77,1000.0,MIG
2021-12-03 07:00:00,12.51,12.51,11.54,,,ASM
2025-08-14 07:00:00,,,8.7,8.9,589100.0,TVN
2022-11-14 07:00:00,,,,8.79,4200.0,CDP
2020-11-20 07:00:00,8.3,,8.09,,,TDC
2024-05-31 07:00:00,8.26,,8.26,8.26,,PNC
2024-01-03 07:00:00,15.2,16.0,15.2,15.65,734900.0,CTI
2024-12-05 07:00:00,,27.17,,27.17,,HDG
2021-01-25 07:00:00,24.32,,23.77,23.87,,DBD
2022-09-05 07:00:00,9.22,9.22,8.14,,,TDT
2025-04-01 07:00:00,5.45,5.46,5.4,5.46,,PHC
2025-07-18 07:00:00,18.85,18.89,18.58,18.81,14310500.0,HDB
2019-05-31 07:00:00,11.33,11.33,,11.33,,X26
2019-11-25 07:00:00,9.51,,,,,PVT
2022-11-14 07:00:00,9.77,,,,300.0,PPP
2016-06-30 07:00:00,,3.16,3.09,3.09,482860.0,IJC
2016-04-27 07:00:00,2.0,,,2.0,95000.0,PVL
2024-09-19 07:00:00,69.13,69.62,,69.62,346300.0,BCM
2024-01-24 07:00:00,7.5,7.5,7.0,7.0,600.0,SHN
2017-11-29 07:00:00,,3.71,,3.64,,DHM
2025-09-26 07:00:00,3.6,,,3.57,113700.0,PTL
2022-06-21 07:00:00,,13.29,,,11600.0,C21
2024-05-27 07:00:00,,39.95,38.02,39.77,1849300.0,DPR
2017-03-07 07:00:00,,1.3,1.2,1.2,82700.0,PXA
2021-02-02 07:00:00,,10.53,10.02,,467500.0,VPG
2024-12-31 07:00:00,,40.5,40.0,,,VHM
2020-09-07 07:00:00,13.89,13.96,13.89,13.96,90.0,VMD
2023-06-15 07:00:00,78.0,78.1,76.7,,1224800.0,MSN
2025-11-12 07:00:00,,17.5,17.0,,,MIG
2023-10-03 07:00:00,15.69,15.69,15.44,,,PCC
2021-07-15 07:00:00,6.57,6.91,,,,ASM
2022-01-25 07:00:00,12.5,,12.1,12.85,,TTF
2021-08-17 07:00:00,11.86,,11.39,11.47,40100.0,VIN
2016-02-29 07:00:00,,2.84,2.76,2.76,1841140.0,MBB
2019-03-12 07:00:00,,39.5,,39.5,800.0,DTL
2018-11-27 07:00:00,6.23,6.23,,,,SAC
2022-03-25 07:00:00,,,16.27,16.27,1500.0,HPD
2025-10-23 07:00:00,29.3,29.8,,29.1,237100.0,CSV
2020-12-21 07:00:00,2.7,2.78,,2.74,354510.0,KMR
2021-07-05 07:00:00,3.41,3.42,3.21,3.27,10979200.0,DLG
2026-01-14 07:00:00,31.7,,31.6,31.8,11200.0,CQN
2020-11-02 07:00:00,,,16.62,16.62,140.0,TRS
2021-07-21 07:00:00,35.15,35.15,35.03,,2000.0,MH3
2024-11-27 07:00:00,11.16,,,11.11,4600.0,ACL
2018-02-23 07:00:00,18.7,18.7,18.7,18.7,,SSN
2017-07-27 07:00:00,21.1,,21.1,21.1,100.0,SGH
2020-03-05 07:00:00,,12.04,12.04,12.04,,HTC
2020-11-16 07:00:00,,12.67,,12.67,,S99
2017-08-02 07:00:00,9.13,9.13,9.1,9.13,,TCW
2018-12-14 07:00:00,7.93,,7.93,7.93,,TNC
2024-10-04 07:00:00,49.15,50.07,,49.98,1300.0,AVC
2023-07-27 07:00:00,,13.6,13.27,13.38,6659700.0,TPB
2022-11-18 07:00:00,,10.0,8.74,10.0,8263200.0,VCG
2019-04-03 07:00:00,19.57,20.0,,19.96,,TRC
2018-09-26 07:00:00,4.14,,4.14,4.14,700.0,CTW
2023-09-25 07:00:00,9.52,,9.35,9.35,1715.0,CDP
2016-11-24 07:00:00,5.41,5.41,,5.41,,CQT
2024-06-18 07:00:00,30.33,31.5,30.33,,56100.0,THG
2025-06-04 07:00:00,,,,17.4,56800.0,CTP
2024-04-19 07:00:00,,30.53,30.53,30.53,300.0,ND2
2022-02-18 07:00:00,14.72,14.72,,14.72,1000.0,VSI
2025-07-03 07:00:00,16.7,18.0,,18.0,,HEV
2021-09-06 07:00:00,19.5,19.5,,19.5,,ADC
2018-08-22 07:00:00,5.4,5.48,5.4,5.48,7273.0,PCT
2022-03-03 07:00:00,,10.1,9.71,,1300.0,PIC
2025-07-28 07:00:00,3.9,,,,1600.0,PEG
2017-12-29 07:00:00,20.44,20.44,20.44,20.44,14000.0,UPH
2019-05-06 07:00:00,23.09,25.45,23.09,24.31,1900.0,LDP
2025-12-18 07:00:00,,44.24,,,,THG
2024-10-16 07:00:00,29.44,30.25,,30.2,27700.0,PGD
2026-02-23 07:00:00,2.5,2.5,,2.5,9400.0,MCG
2023-08-24 07:00:00,24.49,,,24.55,32200.0,THG
2024-08-16 07:00:00,5.41,5.59,5.41,5.59,3600.0,NDX
2018-10-26 07:00:00,41.2,41.59,40.09,,997510.0,NVL
2022-04-12 07:00:00,31.69,31.78,28.34,,1649601.0,TAR
2024-02-27 07:00:00,10.26,,9.53,9.53,1700.0,BVL
2023-02-03 07:00:00,3.7,3.8,,,8600.0,SD3
2016-04-19 07:00:00,,9.9,9.73,9.77,3100.0,QTC
2022-12-09 07:00:00,6.1,6.2,,6.1,248666.0,LMH
2024-11-19 07:00:00,16.69,16.69,16.69,16.69,7000.0,VIF
2019-11-07 07:00:00,4.69,4.69,4.63,4.63,,SBV
2025-03-10 07:00:00,68.61,,67.07,,1730200.0,VHC
2024-12-17 07:00:00,,,,3.53,,ALV
2016-02-03 07:00:00,3.96,4.49,3.91,4.49,,ACM
2016-04-14 07:00:00,,3.29,3.29,3.29,200.0,STL
2021-09-01 07:00:00,6.33,6.41,6.17,,,CTX
2021-10-12 07:00:00,44.6,,44.32,48.15,,CSC
2020-04-21 07:00:00,14.29,14.29,13.99,,203380.0,AGG
2022-06-09 07:00:00,10.83,10.83,10.83,10.83,1107.0,BAL
2016-04-04 07:00:00,4.08,,4.08,4.08,100.0,PVO
2026-02-02 07:00:00,,5.1,,5.1,100.0,HBH
2021-04-26 07:00:00,,62.32,,60.37,73510.0,L14
2019-09-18 07:00:00,6.89,,6.84,6.84,151210.0,PLP
2021-08-16 07:00:00,6.05,6.05,6.05,,100.0,SMT
2021-05-14 07:00:00,9.09,9.23,9.09,9.18,303900.0,DHM
2021-01-13 07:00:00,3.2,,3.1,3.2,,TTZ
2025-04-08 07:00:00,,20.95,19.48,19.88,,TV1
2022-12-09 07:00:00,46.63,,,47.28,233300.0,CTR
2023-09-29 07:00:00,4.6,4.6,,4.5,4900.0,HU3
2023-07-19 07:00:00,9.91,9.91,9.83,,2800.0,POS
2020-05-20 07:00:00,7.12,7.12,,7.12,,BVS
2019-03-19 07:00:00,,53.38,,52.78,,ACV
2024-11-22 07:00:00,29.4,29.49,29.4,29.49,,PGD
2022-06-21 07:00:00,6.76,,6.33,,,BMS
2020-07-14 07:00:00,6.4,6.4,,,300.0,HKT
2021-03-18 07:00:00,18.4,18.4,18.4,,,QHD
2017-12-01 07:00:00,1.1,1.1,1.1,1.1,1.0,VES
2017-10-13 07:00:00,,7.1,,,,PVT
2023-12-07 07:00:00,3.7,3.7,,3.7,68300.0,ILA
2019-06-14 07:00:00,,15.54,15.42,15.5,82120.0,KDC
2016-02-01 07:00:00,,5.38,5.26,5.38,30.0,TNC
2025-06-16 07:00:00,10.71,10.86,10.55,10.78,,PGB
2026-03-30 07:00:00,,35.0,,34.75,2480200.0,BAF
2023-10-30 07:00:00,6.6,,6.3,6.3,212350.0,VIG
2024-10-22 07:00:00,8.14,8.14,8.14,8.14,100.0,DWC
2024-01-16 07:00:00,7.43,7.99,,,1600.0,SMA
2018-03-22 07:00:00,25.89,25.89,25.89,25.89,13900.0,NAS
2017-01-16 07:00:00,4.26,,4.26,4.26,14950.0,CDO
2019-05-29 07:00:00,15.33,15.41,,15.2,140340.0,ACL
2020-07-22 07:00:00,11.64,12.73,,,2850.0,SRF
2016-06-10 07:00:00,10.19,,9.86,,8070.0,SRF
2018-09-28 07:00:00,,6.15,5.75,6.1,116454.0,CSC
2024-02-07 07:00:00,,11.64,11.33,11.33,,TCI
2023-10-05 07:00:00,,17.59,,,5000.0,DVN
2025-08-26 07:00:00,,3.2,,3.2,62800.0,MCG
2023-10-12 07:00:00,23.38,23.64,23.38,23.64,700.0,TCW
2025-07-28 07:00:00,14.82,,14.72,,,MPC
2022-07-05 07:00:00,,8.7,,,,DVG
2017-12-05 07:00:00,9.92,,9.62,,500.0,PIC
2024-04-11 07:00:00,,9.52,,,100.0,TJC
2025-02-11 07:00:00,,8.59,8.21,,525800.0,APG
2024-10-16 07:00:00,7.65,7.65,7.65,7.65,200.0,VCM
2021-06-08 07:00:00,23.97,,22.76,,16100500.0,CTG
2016-10-06 07:00:00,3.46,3.46,3.46,3.46,1000.0,EBS
2015-11-12 07:00:00,1.61,1.61,1.61,1.61,16200.0,VST
2021-03-04 07:00:00,15.01,,14.72,14.92,160400.0,NHA
2024-01-24 07:00:00,,65.4,,65.1,,SSH
2023-11-10 07:00:00,18.17,18.17,17.79,18.09,,VNR
2019-09-12 07:00:00,,1.9,1.8,1.8,6100.0,KSQ
2024-11-08 07:00:00,12.45,12.45,12.45,12.45,100.0,TDF
2019-10-22 07:00:00,4.64,4.64,,4.57,1164750.0,IDI
2022-04-08 07:00:00,20.54,20.58,19.22,19.26,6787900.0,IDI
2018-01-16 07:00:00,19.07,19.13,18.87,,33500.0,SAS
2021-11-03 07:00:00,12.72,12.72,11.7,,1246900.0,HAP
2022-12-14 07:00:00,4.09,4.09,,3.95,3391300.0,EVG
2022-01-14 07:00:00,17.83,,17.33,,173200.0,NAF
2024-06-13 07:00:00,13.7,13.7,,13.63,,VC6
2022-09-27 07:00:00,,,2.6,,,FTM
2021-09-14 07:00:00,,,7.4,8.1,6500.0,VE8
2023-10-31 07:00:00,5.7,,,,,NDT
2025-12-01 07:00:00,6.3,6.3,6.3,6.3,200.0,ILC
2024-05-14 07:00:00,10.91,,10.58,,,TJC
2016-11-14 07:00:00,1.1,,,1.2,920.0,VNH
2023-03-17 07:00:00,,,15.0,,,DPC
2019-05-31 07:00:00,0.7,,0.7,0.7,1400.0,VNH
2024-05-15 07:00:00,9.73,9.77,,9.65,1076200.0,IDI
2022-03-29 07:00:00,16.72,,16.72,16.72,,ADC
2024-08-19 07:00:00,3.67,3.82,,,,GPC
2021-09-09 07:00:00,,11.99,,11.19,,DSC
2017-01-06 07:00:00,,8.59,,8.59,9600.0,SD4
2021-02-24 07:00:00,4.89,5.01,4.77,4.86,2180300.0,IDI
2018-09-17 07:00:00,,2.6,2.51,2.57,4084910.0,DLG
2022-06-01 07:00:00,9.27,9.43,,9.43,15100.0,CDP
2020-01-02 07:00:00,3.6,3.6,,3.6,3500.0,TNS
2025-12-09 07:00:00,5.8,5.8,5.7,5.7,81500.0,VIG
2015-10-21 07:00:00,7.03,,6.94,6.94,11100.0,XPH
2016-06-20 07:00:00,12.72,12.72,12.72,,500.0,SMT
2025-07-14 07:00:00,9.72,,9.72,,71300.0,VCA
2017-05-29 07:00:00,,4.53,4.44,4.44,,SD3
2022-06-08 07:00:00,11.11,,,13.52,1000.0,VQC
2025-03-24 07:00:00,,48.56,47.07,48.4,,THG
2020-06-26 07:00:00,3.35,3.41,3.28,,,ASM
2017-10-20 07:00:00,7.61,7.61,7.61,7.61,,AGP
2018-07-10 07:00:00,8.44,8.63,8.37,8.37,58820.0,NAF
2022-01-05 07:00:00,125.8,,123.0,123.0,,VJC
2022-07-26 07:00:00,14.19,14.57,13.61,13.8,505100.0,TDC
2019-05-28 07:00:00,,3.35,3.22,3.24,,ELC
2018-06-28 07:00:00,,,18.6,,,SMT
2025-10-10 07:00:00,,10.4,10.2,10.4,,PCT
2022-07-13 07:00:00,,18.37,17.24,17.88,1120400.0,MIG
2022-05-18 07:00:00,17.81,,16.72,,,CCR
2017-11-30 07:00:00,,9.12,,9.12,824400.0,SHN
2019-07-24 07:00:00,,6.91,6.65,6.8,,ITD
2018-07-02 07:00:00,,,11.19,11.19,178149.0,DVN
2018-06-01 07:00:00,0.89,1.0,0.89,,,CDO
2017-07-25 07:00:00,1.1,1.1,1.1,,8301.0,VES
2019-05-30 07:00:00,6.81,6.81,6.65,6.65,272580.0,CRE
2022-02-09 07:00:00,,19.12,,,,SHS
2022-11-07 07:00:00,4.32,,,,10400.0,MAC
2022-05-23 07:00:00,,10.08,9.54,,133810.0,S99
2017-11-21 07:00:00,7.94,7.94,,,110.0,IHK
2018-06-14 07:00:00,7.32,,7.32,,,DGC
2023-02-08 07:00:00,,8.1,8.1,,,POS
2017-10-27 07:00:00,4.62,4.78,4.62,4.62,13200.0,BTP
2022-05-11 07:00:00,16.03,16.03,14.71,,69700.0,VNR
2023-03-20 07:00:00,13.82,13.82,13.58,13.66,1500.0,PRE
2023-03-01 07:00:00,,13.97,12.99,13.97,4045500.0,PVT
2016-07-06 07:00:00,6.34,6.77,,,,IDV
2025-04-29 07:00:00,18.9,18.9,,18.9,,HOT
2017-12-28 07:00:00,7.95,,7.95,8.66,16970.0,TMT
2018-08-10 07:00:00,,,4.09,4.24,160.0,ACL
2025-11-14 07:00:00,16.59,,,16.68,7700.0,HPD
2023-06-06 07:00:00,61.74,61.74,60.98,61.55,,KDC
2019-01-23 07:00:00,,5.6,,,156720.0,TDC
2025-07-25 07:00:00,52.59,,,52.59,19000.0,ABT
2019-10-17 07:00:00,,,10.34,10.42,,POW
2020-04-01 07:00:00,2.8,2.97,2.8,,210.0,UDC
2026-01-06 07:00:00,51.33,56.33,,52.35,2400.0,NFC
2023-08-02 07:00:00,,,4.5,4.5,100.0,HU3
2018-04-11 07:00:00,12.71,,,,2612445.0,VCG
2023-06-12 07:00:00,7.81,,7.81,,469200.0,ELC
2020-01-14 07:00:00,22.22,25.43,22.22,25.43,,HEJ
2019-12-24 07:00:00,,,,5.05,,NUE
2018-06-25 07:00:00,,28.4,27.84,28.23,1946880.0,NVL
2016-10-21 07:00:00,23.79,24.47,,,2400.0,LDP
2025-08-15 07:00:00,,,14.6,15.4,28600.0,XPH
2024-08-08 07:00:00,34.76,34.76,34.76,34.76,27124.0,AGP
2019-03-04 07:00:00,4.82,4.82,4.75,4.82,,DRI
2025-09-22 07:00:00,15.86,15.86,15.67,15.67,17500.0,DIH
2023-09-06 07:00:00,,2.6,,,52301.0,KSQ
2018-03-13 07:00:00,9.4,,,9.5,1100.0,SD4
2023-04-25 07:00:00,,1.9,1.8,1.8,,VNH
2018-03-01 07:00:00,11.73,,,,10840.0,SVC
2017-03-22 07:00:00,,3.52,3.32,3.32,38830.0,SAV
2025-01-10 07:00:00,4.9,,4.9,,1393.0,BTS
2021-07-16 07:00:00,,3.9,3.9,3.9,19000.0,SJM
2022-10-03 07:00:00,11.5,,11.2,,29500.0,VTD
2022-06-17 07:00:00,,7.54,,7.09,,BTS
2019-04-16 07:00:00,4.22,,,4.13,,VPH
2021-07-23 07:00:00,,61.61,,60.46,,NSC
2025-01-16 07:00:00,6.36,6.36,,6.36,,PBC
2016-04-25 07:00:00,,,6.74,,,HEV
2017-01-06 07:00:00,4.48,4.61,4.48,4.49,,HDG
2024-03-19 07:00:00,29.77,,29.77,29.77,,SFI
2015-11-25 07:00:00,12.06,,11.98,,209710.0,PXS
2020-06-23 07:00:00,108.5,111.0,108.2,,277520.0,VJC
2024-07-10 07:00:00,32.56,,,,10670.0,CDN
2022-06-24 07:00:00,12.37,,,12.18,2381100.0,FCN
2020-07-27 07:00:00,15.04,15.28,,,191510.0,VTD
2025-11-17 07:00:00,,1.4,1.3,1.4,,HHG
2021-11-19 07:00:00,,18.75,,17.21,15178600.0,IJC
2024-07-17 07:00:00,4.64,4.69,4.35,4.58,,HAP
2024-12-19 07:00:00,6.3,,,,6500.0,SJM
2021-06-01 07:00:00,19.46,20.62,19.24,20.12,3623200.0,HDG
2018-12-19 07:00:00,,14.77,12.96,14.77,900.0,VLC
2024-07-23 07:00:00,7.8,8.1,7.8,7.9,160903.0,CTP
2024-10-01 07:00:00,,,25.93,25.93,16406.0,GHC
2025-04-02 07:00:00,2.4,2.4,2.4,2.4,7489.0,EIN
2019-03-22 07:00:00,5.74,5.86,,5.79,52982.0,DBC
2017-06-12 07:00:00,,4.24,4.17,4.24,,TFC
2024-03-01 07:00:00,53.4,53.49,,53.4,,AVC
2017-12-27 07:00:00,7.06,,6.92,,,PHC
2024-01-15 07:00:00,,,6.86,,19120.0,VBB
2017-11-16 07:00:00,,3.37,3.31,3.36,520080.0,ANV
2019-08-05 07:00:00,2.39,2.39,2.34,2.35,11670.0,HAP
2024-11-26 07:00:00,25.66,25.88,25.39,,,HDG
2019-03-06 07:00:00,7.18,7.18,,,,TST
2022-04-14 07:00:00,8.1,8.2,,,3600.0,VPA
2020-04-21 07:00:00,6.16,6.16,,6.16,7910.0,SBV
2022-07-06 07:00:00,,16.31,,,,SC5
2016-07-07 07:00:00,12.19,12.36,11.86,12.36,,GMC
2023-03-24 07:00:00,3.76,3.78,3.7,3.76,40700.0,TNT
2023-05-08 07:00:00,8.5,8.5,8.5,,,TNB
2015-12-28 07:00:00,15.6,15.65,,15.35,,VMD
2015-11-26 07:00:00,12.99,12.56,,,,PTI
2025-12-04 07:00:00,,18.95,18.45,18.7,,VDS
2022-04-28 07:00:00,22.28,23.36,,,6900.0,CCI
2025-09-15 07:00:00,31.1,31.3,,,13400.0,CQN
2025-09-05 07:00:00,72.0,75.0,72.0,73.3,276300.0,TRC
2017-01-05 07:00:00,6.97,6.97,,,400.0,TVN
2023-07-10 07:00:00,10.5,10.72,10.28,,211000.0,ITD
2019-08-28 07:00:00,10.09,10.16,9.89,,113405.0,VRG
2018-12-11 07:00:00,,15.24,14.84,15.24,325710.0,HPX
2023-04-05 07:00:00,,,,,38608.0,THT
2015-12-07 07:00:00,,4.71,,4.71,2700.0,TST
2020-08-07 07:00:00,3.28,3.35,,,1477492.0,SHS
2022-10-31 07:00:00,4.65,4.65,4.27,4.46,,ILA
2017-07-04 07:00:00,4.24,,4.17,4.17,1750.0,TFC
2016-05-31 07:00:00,4.82,4.82,3.87,4.34,8800.0,TNB
2020-07-07 07:00:00,6.76,,6.76,6.76,600.0,XMC
2022-04-26 07:00:00,4.16,,,4.7,2921100.0,DLG
2025-10-17 07:00:00,28.75,29.5,,,1400.0,TNC
2025-02-07 07:00:00,,29.12,28.56,28.84,,D2D
2024-11-01 07:00:00,7.8,7.8,7.3,7.3,31304.0,HBS
2025-12-16 07:00:00,7.32,7.32,7.32,7.32,110700.0,HID
2023-06-09 07:00:00,4.8,5.1,4.8,5.1,260.0,L61
2021-07-07 07:00:00,16.46,,,16.46,,GHC
2020-11-26 07:00:00,5.74,5.74,5.63,5.63,1080910.0,DRH
2018-08-24 07:00:00,0.8,0.8,,0.8,6900.0,G20
2024-02-22 07:00:00,,,3.66,,7900.0,DXV
2018-10-16 07:00:00,15.1,15.1,,15.1,100.0,VXB
2020-12-15 07:00:00,,4.2,4.1,,13246.0,VKC
2018-08-24 07:00:00,5.7,5.7,5.7,5.7,3510.0,VKC
2020-01-03 07:00:00,6.12,6.12,5.72,5.72,,BLI
2024-01-30 07:00:00,,,10.8,11.0,,HEJ
2019-05-29 07:00:00,124.5,124.5,122.8,123.5,443520.0,VJC
2023-03-03 07:00:00,,3.98,3.85,3.86,,TNT
2024-07-12 07:00:00,19.1,,18.74,18.88,,SAC
2019-11-05 07:00:00,4.88,4.88,4.88,4.88,,CDP
2016-03-01 07:00:00,,,3.6,,,KTT
2017-09-08 07:00:00,4.25,4.26,4.13,,290870.0,TNT
2021-05-12 07:00:00,,12.61,,12.52,,FRT
2017-02-13 07:00:00,5.34,6.02,5.34,,,MPT
2017-09-27 07:00:00,6.5,,,,,SAM
2026-03-23 07:00:00,,4.6,,,,VIG
2021-12-15 07:00:00,13.85,13.85,,11.93,6500.0,DAS
2023-04-04 07:00:00,,14.69,,14.69,107300.0,VGV
2018-01-22 07:00:00,,,,16.11,,DAT
2024-03-28 07:00:00,26.27,,26.27,,200.0,PTI
2017-06-15 07:00:00,10.57,10.57,,,,VXB
2022-08-24 07:00:00,8.54,8.69,8.54,,,HSP
2023-10-16 07:00:00,,10.8,,10.51,,PBC
2020-12-18 07:00:00,5.08,,5.01,,,UDC
2023-06-21 07:00:00,,46.94,46.33,46.64,481800.0,VHC
2024-08-29 07:00:00,9.95,10.0,,9.87,51000.0,SRF
2023-04-12 07:00:00,1.7,1.8,1.6,1.7,61232.0,KSQ
2018-01-30 07:00:00,4.83,4.87,4.67,4.87,2529060.0,SHS
2020-11-23 07:00:00,3.26,3.28,,3.28,56600.0,PXI
2018-10-15 07:00:00,,,,,2810.0,VFG
2026-01-23 07:00:00,63.0,65.0,,61.0,66500.0,VVS
2025-03-27 07:00:00,7.6,7.6,,7.5,,VIG
2025-02-13 07:00:00,24.82,25.53,24.52,,1220900.0,ELC
2020-08-20 07:00:00,,,12.38,12.38,2000.0,CSC
2024-03-20 07:00:00,123.84,123.84,,121.83,,VEF
2025-02-19 07:00:00,13.85,13.94,,13.94,10300.0,DIH
2020-11-18 07:00:00,3.1,3.3,,3.2,47011.0,CTP
2024-11-06 07:00:00,,26.08,,25.53,1300.0,CID
2016-07-19 07:00:00,2.74,2.74,2.63,2.74,216490.0,HAP
2017-03-28 07:00:00,3.47,,,,50.0,CYC
2018-03-22 07:00:00,,,,13.94,,GHC
2018-12-28 07:00:00,15.3,15.3,,15.3,100.0,ONW
2024-07-26 07:00:00,5.4,5.6,,5.0,98303.0,TNS
2020-12-04 07:00:00,,1.3,1.2,1.2,,HHG
2026-02-13 07:00:00,0.9,,0.9,0.9,1100.0,PXA
2024-02-06 07:00:00,11.56,11.77,11.22,,,GEE
2017-05-03 07:00:00,,8.22,8.14,,,BHP
2021-08-17 07:00:00,,9.06,8.59,8.99,,GSP
2015-10-09 07:00:00,1.34,,1.32,1.32,401525.0,SHS
2020-06-26 07:00:00,8.98,,8.73,,120180.0,HDG
2021-11-16 07:00:00,,23.17,23.17,,,AVC
2022-06-14 07:00:00,29.79,,,30.31,,DHA
2021-07-21 07:00:00,,16.83,15.56,15.56,7000.0,PBC
2019-04-23 07:00:00,,14.98,14.95,,8520.0,IMP
2019-05-07 07:00:00,5.72,5.72,,5.72,100.0,POS
2025-06-12 07:00:00,,18.57,18.57,,6100.0,PRE
2024-08-15 07:00:00,,,19.69,20.0,17600.0,LAI
2018-08-28 07:00:00,10.39,10.62,10.39,10.62,1210.0,SVC
2022-12-23 07:00:00,23.86,23.9,23.86,,1500.0,TBC
2024-02-05 07:00:00,9.56,9.88,9.46,9.85,,HCD
2020-02-21 07:00:00,14.69,14.81,,14.81,35040.0,VCG
2025-01-07 07:00:00,12.06,,12.06,12.06,100.0,AG1
2021-06-14 07:00:00,,,40.25,,35631.0,MCM
2018-10-10 07:00:00,9.3,9.3,9.3,9.3,100.0,SDU
2016-07-07 07:00:00,,,,3.57,24400.0,VC6
2020-07-13 07:00:00,15.77,15.81,,15.77,103990.0,CVT
2018-02-07 07:00:00,,,4.61,4.61,100.0,BTS
2024-04-26 07:00:00,39.41,39.41,39.41,39.41,,TRC
2023-02-13 07:00:00,3.2,3.3,,,3100.0,TXM
2017-03-03 07:00:00,5.13,5.13,,4.99,1500.0,TL4
2021-09-30 07:00:00,16.32,16.62,16.25,,,BAB
2021-08-24 07:00:00,,,10.85,,2542400.0,HDB
2019-06-13 07:00:00,,7.58,7.51,,,VCA
2020-02-10 07:00:00,16.49,18.83,,,202030.0,CSC
2021-04-02 07:00:00,49.67,49.67,,,,KDC
2022-07-07 07:00:00,4.74,,4.65,,34001.0,ILA
2022-07-20 07:00:00,4.52,4.79,,4.6,,KMR
2023-08-15 07:00:00,100.5,,,101.9,823200.0,VJC
2023-04-03 07:00:00,3.33,3.48,,3.4,2212200.0,EVG
2023-11-28 07:00:00,12.51,,,,1400.0,PGB
2023-02-28 07:00:00,9.63,9.84,9.24,9.43,,CSV
2017-08-03 07:00:00,,,,4.85,7586260.0,MBB
2021-06-01 07:00:00,6.8,,6.7,,4733.0,PSB
2021-05-05 07:00:00,10.79,11.24,10.66,11.21,,PVT
2024-04-16 07:00:00,21.87,21.87,,21.49,108153.0,CSC
2025-02-11 07:00:00,8.2,,8.1,,488249.0,TVN
2020-12-29 07:00:00,22.9,23.07,22.9,,90.0,SVC
2017-10-23 07:00:00,13.47,,13.18,,72500.0,VNG
2016-12-13 07:00:00,,,,1.9,895430.0,ACM
2020-05-15 07:00:00,9.58,9.63,9.49,,,VPG
2017-08-30 07:00:00,3.09,3.09,,,,PTS
2016-04-20 07:00:00,6.66,6.78,6.6,6.6,12800.0,GHC
2025-11-12 07:00:00,13.0,,13.0,13.35,17800.0,ACC
2025-03-17 07:00:00,9.19,9.34,9.17,9.34,83800.0,TCI
2025-11-06 07:00:00,6.5,,,6.5,,TDT
2022-02-14 07:00:00,8.2,8.2,,7.9,20633.0,SD4
2024-08-30 07:00:00,50.81,50.81,50.81,50.81,700.0,AVC
2020-12-04 07:00:00,,0.8,0.7,,20350.0,CDO
2023-07-03 07:00:00,,,23.79,,724200.0,SSB
2018-07-02 07:00:00,,,16.05,,,FTM
2023-04-17 07:00:00,4.12,4.29,,4.24,71200.0,VPH
2023-04-25 07:00:00,10.91,10.91,10.91,,9100.0,QTC
2016-09-29 07:00:00,,25.2,,,3580.0,ABT
2025-07-16 07:00:00,36.2,38.0,36.2,38.0,,SZG
2021-09-07 07:00:00,21.79,22.0,,21.74,26100.0,SFI
2021-10-19 07:00:00,,24.76,24.59,24.59,42700.0,CDN
2017-12-18 07:00:00,13.57,13.87,12.87,12.97,11208.0,VCP
2016-11-17 07:00:00,5.76,,5.75,,,LBM
2022-06-30 07:00:00,3.0,3.0,2.9,,22600.0,TTZ
2021-10-20 07:00:00,9.3,9.38,9.3,,1000.0,TPP
2025-07-23 07:00:00,23.8,23.8,,23.3,6300.0,PTI
2026-01-20 07:00:00,30.19,30.29,,29.94,3457000.0,VCK
2022-10-19 07:00:00,11.17,11.59,11.12,11.54,826800.0,VOS
2016-08-23 07:00:00,3.55,3.55,3.24,,2100.0,PVO
2022-06-14 07:00:00,4.4,4.5,,,3600.0,MCO
2022-09-29 07:00:00,7.94,9.32,,9.32,,THP
2021-07-01 07:00:00,,14.59,14.27,,24500700.0,MBB
2025-06-19 07:00:00,5.7,6.3,,6.3,200.0,DC1
2018-06-18 07:00:00,6.78,7.08,6.77,7.0,514170.0,DAG
2019-09-25 07:00:00,2.54,2.54,,2.48,2900.0,NAG
2025-04-03 07:00:00,2.2,2.2,1.9,,,DTI
2021-07-20 07:00:00,,16.7,,16.09,303274.0,DVN
2022-06-06 07:00:00,8.07,,7.99,,,HMR
2017-05-11 07:00:00,5.15,5.15,5.15,5.15,17600.0,DHD
2025-07-04 07:00:00,,,,13.3,,SAC
2018-05-10 07:00:00,1.94,1.94,,1.94,100.0,HBS
2020-06-11 07:00:00,18.9,18.9,18.9,18.9,104.0,VTX
2024-08-27 07:00:00,17.25,,17.25,,,DSC
2022-05-13 07:00:00,,,12.2,12.2,15010.0,LSG
2022-01-20 07:00:00,,14.25,12.95,,,HAG
2023-04-03 07:00:00,,70.5,65.0,65.0,200500.0,SCG
2017-12-27 07:00:00,,11.94,11.66,11.88,,VCG
2021-06-28 07:00:00,,6.72,,6.61,12700.0,SAC
2022-10-05 07:00:00,,20.17,19.85,20.17,,SBA
2018-11-12 07:00:00,3.89,4.06,,,,HAC
2025-12-01 07:00:00,,17.0,14.3,14.3,,BBH
2022-03-31 07:00:00,8.5,8.7,,8.3,6100.0,TS3
2025-12-24 07:00:00,,,,34.97,900.0,TBC
2025-08-22 07:00:00,34.1,34.1,33.11,33.83,,LBM
2024-01-10 07:00:00,9.18,,9.16,9.16,,SBV
2023-07-03 07:00:00,,7.17,6.77,,,BVL
2021-07-19 07:00:00,18.09,18.26,17.5,17.5,1679500.0,DBC
2019-01-02 07:00:00,8.6,8.6,,8.6,100.0,SDU
2024-01-09 07:00:00,8.57,8.57,8.57,,100.0,CID
2020-11-24 07:00:00,,10.66,10.36,10.53,1842110.0,FCN
2022-02-24 07:00:00,9.4,9.48,9.05,,,BHA
2017-07-21 07:00:00,12.28,,,,,SMT
2023-02-17 07:00:00,4.47,,4.47,4.89,28233.0,HBS
2018-01-04 07:00:00,11.31,,11.08,,239200.0,PC1
2023-04-17 07:00:00,39.76,39.76,,39.31,1200.0,BHN
2023-07-04 07:00:00,4.0,4.0,3.4,3.4,,SD4
2025-07-11 07:00:00,14.0,14.05,,13.95,206100.0,ACC
2018-03-01 07:00:00,,7.55,,,,VIN
2019-08-23 07:00:00,30.97,,,,,CMN
2016-07-08 07:00:00,8.56,,8.52,8.6,470100.0,VNR
2017-05-08 07:00:00,,,9.42,,,SWC
2021-12-01 07:00:00,13.01,13.01,,,315004.0,ILA
2022-06-23 07:00:00,,,2.9,,11700.0,TTZ
2022-07-05 07:00:00,,,,,8500.0,PGD
2019-11-29 07:00:00,,,8.94,8.94,,AGP
2023-07-28 07:00:00,,29.82,28.79,,,HMS
2025-07-14 07:00:00,,48.1,,47.95,8661400.0,STB
2020-09-01 07:00:00,,,,9.58,6300.0,CIA
2025-09-10 07:00:00,11.49,11.58,,11.39,,VBB
2024-12-24 07:00:00,,,,,,TT6
2026-01-21 07:00:00,75.1,75.1,75.1,75.1,600.0,NSC
2025-05-22 07:00:00,23.13,23.13,22.27,,109800.0,DVN
2024-08-27 07:00:00,,,2.7,2.7,33900.0,HID
2018-05-21 07:00:00,3.68,3.68,3.63,,,ACL
2020-12-03 07:00:00,3.3,3.3,,3.3,107.0,SD3
2020-10-14 07:00:00,4.25,4.25,4.25,,50.0,TFC
2022-08-25 07:00:00,72.85,72.85,71.3,72.28,,NSC
2015-11-02 07:00:00,,1.8,1.7,1.7,84900.0,PV2
2018-03-20 07:00:00,3.48,3.61,,3.61,46530.0,S99
2025-05-15 07:00:00,,,21.07,,,PNP
2024-05-21 07:00:00,14.0,14.0,,14.0,50.0,HOT
2025-08-05 07:00:00,6.0,,6.0,,12300.0,QNC
2015-09-29 07:00:00,1.75,1.75,,1.75,16000.0,VNP
2018-12-19 07:00:00,9.22,9.22,8.56,8.56,3350.0,SFI
2019-11-18 07:00:00,17.34,17.69,17.34,17.43,1190.0,DHA
2021-11-04 07:00:00,19.69,,,19.69,902.0,CQN
2025-11-05 07:00:00,,17.8,17.1,17.2,99700.0,SBB
2024-08-23 07:00:00,18.6,,18.1,18.1,4404.0,POS
2023-08-16 07:00:00,,,7.78,7.88,613500.0,HCD
2020-01-16 07:00:00,5.15,5.15,5.15,,100.0,POS
2025-09-19 07:00:00,,9.7,,9.7,100.0,UPH
2023-06-08 07:00:00,14.0,14.0,13.75,13.75,62900.0,ACC
2024-06-28 07:00:00,0.7,,,,,ACM
2025-09-15 07:00:00,15.9,,,15.9,500.0,XPH
2020-10-30 07:00:00,3.24,3.28,,3.19,,EVG
2020-03-30 07:00:00,,9.3,,9.3,,TPP
2017-06-02 07:00:00,29.15,29.15,,29.15,11220.0,VHL
2016-01-29 07:00:00,,13.87,13.17,,1000.0,HT1
2024-04-17 07:00:00,11.9,12.39,,,3100.0,SID
2024-07-25 07:00:00,24.85,,,25.43,,HDG
2016-05-20 07:00:00,0.56,,,0.56,936190.0,GTT
2021-08-10 07:00:00,14.31,,14.13,14.49,,TAR
2024-06-27 07:00:00,28.5,,,,,VET
2018-10-22 07:00:00,5.8,,5.8,5.93,,GSP
2023-06-08 07:00:00,26.49,26.94,25.96,25.96,,CSC
2016-04-12 07:00:00,4.18,,,4.18,5600.0,POV
2023-03-15 07:00:00,,16.87,15.89,,25800.0,VMD
2024-01-18 07:00:00,11.3,,10.5,10.6,,MCO
2021-11-12 07:00:00,14.19,14.19,14.19,14.19,6000.0,DAS
2022-09-28 07:00:00,16.9,,,16.07,,DBC
2021-05-13 07:00:00,6.7,6.7,6.7,6.7,6.0,EBS
2018-08-07 07:00:00,15.6,15.6,15.6,15.6,10.0,FDC
2024-02-29 07:00:00,,,29.6,,2200.0,VET
2019-04-01 07:00:00,,,7.61,,800.0,CSC
2018-03-26 07:00:00,,2.92,2.64,2.64,57800.0,TJC
2021-02-23 07:00:00,,8.13,7.55,8.13,3700.0,TL4
2025-10-23 07:00:00,,,6.5,,,ILA
2018-08-29 07:00:00,,7.61,7.45,7.61,,VGV
2017-11-27 07:00:00,,,13.9,13.9,1000.0,TBC
2025-12-01 07:00:00,,23.09,21.74,,,VSI
2025-10-01 07:00:00,35.89,35.93,,,,TBC
2024-10-30 07:00:00,42.0,44.4,,,,STG
2024-05-03 07:00:00,15.08,15.08,14.6,14.86,267700.0,MIG
2018-04-12 07:00:00,5.6,,,5.6,100.0,BBS
2018-09-12 07:00:00,11.84,,11.6,,1712540.0,POW
2022-12-02 07:00:00,,13.16,13.16,,100.0,ADC
2019-06-25 07:00:00,,,,23.97,,TRC
2026-03-20 07:00:00,,1.7,1.5,1.7,,CDO
2026-01-19 07:00:00,6.13,6.15,6.0,6.1,1500.0,DHM
2018-07-12 07:00:00,,3.41,3.29,,,APG
2023-05-30 07:00:00,24.02,24.1,,,164500.0,VLB
2020-07-13 07:00:00,,9.34,9.05,9.17,,BTP
2023-08-07 07:00:00,24.35,24.8,24.35,24.8,171200.0,DCL
2019-09-11 07:00:00,61.73,63.35,,63.19,569250.0,MSN
2017-10-17 07:00:00,11.9,,,,57980.0,VSH
2021-05-24 07:00:00,,4.59,4.22,,189251.0,NAG
2026-04-21 07:00:00,26.45,26.85,26.45,26.85,,CVT
2022-01-28 07:00:00,6.72,,6.51,,,MCF
2023-12-01 07:00:00,,7.21,,,21200.0,HMR
2020-06-12 07:00:00,1.5,1.6,1.4,,42188.0,HHG
2017-09-22 07:00:00,,,19.7,19.7,,HPM
2025-07-10 07:00:00,,11.3,,,,POW
2016-06-03 07:00:00,4.56,4.53,4.43,4.48,15700.0,ONE
2022-10-21 07:00:00,,3.1,2.4,,4200.0,HAV
2025-08-08 07:00:00,16.38,16.38,16.38,16.38,100.0,STC
2022-07-22 07:00:00,,61.9,,61.6,,MML
2020-06-26 07:00:00,6.07,,6.01,,,MIG
2025-06-30 07:00:00,2.9,2.9,2.9,,3600.0,BTN
2025-12-29 07:00:00,13.8,,13.8,13.8,,VLC
2021-07-06 07:00:00,7.68,,,7.39,1662800.0,ASM
2026-02-25 07:00:00,,53.5,,52.3,,DGW
2017-06-21 07:00:00,19.06,,19.06,19.31,58520.0,TRC
2021-12-13 07:00:00,,49.97,49.97,,32700.0,GMA
2023-07-24 07:00:00,19.02,19.02,18.54,,,VNR
2024-10-25 07:00:00,7.6,7.6,,,,AFX
2017-12-25 07:00:00,,,,2.13,,VMG
2019-04-05 07:00:00,2.28,2.28,2.28,2.28,300.0,HBS
2024-04-11 07:00:00,,,36.05,,570400.0,DPR
2021-03-31 07:00:00,13.34,13.82,13.15,,792200.0,TVN
2017-12-04 07:00:00,4.9,,4.7,,16137.0,UNI
2023-01-09 07:00:00,9.8,9.8,,9.4,7900.0,GMC
2018-07-11 07:00:00,4.38,4.38,4.29,,,PVO
2018-03-01 07:00:00,8.39,8.86,,,1100.0,TXM
2017-04-26 07:00:00,6.62,,6.6,,,CSC
2020-04-13 07:00:00,1.5,1.51,1.45,1.51,25070.0,MCG
2016-05-06 07:00:00,1.06,1.06,1.06,1.06,3800.0,SJM
2020-01-17 07:00:00,3.6,3.8,3.6,,2100.0,CTP
2019-03-04 07:00:00,,6.13,5.91,,619900.0,TPB
2024-08-21 07:00:00,7.38,7.38,7.22,,113300.0,CRE
2025-07-04 07:00:00,2.3,2.3,,2.1,,SD4
2016-07-18 07:00:00,9.01,9.43,9.01,9.43,,BVS
2024-05-15 07:00:00,59.35,61.36,59.35,59.47,,ACV
2023-10-30 07:00:00,15.83,,15.83,,500.0,VIF
2023-12-26 07:00:00,10.25,10.25,10.25,10.25,,POS
2020-10-02 07:00:00,3.4,,3.4,,,NDT
2024-03-19 07:00:00,9.38,9.54,9.21,,,ASM
2022-10-04 07:00:00,6.83,6.83,6.41,6.75,1800.0,DC1
2023-07-14 07:00:00,20.77,21.01,20.71,20.89,66400.0,D2D
2016-03-01 07:00:00,,14.26,14.26,14.26,560.0,SC5
2019-07-03 07:00:00,11.52,,,11.56,977510.0,FCN
2024-09-12 07:00:00,50.08,,49.57,49.66,1608.0,APF
2024-12-19 07:00:00,8.97,8.97,,,2600.0,NUE
2016-10-31 07:00:00,8.5,8.8,,8.8,,ATS
2025-08-07 07:00:00,42.0,42.0,42.0,,2500.0,TAN
2023-10-18 07:00:00,,,,10.3,3501.0,EBS
2021-07-09 07:00:00,6.48,6.52,6.35,6.35,55900.0,ACC
2020-09-15 07:00:00,10.73,11.13,10.69,,634680.0,DGW
2018-03-28 07:00:00,,5.86,5.86,5.86,300.0,SPD
2026-02-06 07:00:00,2.2,2.2,2.1,2.1,1300.0,SD6
2018-01-16 07:00:00,,,18.13,18.39,127870.0,STG
2015-12-01 07:00:00,7.76,7.96,,7.56,,DAG
2018-01-02 07:00:00,8.6,8.6,8.42,8.46,,CSV
2022-04-13 07:00:00,14.3,14.85,,,4440700.0,TTF
2016-09-16 07:00:00,8.2,,7.15,7.87,,BTS
2025-11-12 07:00:00,,,,,280500.0,CSV
2026-03-13 07:00:00,9.1,9.1,,9.1,,PTS
2022-12-30 07:00:00,3.76,,3.68,3.68,364900.0,TGG
2020-12-08 07:00:00,10.4,,10.3,10.3,12100.0,PCM
2024-04-22 07:00:00,6.03,,,,1600.0,TLP
2024-06-20 07:00:00,,22.84,21.86,22.43,8651900.0,PC1
2017-09-14 07:00:00,10.55,10.55,,10.39,501670.0,HT1
2016-11-30 07:00:00,,7.65,6.9,,300.0,PCT
2015-12-31 07:00:00,,3.35,3.13,3.35,,VDS
2019-08-20 07:00:00,,13.87,13.87,,,CIA
2023-12-11 07:00:00,28.7,28.7,28.7,,300.0,BLT
2021-06-11 07:00:00,22.32,22.32,21.98,22.32,,TCW
2023-05-31 07:00:00,11.11,11.35,11.11,11.21,134000.0,ACL
2019-03-11 07:00:00,3.89,3.89,3.3,3.81,6100.0,HAC
2024-10-23 07:00:00,6.12,6.31,6.12,6.31,,TLP
2020-03-27 07:00:00,,,9.78,9.82,1090.0,PNC
2021-08-23 07:00:00,45.05,45.9,44.3,44.6,559100.0,DCL
2025-10-24 07:00:00,9.1,,,9.4,153600.0,S99
2017-01-18 07:00:00,4.18,4.18,,4.18,10.0,HU3
2021-06-10 07:00:00,3.5,,3.5,3.55,17300.0,PXI
2026-03-19 07:00:00,,2.4,2.4,2.4,,EIN
2024-08-16 07:00:00,,0.7,0.6,0.7,225338.0,ACM
2025-01-10 07:00:00,10.16,,10.16,11.19,200.0,SGS
2023-02-27 07:00:00,,,6.73,7.19,,ABR
2025-01-02 07:00:00,46.55,47.09,46.05,46.9,75300.0,IMP
2018-01-04 07:00:00,8.51,8.51,8.51,8.51,1000.0,TTC
2017-06-26 07:00:00,10.22,10.22,,10.22,100.0,PIS
2024-12-13 07:00:00,33.4,33.4,,,900.0,VSF
2022-03-04 07:00:00,,13.94,13.59,13.63,3511600.0,IDI
2022-11-10 07:00:00,1.7,1.7,1.5,1.5,231825.0,HHG
2025-08-14 07:00:00,21.8,22.4,21.7,21.8,51500.0,VNR
2025-11-14 07:00:00,13.94,13.94,,13.87,2100.0,SGS
2020-03-03 07:00:00,1.73,1.73,1.65,,59650.0,MCG
2025-01-20 07:00:00,1.7,,1.7,,142976.0,MCG
2023-03-20 07:00:00,11.45,11.5,11.05,,9860500.0,NVL
2022-06-14 07:00:00,22.75,24.3,22.75,24.3,,ANV
2016-03-31 07:00:00,5.5,5.6,,5.5,,PXI
2016-06-13 07:00:00,3.32,3.32,3.28,3.32,,IDI
2025-05-15 07:00:00,,,6.14,6.14,,TBR
2026-04-06 07:00:00,,29.2,,,,TET
2016-02-02 07:00:00,,5.34,,,,SGD
2023-03-06 07:00:00,,2.1,2.0,,,PXI
2023-10-24 07:00:00,,2.9,2.9,2.9,2500.0,HAV
2025-01-07 07:00:00,8.8,,,8.9,,DHB
2017-06-16 07:00:00,4.24,4.24,4.11,4.17,,TFC
2019-01-11 07:00:00,20.18,20.18,20.18,,10.0,PNC
2015-11-18 07:00:00,,9.62,,,46400.0,SSN
2025-06-05 07:00:00,22.37,22.37,21.99,22.18,78300.0,DVN
2023-12-26 07:00:00,5.5,5.6,,,,BTS
2019-03-06 07:00:00,11.24,11.24,11.24,11.24,5200.0,BAB
2026-04-03 07:00:00,20.3,20.5,20.3,,2500.0,PNP
2023-01-16 07:00:00,10.47,10.51,,10.28,,TPB
2025-05-23 07:00:00,15.74,15.74,,,,QTC
2021-11-29 07:00:00,37.0,,37.0,,400.0,MH3
2017-04-12 07:00:00,4.99,,4.99,,,TL4
2020-12-16 07:00:00,3.59,3.76,3.59,3.76,67100.0,ONE
2024-08-14 07:00:00,,,,19.03,2116300.0,SSB
2022-02-28 07:00:00,10.5,10.5,10.08,,2800.0,DWS
2020-02-27 07:00:00,12.23,12.23,12.1,,,IDV
2019-08-16 07:00:00,8.89,9.27,8.89,9.23,5840.0,SFI
2026-02-04 07:00:00,,,104.0,105.0,27300.0,LHC
2024-06-04 07:00:00,9.4,9.5,,9.0,431175.0,VTD
2018-01-12 07:00:00,,5.47,5.38,5.44,,HCD
2022-08-02 07:00:00,3.3,3.5,3.2,,207001.0,PXI
2021-10-01 07:00:00,,15.31,14.88,,4639400.0,PVT
2017-03-27 07:00:00,,27.45,,27.45,100.0,DPC
2021-10-14 07:00:00,22.18,,22.18,22.23,700.0,GMC
2023-12-25 07:00:00,82.07,83.43,,83.11,,FRT
2018-11-14 07:00:00,,14.35,14.35,,,X26
2019-06-12 07:00:00,7.15,7.16,7.03,,1339830.0,TPB
2024-05-30 07:00:00,,23.9,22.86,23.64,9600.0,HPD
2021-09-28 07:00:00,,24.51,24.02,24.43,,CDN
2023-07-20 07:00:00,76.89,76.89,,76.7,268200.0,BCM
2025-06-19 07:00:00,,,11.34,12.03,56400.0,DSC
2025-07-23 07:00:00,,9.94,9.65,9.94,300.0,TPP
2016-10-10 07:00:00,7.85,7.87,7.62,7.62,343710.0,DBC
2019-11-20 07:00:00,35.3,,34.7,,,VRE
2025-12-01 07:00:00,,51.17,50.49,51.17,328800.0,KDC
2017-10-06 07:00:00,,4.06,4.0,4.04,,KMR
2019-11-06 07:00:00,3.69,3.72,,3.71,,ASM
2019-02-15 07:00:00,10.26,10.26,9.96,,,DGC
2017-06-13 07:00:00,8.3,8.3,8.15,8.15,,ND2
2016-10-31 07:00:00,,4.3,,4.3,410.0,PXI
2020-01-13 07:00:00,,6.13,5.81,,,ITD
2020-12-21 07:00:00,19.92,21.18,,,2930.0,DAT
2018-11-09 07:00:00,9.86,10.24,9.82,,,DRH
2020-12-25 07:00:00,6.41,,6.36,6.86,2448100.0,DRH
2017-06-02 07:00:00,8.01,8.01,8.01,8.01,16000.0,TNC
2024-01-12 07:00:00,9.1,9.2,8.9,8.9,11475.0,LSG
2018-01-12 07:00:00,1.75,1.75,1.75,,160.0,SCL
2023-08-25 07:00:00,2.82,2.82,2.71,,,ALV
2019-10-28 07:00:00,46.96,47.14,46.18,,51576.0,ACV
2022-01-21 07:00:00,14.0,14.2,13.3,13.6,814906.0,VIG
2019-01-28 07:00:00,,,7.29,7.29,500.0,SGD
2022-06-21 07:00:00,,5.55,,5.55,4000.0,SD2
2020-06-18 07:00:00,4.4,4.9,,4.9,,VKC
2021-07-05 07:00:00,,11.34,,,270200.0,TCI
2021-05-25 07:00:00,,7.29,6.88,7.29,51200.0,TTN
2018-08-03 07:00:00,17.69,,17.62,17.62,80.0,UIC
2026-02-11 07:00:00,29.6,,29.2,29.5,4100.0,GSM
2021-12-14 07:00:00,,22.25,21.59,,300.0,TDF
2021-10-29 07:00:00,12.96,12.96,12.37,12.56,952200.0,HAP
2018-07-31 07:00:00,6.97,7.1,,7.05,1501400.0,HDB
2025-05-26 07:00:00,,13.78,,13.78,7114300.0,VOS
2022-08-10 07:00:00,23.18,23.48,23.18,,1300.0,TBC
2018-03-30 07:00:00,0.7,0.7,,0.7,,STL
2021-11-08 07:00:00,,27.39,26.51,26.69,,CLX
2026-04-14 07:00:00,11.8,,11.5,11.5,2200.0,MIC
2024-07-12 07:00:00,,,,,,DHA
2025-04-09 07:00:00,36.94,39.47,,,,ABT
2024-04-19 07:00:00,,22.47,21.44,21.68,13040500.0,CTG
2022-08-25 07:00:00,19.62,,19.62,19.89,,MPC
2024-12-18 07:00:00,12.8,12.8,,12.8,,VNI
2022-02-25 07:00:00,,19.67,19.11,19.36,37017.0,VNR
2021-01-14 07:00:00,2.2,,2.1,,23600.0,KSQ
2021-12-28 07:00:00,,,,62.61,,CTR
2023-03-06 07:00:00,5.38,,5.38,,,NDX
2020-08-04 07:00:00,10.84,10.84,10.58,10.67,955480.0,CTI
2022-03-22 07:00:00,13.63,15.1,13.41,14.58,,CST
2021-08-24 07:00:00,,,19.2,19.73,5600.0,AVC
2021-12-27 07:00:00,,20.63,19.74,19.74,6300.0,SFN
2022-11-17 07:00:00,3.58,,3.58,,210800.0,VPH
2018-12-12 07:00:00,6.21,,6.21,,46702.0,DBC
2024-03-27 07:00:00,3.9,3.9,,3.7,76800.0,EIN
2022-04-26 07:00:00,16.4,17.2,16.4,,,AFX
2024-10-03 07:00:00,,25.77,25.07,25.2,6672200.0,DBC
2023-07-04 07:00:00,4.08,4.09,4.0,,638500.0,JVC
2021-05-12 07:00:00,,8.68,8.68,8.68,100.0,TMT
2018-07-02 07:00:00,,,135.3,135.89,254710.0,VJC
2021-12-30 07:00:00,11.45,11.63,11.18,,,TLP
2022-12-26 07:00:00,13.11,,12.43,12.56,,NHH
2016-04-26 07:00:00,,9.43,,9.15,,ELC
2017-03-31 07:00:00,,6.09,5.18,6.09,,CKD
2020-03-27 07:00:00,5.15,,,5.06,,KST
2018-01-12 07:00:00,1.3,,1.3,1.3,160400.0,PXA
2021-06-24 07:00:00,12.38,,12.18,12.22,951900.0,FRT
2025-07-04 07:00:00,11.0,11.0,11.0,,,VHL
2026-04-02 07:00:00,,10.4,9.9,,43700.0,VCC
2019-03-08 07:00:00,,,4.0,,12700.0,KST
2022-07-22 07:00:00,7.2,7.8,,7.4,79900.0,SSN
2019-08-08 07:00:00,8.34,,,,359372.0,DGC
2022-10-03 07:00:00,66.94,,,62.92,4700.0,VEF
2017-03-09 07:00:00,,3.58,3.58,3.58,3139.0,G20
2018-07-10 07:00:00,4.08,4.15,4.08,4.15,700.0,ABR
2021-06-23 07:00:00,87.69,87.69,87.02,,5500.0,VEF
2026-03-10 07:00:00,30.1,31.5,,,16100.0,CDN
2024-01-18 07:00:00,45.04,45.84,44.86,45.84,,DHA
2016-03-28 07:00:00,8.8,9.32,,9.11,24200.0,VTH
2021-08-16 07:00:00,,,12.46,12.84,,TPB
2016-10-07 07:00:00,6.0,6.2,6.0,6.0,,UNI
2021-10-12 07:00:00,,14.33,14.25,14.33,1700.0,VIN
2022-04-19 07:00:00,11.56,,,,4900.0,PPP
2017-06-02 07:00:00,,,16.45,16.45,100.0,CID
2025-10-31 07:00:00,,8.6,7.1,8.5,13700.0,DC1
2022-04-27 07:00:00,6.29,6.38,6.29,6.38,1900.0,AG1
2024-01-29 07:00:00,26.17,26.5,26.17,26.17,29900.0,SFI
2019-07-25 07:00:00,13.82,13.82,,,,GND
2025-05-09 07:00:00,8.7,,8.3,,35800.0,ICG
2024-01-04 07:00:00,6.91,6.91,6.64,,522332.0,DRI
2022-04-14 07:00:00,47.7,,47.7,50.6,3100.0,HEJ
2019-10-11 07:00:00,12.81,12.98,,12.98,,CSM
2021-08-09 07:00:00,30.83,30.83,30.83,30.83,,TRC
2019-03-22 07:00:00,11.49,,,11.49,500.0,HLS
2023-04-21 07:00:00,6.0,,6.0,6.0,5825.0,QNC
2023-01-31 07:00:00,21.39,21.39,,21.39,5600.0,GHC
2022-03-01 07:00:00,,,,,1700.0,NUE
2019-03-27 07:00:00,16.44,16.91,16.19,16.61,86970.0,D2D
2022-07-05 07:00:00,,16.85,,15.54,2980500.0,VOS
2016-09-26 07:00:00,,27.45,21.4,21.4,2100.0,NDC
2020-10-20 07:00:00,,,15.13,15.99,,VRG
2022-05-25 07:00:00,16.32,17.27,,,,FCN
2024-10-28 07:00:00,,37.46,37.37,37.37,2100.0,TBC
2016-05-25 07:00:00,3.89,,3.63,3.63,32100.0,NDX
2018-11-26 07:00:00,63.6,64.91,63.52,64.14,930.0,BHN
2021-01-21 07:00:00,10.07,10.64,9.96,10.62,693500.0,VPG
2022-08-23 07:00:00,9.46,9.46,,,,SGS
2016-06-20 07:00:00,3.62,,3.59,3.7,,VPH
2019-08-09 07:00:00,,11.32,11.0,11.24,20600.0,DVN
2021-02-01 07:00:00,14.86,,14.86,14.86,2100.0,BAB
2015-10-09 07:00:00,2.86,2.88,2.82,2.82,,MBB
2025-04-29 07:00:00,32.48,33.07,32.0,,16200.0,CQN
2018-07-30 07:00:00,2.64,2.68,2.63,2.68,92620.0,HID
2021-11-01 07:00:00,7.12,7.18,7.06,,6310.0,ANT
2019-08-07 07:00:00,1.3,,1.21,1.3,64900.0,ILA
2021-07-19 07:00:00,,5.45,5.09,,12358.0,BTS
2020-07-02 07:00:00,7.85,7.85,7.85,7.85,,VGV
2023-07-31 07:00:00,16.46,,,16.66,257584.0,VLC
2018-11-20 07:00:00,8.88,,8.8,9.1,17400.0,BVS
2019-11-29 07:00:00,35.29,,35.29,,12498.0,VCP
2020-10-29 07:00:00,,12.38,,,,HT1
2020-07-09 07:00:00,,,,,60300.0,TTZ
2018-02-21 07:00:00,38.56,38.56,32.66,35.98,2381.0,VHL
2026-03-30 07:00:00,75.5,75.9,,,,CLM
2020-06-09 07:00:00,,,,,,FTM
2024-07-26 07:00:00,,10.56,10.47,10.56,2500.0,VNP
2021-12-02 07:00:00,20.0,20.21,19.68,19.68,523400.0,VDS
2022-12-21 07:00:00,20.43,,19.18,20.3,1337200.0,HDG
2017-02-15 07:00:00,10.54,,10.39,10.45,111360.0,SVC
2022-03-02 07:00:00,42.5,42.5,42.5,42.5,900.0,VXB
2020-07-06 07:00:00,46.34,46.99,46.26,46.66,855780.0,MSN
2021-07-12 07:00:00,6.28,6.28,6.04,,400.0,DHD
2017-11-28 07:00:00,7.35,,,,14.0,SD6
2025-03-10 07:00:00,132.53,132.53,132.43,132.53,1400.0,NDC
2024-08-01 07:00:00,7.3,7.4,,6.6,,TXM
2026-02-04 07:00:00,28.2,,28.0,,28900.0,SBA
2021-01-19 07:00:00,13.58,,12.33,13.06,46405.0,CSC
2024-04-26 07:00:00,3.18,3.18,2.94,2.94,600.0,ALV
2018-08-16 07:00:00,,11.26,11.11,11.26,4010.0,D2D
2022-04-01 07:00:00,,8.7,8.7,,100.0,ILC
2017-07-06 07:00:00,3.6,,,3.5,,JVC
2017-02-24 07:00:00,,4.96,4.96,4.96,6000.0,HPD
2025-12-24 07:00:00,,9.1,,,1600300.0,CRE
2019-01-10 07:00:00,53.82,53.89,53.55,53.55,14700.0,VEF
2021-06-04 07:00:00,27.41,27.41,25.44,,,BVS
2023-02-24 07:00:00,21.04,,21.04,21.04,5.0,NDP
2018-12-12 07:00:00,2.32,2.34,,2.34,32460.0,HID
2024-08-02 07:00:00,,15.6,14.7,,,MCO
2021-02-03 07:00:00,,2.9,,2.9,1228304.0,DST
2019-08-08 07:00:00,,,17.38,17.61,619570.0,HPX
2022-04-20 07:00:00,6.9,,6.8,6.9,,SD4
2017-10-17 07:00:00,,15.61,14.96,15.61,200.0,SMT
2024-07-18 07:00:00,16.4,17.85,,17.56,9800.0,VIF
2020-12-18 07:00:00,5.54,,,5.59,25750.0,TTN
2022-09-09 07:00:00,23.56,,23.56,,2400.0,TMB
2023-11-17 07:00:00,3.3,3.3,3.3,,200.0,VMG
2022-06-07 07:00:00,11.67,11.96,,11.29,80017.0,PVO
2021-02-18 07:00:00,,5.99,5.55,,3714.0,NDX
2025-08-08 07:00:00,,17.2,17.2,17.2,100.0,SC5
2026-03-26 07:00:00,23.4,23.4,,23.0,36400.0,L14
2023-02-23 07:00:00,6.5,6.5,,6.5,100.0,HKT
2021-07-08 07:00:00,,11.31,,10.95,2100.0,QTC
2015-12-09 07:00:00,,,2.12,,36500.0,PHC
2020-11-17 07:00:00,,,6.78,6.99,28200.0,POS
2025-10-31 07:00:00,,13.35,13.0,13.35,,ACC
2021-12-27 07:00:00,16.73,16.73,16.73,,18658.0,BLI
2018-07-18 07:00:00,2.29,2.47,2.29,2.47,,ALV
2020-09-01 07:00:00,6.91,6.96,6.82,,,PLP
2021-03-04 07:00:00,45.16,45.43,43.5,,,KDC
2022-03-24 07:00:00,14.36,,14.22,,118800.0,CST
2016-05-24 07:00:00,,,5.23,5.23,,SGD
2023-08-03 07:00:00,,,14.63,14.89,95270.0,PGB
2023-05-30 07:00:00,27.48,,27.32,27.44,,SFI
2017-11-27 07:00:00,,12.62,12.44,12.62,7670.0,SRF
2023-09-13 07:00:00,9.5,9.9,9.0,9.7,11254.0,LSG
2024-07-04 07:00:00,36.84,36.84,36.84,36.84,847.0,SGH
2017-12-29 07:00:00,,12.83,12.51,12.83,1290.0,TBC
2020-09-21 07:00:00,22.28,22.78,22.21,,13220.0,DBD
2023-07-28 07:00:00,,1.8,1.5,1.5,587881.0,CDO
2019-01-14 07:00:00,,3.73,3.73,3.73,700.0,BTS
2021-03-09 07:00:00,,4.57,4.57,,,DXV
2018-09-18 07:00:00,1.65,,1.65,,,BMJ
2019-06-28 07:00:00,2.3,2.3,,2.3,28000.0,PXA
2021-06-16 07:00:00,38.46,38.46,,38.22,4400.0,YTC
2017-10-17 07:00:00,1.4,1.5,1.4,1.4,48500.0,PXA
2019-07-25 07:00:00,9.05,9.48,9.05,9.48,1400.0,CLX
2026-03-06 07:00:00,7.6,,7.4,,2300.0,SBV
2019-03-08 07:00:00,17.8,17.8,,17.8,100.0,L61
2018-02-13 07:00:00,9.11,9.48,,,58600.0,CTP
2022-03-04 07:00:00,,31.71,,31.71,7400.0,ABT
2022-10-11 07:00:00,,,11.97,,,CTG
2026-01-26 07:00:00,16.0,16.3,,16.0,,MPC
2020-08-27 07:00:00,1.7,1.7,,,,MPT
2022-06-01 07:00:00,22.88,22.96,22.88,,3600.0,TBC
2023-06-12 07:00:00,6.0,6.0,6.0,6.0,100.0,UPH
2022-08-05 07:00:00,10.39,10.47,,10.39,50200.0,THT
2021-03-23 07:00:00,51.7,51.7,51.32,,50600.0,MCM
2023-11-16 07:00:00,7.8,,7.61,7.77,278100.0,HCD
2021-08-24 07:00:00,11.64,11.71,11.43,11.64,,SBA
2024-07-30 07:00:00,12.88,12.92,12.58,12.78,113400.0,FCN
2025-11-10 07:00:00,,2.68,2.55,2.55,,DLG
2020-05-06 07:00:00,2.32,2.35,2.27,2.35,1323172.0,SHS
2021-12-13 07:00:00,,,20.94,20.94,,TNB
2022-07-21 07:00:00,15.86,15.93,15.42,,,CSV
2020-07-03 07:00:00,44.44,44.44,43.18,44.1,2220.0,BHN
2018-06-18 07:00:00,4.29,,4.29,4.29,8090.0,ICG
2022-07-25 07:00:00,29.1,,29.1,,900.0,HOT
2019-04-25 07:00:00,5.4,5.4,5.3,5.3,,XPH
2025-05-08 07:00:00,,6.6,6.5,6.5,1300.0,ILC
2025-05-15 07:00:00,21.83,,,21.74,526800.0,ELC
2020-05-26 07:00:00,20.32,20.32,20.32,20.32,100.0,AGX
2023-09-07 07:00:00,,,21.02,21.02,,LBM
2025-02-10 07:00:00,31.67,33.3,31.67,33.3,,AGP
2017-12-11 07:00:00,3.14,,2.94,2.94,60.0,ACL
2022-03-10 07:00:00,11.07,11.51,10.91,10.95,814400.0,HCD
2017-12-05 07:00:00,57.26,57.26,51.62,,,ACV
2019-11-21 07:00:00,18.43,20.24,,20.24,,VTD
2026-04-08 07:00:00,,3.73,3.5,,60700.0,VPH
2022-01-28 07:00:00,7.4,7.4,7.4,7.4,200.0,S72
2017-12-06 07:00:00,9.32,9.32,,9.14,80270.0,VCI
2018-08-01 07:00:00,2.51,2.57,2.41,2.5,204480.0,HTT
2024-01-23 07:00:00,8.43,,8.17,8.35,11060.0,PCH
2016-04-19 07:00:00,,,,,,SAS
2023-07-05 07:00:00,4.16,4.24,,4.16,,PCH
2025-06-13 07:00:00,,,7.72,7.85,4900.0,VNG
2021-08-09 07:00:00,110.75,116.54,110.75,116.54,1525400.0,MSN
2017-05-22 07:00:00,,5.13,5.06,5.06,10100.0,TL4
2017-08-15 07:00:00,5.19,,5.19,,,GSP
2023-10-03 07:00:00,,22.79,21.45,22.0,33100.0,DIH
2025-02-25 07:00:00,32.4,32.5,31.7,31.95,,BAF
2026-02-04 07:00:00,35.1,35.1,35.1,35.1,300.0,NAS
2015-11-09 07:00:00,4.52,,,4.46,77520.0,DBC
2022-04-13 07:00:00,22.29,22.45,21.34,22.45,11900.0,VCC
2019-09-10 07:00:00,,14.54,,14.54,,IMP
2024-06-28 07:00:00,15.56,,15.12,,,ITD
2019-06-17 07:00:00,5.94,5.94,5.94,5.94,20.0,VNL
2020-07-24 07:00:00,,16.7,,16.7,500.0,DNH
2024-09-05 07:00:00,3.0,3.1,3.0,,16334.0,DST
2015-10-19 07:00:00,,,4.5,,,KSQ
2016-08-18 07:00:00,,2.53,2.36,2.53,21420.0,HBS
2024-07-19 07:00:00,5.6,,5.6,5.6,,S72
2021-01-05 07:00:00,5.35,5.7,5.26,,604600.0,HAP
2016-11-02 07:00:00,5.75,5.97,5.75,5.94,36510.0,LBM
2023-03-22 07:00:00,,10.42,,10.26,,VNL
2022-08-11 07:00:00,5.3,5.3,5.2,,8800.0,VNY
2025-10-28 07:00:00,20.1,20.2,20.0,20.0,85800.0,PCH
2021-07-30 07:00:00,6.8,6.8,6.8,6.8,100.0,L63
2020-08-12 07:00:00,12.23,,,12.01,2400.0,VSH
2024-09-16 07:00:00,25.51,,,25.51,,TRS
2026-01-19 07:00:00,8.37,8.38,8.2,,20000.0,VCA
2018-08-22 07:00:00,,5.9,,5.84,435620.0,TPB
2020-03-18 07:00:00,,13.53,13.32,13.37,148970.0,AGG
2025-07-18 07:00:00,11.95,12.1,,11.87,81900.0,CTX
2018-04-03 07:00:00,1.71,1.8,,1.71,,MCO
2024-12-23 07:00:00,28.89,29.36,,29.26,15867.0,TCW
2017-03-22 07:00:00,1.04,1.04,0.98,1.01,27120.0,VOS
2022-09-12 07:00:00,4.16,4.16,,,,CX8
2017-09-15 07:00:00,,8.37,,8.37,14965.0,MH3
2026-01-05 07:00:00,,,17.4,17.45,203100.0,MIG
2023-02-16 07:00:00,,,8.68,9.07,58900.0,NHA
2021-12-14 07:00:00,8.4,8.5,8.3,8.5,,SD3
2023-03-09 07:00:00,2.8,2.9,2.8,2.8,136741.0,DVG
2016-02-04 07:00:00,5.3,5.37,,,,SAM
2021-08-24 07:00:00,28.92,,,,,D2D
2023-09-07 07:00:00,3.82,3.88,3.79,3.82,,KMR
2021-04-15 07:00:00,18.32,18.4,,17.56,2033392.0,S99
2018-01-23 07:00:00,7.37,7.37,,7.37,48400.0,VCC
2021-07-20 07:00:00,,,,9.0,200.0,SDU
2025-08-08 07:00:00,11.2,11.2,11.0,,400.0,BMJ
2017-07-18 07:00:00,4.06,4.06,,4.06,110.0,DXV
2022-07-01 07:00:00,28.98,28.98,28.98,28.98,26.0,HC3
2018-10-05 07:00:00,20.71,20.71,17.41,17.41,300.0,PJC
2021-06-03 07:00:00,,,,,9400.0,CIA
2020-02-27 07:00:00,22.66,22.66,22.66,,50.0,BCM
2023-08-24 07:00:00,15.15,,,15.3,,CTI
2017-08-15 07:00:00,2.18,2.18,,2.09,22220.0,MCO
2021-01-04 07:00:00,5.18,,,,1414800.0,HAP
2020-10-21 07:00:00,0.8,0.9,0.8,0.9,53310.0,PVV
2023-07-11 07:00:00,8.4,9.43,8.4,9.43,1200.0,PTS
2021-05-18 07:00:00,,,,7.05,2694800.0,ASM
2019-04-17 07:00:00,20.6,20.6,19.6,20.5,,DCL
2021-08-25 07:00:00,12.61,,12.36,,,VCA
2023-02-07 07:00:00,23.85,23.85,,,100.0,VCP
2023-03-23 07:00:00,6.22,6.4,6.22,6.4,12710.0,HMR
2022-05-11 07:00:00,7.88,,7.79,7.79,5000.0,ONE
2018-09-17 07:00:00,,,,4.62,52400.0,VNP
2023-03-10 07:00:00,,9.8,9.64,9.7,,TDC
2021-04-23 07:00:00,,13.0,,13.0,600.0,DAS
2020-01-10 07:00:00,10.0,,,10.1,14400.0,VSF
2018-09-28 07:00:00,,,,1.33,,MCO
2022-09-06 07:00:00,15.18,,15.18,15.42,171100.0,CST
2024-10-18 07:00:00,0.9,1.0,0.8,0.8,,JOS
2019-08-07 07:00:00,5.37,5.37,5.37,,,KGM
2024-05-29 07:00:00,11.51,11.8,,,14010.0,SID
2024-02-20 07:00:00,34.1,34.28,34.1,34.28,,TBC
2023-07-21 07:00:00,,3.6,3.4,3.6,,KTT
2019-10-07 07:00:00,6.5,6.5,6.31,6.33,,CSV
2017-07-04 07:00:00,,,,6.74,25440.0,HAS
2020-01-22 07:00:00,1.07,,1.02,,,HTT
2026-01-09 07:00:00,6.1,6.1,6.1,6.1,200.0,ILC
2024-10-02 07:00:00,7.99,7.99,7.99,7.99,,DAT
2019-03-27 07:00:00,66.3,,,,389620.0,VHM
2026-04-23 07:00:00,18.8,18.8,18.8,,100.0,SFN
2026-03-12 07:00:00,8.6,,8.6,8.6,2900.0,VTH
2025-03-27 07:00:00,5.4,,,,,BTS
2021-06-28 07:00:00,6.86,7.05,6.79,6.84,229800.0,PXS
2018-11-28 07:00:00,,11.53,,11.53,,CDN
2021-11-16 07:00:00,12.9,,12.08,12.72,,BTS
2019-07-15 07:00:00,8.65,8.65,8.65,,,TST
2023-12-28 07:00:00,7.43,7.43,,7.43,158400.0,NAG
2025-07-25 07:00:00,1.6,1.6,,1.5,136400.0,PVV
2018-10-29 07:00:00,13.23,13.23,,13.23,100.0,AGX
2023-02-10 07:00:00,11.48,11.48,11.0,11.12,69700.0,ITD
2024-03-13 07:00:00,7.91,,,8.79,200.0,CX8
2017-10-16 07:00:00,8.33,8.33,8.33,8.33,10.0,DNC
2018-03-30 07:00:00,6.02,,6.02,,9420.0,PVO
2024-11-01 07:00:00,37.31,38.28,37.31,,,BHN
2021-09-28 07:00:00,3.51,,3.51,3.74,390300.0,PXI
2025-02-20 07:00:00,57.13,57.13,,,198000.0,KDC
2018-04-24 07:00:00,15.74,,15.66,15.66,,IMP
2025-11-06 07:00:00,5.9,,5.5,,,QNC
2022-05-09 07:00:00,11.02,11.02,10.29,11.02,900.0,PTS
2020-04-28 07:00:00,4.09,4.14,4.06,4.11,218790.0,CRE
2019-04-16 07:00:00,,,,7.01,4400.0,X20
2025-08-05 07:00:00,,12.46,12.27,12.46,,X20
2018-12-04 07:00:00,16.29,16.29,15.38,,16110.0,IMP
2024-07-30 07:00:00,,9.43,,8.88,,NUE
2023-12-27 07:00:00,3.16,3.19,,3.17,,DAG
2025-11-05 07:00:00,8.41,8.99,8.41,,1800.0,VCA
2020-09-28 07:00:00,3.53,3.53,,3.53,100.0,HBH
2018-05-03 07:00:00,,3.69,,,41880.0,MCG
2018-08-16 07:00:00,38.1,,,,,ATS
2018-02-05 07:00:00,,,6.5,6.57,,SAM
2025-06-30 07:00:00,28.82,28.82,28.51,28.75,,CTG
2023-08-07 07:00:00,,,,11.72,,PCC
2017-10-05 07:00:00,,3.88,3.8,3.88,,VNP
2018-12-06 07:00:00,,3.37,3.18,3.3,4700.0,ONE
2025-08-27 07:00:00,,,35.5,36.7,47500.0,VVS
2024-11-27 07:00:00,9.49,9.49,9.49,9.49,1101.0,CDP
2019-02-25 07:00:00,,7.08,7.08,7.08,,TST
2019-11-21 07:00:00,16.6,,16.6,16.93,71120.0,IMP
2021-10-15 07:00:00,,8.94,,8.94,,CT3
2018-02-06 07:00:00,,,,18.92,,TRC
2015-11-10 07:00:00,,3.15,3.1,,,HAP
2018-01-18 07:00:00,2.05,2.05,,,178810.0,CDO
2021-09-28 07:00:00,,,4.52,5.16,1446.0,MIC
2025-06-19 07:00:00,6.45,6.48,6.42,6.42,135100.0,SAM
2017-12-08 07:00:00,,3.4,,,,VIG
2024-12-17 07:00:00,,11.97,11.68,11.97,25400.0,THT
2024-05-28 07:00:00,67.07,67.07,,66.5,,TMB
2025-03-13 07:00:00,25.75,,,25.75,,GND
2022-03-17 07:00:00,,17.59,17.59,17.59,100.0,VQC
2021-05-27 07:00:00,,,,41.43,,NHH
2020-09-03 07:00:00,,,2.84,3.03,,TXM
2023-10-16 07:00:00,15.19,15.19,15.19,,5.0,ADC
2018-07-23 07:00:00,4.01,4.01,,,34780.0,FCM
2023-07-04 07:00:00,29.0,,29.0,,100.0,SDU
2017-03-27 07:00:00,4.08,4.17,4.04,,11620.0,TJC
2020-08-13 07:00:00,,,3.24,3.25,1346500.0,IDI
2020-07-22 07:00:00,11.72,,11.72,11.72,2600.0,BAB
2021-10-01 07:00:00,5.5,6.0,5.5,,1100.0,L62
2017-11-17 07:00:00,3.95,3.95,,,,PCM
2019-01-22 07:00:00,8.47,,8.41,8.41,,SBA
2024-10-03 07:00:00,,,15.43,15.43,200.0,TSG
2021-05-12 07:00:00,,14.08,13.45,,2025300.0,VCI
2019-08-12 07:00:00,14.01,14.01,14.01,14.01,,ND2
2017-11-17 07:00:00,93.12,93.51,90.11,92.73,6280.0,BHN
2023-08-07 07:00:00,,,,,700.0,CCV
2021-11-09 07:00:00,33.8,34.5,,,792900.0,HPX
2021-09-01 07:00:00,22.25,,22.05,23.53,7300.0,SVC
2017-08-31 07:00:00,,11.97,11.62,11.97,,PNC
2023-04-18 07:00:00,4.02,,,4.0,123600.0,HAP
2017-02-21 07:00:00,28.89,29.11,,29.08,282240.0,KDC
2024-04-25 07:00:00,14.15,14.52,14.07,14.52,,MIG
2020-12-01 07:00:00,10.79,,10.7,11.13,2208060.0,FCN
2017-06-06 07:00:00,,,6.87,7.03,,HHG
2022-12-05 07:00:00,69.7,,68.8,,201100.0,SSH
2024-07-09 07:00:00,,,13.47,13.76,4559080.0,OIL
2026-03-04 07:00:00,11.2,11.2,,,,VHL
2018-11-19 07:00:00,,4.2,,,5.0,PGT
2019-06-28 07:00:00,,5.78,5.55,5.78,,DRH
2023-10-20 07:00:00,,4.6,,4.3,120600.0,CTP
2025-09-12 07:00:00,8.3,,8.0,,1100.0,BHP
2020-12-07 07:00:00,2.97,2.97,2.97,,,MIC
2017-12-27 07:00:00,16.47,16.62,16.42,16.62,5900.0,IMP
2020-05-12 07:00:00,,1.4,,1.39,,FTM
2019-10-24 07:00:00,2.32,,2.31,2.33,,HAP
2024-09-16 07:00:00,6.3,6.4,,6.3,,EVS
2021-01-25 07:00:00,,8.5,,8.5,,SPD
2022-01-24 07:00:00,,34.78,32.76,,1991200.0,AGG
2025-08-28 07:00:00,,,6.52,,100.0,TBR
2023-07-14 07:00:00,38.4,,38.31,38.86,,BHN
2020-10-12 07:00:00,,7.47,7.47,7.47,100.0,POS
2018-04-24 07:00:00,,,5.1,,700.0,DHD
2017-07-11 07:00:00,1.96,1.96,,1.9,896460.0,VOS
2025-11-18 07:00:00,,11.82,,11.72,,BAB
2021-09-06 07:00:00,,13.75,13.1,13.49,,TCI
2018-10-19 07:00:00,12.79,12.79,12.79,12.79,2500.0,ND2
2021-07-09 07:00:00,13.07,13.87,,13.34,3576300.0,FRT
2025-05-05 07:00:00,8.14,,7.76,8.53,,BVL
2023-04-24 07:00:00,,,16.63,,431891.0,CST
2021-12-13 07:00:00,,,25.98,26.7,13780.0,IDV
2019-06-13 07:00:00,,,10.42,,383180.0,ANV
2022-01-26 07:00:00,23.25,,23.25,,10200.0,VCC
2024-07-17 07:00:00,,12.2,11.8,11.85,10222200.0,HAG
2024-06-07 07:00:00,13.9,,13.9,,,HAC
2022-10-18 07:00:00,3.7,3.8,3.7,3.8,,PGT
2023-12-21 07:00:00,39.88,39.88,39.81,,4031.0,APF
2021-02-24 07:00:00,,15.76,15.76,15.76,100.0,CLM
2024-03-11 07:00:00,11.81,,,,725200.0,TCI
2022-03-02 07:00:00,,13.2,,,659900.0,DAG
2021-05-18 07:00:00,7.54,,,7.31,,DRI
2025-05-21 07:00:00,22.96,,,,6800.0,PNC
2025-11-05 07:00:00,19.95,20.0,19.9,19.95,2100.0,PGV
2016-01-07 07:00:00,,2.82,2.73,2.82,6500.0,STL
2017-04-17 07:00:00,,7.73,,7.42,217630.0,HHG
2017-06-26 07:00:00,,11.99,11.02,,32980.0,TMT
2024-02-07 07:00:00,10.38,,10.38,10.38,500.0,DHD
2018-07-06 07:00:00,16.0,16.0,,16.0,227410.0,FTM
2022-07-26 07:00:00,,10.64,,10.64,,BBH
2019-03-07 07:00:00,13.07,13.28,,12.9,194320.0,CSM
2021-12-15 07:00:00,,31.94,,31.66,4600.0,IMP
2018-09-18 07:00:00,6.6,,6.6,,100.0,XPH
2017-08-23 07:00:00,10.12,10.27,10.07,10.1,,DPR
2024-08-12 07:00:00,9.14,9.23,9.04,9.04,,TNW
2025-06-06 07:00:00,,,11.31,12.42,300.0,KST
2018-01-24 07:00:00,,,,,,STC
2018-12-19 07:00:00,2.21,2.21,,,,ABR
2021-08-02 07:00:00,6.16,6.16,5.98,6.1,,ANT
2024-05-24 07:00:00,3.98,4.0,3.8,3.82,1982600.0,DRH
2017-07-11 07:00:00,,7.29,7.05,7.17,244318.0,DRI
2020-12-02 07:00:00,10.92,11.23,10.65,10.97,8414.0,CSC
2023-01-31 07:00:00,,28.81,,,76000.0,VSH
2016-04-25 07:00:00,,,8.62,,,PTM
2017-11-16 07:00:00,,4.74,4.74,,10.0,HU3
2023-08-10 07:00:00,,26.23,25.15,25.35,2439500.0,HDG
2019-05-17 07:00:00,4.2,4.2,4.1,4.1,,PVO
2023-05-31 07:00:00,27.9,32.2,27.9,,9300.0,SZG
2026-02-02 07:00:00,40.0,,40.0,40.0,,VGV
2016-11-11 07:00:00,5.83,5.89,5.83,5.89,,TFC
2023-06-09 07:00:00,6.68,,,6.76,209280.0,BMS
2019-09-23 07:00:00,,,,,,DXV
2022-10-26 07:00:00,,,,4.08,9200.0,PCH
2020-08-03 07:00:00,6.3,6.5,,6.5,600.0,XPH
2024-06-25 07:00:00,,5.7,,5.7,100.0,SVG
2023-06-27 07:00:00,5.9,6.0,5.7,,17500.0,HKT
2024-06-04 07:00:00,35.1,,,35.1,,AGP
2021-03-22 07:00:00,18.39,19.36,18.07,,4021.0,PTI
2017-06-15 07:00:00,3.8,3.81,3.74,,2430120.0,DLG
2019-03-21 07:00:00,2.22,2.22,,,56680.0,HAP
2018-05-24 07:00:00,9.7,9.71,9.51,9.53,,LHC
2023-09-28 07:00:00,9.3,9.3,,9.26,9100.0,SBV
2024-12-19 07:00:00,11.6,,11.6,,100.0,AG1
2016-05-31 07:00:00,6.48,6.65,6.31,6.48,,G20
2025-02-25 07:00:00,,5.3,,5.3,,PRO
2016-08-02 07:00:00,,3.9,,3.86,10100.0,VCA
2024-08-15 07:00:00,19.43,19.43,,19.43,100.0,HTC
2022-11-23 07:00:00,,12.3,,,71400.0,D2D
2022-11-02 07:00:00,2.72,2.89,2.72,2.89,599500.0,TGG
2022-04-29 07:00:00,7.9,9.4,7.8,9.4,500.0,TST
2018-03-20 07:00:00,13.34,,13.34,13.36,,TBC
2019-05-16 07:00:00,6.6,6.71,6.48,6.65,19720.0,ITD
2017-10-31 07:00:00,4.89,4.97,4.86,4.89,3314330.0,MBB
2019-06-07 07:00:00,19.76,20.82,,,5100.0,MH3
2019-10-07 07:00:00,,,5.56,5.56,5670.0,BLI
2025-01-07 07:00:00,43.83,,,43.78,,IMP
2025-03-26 07:00:00,5.1,5.1,4.9,5.0,,PSB
2023-04-19 07:00:00,10.85,10.93,10.85,10.93,,BAB
2018-09-24 07:00:00,,7.04,6.52,7.04,20.0,CCI
2019-01-25 07:00:00,,2.49,,2.49,140.0,MCG
2022-04-01 07:00:00,20.46,21.12,20.27,20.92,802300.0,CSV
2020-05-25 07:00:00,8.43,,,7.52,300.0,VGV
2025-03-24 07:00:00,54.62,54.71,54.52,54.52,500.0,TDW
2022-08-02 07:00:00,13.48,13.48,13.44,13.44,300.0,DAT
2026-04-15 07:00:00,,22.05,21.35,,7308400.0,PVT
2024-03-15 07:00:00,5.31,,,,94906.0,ILA
2022-02-15 07:00:00,,11.08,,,4000.0,DSC
2024-10-30 07:00:00,,,36.24,36.53,1372600.0,CSV
2022-07-20 07:00:00,15.61,,15.52,15.97,,VCI
2015-10-12 07:00:00,16.04,16.04,16.04,16.04,,NDC
2022-04-07 07:00:00,,,37.47,37.47,,MH3
2025-12-15 07:00:00,6.85,7.6,6.85,7.6,,VNG
2024-08-16 07:00:00,2.4,2.7,2.4,2.6,,SD6
2020-12-24 07:00:00,8.0,8.0,8.0,8.0,,VGV
2022-11-02 07:00:00,,4.55,,4.55,200.0,SD2
2025-11-11 07:00:00,,,,7.24,,VNG
2024-10-15 07:00:00,,,19.18,19.27,1594600.0,VDS
2017-07-24 07:00:00,,15.13,14.5,14.88,874550.0,FCN
2018-05-07 07:00:00,6.63,6.63,6.56,6.61,5530.0,HU3
2022-10-27 07:00:00,3.8,4.02,,4.02,,FCM
2019-03-11 07:00:00,11.37,11.83,,11.83,2300.0,LHC
2021-06-21 07:00:00,,6.5,6.5,,,VTA
2026-01-08 07:00:00,8.1,,8.1,,5100.0,VCA
2021-02-19 07:00:00,,11.9,11.9,11.9,500.0,C21
2025-07-15 07:00:00,18.58,18.58,,,100.0,VSI
2020-09-28 07:00:00,9.89,10.02,9.76,9.98,2213600.0,FCN
2021-03-29 07:00:00,18.0,,18.0,18.0,11100.0,RIC
2022-01-07 07:00:00,13.42,13.67,13.33,,252500.0,HBS
2020-09-03 07:00:00,4.5,4.7,4.3,,11400.0,SD4
2016-12-09 07:00:00,2.7,2.85,,2.85,20.0,ACL
2025-12-17 07:00:00,,,,24.8,20400.0,VSF
2023-01-19 07:00:00,22.12,23.36,22.12,23.03,97600.0,VLB
2016-07-22 07:00:00,20.62,20.62,20.62,,1000.0,NDC
2017-12-07 07:00:00,,8.37,8.37,,,VIF
2023-01-31 07:00:00,80.81,81.0,79.95,,72600.0,BCM
2019-11-26 07:00:00,3.03,3.03,2.74,2.84,,TXM
2023-03-15 07:00:00,30.37,30.72,29.9,,21900.0,VSH
2019-08-01 07:00:00,,,11.6,11.87,1254450.0,HDG
2024-04-26 07:00:00,6.4,6.4,6.4,6.4,2700.0,SJM
2017-08-01 07:00:00,7.28,7.28,7.28,7.28,6300.0,BBS
2018-06-18 07:00:00,,,7.17,8.03,6300.0,TTZ
2026-02-05 07:00:00,7.3,,7.3,,,HAP
2017-02-22 07:00:00,30.4,30.92,30.05,,341354.0,ACV
2024-04-12 07:00:00,,3.0,2.8,2.8,319502.0,DVG
2025-01-17 07:00:00,6.2,6.2,6.1,6.1,,QNC
2024-10-09 07:00:00,,7.8,7.5,,155808.0,AFX
2024-12-25 07:00:00,11.87,12.13,11.47,11.6,17900.0,ITD
2026-04-28 07:00:00,,,,3.49,,VPG
2022-12-26 07:00:00,15.68,16.48,,16.29,5400.0,LBM
2017-08-10 07:00:00,19.73,19.73,,19.73,,HMS
2016-12-01 07:00:00,,5.86,5.74,5.86,3200.0,VTH
2019-05-10 07:00:00,5.0,,5.0,5.09,97480.0,PXS
2025-01-17 07:00:00,3.09,3.09,,,,TTF
2026-02-13 07:00:00,2.7,2.9,2.7,2.9,,VMG
2024-12-19 07:00:00,,3.05,3.01,,580300.0,TTF
2021-08-11 07:00:00,,28.96,28.76,28.76,4100.0,IMP
2021-08-27 07:00:00,,,,,,S72
2017-02-09 07:00:00,11.91,12.12,11.91,,40530.0,GMC
2017-12-11 07:00:00,,10.88,,,52900.0,ALV
2020-08-18 07:00:00,1.33,1.35,1.33,,,DLG
2024-01-03 07:00:00,,4.2,4.2,,4500.0,SD2
2020-05-13 07:00:00,9.41,,,,200.0,SID
2022-11-30 07:00:00,,8.05,7.99,7.99,1501.0,SGS
2021-12-10 07:00:00,17.81,,,19.71,3100.0,QPH
2016-07-18 07:00:00,6.43,6.52,6.34,6.34,10000.0,TVN
2025-06-09 07:00:00,11.13,11.21,,,10443500.0,POW
2018-04-04 07:00:00,25.71,,,26.02,,CIA
2022-02-28 07:00:00,22.34,,21.86,21.86,598600.0,VDS
2022-09-06 07:00:00,,10.71,10.56,,1100.0,PPP
2026-04-20 07:00:00,,28.8,,28.8,2900.0,DHD
2021-07-09 07:00:00,11.42,11.42,,11.42,,PCC
2024-07-11 07:00:00,87.39,88.85,,,39247.0,TMB
2021-11-26 07:00:00,15.89,15.89,15.45,15.67,703400.0,ANV
2017-11-16 07:00:00,,6.58,6.06,6.39,2296180.0,HTT
2018-01-17 07:00:00,,5.84,5.42,5.84,1400.0,NFC
2019-07-23 07:00:00,7.11,,6.99,7.15,,PC1
2022-03-28 07:00:00,11.51,,11.51,11.51,8419.0,SGS
2020-10-08 07:00:00,12.25,12.29,,,,MPC
2022-01-12 07:00:00,24.78,24.78,,,34200.0,VMD
2025-12-25 07:00:00,22.5,22.5,21.9,,53500.0,DVN
2026-02-27 07:00:00,3.2,,3.1,3.2,,PXS
2016-03-01 07:00:00,,12.46,,12.28,492710.0,FCN
2022-10-07 07:00:00,7.3,8.2,7.3,8.2,4480.0,PSB
2019-11-06 07:00:00,1.7,1.7,,,,SD3
2021-01-18 07:00:00,1.5,1.6,,,,ACM
2021-01-27 07:00:00,,8.6,8.6,8.6,3700.0,VE8
2024-06-17 07:00:00,,,136.38,139.98,718800.0,FRT
2026-03-13 07:00:00,94.5,98.0,93.9,98.0,3989100.0,VHM
2022-12-01 07:00:00,4.28,,4.11,,11400.0,DXV
2017-10-10 07:00:00,4.98,,,4.98,117270.0,VE9
2021-04-12 07:00:00,5.41,6.27,5.41,6.27,12100.0,CQT
2024-09-05 07:00:00,6.02,,6.02,6.29,,TT6
2021-01-28 07:00:00,29.88,30.53,,29.58,,HPX
2024-08-26 07:00:00,,105.2,103.53,103.53,,DGC
2018-05-02 07:00:00,3.38,3.38,3.21,,372230.0,EVG
2016-09-20 07:00:00,4.39,,,4.56,,VSI
2017-10-24 07:00:00,7.12,7.16,7.12,,,CSC
2022-11-09 07:00:00,,,14.01,,,CSM
2020-05-19 07:00:00,14.21,14.27,14.21,14.27,,LHC
2017-12-04 07:00:00,,,3.57,3.57,,DHM
2023-12-12 07:00:00,3.52,,3.46,3.52,,KMR
2019-12-16 07:00:00,1.38,,,1.38,100.0,VE9
2017-03-14 07:00:00,1.9,1.9,1.8,1.8,,ACM
2022-09-22 07:00:00,,21.48,,,707.0,SWC
2021-09-29 07:00:00,4.2,4.6,4.0,4.3,,BTN
2019-08-21 07:00:00,20.39,,20.39,20.8,15830.0,DBD
2024-04-09 07:00:00,,,13.86,,4100.0,SBB
2016-09-14 07:00:00,,5.42,,5.34,52350.0,SAM
2022-05-18 07:00:00,32.56,,32.56,33.43,,SZG
2016-08-18 07:00:00,5.79,5.79,,5.79,100.0,TVN
2021-05-05 07:00:00,25.22,,,25.58,,AGG
2020-02-25 07:00:00,9.34,,,9.1,,CTX
2024-09-20 07:00:00,49.06,49.06,47.12,47.12,,AVC
2024-07-18 07:00:00,16.59,16.93,16.45,16.93,2562000.0,ANV
2016-08-18 07:00:00,,58.89,,,1520.0,NSC
2025-05-06 07:00:00,16.11,,16.01,16.01,7500.0,VIF
2025-08-11 07:00:00,10.2,10.5,9.81,9.95,2026300.0,VPG
2019-03-18 07:00:00,,11.35,10.97,,690700.0,HDG
2023-12-01 07:00:00,34.45,34.45,33.5,33.5,,AGX
2019-04-18 07:00:00,16.73,17.05,16.52,,63150.0,KDC
2022-02-25 07:00:00,,26.51,25.38,26.43,8000.0,SAS
2022-07-18 07:00:00,4.8,,,4.8,,SD3
2023-06-09 07:00:00,23.97,23.97,23.97,,700.0,CQN
2022-11-10 07:00:00,13.45,13.72,,13.72,,VNR
2018-11-02 07:00:00,6.62,6.62,6.44,6.47,,PLP
2017-07-11 07:00:00,3.75,3.84,3.66,,137300.0,MPT
2023-11-10 07:00:00,8.5,8.8,8.2,8.5,,EVS
2020-03-10 07:00:00,1.73,1.9,1.73,1.84,,FTM
2018-01-12 07:00:00,4.31,4.31,4.31,,14400.0,DHD
2021-10-11 07:00:00,,11.4,11.1,,1300.0,UPH
2025-09-10 07:00:00,33.95,,,34.4,9600.0,BHN
2020-11-17 07:00:00,3.83,3.86,3.79,,225870.0,HAP
2016-09-30 07:00:00,,,7.06,7.28,3250.0,IDV
2022-10-17 07:00:00,4.93,4.99,4.85,4.99,154000.0,HAP
2018-09-28 07:00:00,17.89,,17.71,17.71,50800.0,BCM
2017-08-28 07:00:00,14.6,14.6,14.6,,100.0,SID
2018-05-08 07:00:00,4.03,4.22,4.03,,29700.0,ICG
2020-02-20 07:00:00,11.86,,,12.38,222670.0,CSM
2023-04-28 07:00:00,,,,23.43,945800.0,SSB
2021-03-23 07:00:00,71.59,71.59,,66.21,173493.0,L14
2024-01-02 07:00:00,10.36,,,10.27,,CCR
2018-05-02 07:00:00,,,,22.13,13400.0,SFN
2024-10-15 07:00:00,17.49,17.49,,17.49,101.0,ADC
2022-04-12 07:00:00,,,,12.9,1485100.0,ELC
2019-01-02 07:00:00,11.89,,,11.89,,X26
2022-03-28 07:00:00,,10.07,,10.07,2900.0,LAI
2023-11-30 07:00:00,3.0,3.5,3.0,3.0,2300.0,HAV
2022-01-19 07:00:00,,21.69,20.3,21.69,,CQN
2018-10-11 07:00:00,10.03,,9.76,9.76,546660.0,HT1
2019-06-05 07:00:00,2.66,2.75,2.63,2.72,37800.0,HCD
2020-11-19 07:00:00,,,3.56,3.56,,EVS
2017-09-20 07:00:00,6.32,,6.32,,2000.0,CKD
2018-11-16 07:00:00,48.58,48.82,48.1,48.82,14002.0,ACV
2021-06-11 07:00:00,6.7,6.7,,6.7,122549.0,LMH
2020-10-01 07:00:00,,13.36,12.93,,74817.0,VRG
2023-07-07 07:00:00,11.6,11.6,11.4,,,CIA
2023-11-24 07:00:00,3.3,3.3,,3.3,41249.0,DTI
2022-08-15 07:00:00,18.97,18.97,,,,ACL
2024-01-15 07:00:00,9.86,9.93,,9.72,705200.0,IJC
2025-11-21 07:00:00,2.9,,2.9,,,PXS
2017-04-27 07:00:00,6.64,,6.64,,100.0,SGD
2021-03-30 07:00:00,3.5,3.5,3.5,,,BTN
2020-10-28 07:00:00,,,48.6,,,NSC
2020-10-26 07:00:00,,,31.18,31.84,73946.0,VCP
2022-11-09 07:00:00,8.89,8.89,8.58,8.58,,PGB
2024-12-26 07:00:00,114.99,114.99,114.99,114.99,100.0,NDC
2019-09-05 07:00:00,,,,,390290.0,IDI
2019-09-23 07:00:00,2.18,2.18,2.18,2.18,100.0,MCO
2022-12-14 07:00:00,4.45,4.45,,4.3,,PLP
2025-02-11 07:00:00,41.73,42.75,41.54,42.75,,CSV
2026-03-02 07:00:00,19.3,,,,13600.0,ICG
2022-11-07 07:00:00,15.85,15.85,13.58,13.75,9200.0,TMB
2021-07-02 07:00:00,,,,6.49,2400.0,EBS
2021-08-16 07:00:00,,6.83,6.79,,6100.0,VCM
2023-11-28 07:00:00,,51.95,50.66,51.88,471400.0,VHC
2022-05-10 07:00:00,77.0,79.0,,79.0,,NVL
2020-08-21 07:00:00,3.4,3.49,3.23,3.35,,PXI
2017-10-24 07:00:00,36.3,36.3,35.9,36.2,,DTL
2021-10-29 07:00:00,,12.02,11.94,11.94,,PCC
2022-12-15 07:00:00,5.63,5.75,5.63,5.65,,ELC
2017-06-08 07:00:00,,,25.64,25.7,372190.0,CVT
2017-11-15 07:00:00,21.62,,21.62,,,SFN
2025-12-16 07:00:00,,6.6,,,2100.0,ILA
2024-01-17 07:00:00,,,15.62,,,MPC
2025-04-22 07:00:00,,13.65,13.29,13.29,6100.0,NJC
2022-05-20 07:00:00,23.34,23.34,23.34,23.34,100.0,CKD
2023-07-27 07:00:00,18.32,18.36,17.99,18.02,7921500.0,CTG
2023-04-18 07:00:00,4.93,,4.91,5.02,1972400.0,DRH
2020-12-21 07:00:00,,1.51,1.42,,9382610.0,DLG
2018-03-21 07:00:00,8.02,,,,16000.0,CTP
2020-11-27 07:00:00,,,9.1,10.8,600.0,TH1
2022-04-13 07:00:00,54.85,58.17,,58.17,38839.0,CSC
2018-01-08 07:00:00,7.12,7.18,,,,SWC
2024-09-18 07:00:00,10.17,,10.0,10.17,,BAB
2020-05-08 07:00:00,,47.88,47.46,,20000.0,BHN
2015-12-01 07:00:00,5.6,5.7,5.5,5.5,,PXI
2021-01-15 07:00:00,8.3,8.5,8.3,8.5,435900.0,PXS
2022-05-17 07:00:00,,,,7.75,,HU3
2022-10-07 07:00:00,,11.28,11.0,11.0,5900.0,DAT
2019-10-17 07:00:00,9.64,,,9.56,57320.0,DVN
2022-06-08 07:00:00,5.97,6.05,5.89,6.05,52100.0,NDX
2020-12-23 07:00:00,,9.85,9.37,9.55,894246.0,MIG
2025-07-17 07:00:00,,23.09,21.93,,7485400.0,ANV
2025-02-27 07:00:00,7.0,7.0,6.3,,503.0,SHN
2018-01-22 07:00:00,16.64,,16.59,,,VNG
2022-08-16 07:00:00,,5.94,5.57,5.94,9600.0,VTA
2021-05-31 07:00:00,,,5.7,5.7,232200.0,DAG
2025-12-18 07:00:00,40.6,40.6,39.8,,337600.0,DCL
2022-03-25 07:00:00,10.0,,,,7300.0,VPA
2017-06-21 07:00:00,4.44,4.44,4.11,4.11,,TFC
2019-08-20 07:00:00,10.42,10.75,,10.68,236057.0,VRG
2017-09-18 07:00:00,,,67.74,68.15,,NSC
2025-12-31 07:00:00,14.9,,,14.6,673700.0,FCN
2019-07-26 07:00:00,8.87,8.97,8.72,8.77,28300.0,CSC
2020-02-28 07:00:00,,20.73,20.73,20.73,100.0,C21
2024-03-20 07:00:00,9.25,9.25,9.07,,4132.0,ANT
2022-10-13 07:00:00,,23.73,22.19,23.27,19400.0,SFI
2022-07-26 07:00:00,14.56,15.08,14.56,14.65,3544300.0,FCN
2024-03-12 07:00:00,,,18.96,20.14,200.0,SC5
2022-05-20 07:00:00,10.92,10.92,,10.71,7210.0,PPP
2018-12-28 07:00:00,,54.28,53.48,,399190.0,VHM
2024-08-23 07:00:00,26.55,26.73,,,2900.0,SWC
2026-04-23 07:00:00,16.7,16.7,16.5,16.5,7100.0,HPD
2025-04-08 07:00:00,,,25.2,,2559600.0,NLG
2024-09-27 07:00:00,12.92,12.92,12.92,12.92,,THW
2018-10-16 07:00:00,0.9,,0.8,0.9,57100.0,ACM
2019-06-24 07:00:00,,5.05,,4.73,7630.0,UDC
2016-11-08 07:00:00,1.0,1.02,,1.02,67500.0,SHS
2023-05-17 07:00:00,13.36,13.78,13.32,13.63,1103500.0,MIG
2023-05-24 07:00:00,61.26,,,60.98,860800.0,KDC
2021-09-22 07:00:00,6.76,,6.68,7.15,291700.0,NDX
2024-10-02 07:00:00,12.0,12.0,,11.0,982.0,HAC
2018-11-29 07:00:00,5.45,,5.3,5.3,52800.0,S99
2021-08-26 07:00:00,14.46,14.64,14.46,,,QPH
2020-11-11 07:00:00,19.32,19.32,16.8,16.8,200.0,CKD
2018-12-24 07:00:00,12.3,12.45,12.15,12.15,3321220.0,STB
2025-04-14 07:00:00,8.9,9.1,8.9,,,VCC
2017-05-26 07:00:00,,,3.94,3.94,500.0,QNC
2017-02-22 07:00:00,0.35,0.35,0.35,,33000.0,S12
2017-08-25 07:00:00,2.53,2.53,2.53,2.53,,HBS
2020-08-27 07:00:00,4.9,,,5.05,9700.0,THT
2017-04-03 07:00:00,2.38,,2.38,2.38,,PVR
2024-08-05 07:00:00,9.78,9.78,9.04,9.04,13700.0,TMT
2019-01-18 07:00:00,9.77,9.86,9.77,9.79,66200.0,DGC
2018-05-17 07:00:00,6.0,6.0,6.0,6.0,2000.0,SD6
2021-06-04 07:00:00,3.6,3.6,3.6,,1100.0,VPA
2017-05-08 07:00:00,9.89,9.89,9.89,9.89,,MCC
2018-12-13 07:00:00,,,,,,TNB
2020-03-17 07:00:00,6.56,,6.42,,653.0,PIC
2021-05-21 07:00:00,,11.91,,,17800.0,SRF
2025-02-21 07:00:00,21.53,,21.53,22.47,403.0,PNP
2022-03-02 07:00:00,57.71,61.7,57.41,59.92,,VHC
2025-12-22 07:00:00,,6.2,5.9,,,EVS
2026-04-01 07:00:00,,30.5,29.4,29.5,7100.0,BHN
2017-08-15 07:00:00,,,3.38,3.38,,TFC
2026-03-30 07:00:00,63.6,63.6,63.1,63.2,22100.0,SCG
2025-03-03 07:00:00,11.45,11.45,,11.45,9.0,PIS
2023-10-11 07:00:00,5.5,5.6,,5.6,,BTS
2025-10-01 07:00:00,,42.5,,37.8,1100.0,SZG
2018-09-10 07:00:00,5.31,5.31,5.31,,16.0,TL4
2021-12-24 07:00:00,11.82,,,,,HAP
2022-04-20 07:00:00,10.78,11.11,10.7,10.86,448800.0,HCD
2018-06-11 07:00:00,11.68,11.82,11.68,11.82,310.0,SRF
2023-01-16 07:00:00,,5.21,,5.21,,DC1
2022-10-31 07:00:00,,4.66,,4.66,,BMS
2024-10-04 07:00:00,29.1,29.3,28.9,28.9,50819.0,L14
2017-01-16 07:00:00,9.43,9.92,9.43,9.92,133300.0,CTP
2022-04-26 07:00:00,,12.45,11.4,,782900.0,PLP
2023-11-09 07:00:00,16.73,17.13,16.73,16.93,267614.0,GDA
2024-02-06 07:00:00,16.27,16.27,15.61,,3200.0,NJC
2018-07-20 07:00:00,7.89,,7.5,7.72,,NDX
2022-09-26 07:00:00,28.05,29.35,28.0,29.35,400.0,HOT
2017-08-03 07:00:00,1.24,1.24,1.24,1.24,30600.0,VNH
2016-08-22 07:00:00,4.5,,,,2500.0,TNB
2021-07-27 07:00:00,12.6,12.77,,12.77,,BLT
2020-05-21 07:00:00,7.1,7.4,7.1,,,TTC
2016-01-11 07:00:00,3.87,3.87,3.69,,15070.0,DXV
2018-10-16 07:00:00,17.32,17.32,,16.91,3449.0,LDP
2016-02-22 07:00:00,,11.0,,10.8,876220.0,STB
2022-06-30 07:00:00,,43.36,42.32,43.36,,TNC
2020-03-30 07:00:00,2.04,2.15,,2.15,2400.0,NAG
2026-02-09 07:00:00,27.6,27.6,26.7,26.7,1235700.0,ANV
2024-06-26 07:00:00,9.9,9.9,9.9,,100.0,CMM
2017-09-06 07:00:00,7.41,,,7.41,,DIH
2025-01-24 07:00:00,,13.4,12.1,13.0,13300.0,RYG
2018-05-09 07:00:00,9.86,,9.86,,3000.0,LHC
2021-01-19 07:00:00,8.09,8.67,8.06,8.67,93600.0,VNL
2024-12-09 07:00:00,40.0,40.05,39.5,40.05,,UIC
2022-08-22 07:00:00,16.52,,,16.52,,CLX
2019-04-09 07:00:00,5.67,5.72,5.63,5.67,51000.0,TDT
2023-05-29 07:00:00,,39.4,,39.4,4300.0,BHN
2015-12-17 07:00:00,6.74,,6.74,,100.0,SD3
2025-10-27 07:00:00,4.3,,4.3,4.3,,PSB
2022-10-18 07:00:00,16.3,,,16.25,,ACC
2019-08-13 07:00:00,4.7,4.8,4.7,4.8,3640.0,UDC
2023-07-05 07:00:00,19.51,19.75,19.45,19.72,,D2D
2023-09-18 07:00:00,,,11.09,11.17,,BAB
2018-08-31 07:00:00,,3.78,3.78,,400.0,VC6
2024-12-09 07:00:00,,41.64,39.98,40.13,,CSV
2017-02-28 07:00:00,,12.87,11.88,11.88,210.0,STC
2023-02-15 07:00:00,11.77,11.88,11.43,,606100.0,MIG
2024-03-14 07:00:00,,8.0,7.8,7.9,,VTD
2016-01-12 07:00:00,4.9,5.27,4.9,5.27,8071090.0,DLG
2024-11-25 07:00:00,4.0,4.0,,4.0,11004.0,ILA
2023-03-02 07:00:00,,7.43,7.04,7.12,,HMR
2022-12-15 07:00:00,9.9,10.2,,10.2,1400.0,ILC
2022-12-14 07:00:00,28.58,28.58,28.58,,5.0,AGX
2022-06-30 07:00:00,,,7.94,7.94,219400.0,ELC
2022-07-28 07:00:00,8.84,,8.76,9.55,79000.0,SMT
2024-07-05 07:00:00,2.28,2.28,2.13,2.23,739300.0,DAG
2021-03-02 07:00:00,,10.0,9.93,10.0,5706.0,TDS
2017-09-19 07:00:00,19.87,19.87,19.65,,41610.0,STG
2026-04-08 07:00:00,,9.3,,,,XMC
2021-10-20 07:00:00,,6.9,6.9,6.9,100.0,L63
2018-05-14 07:00:00,4.5,4.5,,,100.0,CT3
2018-07-02 07:00:00,7.08,,6.88,,,DAG
2019-01-24 07:00:00,,8.82,8.82,8.82,100.0,SGS
2021-09-29 07:00:00,,6.85,,6.61,2324500.0,JVC
2026-03-27 07:00:00,2.3,2.3,2.3,2.3,1000.0,L62
2026-03-12 07:00:00,10.2,10.3,,,,NHT
2016-06-02 07:00:00,,,,19.0,,KDC
2019-02-15 07:00:00,5.67,,,,92760.0,TDC
2024-06-11 07:00:00,,20.98,,20.88,,TV1
2024-02-02 07:00:00,22.09,22.17,,,,PPH
2019-08-16 07:00:00,4.52,4.53,4.46,4.49,1034420.0,DGW
2018-08-06 07:00:00,,6.72,,,,BLT
2022-11-11 07:00:00,3.5,3.5,,,238600.0,PXS
2020-11-03 07:00:00,1.69,1.77,1.69,1.77,1100.0,HBS
2021-05-20 07:00:00,,,,7.06,82000.0,TDT
2025-05-23 07:00:00,,,6.56,6.56,3900.0,TTC
2018-10-19 07:00:00,11.37,12.0,11.13,11.21,2106500.0,POW
2023-01-04 07:00:00,8.5,,7.87,8.26,8102.0,POS
2019-06-04 07:00:00,16.8,16.96,16.8,16.96,300.0,NHT
2022-02-28 07:00:00,7.35,7.6,,,35000.0,DXV
2024-05-31 07:00:00,,,1.4,,551600.0,VKC
2018-06-29 07:00:00,,11.7,11.5,11.7,10000.0,VSF
2017-11-21 07:00:00,5.8,,5.8,5.8,2958.0,PSB
2019-04-22 07:00:00,7.63,,7.48,,47900.0,MIG
2025-02-04 07:00:00,7.2,,7.2,7.2,,AFX
2023-09-25 07:00:00,2.7,2.7,2.6,2.6,81221.0,MCG
2021-01-20 07:00:00,,12.31,12.31,,4800.0,QPH
2025-10-21 07:00:00,25.1,25.9,24.9,,6700100.0,DBC
2019-08-07 07:00:00,,,6.58,,100.0,CT3
2024-05-13 07:00:00,,9.49,,9.49,,OIL
2024-02-28 07:00:00,12.63,12.63,12.42,12.59,56300.0,NAF
2026-01-21 07:00:00,4.5,4.6,,4.6,18700.0,SHN
2023-05-26 07:00:00,7.42,7.5,7.42,7.5,887800.0,APG
2025-08-25 07:00:00,141.0,141.0,141.0,141.0,,AGX
2024-11-25 07:00:00,,14.12,,,4100.0,DIH
2022-04-19 07:00:00,10.53,10.85,,,298398.0,NAG
2017-11-17 07:00:00,7.43,7.43,7.43,7.43,420.0,CCI
2026-01-12 07:00:00,,,31.6,32.2,5900.0,BHN
2021-11-04 07:00:00,7.6,,6.5,7.5,1200.0,S72
2017-06-27 07:00:00,16.1,16.1,15.34,15.53,,DHA
2024-07-18 07:00:00,15.1,,14.05,14.05,800.0,FDC
2016-02-17 07:00:00,9.42,8.31,,8.31,,VE8
2021-03-19 07:00:00,32.47,34.41,32.39,,90020.0,VLC
2025-03-03 07:00:00,3.95,3.95,,3.95,,DXV
2024-06-05 07:00:00,12.17,12.79,12.17,12.44,10570700.0,IJC
2019-03-21 07:00:00,,,,,,PVT
2023-01-11 07:00:00,3.0,,,,500.0,VPA
2025-04-24 07:00:00,5.93,5.93,5.93,,100.0,TLP
2025-05-07 07:00:00,7.4,7.4,7.2,7.3,,HIO
2020-01-30 07:00:00,31.06,31.06,,31.06,,UIC
2019-05-22 07:00:00,15.4,15.4,15.4,15.4,,BHA
2022-07-21 07:00:00,3.3,3.4,,3.4,149902.0,PXI
2023-07-26 07:00:00,11.39,,,11.39,,PCC
2016-09-23 07:00:00,,3.99,,3.99,100.0,TJC
2024-07-03 07:00:00,,,,22.2,3316100.0,CTG
2018-10-23 07:00:00,5.99,5.99,5.99,5.99,,LG9
2024-06-04 07:00:00,9.9,9.9,9.6,9.8,,DHB
2019-06-17 07:00:00,2.51,2.51,2.51,2.51,1100.0,NHA
2024-09-09 07:00:00,34.07,34.24,34.07,34.24,3020.0,AGP
2019-09-23 07:00:00,12.68,13.12,,,,DPC
2016-01-26 07:00:00,,,7.21,7.45,,VE8
2022-06-21 07:00:00,,31.1,,,,MH3
2020-09-16 07:00:00,31.29,31.29,31.29,31.29,20.0,YTC
2022-06-29 07:00:00,14.62,14.62,14.62,14.62,100.0,RAT
2019-02-21 07:00:00,3.43,,3.36,3.4,31790.0,VPH
2022-09-27 07:00:00,14.99,15.45,14.99,15.25,4500.0,BVL
2016-07-08 07:00:00,2.97,3.06,2.97,,,PSB
2023-07-20 07:00:00,21.15,,,21.15,,GHC
2024-09-05 07:00:00,3.8,,3.8,,,PRO
2018-08-24 07:00:00,9.22,9.22,9.22,9.22,100.0,CT3
2021-03-22 07:00:00,8.0,8.03,7.8,7.85,,VDS
2017-11-15 07:00:00,,,,19.81,1070.0,PGD
2023-09-27 07:00:00,4.3,4.3,4.1,4.3,106800.0,DST
2023-03-22 07:00:00,,5.16,5.14,5.14,76800.0,PHC
2023-03-17 07:00:00,2.3,2.5,2.3,2.3,,TNS
2024-05-15 07:00:00,13.03,13.92,12.89,13.92,,VOS
2015-10-28 07:00:00,18.3,,17.6,,3010.0,FDC
2019-06-06 07:00:00,1.9,,1.7,1.8,,PVL
2021-03-10 07:00:00,18.26,,15.29,15.29,200.0,ABR
2021-01-12 07:00:00,13.44,,,13.85,1153500.0,IJC
2024-05-03 07:00:00,26.28,27.02,26.28,26.75,,SCL
2021-07-29 07:00:00,11.81,11.88,11.71,11.88,,MIG
2019-02-14 07:00:00,1.8,,1.7,,84850.0,DST
2021-11-12 07:00:00,,21.28,20.99,21.28,,SSB
2023-03-08 07:00:00,4.4,,,4.5,,LMH
2025-07-30 07:00:00,16.2,16.7,,16.5,,CLX
2026-01-22 07:00:00,7.9,7.9,,,14500.0,POV
2021-04-26 07:00:00,15.3,,,15.0,,EIN
2017-06-09 07:00:00,3.09,3.09,3.09,3.09,10000.0,PTS
2024-10-01 07:00:00,10.15,,10.1,,121100.0,HCD
2019-03-29 07:00:00,4.54,,4.45,,,DHM
2023-05-26 07:00:00,21.77,,21.77,22.55,,DIH
2023-02-16 07:00:00,,2.84,,2.84,39335.0,ILA
2024-11-21 07:00:00,32.4,,32.25,33.05,8026600.0,STB
2018-11-21 07:00:00,,2.46,2.46,2.46,100.0,NFC
2022-04-15 07:00:00,,16.44,15.58,15.67,765000.0,SAM
2020-03-24 07:00:00,4.11,4.2,4.02,,,PVT
2020-02-19 07:00:00,5.01,5.01,4.84,,2080.0,VCI
2025-08-20 07:00:00,5.6,5.8,5.6,,,SJM
2021-06-15 07:00:00,2.9,3.0,2.8,,,CDO
2016-08-10 07:00:00,14.37,,14.1,14.32,205260.0,DHA
2021-10-08 07:00:00,8.19,,8.19,8.62,3100.0,KGM
2023-06-08 07:00:00,3.5,,3.5,4.5,200.0,VIE
2017-07-14 07:00:00,1.6,,,1.6,20.0,STL
2021-02-19 07:00:00,4.12,4.4,4.12,,92900.0,DXV
2024-10-22 07:00:00,6.76,6.76,6.67,6.67,20810.0,KGM
2025-08-22 07:00:00,,5.0,4.5,4.7,58200.0,VMG
2022-05-20 07:00:00,3.2,3.6,3.0,3.4,1063556.0,PVV
2021-12-27 07:00:00,12.91,12.91,12.82,12.82,500.0,CTB
2022-09-06 07:00:00,,10.0,,10.0,,DWS
2018-01-08 07:00:00,,8.08,8.01,,,TNC
2022-11-18 07:00:00,,16.98,16.98,,5000.0,LBM
2018-09-27 07:00:00,,,,4.4,27.0,PGT
2025-07-29 07:00:00,,14.6,14.6,,1200.0,HSP
2016-03-10 07:00:00,,,17.09,17.21,167100.0,NAF
2024-07-31 07:00:00,10.31,,10.31,10.31,,DWC
2019-04-09 07:00:00,30.25,30.25,30.21,30.25,500.0,HOT
2020-10-15 07:00:00,9.68,,9.68,9.68,100.0,L62
2020-11-19 07:00:00,,21.7,21.28,21.28,1052400.0,NLG
2019-04-10 07:00:00,11.59,,,,100.0,GND
2019-03-11 07:00:00,,,7.05,7.08,87580.0,CRE
2025-04-24 07:00:00,10.3,,10.3,10.3,200.0,DTL
2021-04-09 07:00:00,,,5.05,,,JVC
2024-11-15 07:00:00,,,11.95,,,VPG
2025-10-08 07:00:00,,22.0,20.4,,,PCH
2023-05-18 07:00:00,,3.4,3.3,3.4,2000.0,BTN
2022-02-21 07:00:00,,15.34,,14.19,310900.0,XMC
2024-09-13 07:00:00,68.93,69.52,68.04,,,LHC
2023-01-16 07:00:00,5.99,5.99,5.99,,100.0,MCF
2020-10-23 07:00:00,26.1,,25.99,,1850.0,MH3
2025-07-21 07:00:00,,,54.99,,984900.0,VHC
2022-01-26 07:00:00,11.0,11.0,,,200.0,SPD
2026-04-06 07:00:00,45.8,45.8,,,42500.0,DHA
2024-08-07 07:00:00,11.6,11.6,11.03,,,ITD
2022-10-17 07:00:00,2.3,2.3,,2.2,10280.0,VE9
2024-02-27 07:00:00,2.9,,2.8,2.8,153501.0,BTN
2024-04-15 07:00:00,40.57,,,,4700.0,YTC
2022-01-24 07:00:00,77.0,77.0,77.0,76.9,9.0,MML
2022-04-19 07:00:00,7.62,7.62,,7.53,1500.0,CID
2018-02-05 07:00:00,,,,10.87,,DPC
2016-07-15 07:00:00,3.9,4.0,3.9,4.0,140260.0,JVC
2019-07-10 07:00:00,24.6,,24.6,24.6,31840.0,TRC
2018-07-19 07:00:00,36.65,36.65,36.65,36.65,200.0,VET
2025-01-08 07:00:00,,6.03,5.88,6.0,433800.0,EVG
2023-02-01 07:00:00,8.38,8.58,8.22,8.22,,PGB
2023-04-10 07:00:00,18.8,18.84,18.54,18.74,1965200.0,PC1
2022-06-03 07:00:00,8.72,8.72,,8.63,,BTS
2021-12-09 07:00:00,12.44,12.84,12.36,,60900.0,VTD
2018-01-10 07:00:00,15.67,15.67,15.67,15.67,1500.0,AVC
2023-10-11 07:00:00,9.1,9.1,8.5,,,HAC
2021-09-28 07:00:00,19.11,19.25,19.04,,43000.0,GHC
2022-07-18 07:00:00,5.2,,5.2,5.2,100.0,VNY
2023-01-16 07:00:00,,14.65,14.15,,3538100.0,ACB
2018-11-19 07:00:00,127.08,,126.79,127.28,501830.0,VJC
2023-01-18 07:00:00,,,,,22300.0,THT
2018-06-18 07:00:00,,,21.21,,44090.0,DBD
2023-07-12 07:00:00,17.0,19.3,17.0,19.3,,HOT
2017-10-17 07:00:00,40.46,40.46,,39.76,,ACV
2019-08-26 07:00:00,,,,21.88,,MH3
2024-11-27 07:00:00,,9.6,,9.6,3100.0,VCC
2021-12-01 07:00:00,22.0,22.1,19.9,,,PVL
2019-10-24 07:00:00,9.21,9.26,9.18,9.21,,PVT
2016-08-26 07:00:00,13.79,14.02,,13.65,34800.0,SRF
2025-11-24 07:00:00,10.83,,,10.83,100.0,EBS
2019-01-28 07:00:00,14.48,14.54,14.48,14.54,1730.0,IMP
2025-07-21 07:00:00,,,,,,CTB
2020-03-06 07:00:00,7.52,7.52,7.36,7.52,94300.0,BVS
2026-02-11 07:00:00,53.6,53.9,53.5,53.9,,IMP
2018-06-14 07:00:00,7.84,7.84,7.84,7.84,200.0,BBS
2024-09-06 07:00:00,,7.6,,7.6,9901.0,UNI
2025-02-06 07:00:00,,,4.4,4.4,902500.0,JVC
2016-04-25 07:00:00,,,0.72,0.72,,GTT
2025-02-10 07:00:00,,,,27.85,,BAF
2022-05-23 07:00:00,25.5,,,25.5,2100.0,FDC
2022-05-05 07:00:00,11.97,,11.97,,3600.0,DTI
2026-04-06 07:00:00,,36.2,,36.0,,ND2
2021-02-18 07:00:00,27.6,29.0,27.6,28.85,195100.0,DCL
2019-09-18 07:00:00,8.31,8.31,8.31,,2200.0,NDX
2024-02-05 07:00:00,2.8,,,2.7,,LMH
2018-03-15 07:00:00,15.6,15.6,15.6,15.6,100.0,HPM
2016-05-06 07:00:00,7.73,7.77,,7.73,,DGC
2023-09-18 07:00:00,8.19,8.19,8.19,8.28,7.0,POV
2022-03-04 07:00:00,,,,23.13,,CRE
2024-12-23 07:00:00,,,,3.3,,VTA
2020-12-21 07:00:00,38.17,39.06,38.03,38.08,208290.0,BCM
2025-12-02 07:00:00,,31.5,31.0,31.5,15800.0,CQN
2019-02-26 07:00:00,,2.58,2.4,2.4,50300.0,VE9
2018-09-19 07:00:00,,,,6.52,2358200.0,DAG
2024-05-07 07:00:00,6.0,6.2,,,1100.0,DC1
2024-03-12 07:00:00,14.6,,,14.73,,MBB
2020-04-01 07:00:00,16.58,,16.58,17.18,6170.0,SAS
2018-09-12 07:00:00,,6.68,6.43,6.49,35700.0,VTH
2016-05-23 07:00:00,,3.2,3.0,,,VIG
2016-10-14 07:00:00,,7.55,,7.55,200.0,BTS
2022-03-11 07:00:00,11.22,,,,,THP
2023-09-12 07:00:00,19.2,19.2,19.2,19.2,2.0,HTC
2024-02-28 07:00:00,26.13,26.13,26.13,26.13,100.0,QHD
2025-01-07 07:00:00,,30.56,,30.56,600.0,CTW
2022-12-28 07:00:00,9.5,9.5,,,100.0,TMT
2016-09-21 07:00:00,10.42,10.42,10.12,10.37,,THG
2024-01-24 07:00:00,9.55,9.65,9.54,,101200.0,TDC
2017-01-19 07:00:00,3.86,,3.86,,,SAC
2019-11-12 07:00:00,,7.67,7.55,,153430.0,PC1
2019-07-08 07:00:00,11.48,11.64,11.48,,8111.0,DVN
2026-03-17 07:00:00,10.25,,,,35000.0,NHH
2019-08-05 07:00:00,,,,19.25,,PGD
2023-07-28 07:00:00,2.3,2.3,2.3,2.3,4700.0,S12
2026-03-20 07:00:00,23.6,,23.6,23.8,,VCP
2016-07-15 07:00:00,22.93,22.93,,22.93,,PGD
2023-11-08 07:00:00,,,,6.42,155100.0,PHC
2025-03-21 07:00:00,,7.46,,,,S99
2024-06-27 07:00:00,17.0,17.1,,17.05,,CTI
2016-08-05 07:00:00,3.3,,3.2,3.3,251020.0,JVC
2025-05-26 07:00:00,,14.8,14.7,14.8,200.0,HSP
2019-07-26 07:00:00,4.95,4.95,,4.65,,UDC
2022-10-28 07:00:00,,,6.23,,,ONE
2023-09-19 07:00:00,,11.88,11.88,11.88,6.0,CTB
2017-06-08 07:00:00,10.61,10.93,10.61,10.89,73040.0,TMT
2025-11-13 07:00:00,,,23.5,23.5,,MBB
2024-04-15 07:00:00,,11.03,10.29,10.33,463400.0,TCI
2018-03-27 07:00:00,14.89,14.89,14.1,14.1,4900.0,AVC
2017-10-02 07:00:00,,,4.86,,,BLI
2025-12-19 07:00:00,35.7,35.75,,,300.0,TBC
2024-05-08 07:00:00,2.7,2.8,2.6,2.7,,PV2
2023-03-09 07:00:00,,6.59,6.59,6.59,100.0,BHP
2024-08-15 07:00:00,11.4,11.5,,,23200.0,ACL
2019-09-19 07:00:00,,,,14.95,900.0,CDN
2025-03-13 07:00:00,5.2,5.3,5.2,5.3,,NDX
2016-06-10 07:00:00,,,6.38,6.38,,AGP
2026-03-10 07:00:00,,,20.4,20.7,9300.0,VNR
2021-01-05 07:00:00,9.66,9.76,9.55,9.6,2719500.0,TPB
2023-05-24 07:00:00,29.48,29.48,,,7600.0,TBC
2020-06-10 07:00:00,,,11.86,11.86,5300.0,NHT
2017-03-21 07:00:00,3.41,3.48,,3.41,49200.0,S99
2024-08-05 07:00:00,,4.94,,,,DXV
2025-11-13 07:00:00,8.01,8.1,,8.1,3500.0,TTC
2018-09-21 07:00:00,4.34,4.48,,,90030.0,VPH
2022-01-26 07:00:00,16.91,,16.47,16.66,38800.0,VNR
2019-07-03 07:00:00,5.87,5.87,5.69,5.8,96058.0,DBC
2024-02-22 07:00:00,18.92,,18.84,18.84,3400.0,DIH
2021-11-24 07:00:00,46.65,,43.88,45.71,,LHC
2019-10-16 07:00:00,7.35,7.35,7.35,,,BTP
2018-03-06 07:00:00,6.37,6.92,,6.92,1200202.0,VE9
2017-07-18 07:00:00,22.0,,,22.0,100.0,NDP
2022-09-13 07:00:00,,23.14,22.88,23.1,1291300.0,SSB
2021-08-12 07:00:00,8.48,,,,14765.0,XMC
2024-06-03 07:00:00,2.9,,2.8,2.9,,MCG
2022-01-06 07:00:00,9.0,,,9.1,4100.0,ILC
2022-04-07 07:00:00,30.55,30.55,,30.31,,IDV
2018-12-18 07:00:00,,,6.0,6.0,,GSP
2025-01-17 07:00:00,6.3,6.6,6.3,6.6,1400.0,PND
2019-07-26 07:00:00,,18.75,18.27,,764110.0,CTI
2022-01-25 07:00:00,,22.95,21.3,22.65,,CTI
2017-12-07 07:00:00,,,,14.38,,DRH
2022-03-09 07:00:00,7.7,7.8,7.3,7.7,468010.0,KSQ
2019-12-11 07:00:00,,3.34,2.95,3.34,11310.0,DHM
2021-10-08 07:00:00,25.25,,24.4,24.54,,AGG
2022-08-01 07:00:00,21.03,,20.86,,2262100.0,PC1
2019-01-21 07:00:00,,4.55,4.28,,,DRI
2018-03-19 07:00:00,3.2,3.2,3.1,3.1,81400.0,VIG
2019-09-27 07:00:00,30.47,34.23,30.47,31.49,21290.0,NHH
2017-06-26 07:00:00,4.41,,4.38,4.48,1959590.0,MBB
2016-08-08 07:00:00,13.06,13.13,13.06,13.13,,TRC
2016-09-08 07:00:00,,10.27,9.88,9.88,30060.0,SVC
2016-12-28 07:00:00,33.7,33.81,32.88,,,MSN
2024-11-18 07:00:00,8.03,8.4,8.03,,5000.0,SRF
2021-09-14 07:00:00,,6.0,,,20700.0,TXM
2025-05-22 07:00:00,31.37,31.37,,27.15,3300.0,GND
2021-11-23 07:00:00,,10.13,9.49,10.05,6500.0,PTS
2020-11-18 07:00:00,,,,,100.0,VMG
2017-02-23 07:00:00,,2.53,,2.53,,APG
2018-12-21 07:00:00,4.23,4.23,,4.06,85100.0,HAC
2024-10-11 07:00:00,4.4,4.5,,4.5,41027.0,ILA
2021-09-15 07:00:00,111.58,119.76,111.58,,2796100.0,MSN
2021-04-28 07:00:00,6.82,,6.82,7.4,2400.0,ICG
2025-03-13 07:00:00,20.0,,20.0,20.0,1600.0,HPD
2017-02-24 07:00:00,32.51,,30.52,,38425.0,VEF
2024-05-28 07:00:00,3.8,,,3.5,,SD4
2025-09-12 07:00:00,3.4,,,,23700.0,MCG
2019-12-24 07:00:00,3.9,3.9,,,,SSN
2024-01-17 07:00:00,,23.72,22.92,23.06,5977300.0,VCI
2019-04-01 07:00:00,6.5,6.54,,6.5,,SAM
2026-01-29 07:00:00,20.0,20.1,,19.9,,PCH
2023-08-01 07:00:00,12.2,,,12.2,55410.0,UNI
2021-06-10 07:00:00,7.5,,,7.5,600.0,VE8
2019-07-16 07:00:00,,8.39,,6.86,3600.0,TVN
2023-05-16 07:00:00,,12.63,12.15,12.24,,PBC
2018-06-29 07:00:00,,,3.0,,2000.0,SD3
2023-05-22 07:00:00,6.4,,6.23,6.23,,MCF
2019-04-11 07:00:00,20.58,20.65,20.56,,59520.0,DBD
2021-04-28 07:00:00,5.09,,5.06,5.14,900800.0,IDI
2023-08-22 07:00:00,,25.4,25.4,25.4,100.0,ND2
2024-05-31 07:00:00,5.2,,5.1,,56184.0,PSB
2024-11-05 07:00:00,10.91,10.91,,10.91,3.0,BT1
2017-08-22 07:00:00,,,,35.56,,VEF
2025-02-03 07:00:00,28.39,28.56,,28.35,,D2D
2022-04-20 07:00:00,30.31,,29.98,29.98,,IMP
2020-08-28 07:00:00,,8.3,8.3,8.3,2001.0,TDS
2019-05-27 07:00:00,2.89,2.94,,,436780.0,SHS
2023-07-14 07:00:00,9.13,,8.81,8.89,,CRE
2018-03-28 07:00:00,9.39,9.61,9.39,9.44,70280.0,PC1
2017-06-28 07:00:00,,18.06,17.33,,4870.0,VFG
2024-09-06 07:00:00,10.67,10.67,10.67,,,BT1
2021-10-25 07:00:00,13.2,13.2,,12.9,178000.0,QNC
2025-11-14 07:00:00,,9.5,,,,PCT
2016-05-19 07:00:00,32.91,32.91,32.51,32.75,14310.0,TMT
2021-03-09 07:00:00,10.12,10.15,,10.12,159300.0,MIG
2025-03-04 07:00:00,13.24,13.43,13.24,13.33,82600.0,PCH
2025-12-02 07:00:00,24.29,24.67,,,,HDB
2022-06-15 07:00:00,15.03,15.03,13.72,13.72,200.0,NJC
2023-08-25 07:00:00,,22.43,,22.34,11556.0,TCW
2022-12-08 07:00:00,,2.7,2.5,2.5,22900.0,VNH
2025-09-29 07:00:00,8.1,,7.9,8.0,2200.0,ALV
2022-02-10 07:00:00,,15.61,,15.31,,MIG
2025-01-23 07:00:00,,1.6,,,505030.0,HHG
2024-03-18 07:00:00,4.11,,4.0,4.0,,PTL
2020-09-08 07:00:00,,,13.96,13.96,,VMD
2026-04-13 07:00:00,7.8,7.8,7.8,7.8,,BAL
2023-04-14 07:00:00,25.14,25.43,,25.43,,TRC
2022-05-18 07:00:00,15.76,16.11,,15.49,2601100.0,IDI
2026-01-07 07:00:00,,17.0,16.4,16.8,43300.0,SBB
2015-10-02 07:00:00,3.71,,3.71,3.83,2664.0,TL4
2022-11-07 07:00:00,12.57,12.94,12.39,,,PBC
2021-12-10 07:00:00,,17.07,,,29915.0,BAB
2023-07-14 07:00:00,36.38,39.03,,36.38,300.0,AVC
2018-01-15 07:00:00,26.69,26.69,23.98,25.49,12078.0,NAS
2023-07-07 07:00:00,13.62,13.8,,13.8,2100.0,VIF
2019-08-20 07:00:00,6.01,6.01,5.75,5.75,1800.0,SAC
2019-07-22 07:00:00,7.18,7.65,7.18,,,SBV
2025-03-07 07:00:00,25.75,25.75,25.75,25.75,300.0,CVT
2025-07-02 07:00:00,,,,52.9,,AVC
2024-09-20 07:00:00,3.15,,,3.1,9200.0,FCM
2025-04-03 07:00:00,8.6,9.0,8.4,,115600.0,DHB
2023-11-07 07:00:00,10.51,10.51,10.51,,,KST
2026-03-12 07:00:00,,12.2,11.7,,,FCN
2021-02-22 07:00:00,30.0,,30.0,30.0,,NAS
2023-09-14 07:00:00,42.33,,,43.68,400.0,AVC
2023-08-03 07:00:00,8.58,,8.32,8.49,,XMC
2026-03-05 07:00:00,16.0,,,16.8,,SBB
2020-09-17 07:00:00,,5.2,4.7,4.7,6470.0,SD4
2017-10-13 07:00:00,10.64,10.64,,10.64,23200.0,GND
2018-06-08 07:00:00,11.1,,11.1,11.1,100.0,CDN
2018-05-17 07:00:00,6.11,6.11,5.56,5.74,,PVO
2020-09-24 07:00:00,,5.23,,5.17,3821820.0,TTF
2024-06-26 07:00:00,,18.77,,,718000.0,MIG
2023-03-13 07:00:00,5.38,5.62,5.38,,12700.0,EVS
2023-03-31 07:00:00,9.8,9.8,9.4,9.7,172000.0,AFX
2025-12-19 07:00:00,,30.5,30.0,,,GSM
2021-12-09 07:00:00,,5.91,,5.85,,MAC
2020-01-03 07:00:00,4.07,4.07,4.07,4.07,1600.0,TTN
2017-11-16 07:00:00,1.02,1.02,0.88,,129510.0,VNH
2017-04-05 07:00:00,4.3,,4.3,4.53,,PVO
2020-04-22 07:00:00,4.1,4.16,3.94,4.1,66620.0,PLP
2025-08-20 07:00:00,12.4,12.4,12.4,12.4,200.0,PCM
2018-10-22 07:00:00,1.0,1.1,1.0,1.0,,TOP
2024-11-11 07:00:00,,18.6,18.0,18.2,,SBB
2023-07-05 07:00:00,16.39,20.15,16.39,,1200.0,VVS
2026-02-13 07:00:00,14.1,14.1,,14.05,,NAB
2016-05-09 07:00:00,,,,12.9,468900.0,VLC
2022-03-17 07:00:00,8.01,8.59,8.01,8.27,53300.0,DXV
2021-12-20 07:00:00,,6.9,6.7,6.8,,BTN
2019-10-18 07:00:00,,,3.0,,4400.0,PV2
2020-12-17 07:00:00,14.54,14.67,,14.29,1753830.0,HDG
2022-05-04 07:00:00,19.35,19.35,,19.24,,VMD
2021-10-04 07:00:00,,7.28,,7.28,,SD2
2018-02-21 07:00:00,16.65,17.39,16.52,17.39,,STG
2019-01-03 07:00:00,115.98,116.48,114.0,,579590.0,VJC
2021-07-09 07:00:00,15.86,15.86,15.86,15.86,100.0,X26
2020-04-08 07:00:00,,2.06,1.97,2.05,,HID
2021-11-29 07:00:00,32.86,34.42,32.86,34.11,26410.0,HMS
2019-07-19 07:00:00,17.45,17.78,,,358190.0,HPX
2025-03-07 07:00:00,22.12,22.12,,22.12,100.0,PCC
2025-12-08 07:00:00,9.4,9.4,9.4,,,CIA
2019-03-26 07:00:00,,5.83,,5.62,16940.0,DBC
2025-04-11 07:00:00,55.54,,,58.68,,BCM
2020-10-30 07:00:00,,,4.4,,9300.0,TXM
2025-07-11 07:00:00,15.0,,15.0,15.0,100.0,HLS
2023-06-16 07:00:00,10.04,10.04,10.04,,100.0,CQT
2018-05-28 07:00:00,11.02,11.06,11.02,,,HC3
2023-02-21 07:00:00,10.83,12.7,,11.31,,HEP
2022-12-01 07:00:00,,8.24,,8.13,3183800.0,HDB
2017-07-24 07:00:00,3.34,4.07,,4.07,200.0,SGS
2016-06-07 07:00:00,3.87,3.87,3.87,3.87,900.0,VNI
2025-04-22 07:00:00,5.3,,,,,TT6
2022-01-21 07:00:00,,12.42,11.7,12.42,,DTI
2025-06-06 07:00:00,,7.5,,,,TVN
2016-06-20 07:00:00,3.54,3.54,3.54,3.54,,VCA
2018-03-13 07:00:00,1.0,1.1,1.0,,6000.0,S12
2016-05-18 07:00:00,4.55,4.6,4.55,4.6,3500.0,IDV
2026-02-10 07:00:00,32.59,32.59,31.97,,,LBM
2020-10-15 07:00:00,13.36,,13.36,,2200.0,VIF
2018-03-19 07:00:00,2.3,2.3,2.2,2.3,34200.0,PVL
2024-01-10 07:00:00,6.94,7.4,6.66,6.66,6911.0,PTS
2024-11-12 07:00:00,18.04,18.31,,18.31,,SCL
2025-12-24 07:00:00,10.1,10.3,9.8,10.3,,XMC
2025-07-25 07:00:00,,14.01,,14.01,,DSC
2025-05-13 07:00:00,5.12,5.21,5.03,5.21,3600.0,TT6
2023-06-08 07:00:00,7.84,7.84,7.84,7.84,104.0,HBH
2025-06-12 07:00:00,,5.85,5.85,5.85,400.0,TTC
2024-10-25 07:00:00,20.89,,20.77,20.81,9220400.0,ACB
2021-04-19 07:00:00,,10.2,,10.2,500.0,SDU
2016-06-30 07:00:00,,11.9,,11.9,,TH1
2025-06-19 07:00:00,,12.26,,,85700.0,CTX
2021-09-07 07:00:00,,,4.59,4.62,,VPH
2023-09-26 07:00:00,3.1,3.1,3.0,3.0,1000.0,SD4
2019-03-20 07:00:00,,,,2.96,,SHS
2017-12-15 07:00:00,6.1,6.18,6.04,,,IDI
2018-04-05 07:00:00,7.42,,7.42,7.42,,NHT
2021-12-07 07:00:00,,7.8,,,1100.0,S72
2026-03-18 07:00:00,7.4,,,7.5,14100.0,HIO
2025-05-16 07:00:00,9.71,9.71,9.71,9.71,200.0,NUE
2021-09-10 07:00:00,19.09,19.96,,19.71,,PPH
2026-01-23 07:00:00,1.1,1.1,,1.1,22600.0,PVR
2024-06-24 07:00:00,,3.5,3.3,3.5,14401.0,PGT
2016-05-05 07:00:00,3.02,,3.02,,,VDS
2019-09-10 07:00:00,,6.74,6.74,6.74,100.0,BLT
2021-08-19 07:00:00,28.56,,28.44,,,AGG
2018-01-10 07:00:00,7.61,7.61,7.61,,100.0,VTA
2022-04-22 07:00:00,,,,,27300.0,VMG
2022-10-03 07:00:00,12.69,,12.3,,,FCN
2022-02-16 07:00:00,16.79,19.29,16.79,17.41,3600.0,BBH
2023-03-30 07:00:00,11.65,,,12.04,179446.0,DSC
2024-11-22 07:00:00,5.8,,5.7,,,ILC
2018-07-26 07:00:00,3.2,3.2,3.05,3.18,410.0,MCG
2019-05-07 07:00:00,3.1,3.15,3.06,,150150.0,JVC
2019-09-30 07:00:00,3.0,3.6,3.0,,41200.0,SD6
2018-08-16 07:00:00,,3.17,3.0,,254540.0,EVG
2019-12-20 07:00:00,0.3,,0.3,0.3,10.0,GTT
2020-12-21 07:00:00,,12.94,,12.94,,TMB
2018-01-22 07:00:00,19.95,20.0,19.95,20.0,310.0,FDC
2024-05-15 07:00:00,18.58,18.62,,,10200.0,LBM
2022-07-15 07:00:00,,12.05,,12.05,15.0,PIC
2015-11-04 07:00:00,,13.34,,12.91,339460.0,PXS
2020-06-02 07:00:00,,23.31,22.08,22.26,,D2D
2023-06-02 07:00:00,11.58,11.58,,,19500.0,VNL
2018-05-03 07:00:00,4.51,,4.51,4.79,9000.0,BLI
2019-01-29 07:00:00,13.32,13.32,12.53,,,DVN
2019-10-14 07:00:00,,,19.69,19.98,813220.0,CTI
2018-09-11 07:00:00,13.08,13.08,13.08,,,ND2
2021-11-11 07:00:00,24.23,24.23,24.05,,200.0,VHL
2020-01-17 07:00:00,3.05,3.05,,3.05,400.0,PVO
2020-12-18 07:00:00,1.3,1.4,1.3,1.4,211200.0,PVL
2018-01-17 07:00:00,7.15,7.15,7.15,7.15,120.0,VNI
2025-02-26 07:00:00,,,,,13100.0,SGI
2019-09-27 07:00:00,1.3,1.4,1.2,,,DST
2022-11-09 07:00:00,5.15,5.5,,5.45,122700.0,PHC
2022-06-10 07:00:00,8.98,8.98,,,,TCI
2021-10-05 07:00:00,13.0,,12.34,12.56,,GSP
2018-07-19 07:00:00,,,5.31,,,CSC
2023-10-20 07:00:00,13.67,14.95,13.08,13.08,17900.0,SID
2023-07-27 07:00:00,9.0,,,9.0,,ELC
2025-08-22 07:00:00,,,20.25,20.55,27300.0,PGV
2024-08-12 07:00:00,3.8,,3.8,4.2,6700.0,VMG
2023-05-08 07:00:00,,,,14.62,2303900.0,ACB
2020-07-28 07:00:00,15.17,,,15.53,5126.0,VCG
2020-05-28 07:00:00,,114.2,,,436060.0,VJC
2022-12-01 07:00:00,6.3,,6.3,6.3,100.0,CT3
2016-06-03 07:00:00,5.76,5.82,,5.7,,TL4
2021-12-07 07:00:00,,15.05,,14.33,1700.0,VIN
2021-07-23 07:00:00,12.82,12.82,12.82,,200.0,DAT
2025-12-24 07:00:00,,,26.5,26.5,,MCM
2023-06-07 07:00:00,,18.59,,,204.0,HTC
2024-11-29 07:00:00,27.96,28.05,27.87,,9414.0,TCW
2019-04-02 07:00:00,4.44,,4.44,,800.0,VNP
2022-06-27 07:00:00,,27.5,25.75,,123800.0,FDC
2022-02-17 07:00:00,9.04,9.22,,,,FCM
2025-11-25 07:00:00,23.45,23.5,22.95,23.0,648900.0,CTI
2015-12-08 07:00:00,4.38,,4.34,4.36,170.0,DGW
2016-07-25 07:00:00,63.51,63.51,,60.62,,NSC
2023-08-11 07:00:00,6.5,6.7,6.5,,7295.0,PSB
2017-11-30 07:00:00,,8.33,,8.23,,PVT
2022-04-20 07:00:00,34.23,34.23,33.72,34.15,31000.0,SZG
2023-07-31 07:00:00,11.37,11.37,11.37,,20.0,BBH
2021-11-09 07:00:00,,7.93,,7.71,1870700.0,FCM
2019-08-30 07:00:00,,4.8,4.52,4.72,7190.0,UDC
2020-08-21 07:00:00,21.27,21.27,,20.8,,HEJ
2025-03-10 07:00:00,,,5.42,5.45,74800.0,PHC
2023-06-28 07:00:00,,,9.4,10.0,,AFX
2023-05-08 07:00:00,,,19.61,,,GND
2024-07-23 07:00:00,22.78,26.48,,26.48,,GND
2021-09-01 07:00:00,39.34,40.44,,,58197.0,CSC
2023-12-01 07:00:00,,9.14,8.98,9.14,,GSP
2020-09-25 07:00:00,,,,,51730.0,FTM
2019-08-13 07:00:00,1.0,1.1,1.0,1.1,,VIG
2021-04-12 07:00:00,,48.75,,48.56,1400900.0,KDC
2023-11-23 07:00:00,21.37,,20.75,20.75,21300.0,PGV
2026-04-02 07:00:00,9.2,9.2,,,,TDF
2021-02-19 07:00:00,,,13.6,,,VSH
2022-01-27 07:00:00,23.34,23.34,,,1200.0,CQN
2025-08-22 07:00:00,12.3,12.5,,,44800.0,RYG
2022-04-26 07:00:00,,49.92,47.42,49.84,1141400.0,VPG
2024-10-22 07:00:00,37.75,37.94,36.18,36.8,624900.0,DPR
2022-03-29 07:00:00,,12.42,12.05,12.05,,TTC
2018-03-08 07:00:00,7.36,7.36,7.36,7.36,,SMA
2023-07-25 07:00:00,21.23,21.31,,,6000.0,GHC
2016-03-16 07:00:00,3.08,,,,1630.0,D2D
2020-11-13 07:00:00,6.8,,6.8,,4890.0,PIC
2018-07-16 07:00:00,2.95,3.08,,,,JVC
2019-12-06 07:00:00,,0.9,,0.9,,CDO
2022-09-20 07:00:00,7.1,7.1,7.1,7.1,,X20
2016-07-14 07:00:00,,,,4.14,,HPD
2017-12-29 07:00:00,,3.23,,2.77,,PVY
2017-06-29 07:00:00,,6.9,,,,VCC
2020-10-15 07:00:00,4.7,4.7,4.7,,200.0,PRO
2022-03-01 07:00:00,9.92,10.11,9.92,10.01,11600.0,SD2
2026-02-27 07:00:00,,,6.7,6.7,100.0,SVG
2016-05-25 07:00:00,4.0,,,3.9,543920.0,JVC
2023-05-05 07:00:00,,32.45,31.7,32.45,41200.0,VSH
2017-02-27 07:00:00,2.36,2.36,2.36,,500.0,KST
2020-07-31 07:00:00,11.15,,,11.15,,VRG
2023-12-20 07:00:00,6.06,6.06,6.06,,3.0,NDX
2025-12-24 07:00:00,49.1,50.1,,50.1,7300.0,IMP
2022-03-24 07:00:00,20.58,20.67,20.03,20.67,140800.0,TMT
2023-03-22 07:00:00,29.2,30.5,29.2,30.5,,MML
2020-01-17 07:00:00,5.67,,5.64,5.8,158030.0,DBC
2018-03-02 07:00:00,2.96,,,3.07,,TNB
2016-12-07 07:00:00,2.98,3.03,2.98,,,TDC
2018-03-22 07:00:00,,,6.1,6.1,5000.0,L63
2024-02-20 07:00:00,13.63,13.63,13.45,13.54,27817.0,CLX
2021-08-27 07:00:00,57.63,,57.63,59.62,21672.0,NSC
2019-07-23 07:00:00,,5.35,5.26,,1619930.0,HAG
2025-10-30 07:00:00,7.8,8.2,7.7,8.2,,TVN
2018-01-17 07:00:00,9.89,9.89,9.75,9.8,,VNR
2018-01-19 07:00:00,0.32,,0.32,0.4,129882.0,GTT
2018-04-19 07:00:00,4.73,4.73,,4.56,,HHG
2019-05-06 07:00:00,5.75,,5.64,5.8,15540.0,DBC
2018-07-05 07:00:00,,,25.33,25.63,10300.0,CIA
2022-01-17 07:00:00,,,8.68,,116008.0,SMT
2023-03-16 07:00:00,,8.5,8.5,8.5,1.0,BBS
2021-09-27 07:00:00,13.3,,13.3,,,AGP
2025-12-15 07:00:00,,17.3,,,,ICG
2020-08-04 07:00:00,,27.26,,27.21,504240.0,KDC
2021-11-23 07:00:00,13.23,14.02,,,,VTD
2023-12-05 07:00:00,31.75,31.75,,31.75,600.0,MH3
2017-06-22 07:00:00,15.28,15.53,15.28,15.34,65150.0,NAF
2016-05-18 07:00:00,11.11,11.11,11.11,,3300.0,VTX
2018-10-30 07:00:00,9.81,9.84,9.77,9.77,14840.0,DPR
2025-02-14 07:00:00,72.15,72.34,71.08,71.56,21992.0,TMB
2018-09-27 07:00:00,,,2.14,2.18,,HAP
2018-05-18 07:00:00,20.05,20.05,,19.96,,BCM
2016-06-13 07:00:00,,,3.05,3.09,,IJC
2022-09-12 07:00:00,,43.5,,,,UIC
2017-08-22 07:00:00,4.15,4.15,,4.15,1980.0,DXV
2022-07-26 07:00:00,22.61,,22.33,22.61,,PGD
2024-04-11 07:00:00,28.42,28.51,28.34,,17347.0,VLB
2019-10-17 07:00:00,8.45,8.92,8.45,,,CCI
2018-05-08 07:00:00,,8.58,,8.3,302.0,TXM
2021-04-28 07:00:00,15.29,,15.29,15.29,400.0,ABR
2021-10-06 07:00:00,8.8,8.8,,,5200.0,KTT
2022-07-20 07:00:00,14.02,14.02,14.02,14.02,,PRE
2025-12-12 07:00:00,11.8,,11.4,,30900.0,LDP
2016-10-27 07:00:00,,,5.57,6.19,2300.0,TXM
2025-08-18 07:00:00,5.0,5.1,,4.9,1100.0,NDT
2024-01-24 07:00:00,6.84,6.84,,6.84,200.0,NUE
2025-02-12 07:00:00,24.85,25.52,23.99,,232532.0,DVN
2019-09-20 07:00:00,5.46,5.49,5.2,,,ACC
2019-12-06 07:00:00,3.33,3.42,,3.42,31750.0,VPH
2021-07-05 07:00:00,,5.59,5.41,5.41,,ONE
2016-01-04 07:00:00,2.59,,2.54,2.54,,ALV
2017-04-04 07:00:00,5.89,5.93,5.86,5.91,604500.0,SAM
2016-07-29 07:00:00,,1.7,,1.7,143700.0,PV2
2020-07-08 07:00:00,,14.28,13.76,,,TBC
2017-03-28 07:00:00,8.06,8.06,,,,XPH
2016-02-23 07:00:00,6.12,6.54,5.95,6.54,1385050.0,DHM
2025-03-28 07:00:00,,15.74,,14.85,,SID
2016-06-16 07:00:00,11.04,11.13,,11.04,3600.0,CDN
2024-09-23 07:00:00,,2.75,2.69,2.72,32400.0,HID
2020-08-24 07:00:00,,,6.84,6.84,100.0,KST
2023-05-29 07:00:00,,4.39,4.22,4.39,,FCM
2025-08-29 07:00:00,,32.1,31.9,31.9,6600.0,CDN
2017-05-31 07:00:00,2.82,,2.73,,56600.0,G20
2024-09-13 07:00:00,0.9,,0.7,0.7,102800.0,FTM
2022-04-06 07:00:00,61.55,61.77,59.28,,101006.0,CSC
2024-09-18 07:00:00,11.5,11.5,,,,ACL
2018-02-28 07:00:00,,,7.87,,194210.0,PHC
2018-03-20 07:00:00,27.78,28.02,,27.63,,L14
2025-11-06 07:00:00,27.19,27.3,,26.68,,VCI
2023-08-17 07:00:00,20.79,,20.79,20.79,,X26
2018-09-17 07:00:00,8.84,,,8.72,,PC1
2019-05-28 07:00:00,6.0,6.0,6.0,,700.0,SD4
2019-01-21 07:00:00,2.5,2.5,2.5,2.5,,VMG
2021-08-25 07:00:00,11.61,11.7,11.33,11.61,1145900.0,OIL
2020-05-11 07:00:00,,48.31,45.11,,20210.0,NSC
2016-06-16 07:00:00,,,4.1,,1047800.0,ACM
2022-05-04 07:00:00,33.77,33.77,31.49,31.56,,NHA
2021-03-18 07:00:00,13.55,13.73,13.27,,18800.0,C21
2023-05-24 07:00:00,,92.37,84.81,84.81,,VEF
2025-05-14 07:00:00,19.25,19.56,,19.16,9939300.0,VCG
2025-11-24 07:00:00,,42.2,,,2600.0,TAN
2025-09-12 07:00:00,18.87,18.87,18.44,,13552300.0,TPB
2020-05-13 07:00:00,,,7.79,,1800.0,VBB
2023-10-19 07:00:00,17.9,,17.9,17.9,1400.0,SC5
2017-03-06 07:00:00,,7.31,7.31,7.31,100.0,BTS
2019-05-16 07:00:00,,19.1,18.77,18.86,,NLG
2022-04-04 07:00:00,,11.13,10.9,,3000.0,POV
2022-01-04 07:00:00,,,25.2,,20400.0,VXB
2025-09-05 07:00:00,,,,48.42,55900.0,DHA
2025-01-22 07:00:00,10.49,,,10.49,8846609.0,SHS
2023-08-23 07:00:00,65.05,65.43,63.33,64.67,,BCM
2025-08-01 07:00:00,,10.0,,10.0,10200.0,CT3
2020-11-10 07:00:00,13.54,13.87,,13.76,528580.0,DGW
2022-10-12 07:00:00,10.05,,9.9,10.48,,HT1
2023-05-04 07:00:00,34.0,,34.0,34.0,503.0,MML
2016-09-27 07:00:00,9.53,9.74,9.32,9.32,,TTC
2019-04-18 07:00:00,18.71,18.87,18.44,,122230.0,CVT
2024-11-19 07:00:00,11.76,,11.26,,,PGB
2017-11-20 07:00:00,,1.75,1.75,,200.0,SCL
2020-10-06 07:00:00,5.43,5.62,5.36,5.62,,MCF
2021-04-26 07:00:00,,31.92,28.83,31.92,1899.0,VFG
2019-12-23 07:00:00,3.1,3.1,3.0,3.0,1230.0,PSB
2020-09-23 07:00:00,9.07,9.07,9.01,,28870.0,BTP
2024-06-05 07:00:00,27.33,27.33,,27.24,,GHC
2018-07-16 07:00:00,,16.91,14.5,15.57,23000.0,VCP
2021-02-24 07:00:00,9.48,9.48,,8.78,,VGV
2016-05-05 07:00:00,4.29,4.35,4.29,4.35,2100.0,ICG
2024-05-14 07:00:00,7.94,7.94,,7.79,700.0,BVL
2024-01-17 07:00:00,8.17,8.17,7.99,,105925.0,S99
2019-11-07 07:00:00,5.67,5.74,5.56,,412340.0,APG
2022-10-14 07:00:00,7.5,,,7.5,111900.0,VDS
2021-01-19 07:00:00,,,8.16,,,AG1
2025-05-27 07:00:00,,22.73,22.48,,32300.0,SCL
2025-10-20 07:00:00,,36.5,35.1,,15300.0,QPH
2024-10-04 07:00:00,,6.1,6.1,,50.0,NDT
2019-03-15 07:00:00,7.7,8.3,,8.3,,UNI
2017-09-27 07:00:00,,,,,,MPT
2023-09-20 07:00:00,31.18,,,,167500.0,DPR
2018-07-31 07:00:00,3.37,3.41,3.37,3.37,130.0,DXV
2017-10-13 07:00:00,,4.0,,,,MCG
2015-10-12 07:00:00,18.1,18.1,17.8,17.8,,TTF
2023-04-06 07:00:00,,,,28.07,100.0,AVC
2024-09-04 07:00:00,8.23,8.42,,8.42,37209.0,S99
2024-06-10 07:00:00,,,4.54,4.54,400.0,SMT
2021-07-19 07:00:00,10.83,11.26,,,576500.0,ANV
2024-10-25 07:00:00,15.59,15.59,15.59,15.59,1700.0,NFC
2025-12-05 07:00:00,6.7,6.9,6.4,6.8,11200.0,TT6
2021-12-23 07:00:00,11.99,,11.36,11.65,,DSC
2021-03-11 07:00:00,9.0,9.11,8.74,,2781100.0,CRE
2025-01-22 07:00:00,24.14,24.14,24.14,,200.0,HC3
2023-01-06 07:00:00,,,,6.04,227100.0,VDS
2022-03-04 07:00:00,6.4,6.48,,6.48,400.0,CX8
2018-06-04 07:00:00,10.01,10.2,9.43,9.53,18300.0,TVN
2025-03-07 07:00:00,6.4,6.5,6.4,6.4,,PVO
2021-06-04 07:00:00,,,1.94,2.22,,PVY
2016-07-11 07:00:00,2.9,,2.9,2.9,208320.0,ACM
2025-08-04 07:00:00,,26.9,24.4,24.9,193200.0,CSC
2025-04-11 07:00:00,9.0,9.25,8.83,9.21,17391900.0,MSB
2023-02-15 07:00:00,1.8,1.9,1.7,1.7,94300.0,KSQ
2019-11-11 07:00:00,5.58,5.58,5.4,5.4,46400.0,TDT
2022-08-17 07:00:00,,10.93,10.74,10.91,4696900.0,HDB
2017-10-05 07:00:00,,,,6.47,45600.0,ALV
2022-10-04 07:00:00,64.74,65.97,64.41,65.56,9400.0,NSC
2025-06-30 07:00:00,,4.0,3.79,3.9,306900.0,FCM
2025-05-13 07:00:00,34.25,35.3,34.25,35.0,,BAF
2021-09-14 07:00:00,,21.2,,21.13,23300.0,TBC
2024-08-21 07:00:00,,27.51,,,,TNP
2021-07-12 07:00:00,,11.11,10.37,10.58,,MSB
2023-03-29 07:00:00,7.44,7.5,7.38,7.39,3626000.0,HAG
2021-09-14 07:00:00,9.04,9.04,8.86,8.86,3500.0,VGV
2015-11-05 07:00:00,3.31,3.31,3.31,3.31,,HU3
2021-10-27 07:00:00,,,77.97,77.97,280300.0,SSH
2022-10-25 07:00:00,5.53,5.77,4.95,5.28,342633.0,S99
2017-10-20 07:00:00,,3.82,,3.81,7910.0,UDC
2024-02-06 07:00:00,4.97,,4.97,5.08,860000.0,EVG
2020-01-15 07:00:00,,8.6,8.53,,,POW
2018-09-19 07:00:00,,2.51,,2.51,22100.0,NHA
2024-08-28 07:00:00,,53.57,53.08,53.37,,KDC
2024-03-05 07:00:00,18.11,18.11,,,30600.0,LBM
2023-06-28 07:00:00,,16.98,16.98,16.98,203.0,PTO
2021-12-13 07:00:00,36.04,,,,,THG
2016-04-01 07:00:00,,,23.62,,17920.0,DAT
2018-10-29 07:00:00,1.54,,,1.49,33440.0,VOS
2024-04-22 07:00:00,,26.3,25.3,25.9,436600.0,DCL
2021-12-15 07:00:00,18.06,18.06,17.41,17.55,34800.0,VRG
2026-03-20 07:00:00,,6.24,6.08,,490200.0,EVG
2019-02-21 07:00:00,26.98,26.98,26.98,26.98,400.0,NAS
2024-10-01 07:00:00,28.42,28.42,28.03,28.22,2201.0,CDN
2019-11-28 07:00:00,2.09,2.09,2.09,2.09,,MCO
2016-04-08 07:00:00,10.27,,10.27,10.27,60.0,PNC
2025-10-02 07:00:00,3.8,3.8,,3.8,,HID
2015-10-09 07:00:00,,5.88,5.88,,,VTX
2024-08-19 07:00:00,,,3.3,,137400.0,JVC
2019-02-11 07:00:00,1.8,1.9,1.7,1.9,,DST
2017-01-05 07:00:00,25.3,25.35,25.18,25.22,,NVL
2016-10-25 07:00:00,2.61,,,2.79,2200.0,VDS
2019-02-25 07:00:00,,9.26,,8.86,,VNR
2016-02-26 07:00:00,8.68,8.7,,8.7,100.0,BBS
2019-06-17 07:00:00,,6.66,6.11,6.4,1350.0,GSP
2017-12-22 07:00:00,16.28,,16.28,16.28,210.0,ABT
2017-11-30 07:00:00,4.62,,4.58,,,MIG
2018-05-15 07:00:00,14.15,,14.06,14.25,,VNG
2022-03-08 07:00:00,8.84,8.84,8.84,8.84,,MTP
2023-09-11 07:00:00,5.97,,5.65,5.89,1937.0,SMT
2023-02-27 07:00:00,,,9.81,,6322200.0,POW
2017-02-15 07:00:00,,4.0,,,2380.0,PGT
2021-08-18 07:00:00,29.9,29.9,29.19,29.19,,NHH
2020-04-15 07:00:00,32.39,33.0,31.97,32.75,226741.0,ACV
2017-07-14 07:00:00,4.79,,,,,VQC
2023-02-01 07:00:00,5.21,5.63,,5.54,46500.0,NDX
2023-08-14 07:00:00,,50.32,47.09,50.32,,TNC
2021-07-30 07:00:00,,,4.2,4.2,3100.0,SD4
2021-12-10 07:00:00,7.3,7.5,,7.21,28800.0,DXV
2024-05-21 07:00:00,,,64.6,64.9,44500.0,SCG
2019-12-19 07:00:00,6.06,,6.06,6.15,59580.0,DBC
2025-12-23 07:00:00,9.39,,9.27,9.27,210300.0,TCI
2017-03-29 07:00:00,29.23,29.44,,,,NVL
2023-05-25 07:00:00,19.96,20.62,19.96,20.45,3200.0,VMD
2019-11-12 07:00:00,1.3,,1.3,,20.0,ILA
2024-04-08 07:00:00,4.9,5.5,,5.0,44701.0,TS3
2024-03-14 07:00:00,,15.9,15.65,15.8,535100.0,CTI
2023-04-05 07:00:00,14.46,,14.39,,1568800.0,BAF
2016-02-24 07:00:00,11.03,11.5,,,,VNG
2025-10-17 07:00:00,2.2,2.28,2.18,2.22,,DRH
2021-11-03 07:00:00,,27.36,26.17,26.26,119411.0,PGV
2025-11-04 07:00:00,6.8,6.8,,6.8,200.0,FGL
2017-05-11 07:00:00,9.83,,8.67,,,NSG
2024-11-01 07:00:00,24.29,,,,,DBC
2022-10-14 07:00:00,23.48,,,23.57,2952400.0,NLG
2025-12-16 07:00:00,6.2,6.2,,6.2,2500.0,PBC
2022-11-21 07:00:00,,47.38,46.84,47.2,,ACV
2021-01-13 07:00:00,5.28,5.54,5.18,,1010500.0,ELC
2020-08-04 07:00:00,1.2,,1.2,1.2,200.0,HHG
2024-09-27 07:00:00,,,15.05,15.05,200.0,DHD
2018-11-29 07:00:00,1.43,1.52,1.43,1.52,,VOS
2016-11-28 07:00:00,3.0,3.0,2.93,2.95,,DGW
2025-02-24 07:00:00,23.03,23.03,23.03,,,HLS
2025-12-12 07:00:00,32.1,32.1,,32.0,3200.0,TCW
2022-08-10 07:00:00,44.02,,,44.27,44522.0,CSC
2016-10-07 07:00:00,,,2.28,2.32,59600.0,HAP
2025-10-02 07:00:00,,,,,11200.0,BVL
2015-12-09 07:00:00,4.07,4.11,,,,BTP
2017-07-25 07:00:00,9.53,,,,3300.0,ND2
2016-03-29 07:00:00,3.01,3.12,,3.01,406780.0,FCM
2022-04-08 07:00:00,12.14,12.14,,11.85,25900.0,PPP
2023-05-04 07:00:00,1.9,2.0,1.9,,40800.0,PV2
2021-07-07 07:00:00,25.86,25.86,25.86,,,CQN
2019-10-03 07:00:00,15.19,15.19,,,,TBC
2022-03-22 07:00:00,9.8,10.2,,9.9,1713700.0,MCG
2024-03-20 07:00:00,42.57,42.57,41.29,,,L14
2020-05-19 07:00:00,,6.04,,5.97,63430.0,PHC
2024-08-21 07:00:00,,5.4,5.2,5.3,4600.0,XPH
2022-10-27 07:00:00,6.9,8.0,,,372.0,RIC
2018-02-02 07:00:00,7.5,,7.5,7.5,259900.0,VKC
2019-04-19 07:00:00,11.69,,,11.78,7064.0,SWC
2018-11-08 07:00:00,,8.41,8.37,8.41,1160.0,SBA
2022-07-04 07:00:00,,3.98,3.79,3.96,1602500.0,DLG
2024-09-06 07:00:00,1.5,1.6,,,534000.0,DVG
2021-09-08 07:00:00,,,,,,VMG
2018-12-24 07:00:00,10.33,10.46,10.1,10.19,,LMH
2021-08-10 07:00:00,,16.1,14.66,,3200.0,PBC
2019-07-05 07:00:00,12.64,,,,,NHH
2025-07-30 07:00:00,9.3,9.3,,9.3,12100.0,DHB
2020-08-18 07:00:00,40.12,41.21,,,,L14
2021-02-01 07:00:00,1.8,1.8,,1.8,11700.0,VE9
2018-09-07 07:00:00,11.15,,11.15,,200.0,PTI
2023-09-18 07:00:00,54.97,54.97,54.97,54.97,,CLM
2024-06-26 07:00:00,11.5,11.7,,11.7,28373.0,LSG
2024-12-19 07:00:00,,26.32,26.04,26.32,20400.0,D2D
2023-08-07 07:00:00,,,41.41,43.88,,DHA
2018-07-04 07:00:00,,12.16,12.16,,100.0,STC
2019-06-20 07:00:00,,3.06,3.04,3.05,175980.0,JVC
2016-05-30 07:00:00,11.2,11.2,,11.2,,SSF
2022-12-15 07:00:00,11.9,12.0,,12.0,31800.0,GMC
2018-09-04 07:00:00,7.0,7.19,,7.19,15050.0,NAF
2016-06-14 07:00:00,,,2.87,2.87,50.0,HBS
2025-01-06 07:00:00,21.53,21.73,21.53,21.63,,TV1
2018-01-22 07:00:00,,,7.5,,,PTM
2024-06-07 07:00:00,,9.0,8.64,8.85,4100.0,DAT
2025-04-02 07:00:00,44.75,,44.08,44.18,654600.0,DPR
2020-09-04 07:00:00,,6.8,,6.79,3600.0,SBV
2019-05-31 07:00:00,14.27,14.34,,13.8,,MPC
2018-11-05 07:00:00,11.93,11.93,,11.93,,TXM
2025-09-23 07:00:00,41.75,42.5,,,778600.0,DGW
2023-05-10 07:00:00,,,,,,SD6
2024-01-04 07:00:00,20.92,21.04,20.68,20.92,825700.0,AGG
2021-07-15 07:00:00,12.69,,12.69,,500.0,VIF
2021-01-20 07:00:00,28.0,30.5,28.0,,11150.0,NAS
2022-03-16 07:00:00,16.7,17.4,16.6,17.0,7558100.0,TTF
2025-11-06 07:00:00,,22.66,21.48,22.66,5200.0,CCI
2024-08-29 07:00:00,16.06,16.42,16.06,16.19,22617900.0,MBB
2022-11-29 07:00:00,60.54,60.54,45.09,45.09,,CMN
2026-02-03 07:00:00,8.9,8.9,,,,S99
2018-05-30 07:00:00,16.87,16.94,,16.74,238730.0,VHC
2026-02-26 07:00:00,18.35,,18.1,18.4,745100.0,VDS
2019-01-11 07:00:00,18.88,20.41,,20.41,2200.0,BCM
2021-04-28 07:00:00,11.96,,,13.52,200.0,SID
2020-04-10 07:00:00,,1.98,1.86,1.98,974170.0,TTF
2024-09-10 07:00:00,25.1,,24.72,,,LBM
2025-12-17 07:00:00,35.52,35.52,34.56,,28900.0,LBM
2018-05-11 07:00:00,17.15,,,17.15,60.0,VFG
2022-09-05 07:00:00,,,21.67,21.67,,VRG
2015-11-06 07:00:00,1.02,1.02,,,500.0,VES
2025-12-24 07:00:00,76.5,76.5,68.8,,,CMN
2021-09-20 07:00:00,,12.55,11.64,11.64,79143.0,HAC
2020-06-22 07:00:00,5.04,5.29,5.04,5.29,690070.0,DAG
2018-12-19 07:00:00,9.01,9.06,8.87,9.02,237420.0,HDG
2020-12-01 07:00:00,,67.24,65.22,,,MSN
2022-09-09 07:00:00,19.02,19.02,17.96,,,BVS
2025-07-18 07:00:00,1.8,,1.6,1.6,,HHG
2016-09-28 07:00:00,19.04,,18.98,20.69,,TDW
2025-08-11 07:00:00,11.8,12.4,11.8,12.0,,HMR
2019-03-13 07:00:00,,11.86,11.86,11.86,200.0,NHT
2020-10-15 07:00:00,11.97,12.05,11.9,11.97,129140.0,MPC
2024-10-31 07:00:00,11.0,11.0,11.0,11.0,100.0,VHL
2022-05-13 07:00:00,,12.95,,12.87,,TTN
2025-09-23 07:00:00,16.0,,,16.0,,HEP
2025-07-17 07:00:00,16.0,17.0,14.8,,,FDC
2025-09-23 07:00:00,28.5,28.8,28.3,,3505100.0,VRE
2025-03-06 07:00:00,,,7.83,,2900.0,TTC
2022-09-19 07:00:00,14.82,15.09,,13.58,38320.0,VNP
2021-08-23 07:00:00,31.34,32.19,,31.69,2413600.0,NLG
2025-11-14 07:00:00,22.12,22.12,22.02,22.02,6200.0,VNL
2017-03-14 07:00:00,9.73,,,,1300.0,VXB
2021-09-09 07:00:00,,18.79,18.79,,11247.0,SMT
2023-11-06 07:00:00,5.6,,,5.7,10100.0,BTS
2021-01-25 07:00:00,17.23,17.43,17.23,,2800.0,PTI
2017-11-21 07:00:00,,3.54,2.78,3.54,,TNB
2019-04-12 07:00:00,2.58,2.58,2.58,,7015.0,VE9
2025-08-01 07:00:00,,11.0,,10.8,22100.0,BCA
2019-08-27 07:00:00,,,2.63,,129020.0,KMR
2018-05-23 07:00:00,,2.67,,2.65,10950.0,HTT
2023-08-10 07:00:00,8.38,8.38,,,,TJC
2019-11-13 07:00:00,,,80.66,,,VEF
2021-03-02 07:00:00,6.71,6.71,6.21,,8076.0,QNC
2019-12-12 07:00:00,20.01,22.4,,21.88,,VFG
2016-07-19 07:00:00,,11.13,10.0,10.3,650000.0,MPT
2022-06-08 07:00:00,,6.43,6.1,,947200.0,JVC
2024-02-19 07:00:00,,13.4,13.0,13.0,1901.0,BMJ
2022-10-04 07:00:00,4.0,,3.6,3.9,2211.0,SD3
2022-04-08 07:00:00,16.72,17.61,16.13,16.13,5000.0,SID
2019-03-07 07:00:00,17.8,,,18.1,,FTM
2022-08-10 07:00:00,17.68,17.86,17.5,,35203.0,DVN
2020-02-25 07:00:00,,8.6,,,105615.0,MPC
2019-04-16 07:00:00,3.21,3.21,2.95,,,MPT
2016-07-05 07:00:00,4.64,4.64,,,1000.0,CTX
2023-03-14 07:00:00,11.49,11.58,,,34100.0,CLX
2016-05-13 07:00:00,4.8,4.98,4.8,4.98,,TST
2022-08-16 07:00:00,,16.88,16.79,16.79,228.0,PND
2025-05-19 07:00:00,9.29,9.63,9.29,9.63,19300.0,ACL
2020-07-24 07:00:00,3.6,3.7,,3.6,,EIN
2023-12-07 07:00:00,53.0,,53.0,53.0,1720.0,CLM
2021-03-18 07:00:00,12.63,13.34,,13.23,,VPG
2022-01-12 07:00:00,,,7.67,8.03,,NAB
2018-01-15 07:00:00,5.36,,,,202600.0,HCD
2019-11-29 07:00:00,3.0,,3.0,3.1,,CTP
2023-10-03 07:00:00,,,8.17,8.36,,S99
2021-12-14 07:00:00,,25.36,,25.36,,DNC
2019-01-29 07:00:00,16.2,,,,600.0,MH3
2026-02-27 07:00:00,,,16.8,16.9,31100.0,ITD
2020-10-16 07:00:00,,,22.93,22.98,19440.0,DBD
2018-02-26 07:00:00,,3.76,3.76,,100.0,BCP
2021-02-01 07:00:00,,10.48,,,20400.0,POS
2024-10-01 07:00:00,3.1,,2.9,3.1,8727.0,PGT
2017-07-27 07:00:00,,4.52,,,1100.0,DHD
2016-11-29 07:00:00,,2.1,1.9,2.1,429700.0,ACM
2026-02-12 07:00:00,11.9,12.0,11.1,11.8,17800.0,CDP
2024-05-24 07:00:00,26.17,,,,,GND
2026-03-02 07:00:00,,,7.5,7.6,29800.0,ALV
2017-11-22 07:00:00,10.0,,9.0,9.0,,VIE
2024-04-23 07:00:00,,10.4,9.92,,,VCC
2023-07-21 07:00:00,37.89,37.89,37.89,,100.0,AVC
2019-11-18 07:00:00,17.65,17.65,,,,HPX
2024-07-26 07:00:00,19.89,20.52,19.89,,92013.0,GDA
2021-03-18 07:00:00,,33.33,,31.68,70800.0,VLB
2016-11-01 07:00:00,2.12,2.16,2.08,,,NAG
2024-01-04 07:00:00,,8.4,8.4,8.4,5900.0,SPD
2024-05-07 07:00:00,7.7,7.7,,,,VCM
2023-08-29 07:00:00,,8.46,8.28,8.46,4100.0,THP
2022-09-15 07:00:00,,16.46,,,54500.0,ACC
2025-02-13 07:00:00,68.8,69.0,68.3,68.9,1824000.0,MSN
2021-04-12 07:00:00,18.7,19.77,,19.6,1198139.0,TAR
2020-10-01 07:00:00,11.49,,11.31,,4000.0,CLX
2021-12-09 07:00:00,16.26,16.26,,16.12,11800.0,TMT
2019-05-08 07:00:00,,8.34,,8.34,213590.0,PVT
2021-01-28 07:00:00,,6.52,5.94,,9100.0,MCF
2019-12-27 07:00:00,4.3,,4.3,4.5,2030.0,PTL
2025-04-16 07:00:00,,6.9,6.9,6.9,1000.0,S72
2019-04-04 07:00:00,7.08,,,7.08,,TST
2018-05-21 07:00:00,6.16,6.16,,6.16,100.0,BBS
2017-05-15 07:00:00,3.07,3.13,2.92,2.99,413450.0,HAP
2024-10-10 07:00:00,19.08,,,,242400.0,NAF
2018-09-06 07:00:00,,6.01,5.79,5.89,11050.0,ITD
2021-08-30 07:00:00,,8.89,,8.89,14410.0,XMC
2024-11-11 07:00:00,,15.55,15.3,,179300.0,AGG
2017-09-11 07:00:00,4.99,,,4.99,,TL4
2021-01-12 07:00:00,26.54,26.77,25.77,,1055700.0,NLG
2020-07-13 07:00:00,,,5.71,,,PLP
2026-02-13 07:00:00,11.5,11.5,11.5,11.5,200.0,EBS
2026-02-11 07:00:00,17.6,18.1,,18.0,458900.0,MPC
2024-10-10 07:00:00,26.47,,26.47,,1000.0,CQN
2019-05-24 07:00:00,15.72,15.72,14.92,15.06,,MPC
2025-11-25 07:00:00,,24.8,,24.3,1400.0,PGD
2019-12-16 07:00:00,7.7,7.7,7.59,,167802.0,MPC
2023-02-09 07:00:00,9.93,9.93,,8.35,4400.0,BVL
2020-05-11 07:00:00,4.57,4.65,4.41,4.65,,ICG
2025-08-29 07:00:00,13.1,13.35,12.8,,,APG
2018-12-17 07:00:00,18.66,19.29,18.66,19.29,,VFG
2025-03-05 07:00:00,65.61,65.67,,64.39,,ACV
2018-10-08 07:00:00,,,,9.13,,SBA
2022-06-27 07:00:00,9.95,9.95,,,3000.0,PIC
2019-11-04 07:00:00,,,15.21,17.14,2890.0,SC5
2017-11-23 07:00:00,21.0,21.0,,21.0,,DCL
2024-10-29 07:00:00,,,6.1,,100.0,SVG
2024-01-31 07:00:00,8.9,9.69,8.9,9.69,1100.0,X20
2020-06-30 07:00:00,,5.38,4.9,4.99,579560.0,APG
2020-12-15 07:00:00,,3.2,3.2,3.2,90.0,PGT
2022-05-10 07:00:00,22.63,,22.33,22.33,700.0,BLT
2022-10-07 07:00:00,6.17,,,6.49,,HMR
2018-11-26 07:00:00,5.3,5.31,,5.25,1328270.0,HAG
2026-02-26 07:00:00,7.53,7.53,7.35,,,EVG
2024-02-16 07:00:00,13.26,13.73,,13.53,,NHA
2026-01-20 07:00:00,17.6,,17.6,17.6,100.0,THW
2024-01-04 07:00:00,39.81,,,,12824.0,TMB
2022-12-26 07:00:00,21.51,22.19,,21.02,,VCP
2020-01-14 07:00:00,6.6,6.65,6.55,,224560.0,CRE
2020-02-26 07:00:00,29.84,29.96,29.68,,376460.0,NVL
2018-02-28 07:00:00,,,9.85,,,HDG
2022-08-11 07:00:00,,5.8,5.1,,1311000.0,VKC
2022-10-18 07:00:00,,12.65,12.06,12.15,,ACL
2024-10-24 07:00:00,3.94,3.94,3.53,3.53,29890.0,ALV
2021-10-05 07:00:00,131.4,131.7,129.2,130.8,813900.0,VJC
2022-10-03 07:00:00,32.43,,30.96,31.61,6820.0,MCM
2025-12-26 07:00:00,11.55,11.55,,11.4,104600.0,NHH
2021-05-18 07:00:00,,7.15,,7.15,800.0,MTP
2016-09-21 07:00:00,11.87,,11.69,11.97,,VNG
2016-09-15 07:00:00,1.9,1.9,,,552700.0,ACM
2017-04-27 07:00:00,3.13,3.22,3.13,3.13,270100.0,TTZ
2025-04-23 07:00:00,26.5,,,,5229.0,PAP
2023-11-13 07:00:00,24.5,24.5,,24.5,2500.0,MML
2023-05-23 07:00:00,4.3,4.3,4.2,4.2,14000.0,APP
2025-03-31 07:00:00,55.3,55.3,54.44,54.44,200.0,AVC
2025-10-24 07:00:00,3.4,,,,531200.0,HID
2020-03-17 07:00:00,5.57,5.85,5.48,5.85,186370.0,OIL
2018-09-21 07:00:00,21.45,,,21.45,,NDP
2021-03-04 07:00:00,7.3,,7.3,7.3,,L61
2025-10-07 07:00:00,16.7,,16.4,,,MPC
2024-11-01 07:00:00,,39.27,,,5525.0,BLT
2024-04-03 07:00:00,,,,,1100.0,VMD
2021-04-12 07:00:00,15.7,15.7,15.5,,,STG
2018-12-13 07:00:00,,,4.69,,582090.0,DGW
2022-12-15 07:00:00,,17.3,16.5,,,VQC
2026-02-10 07:00:00,,18.55,18.15,,3571800.0,VCG
2026-02-10 07:00:00,1.2,1.2,1.0,,271400.0,HHG
2018-11-02 07:00:00,1.3,1.3,,,500.0,KSQ
2021-08-27 07:00:00,0.6,0.7,,,,GTT
2020-11-11 07:00:00,3.82,,3.77,3.78,118450.0,HAP
2025-06-06 07:00:00,26.3,26.3,26.3,26.3,,SFI
2022-11-15 07:00:00,7.75,7.75,,7.75,,HBH
2018-08-08 07:00:00,9.15,,,9.05,5700.0,TVN
2016-03-25 07:00:00,7.57,7.57,7.09,,,DPR
2024-03-14 07:00:00,6.76,,,6.76,,BAL
2021-07-13 07:00:00,,,26.07,,1400.0,AGX
2020-11-13 07:00:00,6.58,,,6.58,,TSG
2017-12-01 07:00:00,1.9,2.0,1.8,2.0,,KSQ
2022-02-10 07:00:00,35.0,35.25,,34.75,,STB
2023-10-05 07:00:00,20.51,,19.72,,,PC1
2016-09-08 07:00:00,2.4,,2.2,2.3,103200.0,PVL
2026-04-21 07:00:00,20.5,20.5,20.0,20.0,,HKT
2021-09-15 07:00:00,35.05,36.61,35.05,35.52,32500.0,VLB
2023-02-15 07:00:00,4.7,4.7,4.6,4.7,,BCA
2024-09-05 07:00:00,,4.74,,4.55,40836.0,ILA
2015-11-02 07:00:00,6.29,6.76,6.29,,1500.0,BTS
2026-02-12 07:00:00,8.0,8.0,,8.0,2100.0,VTH
2017-01-17 07:00:00,7.7,7.7,,,200.0,SD6
2024-07-30 07:00:00,,8.99,,,,S99
2023-11-30 07:00:00,2.22,2.31,2.22,2.22,2991400.0,DLG
2018-09-12 07:00:00,0.8,0.9,0.7,,354400.0,PVV
2021-11-16 07:00:00,11.32,11.32,10.92,11.32,15300.0,TTC
2019-08-07 07:00:00,,1.1,1.1,1.1,,SJM
2017-03-21 07:00:00,2.98,,,2.94,,VDS
2019-03-07 07:00:00,16.44,,16.44,,200.0,HMS
2017-09-15 07:00:00,4.44,,4.38,4.62,,DHM
2017-09-11 07:00:00,1.8,,1.8,,10400.0,MCO
2023-09-29 07:00:00,13.46,,13.12,13.21,101200.0,NAF
2021-07-13 07:00:00,8.0,8.2,7.71,7.95,186800.0,TNT
2016-12-09 07:00:00,,13.83,12.47,13.47,920225.0,VLC
2018-10-25 07:00:00,12.48,12.48,12.16,12.3,,VSH
2024-12-20 07:00:00,14.9,14.9,14.9,14.9,,ATS
2016-06-16 07:00:00,6.39,6.46,6.26,,120200.0,HHG
2016-06-09 07:00:00,,11.3,11.3,11.3,100.0,PNC
2018-12-06 07:00:00,16.44,16.66,16.44,,6870.0,TRC
2016-04-27 07:00:00,7.45,7.45,,7.45,100.0,IHK
2025-11-20 07:00:00,18.6,19.8,18.1,,260500.0,VNP
2017-03-15 07:00:00,,,27.84,27.84,,KDC
2021-01-29 07:00:00,13.34,15.06,12.91,,593572.0,DVN
2025-07-21 07:00:00,14.63,14.63,,,1500.0,SVC
2025-07-17 07:00:00,,,55.79,55.98,42300.0,THG
2019-07-09 07:00:00,,,1.57,1.62,,HTT
2023-05-08 07:00:00,,2.7,,,290500.0,DVG
2021-08-31 07:00:00,,5.1,5.1,5.1,200.0,VPA
2022-05-19 07:00:00,,9.25,,9.25,,SMA
2024-02-06 07:00:00,4.85,4.85,,,,PLP
2024-02-07 07:00:00,7.9,8.0,7.8,,116060.0,EVS
2019-05-29 07:00:00,3.81,3.89,3.81,,,TFC
2022-02-09 07:00:00,48.0,,,47.0,4900.0,HEJ
2021-03-24 07:00:00,4.04,4.34,4.04,4.34,,NAG
2024-11-19 07:00:00,6.5,,6.5,,300.0,MEL
2019-05-06 07:00:00,16.0,,15.71,15.71,,VCG
2017-09-06 07:00:00,,,18.2,18.2,,C21
2017-11-23 07:00:00,,,66.5,66.5,10.0,NSC
2016-07-25 07:00:00,3.56,,,3.45,,CSC
2025-03-07 07:00:00,20.64,20.73,,20.51,2117300.0,PC1
2015-11-24 07:00:00,4.19,4.34,,4.19,2830.0,PSB
2020-07-20 07:00:00,3.67,,3.66,,,JVC
2023-08-02 07:00:00,,,11.3,,,CIA
2023-05-22 07:00:00,,,,,,TLP
2022-10-07 07:00:00,,1.9,1.7,,,PVR
2023-07-03 07:00:00,,,19.36,20.29,,NDP
2018-03-06 07:00:00,12.78,,,13.06,,BVS
2019-01-16 07:00:00,,116.28,114.0,114.99,,VJC
2018-07-13 07:00:00,,,27.38,,13610.0,FRT
2026-03-04 07:00:00,44.0,44.0,,44.0,4600.0,TAN
2020-02-26 07:00:00,7.05,,7.05,7.05,,XMC
2023-09-18 07:00:00,11.36,11.36,,11.36,7300.0,VNP
2016-07-08 07:00:00,13.99,13.99,,13.83,568184.0,CVT
2016-10-13 07:00:00,,,22.31,22.56,9480.0,PGD
2019-06-25 07:00:00,6.39,6.61,6.32,6.47,34100.0,S99
2024-02-22 07:00:00,6.58,6.77,6.49,,,KGM
2022-06-28 07:00:00,,,12.36,12.89,315200.0,CRE
2025-06-10 07:00:00,7.17,7.48,6.37,7.48,,SMT
2025-06-02 07:00:00,14.2,14.9,,,,NVL
2017-03-24 07:00:00,4.58,4.69,4.54,4.56,42720.0,KMR
2021-11-30 07:00:00,,,23.41,,100.0,DPC
2020-03-16 07:00:00,,17.01,15.77,,389170.0,VHC
2016-01-07 07:00:00,3.99,4.03,,,1177290.0,PVT
2019-07-24 07:00:00,19.32,19.53,,,66400.0,TAR
2018-01-08 07:00:00,21.9,22.1,20.04,22.1,1500.0,CMN
2022-10-26 07:00:00,5.07,5.1,,4.97,50400.0,PLP
2022-06-02 07:00:00,,10.15,,,,BAL
2024-01-12 07:00:00,3.9,4.1,,3.5,,DTI
2026-02-09 07:00:00,15.3,15.3,14.55,,26500.0,SC5
2022-09-13 07:00:00,6.91,6.91,6.44,,,PCH
2019-10-16 07:00:00,2.42,,,2.41,,HID
2018-05-24 07:00:00,,,5.49,5.49,43700.0,DRI
2023-05-05 07:00:00,16.48,16.48,15.71,,,VRG
2016-03-08 07:00:00,9.1,8.53,7.98,,,UNI
2025-06-03 07:00:00,66.0,66.0,66.0,66.0,,NNT
2019-08-13 07:00:00,,,3.98,3.98,12300.0,TNB
2021-07-05 07:00:00,11.33,,11.33,11.42,48700.0,VCA
2022-11-11 07:00:00,5.0,5.0,5.0,5.0,,TCJ
2025-04-14 07:00:00,10.74,10.79,10.44,,382000.0,HT1
2024-01-18 07:00:00,8.4,8.5,8.3,8.4,,EVS
2016-05-04 07:00:00,19.28,19.35,19.35,19.35,1500.0,VHL
2022-11-04 07:00:00,,,,,3629700.0,NLG
2019-09-13 07:00:00,,3.17,2.99,3.15,,ELC
2021-12-30 07:00:00,23.84,23.88,,,3484700.0,DRH
2017-04-11 07:00:00,25.1,25.3,24.5,25.0,,DST
2017-11-24 07:00:00,16.63,16.87,16.63,16.63,,C21
2019-12-18 07:00:00,,5.97,,,,TDT
2019-10-31 07:00:00,9.5,,9.5,,1000.0,NSG
2016-01-14 07:00:00,3.15,3.15,3.02,3.02,4110.0,HU3
2018-08-29 07:00:00,17.57,,16.93,17.18,,VNG
2026-03-31 07:00:00,,9.0,8.9,9.0,,TCI
2023-10-31 07:00:00,6.03,6.03,5.85,5.85,17200.0,TLP
2021-01-08 07:00:00,,,,15.95,,SWC
2017-08-07 07:00:00,7.54,7.61,7.54,7.59,,VCI
2025-01-07 07:00:00,27.0,27.4,,,3360200.0,BAF
2017-05-16 07:00:00,,,,14.6,100.0,STC
2024-03-06 07:00:00,12.45,12.74,12.45,,26600.0,ACL
2018-05-07 07:00:00,,2.9,2.9,,,VIG
2026-02-03 07:00:00,12.19,12.48,,,23300.0,BAB
2017-02-14 07:00:00,,4.61,,4.61,5500.0,NDX
2017-08-15 07:00:00,17.8,17.8,,,,ARM
2023-02-15 07:00:00,4.3,4.4,4.28,,1427400.0,TTF
2016-02-22 07:00:00,,,3.13,3.17,,D2D
2022-04-20 07:00:00,,8.5,8.22,,613500.0,DAG
2016-12-30 07:00:00,,2.99,2.88,,,DGW
2025-08-14 07:00:00,9.05,9.85,9.05,9.85,200.0,TJC
2018-08-14 07:00:00,3.2,,3.1,3.1,27620.0,MCG
2022-04-15 07:00:00,18.27,18.51,18.17,18.32,86700.0,ACC
2023-04-24 07:00:00,3.7,3.7,3.1,,,KTT
2022-09-05 07:00:00,,8.54,8.32,,69000.0,GSP
2024-09-09 07:00:00,20.44,,20.36,20.36,3100.0,CKD
2020-10-20 07:00:00,,,,5.95,,PLP
2020-09-07 07:00:00,13.8,,13.8,15.0,,VTX
2026-02-26 07:00:00,36.8,36.8,36.8,36.8,500.0,STG
2024-06-27 07:00:00,17.27,17.63,16.59,17.54,,SAV
2025-08-27 07:00:00,12.62,13.0,12.62,12.69,66100.0,PGB
2018-07-19 07:00:00,18.82,,18.82,20.33,2060.0,PGD
2017-05-16 07:00:00,9.92,,9.88,,547120.0,DAG
2023-03-10 07:00:00,38.05,,38.05,38.05,73.0,NTH
2021-08-02 07:00:00,3.1,3.2,3.1,3.2,61404.0,KSQ
2021-11-23 07:00:00,18.95,19.83,,19.83,39600.0,VCC
2017-09-26 07:00:00,5.98,6.16,5.98,6.05,13786.0,DBC
2021-03-26 07:00:00,,,,20.06,,DPR
2019-01-29 07:00:00,3.63,,,,,HCD
2017-02-24 07:00:00,5.83,5.91,5.73,,,D2D
2016-04-29 07:00:00,21.71,,21.66,,181340.0,PGD
2018-07-18 07:00:00,1.33,,,1.33,,MCO
2019-05-07 07:00:00,10.09,,,10.09,,PTI
2024-09-06 07:00:00,3.08,3.1,3.08,3.08,9800.0,FCM
2020-11-17 07:00:00,3.3,3.3,3.3,3.3,100.0,SD3
2023-09-13 07:00:00,28.82,28.82,28.82,,,TRC
2021-10-22 07:00:00,8.24,,8.11,8.17,7900.0,BBS
2025-03-25 07:00:00,20.46,20.9,20.46,20.9,,VRG
2026-01-23 07:00:00,,,11.1,11.2,,GSP
2022-07-18 07:00:00,27.8,,,27.8,,HC3
2023-07-25 07:00:00,10.23,,10.23,10.23,2005.0,SGS
2019-01-11 07:00:00,5.58,5.69,5.52,,40030.0,ITD
2022-10-19 07:00:00,,31.62,30.69,31.0,35530.0,CSC
2022-02-11 07:00:00,9.98,,,,,TPP
2024-05-10 07:00:00,10.2,,9.7,,9700.0,CIA
2019-09-25 07:00:00,,17.78,17.12,,542380.0,HPX
2017-08-21 07:00:00,5.13,5.31,5.11,,,GSP
2022-08-09 07:00:00,5.85,6.04,5.79,5.91,,MAC
2024-08-02 07:00:00,3.4,,3.4,3.5,,HU3
2023-09-13 07:00:00,11.51,,,11.51,103.0,SGS
2022-06-15 07:00:00,34.53,34.53,34.53,,1000.0,X26
2021-06-17 07:00:00,84.44,86.9,,84.44,1384400.0,MSN
2024-01-17 07:00:00,5.9,6.0,5.9,,23758.0,BCA
2025-08-06 07:00:00,22.83,,22.83,22.92,,CKD
2021-10-04 07:00:00,22.65,22.81,,22.1,6105700.0,VCI
2021-11-22 07:00:00,38.04,,35.31,,,BVS
2024-06-27 07:00:00,38.04,,36.68,37.0,189700.0,MCM
2024-12-13 07:00:00,27.4,27.6,26.8,27.1,,DCL
2020-04-27 07:00:00,,3.91,,,17700.0,VNP
2021-08-12 07:00:00,15.45,15.87,15.37,15.45,,PGV
2023-04-11 07:00:00,13.46,13.46,13.46,13.46,7102.0,NJC
2023-02-08 07:00:00,7.9,8.0,7.9,7.9,,NDT
2020-04-24 07:00:00,2.01,2.01,1.98,2.0,,HAP
2025-07-24 07:00:00,,31.25,,,,TNC
2025-11-10 07:00:00,33.66,33.87,32.94,,7671700.0,CTG
2019-03-05 07:00:00,17.84,18.09,17.84,18.09,120.0,VFG
2021-01-12 07:00:00,7.0,,7.0,7.2,4110.0,PSB
2022-12-09 07:00:00,3.4,,3.4,,,TH1
2024-01-04 07:00:00,7.2,7.2,,6.9,4210.0,SHN
2023-06-30 07:00:00,16.36,16.55,16.36,16.45,160600.0,MPC
2023-07-13 07:00:00,4.9,,4.3,,200.0,L61
2018-01-11 07:00:00,,0.86,0.78,,3100.0,S12
2025-12-17 07:00:00,2.7,,2.7,2.7,27800.0,PV2
2020-10-27 07:00:00,8.0,,,7.8,72225.0,AFX
2025-04-14 07:00:00,16.85,,16.8,,200.0,SC5
2025-03-03 07:00:00,19.4,19.6,,19.45,1711300.0,SSB
2022-01-24 07:00:00,13.3,13.3,12.9,13.05,76100.0,VNG
2024-11-13 07:00:00,27.0,,,,51332.0,L14
2018-04-24 07:00:00,3.75,3.82,3.75,3.82,,S99
2020-11-05 07:00:00,,2.02,,,752400.0,TNT
2018-10-23 07:00:00,,0.9,0.7,,719600.0,ACM
2021-03-17 07:00:00,7.25,7.25,6.91,7.19,150300.0,UDC
2025-11-24 07:00:00,,4.99,4.88,4.88,,VPH
2016-08-02 07:00:00,1.09,1.09,1.0,1.0,17110.0,VES
2025-03-10 07:00:00,6.2,,5.93,5.93,24600.0,TT6
2016-07-05 07:00:00,10.27,,10.27,10.27,,NSG
2016-08-12 07:00:00,20.83,20.83,20.18,20.44,,VFG
2025-06-23 07:00:00,,,26.01,,,TNC
2017-06-29 07:00:00,12.28,12.28,12.28,12.28,1100.0,SMT
2020-02-24 07:00:00,12.26,,12.26,12.26,11800.0,QHD
2019-02-15 07:00:00,51.34,,50.98,,81300.0,ACV
2022-10-26 07:00:00,,,,,1516.0,HAC
2018-03-20 07:00:00,,3.73,,,3710.0,PTL
2024-08-21 07:00:00,29.65,29.95,29.4,29.95,8881200.0,STB
2024-01-04 07:00:00,19.86,19.86,19.86,19.86,72.0,AGP
2024-09-20 07:00:00,10.68,,10.68,11.89,200.0,VQC
2019-10-09 07:00:00,22.7,,19.31,24.28,790482.0,CTR
2023-01-05 07:00:00,13.18,13.18,13.18,,1204.0,PIC
2023-10-20 07:00:00,14.28,14.28,14.28,14.28,100.0,VSI
2025-08-25 07:00:00,,,,13.96,36087500.0,MSB
2016-02-29 07:00:00,2.33,2.42,,2.42,196640.0,VOS
2018-12-18 07:00:00,,,,15.88,,DHA
2020-08-27 07:00:00,4.5,4.55,4.38,4.39,,JVC
2018-10-23 07:00:00,2.11,2.11,1.99,,,HTT
2020-11-24 07:00:00,,,7.1,7.1,3500.0,TTC
2021-12-03 07:00:00,,36.81,33.46,,1085923.0,BVS
2024-12-25 07:00:00,,21.0,21.0,21.0,700.0,SC5
2026-03-31 07:00:00,3.29,,3.24,,46800.0,FCM
2026-01-23 07:00:00,12.2,12.8,12.2,,4600.0,MIC
2026-04-14 07:00:00,4.8,4.8,4.7,4.8,62500.0,VIG
2025-11-14 07:00:00,16.6,,16.3,,,MPC
2015-12-17 07:00:00,,4.94,4.8,4.89,,MAC
2021-04-28 07:00:00,10.5,,9.3,,21900.0,XPH
2017-08-22 07:00:00,7.45,7.56,,,70820.0,CSV
2023-05-30 07:00:00,,49.44,49.44,49.44,2500.0,TNC
2023-05-05 07:00:00,4.02,,3.99,4.01,140900.0,HAP
2017-09-11 07:00:00,,17.41,17.27,,38060.0,DHA
2021-07-20 07:00:00,14.29,15.07,,14.84,35100.0,CSM
2023-05-22 07:00:00,,21.93,,21.93,700.0,SGH
2023-03-16 07:00:00,5.08,5.13,5.03,5.13,68162.0,NAB
2021-09-22 07:00:00,9.21,9.21,9.21,,100.0,HEP
2016-12-30 07:00:00,,,3.8,4.13,13000.0,TJC
2024-08-21 07:00:00,22.74,22.92,,22.83,,VRG
2025-04-21 07:00:00,19.05,,,18.8,,CTI
2017-08-15 07:00:00,2.8,2.8,,,198198.0,KSQ
2021-11-12 07:00:00,,8.65,8.25,,,DLG
2016-04-06 07:00:00,16.44,16.44,15.35,15.35,255040.0,VMD
2023-12-11 07:00:00,,17.92,,,2478000.0,PVT
2018-04-20 07:00:00,4.69,4.69,4.69,4.69,900.0,SAL
2016-06-02 07:00:00,4.04,4.19,,,77235.0,VNP
2024-03-01 07:00:00,6.1,6.1,,6.1,600.0,DSG
2022-08-12 07:00:00,,6.3,6.3,6.3,1500.0,PEG
2024-11-11 07:00:00,,7.4,6.93,7.2,431000.0,VPH
2023-12-15 07:00:00,16.25,16.67,15.55,,48400.0,GDA
2023-02-01 07:00:00,20.24,20.24,20.24,20.24,1.0,BMG
2025-12-15 07:00:00,,,,,43800.0,CLX
2024-07-23 07:00:00,10.32,13.68,,13.68,,MIC
2026-01-08 07:00:00,33.8,,,,48800.0,SWC
2023-09-06 07:00:00,,,,64.2,,CMN
2023-08-30 07:00:00,12.03,12.03,11.83,11.9,3700.0,BVL
2025-05-23 07:00:00,,,,63.48,89700.0,TRC
2017-01-05 07:00:00,5.41,,,5.33,10000.0,D2D
2020-08-14 07:00:00,7.36,,7.36,7.88,250.0,PNC
2018-06-28 07:00:00,5.54,,5.54,5.63,5700.0,CSC
2019-05-10 07:00:00,17.79,18.16,,,693130.0,NLG
2019-06-04 07:00:00,2.59,2.59,2.59,2.59,,NAG
2018-08-10 07:00:00,3.08,3.08,2.9,3.03,234910.0,JVC
2022-11-21 07:00:00,16.12,16.12,16.12,16.12,100.0,TMB
2021-10-19 07:00:00,8.16,8.2,7.98,8.2,45600.0,ACC
2024-01-16 07:00:00,14.85,,14.6,15.3,,CTI
2021-04-07 07:00:00,45.08,45.08,44.71,44.95,139054.0,ACV
2024-11-27 07:00:00,,3.5,3.0,,,HAV
2024-11-21 07:00:00,44.72,,38.76,,,YTC
2023-09-06 07:00:00,,16.42,15.4,16.16,17401465.0,SHS
2025-08-13 07:00:00,,,11.95,,173000.0,GSP
2019-09-09 07:00:00,7.66,,7.58,7.58,456200.0,TDC
2025-07-21 07:00:00,13.1,13.3,,,513200.0,NAG
2025-02-27 07:00:00,38.55,38.65,38.1,38.3,12864400.0,STB
2019-12-31 07:00:00,3.86,,,3.8,1879380.0,ASM
2020-12-17 07:00:00,,30.6,30.02,30.18,211070.0,D2D
2017-08-03 07:00:00,,8.11,7.87,,300.0,CCI
2020-11-20 07:00:00,,59.17,,,12800.0,VEF
2025-01-06 07:00:00,30.5,,30.0,30.0,803.0,NAS
2026-02-04 07:00:00,6.32,6.37,6.26,,,ASM
2018-06-18 07:00:00,7.96,8.07,,8.07,6200.0,BBS
2018-10-23 07:00:00,,,,3.33,,SAV
2026-03-06 07:00:00,59.4,62.0,57.0,57.1,10700.0,TMB
2018-08-22 07:00:00,6.5,6.5,6.4,,4124.0,UNI
2023-09-14 07:00:00,22.95,23.15,22.23,,13888700.0,VCG
2017-03-10 07:00:00,,3.06,2.97,,,MBB
2015-12-07 07:00:00,3.3,3.4,3.2,3.3,57800.0,PXA
2021-09-06 07:00:00,,5.72,5.41,5.63,,DAG
2022-02-18 07:00:00,11.2,,11.0,,474600.0,PXS
2019-09-17 07:00:00,8.57,8.57,,8.57,5200.0,CCI
2023-04-13 07:00:00,14.08,14.23,13.99,14.04,449600.0,HT1
2023-02-07 07:00:00,14.9,15.38,14.6,,5811300.0,VCI
2026-03-03 07:00:00,14.5,,14.5,14.5,5500.0,XPH
2025-03-21 07:00:00,5.2,5.4,,5.39,772200.0,JVC
2026-03-13 07:00:00,21.0,21.9,,19.2,10599900.0,OIL
2025-09-05 07:00:00,,22.82,22.4,,27600.0,IDV
2020-12-04 07:00:00,,16.01,,16.01,3000.0,GHC
2019-06-14 07:00:00,3.4,3.4,3.3,,4500.0,CTP
2024-07-15 07:00:00,9.28,9.37,,9.34,3901800.0,MSB
2022-08-05 07:00:00,13.56,14.32,,14.32,,HAM
2020-03-23 07:00:00,5.51,5.51,5.23,,,CSV
2022-06-27 07:00:00,,8.68,,,,PVO
2017-03-20 07:00:00,2.4,2.5,,2.5,34200.0,PVL
2018-05-16 07:00:00,5.21,5.21,,5.16,116830.0,DGW
2021-01-18 07:00:00,10.26,10.32,10.15,,955300.0,VPG
2026-01-19 07:00:00,28.0,,27.9,,3700.0,PPH
2022-01-24 07:00:00,73.96,80.64,,80.46,15820.0,LHC
2017-09-01 07:00:00,2.36,,2.28,2.36,18800.0,HBS
2015-12-22 07:00:00,17.19,17.26,17.13,17.19,1159030.0,CDO
2023-08-30 07:00:00,,,13.7,,1519500.0,VDS
2022-08-05 07:00:00,6.0,6.2,6.0,6.2,,CTP
2020-11-16 07:00:00,15.49,,15.38,15.38,7600.0,GHC
2020-07-24 07:00:00,6.45,6.54,,6.1,,PLP
2017-06-15 07:00:00,11.8,11.94,11.7,11.85,,FTM
2018-08-22 07:00:00,,,8.07,8.07,100.0,PCC
2021-06-09 07:00:00,17.67,,16.9,,628600.0,TDC
2018-01-29 07:00:00,3.23,,3.23,3.23,1000.0,MIC
2024-10-28 07:00:00,,10.26,,10.26,1169.0,BAB
2021-10-19 07:00:00,15.69,16.48,,16.13,,TCI
2016-11-03 07:00:00,,,,32.45,717100.0,CDO
2021-04-05 07:00:00,12.47,12.47,12.25,12.4,172800.0,SBV
2024-11-29 07:00:00,,2.66,2.6,,11800.0,HID
2026-01-16 07:00:00,,,,23.0,6600.0,TNV
2024-08-02 07:00:00,13.5,13.5,13.5,13.5,2200.0,FDC
2021-04-22 07:00:00,16.97,,16.47,,,TAR
2023-12-22 07:00:00,28.56,28.94,27.89,28.66,,VGV
2015-10-12 07:00:00,10.05,10.12,9.97,10.12,,SD6
2021-03-19 07:00:00,31.0,34.5,,33.0,,NAS
2024-10-17 07:00:00,7.3,7.3,7.0,7.0,3100.0,S72
2021-12-01 07:00:00,17.06,17.06,16.58,16.87,,TVN
2022-08-15 07:00:00,,3.9,3.7,3.9,157300.0,PV2
2023-10-10 07:00:00,11.0,11.0,11.0,11.0,200.0,ATS
2019-02-26 07:00:00,,12.7,11.9,,,DCL
2022-04-06 07:00:00,23.89,23.89,23.89,23.89,,VIN
2020-07-31 07:00:00,,,,6.69,,XMC
2019-05-08 07:00:00,9.34,,,9.34,,AGP
2023-09-12 07:00:00,,27.72,26.08,,6366500.0,VCI
2018-03-16 07:00:00,9.96,9.96,9.87,9.87,81980.0,PC1
2023-05-26 07:00:00,16.94,17.07,16.88,17.07,1781900.0,CTG
2021-03-25 07:00:00,,,,2.64,949900.0,TGG
2016-03-21 07:00:00,4.51,4.56,4.46,4.56,54290.0,SBA
2016-04-27 07:00:00,,8.29,7.58,,1400.0,APP
2017-03-20 07:00:00,40.54,41.07,,,,VEF
2020-09-30 07:00:00,26.47,26.47,26.19,26.19,1900.0,NAS
2018-09-17 07:00:00,,,,8.72,,TLP
2024-10-31 07:00:00,12.19,12.38,12.19,12.29,95000.0,PCH
2025-02-07 07:00:00,9.2,,,,,CMM
2020-11-13 07:00:00,6.91,,6.85,6.89,1526510.0,TPB
2022-04-25 07:00:00,17.76,18.15,,,,VCI
2025-03-26 07:00:00,,,,12.65,10951.0,MPC
2024-08-22 07:00:00,4.6,,4.2,4.4,85181.0,TXM
2020-07-27 07:00:00,,,,14.8,1600.0,LDP
2026-03-23 07:00:00,35.6,,,35.6,,ND2
2019-01-31 07:00:00,,1.93,1.93,,5100.0,HAP
2025-02-17 07:00:00,21.94,23.42,21.68,22.47,,POS
2015-11-23 07:00:00,1.8,,,1.7,240430.0,PTL
2019-12-25 07:00:00,3.15,3.15,3.15,3.15,300.0,PVO
2023-05-15 07:00:00,12.62,12.62,12.62,,,HEP
2022-08-25 07:00:00,21.33,21.33,20.27,,2438000.0,TDC
2021-10-11 07:00:00,7.89,7.89,7.76,7.85,,ACC
2024-06-06 07:00:00,11.51,11.51,11.51,11.51,,TJC
2021-12-31 07:00:00,214.64,231.35,212.59,,,L14
2016-07-27 07:00:00,,,3.91,,,SMA
2018-10-04 07:00:00,3.69,3.69,3.64,,500.0,TJC
2017-02-13 07:00:00,,1.11,1.04,,,ANV
2019-03-19 07:00:00,,,7.42,,25400.0,CSC
2023-08-23 07:00:00,,,10.29,,,VOS
2025-12-29 07:00:00,27.6,27.7,27.4,27.7,13900.0,PPH
2024-08-07 07:00:00,68.2,,68.2,68.8,,SSH
2017-10-31 07:00:00,4.64,4.64,4.64,4.64,5200.0,EBS
2026-02-24 07:00:00,26.9,,,27.25,4371100.0,DBC
2025-12-16 07:00:00,23.05,23.6,22.4,,,VCG
2023-03-20 07:00:00,16.5,,,17.32,5100.0,AGP
2021-10-06 07:00:00,,39.55,38.76,39.33,637300.0,VHC
2017-03-15 07:00:00,2.04,2.44,2.04,,,VRG
2018-10-31 07:00:00,19.2,19.86,19.2,19.86,13460.0,VCP
2023-04-14 07:00:00,3.2,,,3.2,1936.0,CTP
2022-10-13 07:00:00,,4.4,,,33500.0,PCH
2017-08-03 07:00:00,23.27,24.25,23.27,23.95,455710.0,CTI
2025-12-09 07:00:00,115.0,115.8,,114.9,31600.0,LHC
2023-09-19 07:00:00,7.7,8.0,7.7,7.9,1300.0,PND
2019-01-14 07:00:00,3.1,3.1,,,,KMR
2018-03-16 07:00:00,7.99,8.59,,8.59,1210.0,STT
2023-01-31 07:00:00,24.66,24.66,,23.99,3000.0,IMP
2016-08-24 07:00:00,2.93,2.93,,2.93,200.0,VC6
2023-10-30 07:00:00,20.75,22.04,20.75,20.94,3000.0,PGV
2022-12-20 07:00:00,25.04,26.5,24.83,,,IMP
2024-09-24 07:00:00,17.66,,,17.66,,ADC
2023-08-31 07:00:00,12.79,,,13.28,,SID
2022-01-05 07:00:00,17.01,17.19,16.65,16.74,148000.0,PBC
2022-11-11 07:00:00,,,7.83,7.83,100.0,BLN
2026-01-22 07:00:00,6.8,6.9,6.6,,37500.0,ALV
2016-04-01 07:00:00,,6.78,6.78,6.78,,BBS
2026-03-23 07:00:00,26.65,,25.15,,,PC1
2021-07-23 07:00:00,10.24,10.38,10.06,10.1,857400.0,FCN
2015-12-01 07:00:00,4.72,4.76,4.67,4.76,,MAC
2025-03-26 07:00:00,7.1,7.3,,7.3,4400.0,SJM
2022-07-25 07:00:00,8.8,,8.6,9.2,500.0,KTT
2016-04-05 07:00:00,,5.59,,,100.0,TDS
2020-01-16 07:00:00,,5.98,5.7,5.7,,PXS
2023-07-03 07:00:00,,7.09,7.09,,,VBB
2018-07-18 07:00:00,,9.32,7.34,9.32,2205187.0,POW
2017-07-13 07:00:00,16.17,,15.92,16.27,15830.0,IMP
2017-03-28 07:00:00,,18.62,17.84,18.26,,UIC
2021-06-01 07:00:00,10.75,10.75,10.75,10.75,100.0,BTP
2022-07-28 07:00:00,8.2,,,,,E12
2018-01-31 07:00:00,5.01,,5.01,5.01,4800.0,DC1
2018-10-16 07:00:00,15.52,,,15.39,5650.0,DHA
2016-05-30 07:00:00,,10.08,8.97,,,PTM
2017-10-12 07:00:00,3.04,,3.04,3.1,,ACL
2023-07-03 07:00:00,26.95,27.2,,,3200500.0,VRE
2017-03-10 07:00:00,23.83,,23.45,23.83,372110.0,CVT
2025-06-05 07:00:00,16.9,,16.9,,300.0,ATS
2021-11-19 07:00:00,9.14,9.14,8.26,8.62,,FCM
2019-10-02 07:00:00,,,2.84,2.89,22130.0,ELC
2015-10-27 07:00:00,,12.92,,,43340.0,CTI
2017-08-22 07:00:00,,,2.64,2.64,400.0,VRG
2023-01-11 07:00:00,,,4.15,,,TTF
2023-08-07 07:00:00,22.2,23.1,,,3821315.0,TAR
2023-10-09 07:00:00,,31.3,,31.2,9199800.0,STB
2020-10-13 07:00:00,31.91,,31.84,31.91,92112.0,VCP
2017-02-07 07:00:00,,4.44,,4.44,100.0,QNC
2022-08-11 07:00:00,24.4,24.4,20.1,,,SDU
2021-04-08 07:00:00,21.1,,21.1,21.1,63.0,ND2
2023-06-30 07:00:00,2.4,2.6,,,,PVL
2021-09-13 07:00:00,17.3,17.51,,17.14,,MPC
2023-03-06 07:00:00,6.69,6.85,6.69,6.85,200.0,SMT
2022-08-11 07:00:00,14.39,14.52,14.39,14.39,3108.0,AGP
2023-05-05 07:00:00,5.52,5.62,5.52,,7000.0,BTS
2023-03-22 07:00:00,,2.7,2.6,2.6,24210.0,DVG
2026-02-23 07:00:00,5.8,,5.6,5.8,,CTX
2016-10-17 07:00:00,10.31,10.31,10.06,,,SVC
2024-10-11 07:00:00,,24.53,24.53,24.53,1.0,ARM
2024-07-17 07:00:00,12.69,12.69,,,25601.0,MAC
2016-11-04 07:00:00,5.12,5.16,5.1,5.12,1041810.0,HAG
2017-05-15 07:00:00,13.61,13.93,13.59,13.68,14330.0,IMP
2018-09-17 07:00:00,,5.45,5.39,,33180.0,TDC
2025-08-29 07:00:00,60.13,,,61.08,17000.0,ABT
2024-07-22 07:00:00,24.0,24.0,23.8,23.8,,NAS
2022-02-25 07:00:00,,11.45,11.08,,158560.0,BTS
2022-08-10 07:00:00,61.0,,60.8,,,VHM
2016-10-04 07:00:00,,,3.43,3.54,420340.0,JVC
2020-08-03 07:00:00,,,18.66,19.4,70640.0,NAF
2022-09-19 07:00:00,17.3,17.36,,17.36,6100.0,QPH
2019-09-23 07:00:00,19.39,,17.81,19.18,96300.0,TAR
2022-11-02 07:00:00,,,9.69,,,IDI
2017-01-04 07:00:00,,94.36,89.8,91.63,12890.0,BHN
2023-09-26 07:00:00,84.61,84.61,82.47,84.54,16410.0,VEF
2024-03-29 07:00:00,3.3,3.7,3.3,3.7,3500.0,VTA
2017-12-13 07:00:00,4.64,4.64,4.42,4.42,81600.0,TDC
2025-02-07 07:00:00,2.81,2.9,,2.9,148700.0,HID
2022-03-17 07:00:00,,73.65,71.8,,2869600.0,VHM
2025-03-21 07:00:00,,,,,,MCG
2016-01-04 07:00:00,8.62,,8.53,8.53,25900.0,SSN
2023-11-21 07:00:00,19.0,,,19.0,,HIO
2022-10-31 07:00:00,,,,,,DHA
2024-03-18 07:00:00,,23.77,21.9,22.88,16271800.0,DBC
2022-06-30 07:00:00,9.27,9.32,9.09,9.18,226000.0,DHM
2019-06-25 07:00:00,59.39,61.97,59.39,,260.0,NSC
2021-07-07 07:00:00,45.56,,45.5,45.99,141882.0,ACV
2026-04-13 07:00:00,5.1,,5.01,5.09,,HPX
2024-05-15 07:00:00,43.24,44.05,43.24,44.05,,VSH
2025-04-10 07:00:00,,13.29,,,,X20
2024-11-21 07:00:00,11.25,11.3,,11.25,,NVL
2017-08-22 07:00:00,,,4.1,4.1,100.0,TDS
2024-08-06 07:00:00,34.38,,34.29,35.46,,NLG
2024-12-04 07:00:00,33.72,,,34.65,48700.0,SAS
2025-05-05 07:00:00,,18.02,,,,HPD
2019-05-09 07:00:00,3.73,4.54,3.73,4.54,200.0,BBS
2021-11-24 07:00:00,,17.51,15.74,,,SID
2016-08-31 07:00:00,3.82,,3.82,3.82,10.0,CYC
2024-04-04 07:00:00,17.95,,17.95,17.95,1701.0,HAM
2020-06-18 07:00:00,15.41,15.5,15.33,15.5,139830.0,CVT
2024-07-02 07:00:00,20.17,20.17,20.17,,700.0,BHA
2016-10-31 07:00:00,,,3.8,,,TJC
2023-06-16 07:00:00,6.94,,6.85,6.85,,HMR
2018-10-19 07:00:00,,4.34,4.23,,,VPH
2017-11-09 07:00:00,7.02,7.02,6.98,7.02,,DGC
2020-12-28 07:00:00,1.1,1.1,,,,ACM
2019-01-18 07:00:00,6.34,6.34,6.34,,,CCI
2018-05-28 07:00:00,124.72,,,120.97,361800.0,VJC
2022-03-18 07:00:00,17.0,17.97,17.0,17.97,300.0,TDS
2025-08-25 07:00:00,,8.06,7.96,7.96,,BAL
2022-09-29 07:00:00,16.0,,13.6,14.9,,BLI
2022-05-24 07:00:00,,,8.1,,3500.0,E12
2016-07-26 07:00:00,,23.11,22.46,23.11,,QHD
2025-09-24 07:00:00,,36.55,,36.25,74800.0,D2D
2023-09-28 07:00:00,6.75,6.75,6.75,6.75,,NUE
2019-08-08 07:00:00,3.1,,3.06,,1639420.0,ASM
2025-09-30 07:00:00,9.28,9.39,,9.28,6100.0,SMA
2019-09-06 07:00:00,,17.45,,,321580.0,HPX
2018-11-26 07:00:00,19.64,19.64,19.64,19.64,,CIA
2021-10-18 07:00:00,,,16.25,,4809600.0,PVT
2020-10-13 07:00:00,3.42,,,,,ONE
2025-09-03 07:00:00,36.95,36.95,,36.8,1400.0,STG
2019-11-26 07:00:00,5.4,5.4,,,2000.0,TNB
2021-02-26 07:00:00,18.9,18.9,17.87,18.47,,BVS
2019-07-29 07:00:00,23.08,23.08,22.94,22.94,1800.0,MH3
2024-12-05 07:00:00,71.9,73.7,,73.7,,MSN
2025-03-03 07:00:00,11.07,,10.98,10.98,5913.0,BAB
2017-10-04 07:00:00,,18.19,18.06,18.19,11300.0,SAS
2019-10-10 07:00:00,,4.07,4.07,,,SAV
2018-09-07 07:00:00,,,,7.19,19290.0,NAF
2023-09-20 07:00:00,,9.03,,9.03,,HBS
2019-08-06 07:00:00,,8.47,8.26,8.34,325454.0,DGC
2026-01-07 07:00:00,39.3,,39.05,39.9,1479300.0,DPR
2022-10-17 07:00:00,5.14,5.14,4.9,4.95,1052700.0,TTF
2023-07-27 07:00:00,26.08,26.17,25.99,,,SSB
2016-01-19 07:00:00,,,4.64,4.64,2500.0,ONE
2021-09-27 07:00:00,,16.14,,,,MPC
2022-07-29 07:00:00,34.42,35.04,34.42,35.04,1000.0,TRC
2017-08-23 07:00:00,2.79,2.79,2.7,2.75,43470.0,ANV
2017-07-12 07:00:00,4.1,4.1,4.1,4.1,100.0,PGT
2019-08-27 07:00:00,,27.78,27.23,27.57,250950.0,VHC
2020-05-19 07:00:00,16.68,16.68,16.68,16.68,2000.0,ND2
2025-10-09 07:00:00,11.92,12.08,,12.08,6528500.0,POW
2020-11-25 07:00:00,15.99,,15.93,16.05,636670.0,AGG
2021-03-10 07:00:00,10.69,10.78,10.5,10.69,195200.0,SAM
2021-04-05 07:00:00,11.7,,11.7,11.87,,HEV
2024-04-12 07:00:00,,,15.25,15.77,8201.0,ADC
2025-05-08 07:00:00,2.8,2.9,2.8,2.9,,BTN
2021-10-22 07:00:00,7.06,7.06,6.91,6.91,,EBS
2020-08-31 07:00:00,4.35,4.35,4.35,4.35,,BTS
2017-10-31 07:00:00,1.55,1.55,1.36,1.36,200.0,LAI
2025-01-10 07:00:00,,,,,,DTI
2025-10-31 07:00:00,,9.2,8.1,9.2,,XMC
2017-07-19 07:00:00,20.91,20.91,19.96,19.96,1100.0,SFN
2025-09-30 07:00:00,10.45,10.45,10.45,10.45,,NHT
2019-05-21 07:00:00,,20.34,17.05,17.05,20900.0,SFN
2019-04-12 07:00:00,,2.19,2.15,2.18,59710.0,HAP
2022-07-04 07:00:00,,,,5.94,200.0,AG1
2017-01-13 07:00:00,,16.5,16.2,16.5,,SAS
2018-10-04 07:00:00,,29.22,,28.51,19150.0,FRT
2022-07-06 07:00:00,,4.9,4.9,,100.0,TS3
2016-08-08 07:00:00,3.27,3.27,3.1,,12435.0,NHA
2015-11-10 07:00:00,,2.7,2.3,2.4,128400.0,PXA
2020-10-21 07:00:00,5.4,5.4,,5.4,40.0,ICG
2022-06-10 07:00:00,4.1,,4.1,,,BTN
2016-01-06 07:00:00,,5.52,5.52,5.52,18324.0,QNC
2018-01-29 07:00:00,6.62,6.67,,,14510.0,VCA
2022-06-02 07:00:00,,36.63,,36.63,100.0,VIN
2025-08-12 07:00:00,6.75,6.75,6.63,6.72,,DHM
2022-01-17 07:00:00,11.0,,,11.0,268700.0,BCA
2021-03-03 07:00:00,,6.5,6.13,6.5,,VTA
2024-10-11 07:00:00,16.2,16.25,,16.1,169500.0,CTI
2025-07-17 07:00:00,,30.6,,30.5,,TCW
2025-07-23 07:00:00,108.0,108.8,107.5,108.8,,VJC
2024-11-05 07:00:00,33.39,33.39,33.39,,500.0,AGP
2022-02-10 07:00:00,,18.9,18.45,,,SHS
2017-07-14 07:00:00,1.72,1.81,1.72,,3500.0,CYC
2024-10-30 07:00:00,18.13,,17.9,18.04,949600.0,VDS
2017-10-16 07:00:00,,6.73,,6.73,100.0,VTH
2024-05-29 07:00:00,25.06,25.06,,,5101.0,SAS
2022-04-28 07:00:00,7.28,,,8.19,19100.0,SD2
2016-05-26 07:00:00,11.3,11.6,10.9,11.0,,STB
2019-10-02 07:00:00,28.67,,28.29,28.43,160460.0,VHC
2017-01-09 07:00:00,5.16,,5.06,5.11,94050.0,KMR
2025-07-02 07:00:00,,,,31.3,7000.0,CDN
2022-06-08 07:00:00,9.55,10.27,9.16,,,SMT
2021-12-28 07:00:00,31.44,31.44,31.44,31.44,,TNC
2022-05-17 07:00:00,,5.94,5.2,5.94,,VTA
2020-09-16 07:00:00,,,,,,L14
2021-12-23 07:00:00,35.0,35.0,,,800.0,DTL
2019-11-11 07:00:00,3.99,3.99,,,,SAV
2024-07-01 07:00:00,22.86,23.2,22.86,,,PJC
2023-08-29 07:00:00,14.74,14.81,14.46,,1654600.0,BAF
2022-06-09 07:00:00,15.3,15.3,14.6,14.6,16400.0,AFX
2020-01-13 07:00:00,1.12,,1.05,,5980.0,HTT
2020-07-24 07:00:00,15.64,15.78,,14.02,800.0,SC5
2025-01-07 07:00:00,3.5,3.5,,3.5,37.0,HAV
2025-01-20 07:00:00,,11.9,11.7,11.9,,SID
2019-10-01 07:00:00,17.1,17.35,17.0,,15520.0,DCL
2018-06-15 07:00:00,,11.14,10.91,11.07,60870.0,DRH
2021-09-20 07:00:00,9.12,9.21,,9.12,21000.0,TLP
2022-03-10 07:00:00,,11.51,11.51,11.51,100.0,DC1
2025-08-21 07:00:00,10.7,10.7,,,200.0,TNV
2021-12-28 07:00:00,31.05,31.49,31.05,,5800.0,SFI
2015-11-25 07:00:00,10.0,,9.28,9.28,5300.0,UNI
2021-05-12 07:00:00,22.04,22.04,,,102373.0,CSC
2023-10-18 07:00:00,,5.9,5.3,5.7,40400.0,TS3
2021-02-26 07:00:00,40.44,40.44,,40.44,100.0,NDC
2018-12-28 07:00:00,12.92,,12.53,12.87,,VCG
2021-01-19 07:00:00,10.02,,,9.33,2200.0,CCI
2018-02-07 07:00:00,7.92,,7.87,8.02,,PHC
2020-08-18 07:00:00,4.57,,,4.9,,EBS
2021-06-28 07:00:00,11.27,,,11.3,,VSI
2020-02-07 07:00:00,5.81,,5.81,6.29,600.0,TVN
2025-02-13 07:00:00,,,,3.6,6100.0,HU3
2018-08-31 07:00:00,2.4,,2.4,,2000.0,TNS
2025-08-04 07:00:00,10.6,,10.6,10.6,900.0,DTL
2017-02-27 07:00:00,16.63,,16.63,,3700.0,DBD
2024-11-21 07:00:00,,41.75,,41.0,,IMP
2025-04-18 07:00:00,2.5,3.2,2.5,,300.0,L62
2018-10-29 07:00:00,,7.75,,7.75,,NDX
2022-02-08 07:00:00,16.55,16.92,,16.47,3500.0,TDS
2017-10-17 07:00:00,,,20.78,20.86,,PGD
2018-03-02 07:00:00,,,3.47,3.62,304680.0,IJC
2025-02-27 07:00:00,,57.13,,56.94,186100.0,KDC
2024-09-11 07:00:00,,2.3,2.3,2.3,10900.0,PXI
2025-02-04 07:00:00,19.65,,,,410200.0,NHA
2020-11-12 07:00:00,13.6,,13.6,,,FDC
2023-08-31 07:00:00,,15.72,,15.72,,TDF
2025-05-07 07:00:00,5.32,5.32,5.32,,,PVO
2024-08-28 07:00:00,,9.68,9.63,,2000.0,SBV
2022-10-13 07:00:00,3.5,3.6,3.4,3.6,1800.0,PGT
2017-11-17 07:00:00,3.73,3.8,3.63,3.67,,SHS
2020-07-22 07:00:00,,23.43,23.18,,4280.0,DBD
2020-11-25 07:00:00,,19.44,19.06,,19600.0,LHC
2020-12-31 07:00:00,9.97,10.05,9.97,10.05,1300.0,CCR
2017-09-28 07:00:00,15.59,15.78,15.59,15.59,,NAF
2017-06-28 07:00:00,2.76,,2.74,,1284711.0,SHS
2022-10-04 07:00:00,21.85,22.83,21.85,22.68,3500.0,PGD
2025-09-22 07:00:00,,6.55,6.35,,251900.0,HAP
2023-09-14 07:00:00,6.8,,6.66,,,EVG
2022-07-28 07:00:00,13.57,14.38,13.57,,16608.0,PBC
2024-04-25 07:00:00,9.0,9.0,8.64,8.66,2300.0,VCA
2016-03-17 07:00:00,3.58,3.58,,3.58,100.0,PSB
2018-01-02 07:00:00,4.45,4.5,4.4,,185440.0,HTT
2019-06-20 07:00:00,,6.28,,,8.0,SAC
2022-12-23 07:00:00,,8.91,,,245800.0,DHM
2022-10-31 07:00:00,,6.77,,6.52,,SHS
2023-01-19 07:00:00,,3.55,,,88400.0,FCM
2025-06-03 07:00:00,12.55,12.64,12.55,12.55,,X20
2020-08-13 07:00:00,2.3,2.7,,2.7,,SD3
2024-01-15 07:00:00,12.43,12.53,12.23,12.23,,HT1
2020-04-22 07:00:00,,4.94,4.42,,6640.0,TMT
2015-10-29 07:00:00,0.84,,0.84,0.84,100.0,BMJ
2021-09-24 07:00:00,,,18.43,18.85,,VOS
2018-05-04 07:00:00,,,,5.27,,PPP
2017-11-17 07:00:00,,5.89,5.73,5.81,117900.0,HHG
2022-05-26 07:00:00,16.74,16.74,,16.74,100.0,VQC
2025-12-25 07:00:00,26.5,,26.4,26.45,15400.0,MCM
2021-11-12 07:00:00,,7.89,,,27373.0,PCT
2018-05-10 07:00:00,,9.1,8.54,,,TMT
2021-06-18 07:00:00,12.06,13.03,,12.66,36000.0,TDS
2021-04-02 07:00:00,48.83,,,49.06,30460.0,MCM
2023-07-04 07:00:00,18.52,19.09,18.49,,138600.0,D2D
2017-12-11 07:00:00,6.08,6.08,,5.57,152710.0,VNP
2019-09-09 07:00:00,17.12,17.45,16.26,17.38,367050.0,HPX
2018-10-17 07:00:00,,2.98,2.92,2.96,1025653.0,SHS
2018-06-26 07:00:00,3.08,3.23,3.08,3.17,252910.0,EVG
2018-08-24 07:00:00,,,4.83,4.91,,DGW
2019-09-12 07:00:00,7.59,,7.52,,164330.0,VPG
2020-04-08 07:00:00,,4.74,4.69,,,TDT
2020-12-07 07:00:00,13.19,,13.02,13.15,1394060.0,CTI
2021-10-20 07:00:00,,10.4,9.8,9.94,,TNT
2022-12-06 07:00:00,4.0,4.2,3.9,4.2,5400.0,CTP
2016-12-21 07:00:00,4.06,4.06,3.89,3.89,2400.0,ONE
2025-11-03 07:00:00,,34.99,,,8800.0,LBM
2023-06-30 07:00:00,7.17,7.26,7.09,7.09,,HBS
2017-06-29 07:00:00,8.78,8.93,8.78,8.93,,ND2
2021-02-26 07:00:00,,,,8.57,6939065.0,SHS
2021-08-16 07:00:00,13.28,,13.28,14.99,,BVL
2016-11-14 07:00:00,3.24,3.24,2.87,3.24,46000.0,PVO
2019-11-19 07:00:00,2.9,2.9,,2.9,,CTP
2018-09-21 07:00:00,15.75,15.75,15.45,,425330.0,FTM
2018-08-03 07:00:00,9.4,9.49,9.31,,76100.0,SHN
2018-06-13 07:00:00,6.81,,6.76,6.76,,PPH
2018-11-01 07:00:00,9.32,,9.32,9.32,100.0,L62
2025-12-11 07:00:00,23.15,23.57,23.15,23.32,,IDV
2019-05-07 07:00:00,3.0,3.0,2.9,,2510.0,EIN
2023-09-19 07:00:00,2.5,2.6,,2.5,263884.0,HHG
2018-05-21 07:00:00,11.71,11.88,11.43,11.81,,DRH
2021-11-16 07:00:00,,,64.2,,,VET
2025-05-09 07:00:00,65.8,,63.0,,166700.0,TRC
2019-11-22 07:00:00,2.5,2.5,2.5,,,VMG
2017-04-11 07:00:00,10.47,10.55,10.47,,7200.0,CLX
2020-03-16 07:00:00,52.35,52.94,49.77,,968810.0,VHM
2023-03-14 07:00:00,,29.99,27.35,29.99,200.0,VFG
2025-01-06 07:00:00,2.4,,,,,EIN
2020-11-11 07:00:00,10.65,10.67,10.52,10.61,1406470.0,HDG
2018-01-23 07:00:00,5.03,5.11,5.03,5.11,52900.0,MIG
2018-06-25 07:00:00,3.05,3.28,2.88,,7800.0,PTL
2015-12-23 07:00:00,7.96,8.24,,,38400.0,BVS
2020-07-09 07:00:00,,39.46,38.99,39.4,21501.0,L14
2022-01-10 07:00:00,44.44,44.44,41.94,42.75,685800.0,VPG
2023-03-28 07:00:00,,10.65,10.13,10.5,123122.0,PGB
2024-12-26 07:00:00,13.81,13.81,13.81,13.81,,BBH
2017-10-27 07:00:00,,,3.18,,49190.0,TNT
2025-10-06 07:00:00,3.8,3.88,3.8,3.88,800.0,DXV
2021-10-29 07:00:00,9.87,11.18,9.87,11.18,186119.0,XMC
2023-06-21 07:00:00,4.6,4.8,4.4,,16724.0,APP
2022-08-17 07:00:00,10.53,10.8,,10.8,2200.0,TPP
2020-12-15 07:00:00,8.74,8.74,,8.42,1530.0,VCA
2021-08-06 07:00:00,32.49,,,,3600.0,YTC
2020-02-21 07:00:00,2.35,2.35,2.3,2.3,47900.0,HID
2019-08-07 07:00:00,4.9,,4.1,,,PGT
2022-09-05 07:00:00,7.17,7.29,,7.11,67600.0,EVG
2020-12-01 07:00:00,,4.5,3.6,,,VMG
2021-07-15 07:00:00,,,12.36,13.78,,TDS
2021-08-09 07:00:00,18.21,18.21,18.21,18.21,2100.0,AVC
2019-01-02 07:00:00,,2.58,2.49,,29700.0,VE9
2025-06-12 07:00:00,13.0,,12.9,,,CSM
2022-07-21 07:00:00,10.19,,9.93,9.93,,THP
2022-06-21 07:00:00,5.1,5.1,5.0,5.0,,VNY
2019-01-11 07:00:00,,5.62,5.6,,25960.0,TDC
2021-12-20 07:00:00,,13.84,13.69,13.69,,CDP
2015-11-05 07:00:00,8.09,,7.96,,211250.0,DAG
2023-01-27 07:00:00,,11.0,10.5,10.8,8900.0,CIA
2023-05-22 07:00:00,,7.9,6.4,7.9,201.0,PND
2024-07-30 07:00:00,13.65,15.26,,,209609.0,ANT
2018-09-06 07:00:00,6.21,,6.21,,,L62
2019-09-11 07:00:00,4.5,4.52,4.43,,441150.0,DGW
2017-07-25 07:00:00,18.2,18.2,,17.57,20510.0,VFG
2017-03-20 07:00:00,12.25,12.59,12.17,12.59,24300.0,GMC
2020-06-22 07:00:00,,,1.4,,,HHG
2019-01-15 07:00:00,6.36,6.36,5.74,6.36,18100.0,DSC
2025-12-03 07:00:00,,,,,,PEG
2023-11-01 07:00:00,4.0,4.0,3.8,,,UDC
2020-03-30 07:00:00,13.54,13.73,13.54,13.73,1020.0,TBC
2021-04-29 07:00:00,,5.56,,5.4,,FCM
2022-12-14 07:00:00,,13.59,13.32,13.39,,VNR
2021-09-24 07:00:00,,12.21,11.81,11.97,92000.0,VTD
2020-07-08 07:00:00,2.74,2.74,2.74,2.74,60.0,PXI
2016-11-03 07:00:00,,7.71,7.4,,20.0,VNL
2020-12-09 07:00:00,12.08,12.47,12.0,12.31,65800.0,PGV
2021-10-27 07:00:00,14.86,,14.71,14.99,1765600.0,TPB
2023-04-11 07:00:00,,,6.31,6.49,15300.0,HMR
2020-01-31 07:00:00,,5.8,5.31,5.31,,PXS
2016-04-14 07:00:00,6.92,6.97,6.84,,,CTG
2024-03-08 07:00:00,31.62,,31.62,31.62,1109.0,BLT
2025-01-20 07:00:00,23.78,23.78,,,200.0,GSM
2018-09-26 07:00:00,,11.03,11.03,,,VTX
2020-10-22 07:00:00,1.7,1.7,1.7,1.7,1400.0,MCG
2025-06-05 07:00:00,,53.76,51.94,53.76,1200.0,AVC
2022-11-01 07:00:00,15.62,15.62,14.74,14.89,2800.0,VMD
2020-04-22 07:00:00,8.43,9.02,8.43,8.82,6363800.0,CTG
2018-03-27 07:00:00,3.24,3.3,3.24,3.3,3800.0,ONE
2023-10-18 07:00:00,,6.1,5.81,5.91,247451.0,TVN
2019-03-20 07:00:00,,,6.83,,,TL4
2017-01-25 07:00:00,2.42,,2.31,,490.0,SAV
2021-05-31 07:00:00,,9.46,9.01,9.39,839800.0,HAP
2024-05-10 07:00:00,7.1,7.1,,7.1,400.0,SHN
2025-09-10 07:00:00,,52.93,,52.83,370000.0,KDC
2024-07-11 07:00:00,8.52,,,,88451.0,HBS
2023-07-07 07:00:00,,14.5,12.6,,200.0,BMJ
2025-02-27 07:00:00,30.19,30.19,,30.19,101.0,PJC
2017-08-04 07:00:00,,,17.72,,,SBV
2015-11-27 07:00:00,12.4,12.4,12.14,12.4,600.0,SMT
2018-04-03 07:00:00,7.72,7.94,7.53,7.94,8710.0,TMT
2022-02-15 07:00:00,14.57,,14.57,14.89,1000.0,VIN
2017-03-27 07:00:00,20.61,22.42,20.61,22.26,,SGH
2020-02-21 07:00:00,13.07,13.2,,13.11,1700.0,GMC
2020-12-10 07:00:00,5.96,,5.96,,32610.0,LBM
2023-08-02 07:00:00,39.26,,39.11,39.92,1785000.0,DGW
2018-10-10 07:00:00,15.7,,,14.9,152900.0,SSN
2019-08-21 07:00:00,4.6,4.6,4.6,4.6,,BBS
2022-11-14 07:00:00,3.59,3.69,,,258600.0,PLP
2023-03-27 07:00:00,17.25,18.3,17.25,18.2,,FDC
2024-07-23 07:00:00,8.02,8.02,,,54700.0,HBS
2024-04-10 07:00:00,,6.75,,6.65,11700.0,PBC
2021-10-19 07:00:00,3.7,,,3.7,1269415.0,ACM
2015-12-17 07:00:00,0.89,,0.89,,,BMJ
2025-05-16 07:00:00,59.05,59.47,58.68,,161900.0,ACV
2019-05-03 07:00:00,0.4,0.4,0.4,0.4,,GTT
2022-12-07 07:00:00,20.23,20.68,19.55,20.68,42900.0,THG
2025-08-01 07:00:00,16.6,,,16.4,213600.0,CLX
2021-10-25 07:00:00,14.48,15.25,14.48,15.22,325500.0,SAV
2024-10-17 07:00:00,2.8,,,,2000.0,SD4
2018-08-28 07:00:00,15.0,15.15,15.0,15.05,1148620.0,FTM
2017-07-28 07:00:00,,3.7,3.56,,107300.0,NAG
2023-09-28 07:00:00,10.55,10.65,10.55,10.65,,CCR
2025-05-20 07:00:00,34.55,,,35.85,,BAF
2020-03-05 07:00:00,10.78,10.78,10.78,,100.0,QTC
2024-12-20 07:00:00,,27.49,26.91,,,HDG
2021-03-01 07:00:00,12.37,,,12.37,1000.0,BDW
2019-08-14 07:00:00,11.77,,11.47,11.65,,THG
2021-06-15 07:00:00,,13.48,13.25,13.25,,PGV
2021-05-27 07:00:00,15.99,15.99,15.38,15.38,,CLX
2015-10-02 07:00:00,4.0,4.26,4.0,,,DBC
2022-03-01 07:00:00,40.61,40.82,40.54,40.54,,DHA
2025-10-01 07:00:00,20.47,20.51,20.22,20.3,2400.0,CCI
2025-01-03 07:00:00,,,32.75,32.75,,CDN
2016-03-01 07:00:00,8.01,8.44,8.29,,,APP
2026-03-18 07:00:00,44.0,44.0,,,1000.0,TDW
2021-07-05 07:00:00,,121.0,117.8,118.3,480300.0,VJC
2022-05-27 07:00:00,,30.56,,30.56,100.0,VFC
2022-08-29 07:00:00,28.2,30.75,,30.75,,HOT
2021-03-05 07:00:00,15.49,15.75,,15.49,,DVN
2023-02-13 07:00:00,39.9,41.21,38.86,,3000.0,BHN
2016-01-13 07:00:00,20.46,,,,,DPC
2018-11-01 07:00:00,11.46,11.46,,,40.0,PNC
2024-10-29 07:00:00,,68.0,67.3,67.8,,SSH
2018-10-09 07:00:00,,,1.68,1.68,166360.0,VOS
2023-06-23 07:00:00,,,,,2316486.0,TAR
2022-06-14 07:00:00,,27.51,26.96,27.51,418900.0,AGG
2021-09-01 07:00:00,55.85,,,55.76,3098700.0,KDC
2025-09-10 07:00:00,,8.4,,8.28,765500.0,SAM
2018-08-29 07:00:00,10.87,10.87,,10.33,5070.0,SRF
2024-12-31 07:00:00,11.91,,,,512531.0,OIL
2022-06-01 07:00:00,,5.6,5.25,,733700.0,PXS
2023-02-28 07:00:00,,,8.6,8.79,2500.0,VNG
2018-02-13 07:00:00,7.87,8.06,7.87,,246700.0,PHC
2016-04-20 07:00:00,,1.97,1.88,1.9,,NHA
2023-05-05 07:00:00,49.51,49.51,49.51,49.51,,CMN
2018-12-19 07:00:00,,30.87,,28.82,,VHC
2022-08-11 07:00:00,,,8.2,8.56,504700.0,VPH
2016-08-31 07:00:00,2.8,2.82,2.8,2.8,116320.0,MBB
2017-09-25 07:00:00,8.79,8.79,8.35,,,ELC
2019-11-20 07:00:00,,,12.21,,,HT1
2023-12-04 07:00:00,,4.08,,4.07,1695900.0,TTF
2026-04-29 07:00:00,13.9,14.0,,14.0,543000.0,DRI
2023-07-24 07:00:00,,,11.09,11.09,,TSG
2023-11-29 07:00:00,24.36,24.86,24.24,24.86,18400.0,THG
2022-05-09 07:00:00,9.7,10.67,9.7,10.67,5100.0,POS
2024-02-29 07:00:00,8.81,9.66,,9.66,1200.0,BVL
2025-01-15 07:00:00,5.4,5.4,,5.4,76751.0,EVS
2025-03-28 07:00:00,,11.2,10.3,,,PGT
2025-12-22 07:00:00,23.7,24.5,23.7,24.4,1151100.0,ELC
2023-10-30 07:00:00,17.36,17.49,16.7,16.7,1671700.0,PC1
2019-12-19 07:00:00,5.14,,,5.36,1000.0,PLP
2023-07-17 07:00:00,12.35,12.61,12.27,12.44,17430145.0,SHS
2022-09-09 07:00:00,68.9,,,68.4,417000.0,SCG
2021-04-01 07:00:00,23.54,,23.54,23.94,,SAS
2023-02-27 07:00:00,3.4,3.6,3.4,3.4,4140.0,CTP
2021-12-07 07:00:00,11.84,11.84,,,16401.0,SD2
2021-07-29 07:00:00,19.97,,19.97,19.97,1910.0,HC3
2023-03-08 07:00:00,6.8,,6.4,6.6,11920.0,PCT
2021-08-03 07:00:00,,28.75,27.98,28.75,205300.0,D2D
2022-03-08 07:00:00,10.4,,10.4,,,PSB
2019-03-05 07:00:00,,7.24,7.21,,97760.0,CRE
2019-03-12 07:00:00,6.73,6.73,6.73,,100.0,MCF
2019-01-14 07:00:00,35.4,35.4,35.4,35.4,,DTL
2017-01-12 07:00:00,3.27,,,,404280.0,APG
2018-08-24 07:00:00,12.2,12.2,12.2,,2900.0,GHC
2023-10-20 07:00:00,3.4,3.5,,,91321.0,DTI
2020-08-19 07:00:00,23.4,,23.4,23.4,1220.0,SVC
2022-08-08 07:00:00,,5.76,5.76,5.76,3200.0,VTA
2022-04-14 07:00:00,,16.7,16.3,16.5,,VNG
2018-07-31 07:00:00,16.44,16.74,16.44,16.68,6800.0,VCP
2016-03-17 07:00:00,3.75,,,,714650.0,IDI
2025-10-17 07:00:00,4.9,,,,1000.0,SJM
2022-02-28 07:00:00,,45.9,44.8,44.8,,LDP
2023-12-15 07:00:00,,10.15,9.87,10.01,,VOS
2015-12-08 07:00:00,23.4,,,,700.0,SSF
2015-11-10 07:00:00,13.41,13.41,13.41,13.41,70.0,SC5
2016-08-08 07:00:00,13.26,13.45,13.17,13.45,9800.0,VKC
2022-07-12 07:00:00,,7.71,,7.71,260100.0,PLP
2024-01-26 07:00:00,26.36,27.61,26.36,,29300.0,VRG
2021-12-06 07:00:00,21.27,21.65,20.28,21.12,,VSH
2021-03-19 07:00:00,8.54,,,8.54,35530.0,DSC
2016-02-22 07:00:00,2.73,2.91,2.73,,300.0,STL
2023-06-28 07:00:00,,,76.13,76.41,,BCM
2025-04-10 07:00:00,,20.65,20.0,,2667000.0,SSB
2019-12-12 07:00:00,8.54,,8.26,8.36,,OIL
2025-03-03 07:00:00,24.2,24.2,23.8,24.05,320600.0,DCL
2021-09-21 07:00:00,22.8,,22.45,22.45,5400.0,SGI
2022-07-27 07:00:00,12.93,13.06,12.24,12.88,,NHH
2021-08-11 07:00:00,,11.26,11.26,,,LBM
2018-01-12 07:00:00,17.08,17.18,,17.08,,VNG
2025-05-26 07:00:00,6.79,7.17,,,,HCD
2021-02-02 07:00:00,9.93,10.25,9.93,10.17,11800.0,VCA
2017-05-25 07:00:00,,12.66,12.33,,10790.0,QHD
2025-05-14 07:00:00,26.72,,26.58,,16062200.0,VCI
2025-12-18 07:00:00,12.4,,12.4,12.5,,X20
2024-10-17 07:00:00,6.4,6.5,6.4,,28034.0,PSB
2021-06-16 07:00:00,10.72,10.78,10.72,10.78,,BT1
2020-08-18 07:00:00,44.76,45.47,44.76,45.47,2770.0,NSC
2021-09-23 07:00:00,7.4,7.4,7.1,,,DSG
2024-04-10 07:00:00,,21.41,21.18,21.18,3335900.0,PC1
2025-03-28 07:00:00,16.59,,16.59,16.68,2300.0,PPP
2021-12-06 07:00:00,10.08,,10.0,,,DWS
2022-08-22 07:00:00,11.55,,10.84,11.06,18300.0,VNL
2018-02-12 07:00:00,3.89,4.17,3.89,,,DGW
2022-05-12 07:00:00,10.48,,,9.72,216700.0,TVN
2025-08-21 07:00:00,3.45,3.49,3.26,3.36,,DRH
2025-03-25 07:00:00,57.8,60.53,,,200.0,NNT
2017-04-28 07:00:00,9.55,9.55,9.55,,300.0,CLX
2022-08-19 07:00:00,13.98,13.98,13.82,13.9,10800.0,BAB
2025-07-15 07:00:00,,17.3,17.3,17.3,400.0,VET
2023-06-26 07:00:00,,,,34.82,1800.0,VET
2024-06-03 07:00:00,,,,11.99,3310.0,CTB
2022-11-15 07:00:00,,8.95,,8.36,,SID
2026-01-06 07:00:00,,16.0,16.0,16.0,100.0,QNW
2023-12-15 07:00:00,16.38,16.47,16.09,16.09,26943.0,MPC
2021-07-16 07:00:00,7.01,7.01,6.81,,,APG
2019-12-27 07:00:00,,2.24,2.18,2.24,,SHS
2022-04-13 07:00:00,,24.2,,24.2,4200.0,ND2
2023-07-13 07:00:00,,5.0,4.2,,22016.0,TXM
2016-09-08 07:00:00,4.96,5.08,4.96,5.08,24100.0,TL4
2020-02-03 07:00:00,13.37,,,13.37,1000.0,VLC
2024-01-22 07:00:00,6.58,,6.58,6.58,,BHP
2018-03-09 07:00:00,9.94,11.5,9.94,11.5,1000.0,DNH
2023-12-08 07:00:00,,6.4,6.2,6.4,300.0,MEL
2025-06-27 07:00:00,1.3,,1.2,,46100.0,PVV
2020-05-21 07:00:00,4.12,4.28,4.12,4.28,86502.0,TTN
2024-08-05 07:00:00,25.9,26.26,25.37,,21501.0,PPH
2024-10-29 07:00:00,,,14.47,14.73,203700.0,MIG
2019-01-18 07:00:00,15.49,15.49,15.49,15.49,10.0,TDW
2017-05-10 07:00:00,6.61,6.61,6.34,6.52,4600.0,TVN
2023-10-04 07:00:00,11.1,,11.04,11.16,,SCL
2021-09-09 07:00:00,7.45,7.63,7.18,7.45,,BTS
2019-01-28 07:00:00,7.9,,7.9,,,PIC
2023-11-21 07:00:00,,18.23,17.98,18.16,2390100.0,BAF
2024-08-07 07:00:00,,13.36,12.47,12.47,10200.0,SGI
2019-11-01 07:00:00,6.0,6.37,,6.36,80.0,RIC
2026-04-15 07:00:00,5.0,5.07,4.8,4.89,578100.0,HID
2018-02-23 07:00:00,1.8,,,1.8,,SCL
2022-06-13 07:00:00,,13.6,13.6,13.6,1900.0,PCM
2022-05-10 07:00:00,,110.89,110.89,,500.0,NDC
2024-06-06 07:00:00,9.96,10.08,,,3466300.0,ASM
2019-07-02 07:00:00,2.9,2.9,2.9,,1100.0,ILC
2026-01-07 07:00:00,33.2,33.9,32.6,,,CDN
2019-11-14 07:00:00,10.8,10.85,10.65,10.7,2044260.0,STB
2021-02-09 07:00:00,4.71,4.71,4.71,4.71,5200.0,HBH
2026-04-10 07:00:00,1.0,1.0,0.9,,26800.0,PXI
2025-03-10 07:00:00,14.28,,14.28,,,SGI
2021-03-18 07:00:00,10.87,,,10.78,317500.0,SAM
2018-11-08 07:00:00,6.48,,6.48,6.48,,HU3
2024-05-22 07:00:00,29.62,29.75,,29.13,,D2D
2024-07-09 07:00:00,8.52,8.52,8.52,,200.0,GMC
2021-08-10 07:00:00,,2.8,2.6,,1672002.0,ACM
2017-08-31 07:00:00,,9.91,9.84,,,IDV
2016-02-18 07:00:00,0.77,0.77,0.77,0.77,,VKP
2021-12-13 07:00:00,12.56,12.56,12.56,12.56,,TVG
2023-02-03 07:00:00,,,,,200.0,PTS
2015-12-04 07:00:00,,,,9.15,,VTX
2024-02-27 07:00:00,6.0,6.0,6.0,6.0,700.0,CMM
2026-04-20 07:00:00,,,,11.1,,EBS
2023-12-08 07:00:00,,,8.58,8.58,38200.0,VCA
2022-08-10 07:00:00,3.8,3.9,,3.9,365400.0,CDO
2021-02-24 07:00:00,,7.46,7.25,7.25,21800.0,GSP
2016-08-16 07:00:00,11.36,11.61,,11.53,,VTX
2020-01-16 07:00:00,6.95,,,6.95,,PC1
2017-12-05 07:00:00,3.12,3.12,3.12,,100.0,VC6
2025-04-08 07:00:00,18.04,,17.24,,,VCG
2024-06-19 07:00:00,,123.11,,119.57,3762700.0,DGC
2016-05-24 07:00:00,3.79,,,3.79,,LBM
2023-05-05 07:00:00,,9.5,,9.1,,SRF
2021-11-11 07:00:00,14.04,,13.91,,2306900.0,PLP
2025-01-23 07:00:00,7.52,7.52,7.52,,4305.0,VBB
2016-10-03 07:00:00,26.0,,26.0,26.0,150.0,FDC
2024-04-11 07:00:00,27.4,,27.0,,,DCL
2022-10-31 07:00:00,37.84,38.43,34.1,,425721.0,L14
2018-12-13 07:00:00,5.98,6.02,5.98,6.02,10100.0,MIG
2022-12-06 07:00:00,9.7,9.9,,9.9,,CIA
2020-08-26 07:00:00,14.21,16.63,14.21,,,GND
2020-05-21 07:00:00,,,1.5,1.7,34400.0,SD3
2024-02-05 07:00:00,19.1,,18.23,18.23,,LBM
2018-02-12 07:00:00,,,5.22,5.32,128290.0,VPG
2017-12-07 07:00:00,,7.33,7.33,7.33,,CCI
2025-11-05 07:00:00,,9.9,9.9,,1000.0,VCC
2024-06-12 07:00:00,3.4,3.5,3.4,3.5,,DTI
2024-06-21 07:00:00,9.35,9.81,9.26,9.81,114827.0,PTS
2019-08-28 07:00:00,8.23,10.54,8.23,,,DAS
2020-10-26 07:00:00,6.31,6.61,6.25,6.49,114034.0,MIG
2019-01-18 07:00:00,14.66,,14.54,15.09,9150.0,IMP
2022-05-20 07:00:00,,5.6,,,,CTP
2019-08-19 07:00:00,13.39,13.39,,13.1,2400.0,CDN
2020-03-25 07:00:00,,10.91,,,,STC
2022-09-14 07:00:00,21.31,21.9,20.95,,187500.0,NHA
2022-06-16 07:00:00,9.0,,9.0,9.0,,APP
2018-01-30 07:00:00,7.25,7.46,7.02,,8440.0,VSI
2022-03-11 07:00:00,21.36,22.39,,21.75,,NHH
2023-11-14 07:00:00,,4.1,,4.0,45801.0,EIN
2024-09-18 07:00:00,38.0,38.0,37.82,37.95,1953400.0,NLG
2020-02-19 07:00:00,6.22,,6.22,6.22,100.0,CDP
2018-08-29 07:00:00,65.09,,,,,NSC
2021-06-03 07:00:00,26.93,26.99,26.37,26.93,1668400.0,AGG
2016-02-16 07:00:00,3.24,3.33,,,,TDC
2021-12-10 07:00:00,,,9.88,10.55,30816400.0,HAG
2024-07-01 07:00:00,11.1,,11.1,,100.0,DPC
2021-01-27 07:00:00,7.5,7.5,,6.93,415300.0,PXS
2026-04-10 07:00:00,4.9,,,,70800.0,VIG
2023-04-25 07:00:00,10.28,10.37,,10.33,15100.0,ITD
2025-06-12 07:00:00,4.4,4.7,4.4,4.6,88200.0,UDC
2024-10-09 07:00:00,,19.12,,18.95,151502.0,DSC
2018-08-03 07:00:00,3.18,,3.14,3.18,64450.0,JVC
2025-09-26 07:00:00,,,52.6,,50300.0,IMP
2026-03-31 07:00:00,15.7,,14.6,14.9,8600.0,CSC
2016-08-31 07:00:00,25.92,,25.92,26.13,16600.0,QHD
2017-05-30 07:00:00,,12.8,12.7,12.7,,QHD
2023-07-17 07:00:00,11.0,11.3,11.0,,149600.0,VTD
2022-05-31 07:00:00,30.86,,30.86,31.18,29800.0,THG
2023-11-15 07:00:00,15.73,,15.73,,4000.0,HAM
2021-04-13 07:00:00,54.99,55.29,54.47,54.54,11456.0,NSC
2021-09-30 07:00:00,28.75,,27.17,27.17,,VCP
2024-12-20 07:00:00,14.14,14.48,13.99,14.39,1768000.0,CSM
2021-11-17 07:00:00,8.8,,8.0,9.0,15100.0,L63
2016-10-20 07:00:00,3.2,,3.1,,125030.0,JVC
2023-10-12 07:00:00,8.48,8.5,,,8759000.0,HAG
2018-10-12 07:00:00,9.34,,9.15,10.18,,HT1
2024-08-26 07:00:00,,131.55,131.55,131.55,100.0,NDC
2016-06-16 07:00:00,1.16,1.16,,,7400.0,VES
2021-03-31 07:00:00,,,,,2600.0,TRC
2023-04-03 07:00:00,,13.8,13.63,13.8,,PIC
2025-10-24 07:00:00,18.08,,17.82,17.99,305000.0,NHA
2018-06-04 07:00:00,3.74,3.74,3.74,3.74,,VC6
2025-11-13 07:00:00,,,1.8,1.8,9100.0,KSQ
2023-02-07 07:00:00,,,,1.8,3400.0,VE9
2023-07-10 07:00:00,2.5,2.6,,,416764.0,HHG
2022-08-16 07:00:00,,5.4,5.3,5.4,,TXM
2020-06-02 07:00:00,13.12,13.19,12.98,13.19,34805.0,TCW
2025-05-09 07:00:00,27.8,27.9,27.4,,43600.0,MML
2026-03-03 07:00:00,,,,,2900.0,VTH
2022-07-08 07:00:00,,104.9,103.5,104.9,,MSN
2025-09-23 07:00:00,,,,15.65,,NVL
2018-09-04 07:00:00,3.95,4.82,3.95,4.47,4300.0,BMS
2023-05-22 07:00:00,,33.5,33.5,33.5,600.0,MML
2020-01-09 07:00:00,6.83,,,6.83,500.0,VCC
2021-01-06 07:00:00,14.41,,14.41,,,X26
2017-03-31 07:00:00,8.92,9.46,,9.46,,SHN
2017-08-03 07:00:00,18.66,18.99,,18.92,57990.0,TRC
2022-01-10 07:00:00,26.17,26.17,25.32,25.32,70100.0,NDT
2018-09-26 07:00:00,,2.55,2.53,2.54,1660.0,PXI
2022-03-07 07:00:00,12.19,,12.19,12.37,40200.0,HAC
2025-05-23 07:00:00,10.24,10.34,10.15,10.34,10200.0,BAB
2020-05-08 07:00:00,,12.64,12.64,12.64,,HC3
2019-03-11 07:00:00,5.46,,,,1000.0,SD2
2016-12-30 07:00:00,26.51,26.51,26.37,,,LDP
2020-11-27 07:00:00,16.63,16.63,,,100.0,GND
2026-04-15 07:00:00,,12.0,11.0,,1600.0,HAC
2018-12-18 07:00:00,,,9.64,,,STC
2023-01-12 07:00:00,4.2,4.2,,4.2,100.0,VIE
2019-07-16 07:00:00,2.89,,2.86,,13400.0,JVC
2016-06-02 07:00:00,8.49,8.76,8.42,,42850.0,SVC
2020-08-14 07:00:00,,3.4,3.4,,,EIN
2020-03-25 07:00:00,6.52,6.53,,6.53,2120.0,SBV
2018-12-25 07:00:00,12.0,,11.7,11.95,6727130.0,STB
2023-01-10 07:00:00,24.97,24.97,,24.88,22600.0,TBC
2023-10-11 07:00:00,30.3,,30.3,30.3,,NAS
2023-11-14 07:00:00,10.54,10.54,,,,BTP
2025-02-05 07:00:00,,7.4,,,,LG9
2017-06-14 07:00:00,,19.7,19.46,,,UIC
2017-02-22 07:00:00,85.84,,83.79,88.28,20090.0,BHN
2021-07-20 07:00:00,11.22,11.86,11.22,11.79,5200.0,CCI
2022-08-08 07:00:00,,26.0,26.0,26.0,,FDC
2023-07-19 07:00:00,9.0,9.2,9.0,,,LDP
2025-10-28 07:00:00,,,18.55,19.5,1367200.0,VDS
2022-05-06 07:00:00,30.07,30.07,,,53300.0,VLB
2020-07-16 07:00:00,25.2,25.2,25.15,25.2,8020.0,TRC
2024-05-27 07:00:00,,21.39,21.39,,224.0,NDP
2018-08-30 07:00:00,,,1.5,1.6,162716.0,PXA
2016-09-01 07:00:00,3.6,3.7,,3.5,770870.0,JVC
2021-12-20 07:00:00,21.7,22.75,,22.75,,BVL
2017-01-18 07:00:00,12.59,12.59,,12.59,,SMT
2017-09-20 07:00:00,3.4,3.4,,3.4,,PGT
2022-02-18 07:00:00,75.5,75.5,,75.0,1500.0,MML
2023-10-16 07:00:00,17.5,17.54,17.47,,29300.0,D2D
2020-07-27 07:00:00,19.24,,19.24,,10.0,TDW
2023-12-07 07:00:00,10.7,10.79,,10.44,,HEP
2019-03-08 07:00:00,11.41,,,,2.0,TPP
2016-06-09 07:00:00,,7.6,7.43,7.56,,CTG
2020-04-15 07:00:00,,,,10.7,24440.0,GMC
2020-02-25 07:00:00,,14.7,14.55,14.68,202890.0,AGG
2020-10-27 07:00:00,,4.5,4.4,,,SSN
2021-10-13 07:00:00,41.13,41.56,40.62,41.34,,VHC
2021-11-22 07:00:00,,10.8,,10.05,11554200.0,TTF
2022-07-22 07:00:00,7.2,7.6,7.2,7.6,400.0,SHN
2021-06-23 07:00:00,,14.1,13.5,13.5,,AFX
2018-01-11 07:00:00,,25.99,25.44,,236770.0,CTI
2017-07-21 07:00:00,,3.24,,,,VC6
2018-08-06 07:00:00,,4.15,4.06,4.14,13040.0,FCM
2022-02-15 07:00:00,11.05,11.8,11.05,11.5,42000.0,UDC
2023-04-25 07:00:00,,,13.7,,3733100.0,VCG
2022-06-07 07:00:00,12.44,12.44,12.44,,6800.0,QTC
2020-10-06 07:00:00,,,,16.68,2300.0,NTH
2016-06-13 07:00:00,15.46,,15.32,15.46,185930.0,DCL
2026-04-02 07:00:00,17.0,,16.8,16.8,8600.0,VRG
2024-03-01 07:00:00,1.4,1.4,,1.3,6900.0,SSN
2022-08-18 07:00:00,16.42,16.69,16.19,16.23,,IDI
2017-09-12 07:00:00,9.68,9.68,,9.56,36653.0,IDV
2024-09-06 07:00:00,0.9,1.0,0.8,,41266.0,PVR
2024-07-24 07:00:00,14.93,18.51,,18.24,26538.0,SCL
2017-10-09 07:00:00,7.98,7.98,7.91,7.98,,TNC
2021-02-25 07:00:00,,16.92,16.47,16.83,,CSM
2022-05-23 07:00:00,32.4,32.4,29.8,31.0,7600.0,STG
2017-01-20 07:00:00,,2.84,2.7,2.7,40880.0,THT
2021-07-08 07:00:00,36.2,36.2,35.8,,,DTL
2025-01-22 07:00:00,,11.74,11.74,,1000.0,TDF
2020-03-23 07:00:00,10.45,,10.45,10.45,,DIH
2022-08-17 07:00:00,,18.08,,17.86,,CTG
2023-02-28 07:00:00,15.2,15.2,15.2,,,PAP
2025-11-18 07:00:00,12.9,12.9,,,,DRI
2020-06-08 07:00:00,15.03,15.03,14.35,14.35,70.0,SC5
2026-03-19 07:00:00,24.55,24.7,,,,PVT
2023-04-28 07:00:00,,11.5,10.47,10.76,2500.0,VNL
2025-10-13 07:00:00,11.39,11.39,11.39,11.39,,EBS
2025-07-22 07:00:00,7.74,,7.73,7.78,17300.0,VNG
2025-09-17 07:00:00,,12.0,,11.8,,OIL
2022-01-17 07:00:00,9.65,9.81,,,2300.0,POV
2020-11-10 07:00:00,7.61,7.71,,,420067.0,OIL
2021-03-08 07:00:00,,14.03,13.52,,81500.0,SAV
2025-08-15 07:00:00,21.1,21.1,,20.6,1840300.0,AGG
2023-10-19 07:00:00,,7.34,6.49,,,ANT
2018-11-29 07:00:00,17.02,,17.02,17.02,100.0,TRS
2019-10-22 07:00:00,19.14,19.14,,,1123.0,MH3
2021-05-28 07:00:00,,,13.31,13.45,443500.0,HT1
2024-08-22 07:00:00,14.8,,,16.1,113618.0,CTP
2017-09-12 07:00:00,2.97,2.99,2.95,2.99,171200.0,DGW
2016-05-24 07:00:00,10.09,,,,,DHA
2016-01-12 07:00:00,5.63,,5.33,5.7,,TL4
2017-05-30 07:00:00,6.61,,6.3,6.41,149913.0,DBC
2018-07-13 07:00:00,4.0,4.0,4.0,,,PGT
2025-04-28 07:00:00,5.9,5.9,5.8,,,QNC
2017-08-10 07:00:00,15.44,15.69,15.37,15.42,1062880.0,NLG
2017-12-22 07:00:00,9.12,,,9.12,858000.0,SHN
2026-01-19 07:00:00,27.2,27.6,27.15,27.5,27218600.0,MBB
2026-03-18 07:00:00,8.1,8.2,,8.2,,LDP
2017-07-21 07:00:00,2.98,,2.9,2.92,1958480.0,SHS
2023-02-22 07:00:00,,19.79,18.83,18.83,1175800.0,HDG
2021-05-06 07:00:00,,,,7.0,12400.0,APP
2024-12-02 07:00:00,,16.25,15.91,16.17,,MIG
2019-06-10 07:00:00,11.75,,11.75,11.8,3030830.0,STB
2018-10-08 07:00:00,,,4.3,4.3,9700.0,TCI
2025-12-10 07:00:00,3.05,,,2.98,,PTL
2024-05-30 07:00:00,9.65,9.91,9.57,,132906.0,PCH
2016-07-18 07:00:00,5.41,5.54,5.32,,,VSI
2019-11-28 07:00:00,20.8,20.9,20.65,,,VNG
2024-01-10 07:00:00,9.95,9.95,9.77,9.8,282700.0,TDC
2021-11-09 07:00:00,13.91,13.91,13.48,13.87,,PLP
2019-03-08 07:00:00,1.61,,,,45710.0,VOS
2018-03-29 07:00:00,,8.85,8.68,8.79,,HDB
2025-01-14 07:00:00,33.39,,,,,AGP
2020-04-29 07:00:00,,10.23,,,,CCR
2026-04-28 07:00:00,,4.76,,4.45,229600.0,PLP
2025-12-12 07:00:00,,36.3,,,114800.0,MML
2017-12-15 07:00:00,,,3.97,4.18,67420.0,MAC
2020-05-26 07:00:00,9.44,,,9.44,,VPG
2025-04-29 07:00:00,,,,4.94,7400.0,TT6
2021-10-18 07:00:00,25.67,25.67,25.67,,,PTI
2023-01-19 07:00:00,8.0,8.0,8.0,,,BTU
2025-02-17 07:00:00,,,21.0,21.4,89062.0,AVG
2022-04-29 07:00:00,,,13.5,,,TGG
2018-05-14 07:00:00,25.04,26.86,24.92,26.39,230330.0,CTI
2022-03-18 07:00:00,23.65,23.65,,,,TDF
2021-11-22 07:00:00,17.63,17.63,16.97,16.97,,C21
2024-02-23 07:00:00,23.3,23.3,21.9,23.2,,BCA
2018-12-27 07:00:00,2.49,,,2.49,,ABR
2018-04-10 07:00:00,,,3.29,3.29,317680.0,APG
2022-12-02 07:00:00,19.11,19.42,19.11,,16900.0,GHC
2020-08-12 07:00:00,3.72,,3.72,,5430.0,SAV
2016-09-22 07:00:00,5.76,5.82,5.65,5.76,75880.0,BTP
2021-05-19 07:00:00,,47.28,,47.0,1345000.0,KDC
2022-02-25 07:00:00,19.66,,19.13,,1637300.0,SAM
2025-11-25 07:00:00,,,8.7,,,XMC
2020-01-15 07:00:00,2.18,,2.15,2.18,165877.0,SHS
2024-01-09 07:00:00,3.2,,3.2,3.2,100.0,VMG
2016-03-18 07:00:00,,4.02,3.84,,65600.0,TTZ
2024-03-26 07:00:00,3.9,4.0,3.7,4.0,6700.0,PGT
2025-12-17 07:00:00,11.5,11.9,11.5,,,SMT
2024-07-09 07:00:00,40.87,41.79,40.78,,862800.0,DPR
2021-05-12 07:00:00,,62.4,56.09,60.53,,L14
2020-11-09 07:00:00,5.96,5.96,,5.79,23900.0,UDC
2023-03-21 07:00:00,12.0,12.0,,12.0,1000.0,ADC
2016-02-18 07:00:00,29.0,29.0,,,,FDC
2022-05-27 07:00:00,,13.89,,13.25,109927.0,CST
2020-02-12 07:00:00,,9.13,,8.95,8100.0,VBB
2022-01-21 07:00:00,12.53,12.95,12.48,,239800.0,CSV
2019-11-15 07:00:00,4.41,4.63,,,,PTL
2017-05-22 07:00:00,12.78,12.98,,12.37,906990.0,NLG
2024-07-15 07:00:00,6.1,,,6.09,28500.0,PHC
2025-11-05 07:00:00,,6.4,6.2,,22900.0,ALV
2024-09-16 07:00:00,9.28,9.39,9.15,9.15,,IDI
2018-07-26 07:00:00,4.51,4.51,4.51,4.51,800.0,BLI
2019-07-09 07:00:00,,7.15,6.71,,,ITD
2022-10-14 07:00:00,,,,10.75,457300.0,VOS
2017-10-13 07:00:00,14.65,,14.65,15.12,300.0,STC
2023-04-14 07:00:00,4.29,4.35,,,112900.0,VPH
2018-08-10 07:00:00,9.97,9.97,9.97,9.97,10.0,VNR
2023-06-21 07:00:00,7.01,7.09,,,30900.0,XMC
2024-06-13 07:00:00,142.14,142.14,139.58,,,FRT
2017-10-25 07:00:00,,,3.47,3.47,27056.0,HAC
2016-11-22 07:00:00,3.03,3.03,,3.03,289066.0,ACB
2021-04-12 07:00:00,,5.7,5.7,5.7,,BTN
2019-09-17 07:00:00,4.61,,4.58,4.6,,DGW
2017-12-28 07:00:00,3.34,3.53,3.32,3.53,,DLG
2018-02-06 07:00:00,10.85,10.85,,10.85,100.0,VXB
2022-05-05 07:00:00,18.61,,17.96,18.61,15100.0,TMB
2024-09-23 07:00:00,8.31,8.33,8.15,,92200.0,VPH
2018-12-14 07:00:00,,8.53,8.47,8.53,15950.0,SBA
2018-01-09 07:00:00,2.52,2.52,2.42,2.42,8070.0,HAP
2022-10-06 07:00:00,9.01,9.09,8.19,9.09,50405.0,NAG
2024-07-15 07:00:00,11.9,12.8,11.0,12.8,105475.0,TXM
2017-05-08 07:00:00,7.84,7.92,,,,CTG
2023-10-02 07:00:00,11.8,,11.8,12.0,1800.0,HEJ
2024-12-24 07:00:00,,,25.55,,,D2D
2015-10-13 07:00:00,11.1,11.1,10.5,10.5,,RIC
2018-12-21 07:00:00,3.54,,,3.54,100.0,TNB
2025-08-04 07:00:00,,,20.0,20.8,72500.0,LSG
2021-10-05 07:00:00,6.99,,6.99,7.96,1500.0,LAI
2023-11-17 07:00:00,24.24,24.33,,,198422.0,BVS
2025-12-10 07:00:00,,7.87,,7.71,20600.0,HAP
2023-06-05 07:00:00,,,,,51.0,BLI
2021-06-04 07:00:00,28.68,28.68,,,6000.0,AGX
2018-09-24 07:00:00,,4.75,4.75,4.75,,EBS
2016-10-24 07:00:00,,,7.81,7.81,,DBC
2025-11-11 07:00:00,129.7,,128.5,129.5,,VEF
2020-10-26 07:00:00,3.5,3.5,3.5,3.5,100.0,PGT
2026-01-30 07:00:00,16.8,17.2,16.65,,6437600.0,TPB
2016-08-10 07:00:00,3.8,3.86,,,4670.0,SMA
2020-12-25 07:00:00,8.93,8.93,8.88,,92780.0,SAM
2021-03-12 07:00:00,28.63,,,28.79,,VCG
2025-07-14 07:00:00,5.49,5.49,5.49,5.49,4700.0,TTC
2023-01-03 07:00:00,,,11.4,11.4,100.0,VCA
2019-06-19 07:00:00,7.82,,,9.31,15900.0,CSC
2018-02-28 07:00:00,1.3,1.3,1.2,,256900.0,PVV
2025-01-23 07:00:00,,26.0,,25.7,24905.0,MML
2024-10-25 07:00:00,,9.83,,,,NAG
2024-02-28 07:00:00,42.81,42.81,,42.43,,DBD
2020-10-26 07:00:00,8.98,8.98,,8.82,,BTP
2021-08-27 07:00:00,17.0,17.0,14.0,14.0,430.0,VTX
2017-09-21 07:00:00,,24.05,23.78,,337210.0,CTI
2021-09-21 07:00:00,82.7,,79.58,80.81,23264.0,MML
2025-04-11 07:00:00,63.42,,,61.85,33200.0,VFG
2021-10-08 07:00:00,,,11.52,11.86,,SCL
2022-09-06 07:00:00,,,,9.5,3200.0,TTC
2022-03-25 07:00:00,26.83,,,26.54,3068800.0,FCN
2026-01-21 07:00:00,,6.8,,6.5,41500.0,CTP
2023-07-24 07:00:00,84.6,84.7,,,,MSN
2021-12-24 07:00:00,2.8,3.5,2.8,,84200.0,S12
2022-10-13 07:00:00,3.5,,3.3,,143800.0,PVL
2018-02-26 07:00:00,1.26,,1.26,,,CDO
2023-05-16 07:00:00,,28.4,,28.4,,VRE
2023-03-07 07:00:00,,8.68,8.52,8.6,25400.0,NHA
2025-02-07 07:00:00,8.5,9.2,8.5,8.9,1741909.0,TVN
2020-02-26 07:00:00,5.48,,5.48,,5000.0,KST
2019-07-22 07:00:00,8.37,8.47,8.27,8.42,172226.0,CSC
2021-07-13 07:00:00,99.1,99.1,93.56,95.05,1521900.0,MSN
2019-10-14 07:00:00,,5.52,,4.88,210.0,VNL
2021-07-06 07:00:00,12.91,,12.32,12.32,2500.0,NDT
2020-11-17 07:00:00,,19.38,,19.38,,CKD
2019-01-29 07:00:00,,5.57,5.57,5.57,15500.0,EBS
2021-12-20 07:00:00,,,19.75,,,APG
2019-10-21 07:00:00,,12.22,11.57,,900.0,SRF
2018-10-02 07:00:00,,5.22,5.09,5.22,50738.0,DRI
2022-09-19 07:00:00,11.55,11.55,,11.43,37100.0,VNL
2019-12-30 07:00:00,5.7,5.7,,6.5,100.0,VSF
2019-10-17 07:00:00,,16.86,,,,SC5
2019-05-30 07:00:00,11.28,11.28,11.28,11.28,10.0,AGP
2020-08-18 07:00:00,40.07,40.07,39.79,,7605.0,MML
2017-09-08 07:00:00,6.04,,,6.14,2580.0,HAS
2019-03-13 07:00:00,,10.0,,10.0,20.0,VNI
2025-11-20 07:00:00,13.0,13.0,,13.0,1700.0,DAS
2025-03-18 07:00:00,36.34,36.34,36.34,36.34,,BHN
2020-03-17 07:00:00,,,3.78,,511590.0,DGW
2016-05-11 07:00:00,10.3,,10.2,10.41,3100.0,HTC
2021-09-01 07:00:00,12.33,,12.33,12.98,20100.0,TMB
2019-12-27 07:00:00,17.68,17.68,,17.68,310.0,NHT
2019-12-25 07:00:00,8.91,8.91,8.67,,,DVN
2020-12-25 07:00:00,,7.57,,7.28,,VNL
2022-07-26 07:00:00,,11.95,11.95,11.95,100.0,VCC
2018-05-22 07:00:00,6.14,6.14,6.13,6.13,60.0,HAS
2025-04-02 07:00:00,10.35,10.5,10.25,,7884700.0,NVL
2025-05-22 07:00:00,18.99,19.42,,,,PC1
2022-10-24 07:00:00,9.03,9.03,9.03,9.03,100.0,POV
2025-06-24 07:00:00,,7.0,,,,ALV
2024-08-20 07:00:00,26.59,,,26.66,,IDV
2020-12-21 07:00:00,,,,4.88,1543520.0,JVC
2024-01-30 07:00:00,,44.77,42.71,,,ACV
2025-03-14 07:00:00,,6.0,,5.4,,GMC
2020-06-01 07:00:00,1.1,1.2,1.1,1.1,32630.0,HHG
2025-01-16 07:00:00,74.87,75.64,68.65,,10811.0,TMB
2024-11-22 07:00:00,,16.0,16.0,16.0,100.0,FDC
2022-02-23 07:00:00,,15.73,15.39,,,MBB
2019-06-20 07:00:00,10.61,10.67,,10.67,,HPD
2023-10-23 07:00:00,11.5,11.6,11.5,,3200.0,ACC
2021-11-08 07:00:00,,36.71,35.93,,357500.0,D2D
2022-08-16 07:00:00,21.09,,21.01,,,GHC
2019-12-27 07:00:00,4.55,4.55,4.55,4.55,28000.0,SD2
2017-07-25 07:00:00,5.6,,,5.8,33400.0,ALV
2023-03-20 07:00:00,4.4,4.4,4.33,4.4,13900.0,PLP
2020-09-01 07:00:00,,,,,441390.0,DAG
2022-06-01 07:00:00,,,11.75,12.77,330909.0,THT
2017-06-09 07:00:00,7.58,,,,,ANT
2020-03-25 07:00:00,,15.53,15.26,15.26,15000.0,HC3
2020-03-06 07:00:00,,21.23,,,5110.0,PGD
2019-10-24 07:00:00,10.16,10.16,,,,PCM
2017-08-10 07:00:00,4.8,4.8,,4.55,154100.0,VNP
2018-10-24 07:00:00,,,6.9,7.19,,ACL
2023-09-21 07:00:00,20.52,21.75,,21.69,2610.0,IDV
2018-12-28 07:00:00,,2.1,2.0,2.1,30100.0,PVL
2026-02-12 07:00:00,43.8,,43.5,43.99,,THG
2017-05-16 07:00:00,10.44,10.93,10.35,10.74,148380.0,VNG
2020-03-27 07:00:00,,2.9,2.77,2.87,22130.0,VPH
2026-01-19 07:00:00,20.2,22.4,,,998300.0,TTN
2025-04-18 07:00:00,,,7.81,,3100.0,MCF
2025-02-18 07:00:00,6.1,6.1,,,205516.0,DST
2025-02-07 07:00:00,11.56,11.56,11.51,,,BTP
2024-02-21 07:00:00,11.08,11.67,11.08,11.67,7902.0,VCC
2019-05-20 07:00:00,,,32.63,33.07,,NVL
2017-05-30 07:00:00,,6.9,6.5,6.5,10600.0,KTT
2020-03-20 07:00:00,6.14,,6.14,6.14,,HU3
2025-01-06 07:00:00,,21.86,21.34,21.42,24116.0,VRG
2020-09-08 07:00:00,17.56,,,,199570.0,CVT
2024-09-20 07:00:00,64.45,,,65.61,229787.0,ACV
2020-12-28 07:00:00,8.3,,8.3,,,PND
2023-09-12 07:00:00,9.97,,8.98,,,PNC
2019-04-25 07:00:00,10.0,10.0,10.0,10.0,450.0,VNI
2024-04-04 07:00:00,15.19,15.19,14.95,15.15,34800.0,CSM
2017-09-29 07:00:00,,10.63,10.63,10.63,,SD4
2022-09-23 07:00:00,,2.94,2.76,2.82,,ALV
2016-12-15 07:00:00,24.91,25.1,,,104000.0,KDC
2021-08-18 07:00:00,,,3.0,3.02,55700.0,MCG
2016-04-27 07:00:00,31.87,,31.16,31.56,,TMT
2025-06-30 07:00:00,6.89,6.99,6.89,6.89,29400.0,S99
2022-05-20 07:00:00,,41.03,41.03,41.03,1100.0,TNC
2017-01-24 07:00:00,7.81,7.81,7.81,7.81,1000.0,ND2
2019-07-05 07:00:00,13.81,14.0,13.66,13.77,25940.0,ACL
2021-11-26 07:00:00,3.6,,3.4,,686720.0,PVR
2020-06-01 07:00:00,7.96,7.96,,7.83,400.0,TNB
2021-01-21 07:00:00,5.32,,5.32,,1500.0,PCT
2025-12-26 07:00:00,7.2,7.6,7.2,7.6,700.0,DHB
2024-07-08 07:00:00,,25.0,25.0,,,NAS
2022-02-24 07:00:00,,,24.9,26.03,38607.0,SAS
2025-07-25 07:00:00,,,16.75,16.75,1300.0,BBS
2023-06-30 07:00:00,7.0,7.0,6.9,7.0,600.0,S72
2017-12-19 07:00:00,13.56,,13.31,13.4,28300.0,CTP
2024-05-23 07:00:00,37.1,37.65,36.46,37.65,745100.0,DPR
2018-10-10 07:00:00,2.96,,2.96,,16200.0,HAC
2020-11-19 07:00:00,7.81,8.19,7.62,7.72,,TVN
2018-11-22 07:00:00,,,,,306800.0,PC1
2023-01-11 07:00:00,36.93,36.93,36.58,36.64,2700.0,APF
2017-01-20 07:00:00,11.39,11.48,11.12,11.21,,FCN
2018-03-29 07:00:00,2.85,2.9,2.71,2.71,36200.0,NAG
2017-09-11 07:00:00,1.24,,,,2000.0,VNH
2024-07-19 07:00:00,,10.6,10.43,,,BAB
2020-12-25 07:00:00,9.8,10.38,9.7,,,VCI
2025-10-06 07:00:00,11.5,11.5,,11.4,2400.0,DAS
2023-03-15 07:00:00,15.8,,15.8,15.8,,TDF
2016-11-29 07:00:00,11.95,,11.95,,202110.0,ELC
2016-03-14 07:00:00,,3.5,3.5,3.5,500.0,VC6
2020-02-05 07:00:00,1.75,,1.75,1.79,,DLG
2021-11-19 07:00:00,11.9,,11.9,14.0,,VNI
2022-09-13 07:00:00,,,13.5,,1101.0,UNI
2020-10-07 07:00:00,,6.48,6.29,6.48,128820.0,TVN
2018-09-12 07:00:00,,5.84,5.76,5.78,311310.0,TPB
2017-10-03 07:00:00,18.22,,17.74,18.08,26840.0,STG
2025-01-03 07:00:00,21.69,21.69,21.69,21.69,,VRG
2015-11-25 07:00:00,6.65,6.52,,,6100.0,VCC
2021-03-25 07:00:00,9.41,9.5,,9.31,5221400.0,TPB
2019-02-28 07:00:00,3.1,3.1,,3.06,145430.0,JVC
2022-12-26 07:00:00,7.91,,7.76,7.76,6100.0,PGB
2026-04-14 07:00:00,8.3,8.3,8.0,8.0,,DC1
2025-05-19 07:00:00,,49.1,,49.1,800.0,VSH
2017-02-28 07:00:00,2.68,2.68,2.59,2.59,,TTZ
2022-10-25 07:00:00,3.52,3.83,3.36,3.55,559000.0,TNT
2021-04-01 07:00:00,18.18,18.37,,,,SAV
2025-05-28 07:00:00,,,20.45,20.55,1383100.0,CTI
2024-04-24 07:00:00,,,49.28,50.64,,BCM
2020-06-15 07:00:00,,10.45,,10.45,200.0,SMA
2017-10-11 07:00:00,5.26,,5.26,5.26,,SVG
2022-06-02 07:00:00,,,6.8,6.82,1017000.0,JVC
2021-12-23 07:00:00,5.86,5.9,5.86,5.9,,DHD
2024-05-08 07:00:00,39.39,39.39,39.39,39.39,465.0,DNH
2024-12-31 07:00:00,20.32,20.32,,19.66,9184500.0,HDB
2017-03-07 07:00:00,1.89,,1.72,,1530200.0,TOP
2017-11-03 07:00:00,,10.41,,,,CSM
2019-05-07 07:00:00,,20.68,,20.41,6714.0,BCM
2023-03-14 07:00:00,11.8,11.8,11.8,11.8,,TNB
2018-03-02 07:00:00,,7.32,7.19,,4300.0,CKD
2024-08-23 07:00:00,,13.1,,13.1,23000.0,BCA
2017-03-13 07:00:00,6.83,7.21,6.74,6.74,,XPH
2017-01-19 07:00:00,6.97,6.97,6.83,,170300.0,DBC
2017-11-30 07:00:00,11.18,,10.99,,5558850.0,CTG
2016-04-01 07:00:00,,0.87,0.87,0.87,,KST
2016-01-21 07:00:00,3.33,3.43,,3.43,,PVR
2016-04-27 07:00:00,2.08,2.08,,,1100.0,CID
2017-12-12 07:00:00,,,3.84,,242220.0,FCM
2024-05-02 07:00:00,8.22,8.59,,,4000.0,DAT
2021-06-07 07:00:00,17.3,17.3,15.6,,37500.0,DVG
2023-06-14 07:00:00,4.1,4.4,4.0,4.2,19700.0,PGT
2018-01-11 07:00:00,4.71,,,4.9,12700.0,TNS
2024-08-14 07:00:00,,10.8,10.8,10.8,300.0,CIA
2017-08-09 07:00:00,,5.93,,5.93,,VQC
2023-09-28 07:00:00,,13.48,13.48,,,BHA
2022-06-22 07:00:00,12.65,14.63,,,600.0,PCC
2017-01-03 07:00:00,6.99,,6.94,6.99,,VCG
2022-09-12 07:00:00,26.0,26.05,,,303600.0,HPX
2016-03-28 07:00:00,5.8,6.2,5.8,6.2,,CTB
2018-10-15 07:00:00,0.8,0.9,,0.8,111700.0,ACM
2019-12-11 07:00:00,,,30.47,,9910.0,TRC
2023-09-11 07:00:00,68.95,69.59,,67.99,944200.0,FRT
2022-11-11 07:00:00,14.64,,12.78,12.78,55400.0,D2D
2018-04-18 07:00:00,9.8,9.97,9.65,,123150.0,PVT
2020-10-27 07:00:00,11.88,,11.62,11.7,150550.0,DVN
2026-02-09 07:00:00,,,,26.8,500.0,BDW
2021-11-12 07:00:00,,25.94,25.94,,,DNC
2017-08-21 07:00:00,19.5,19.5,19.4,19.4,200.0,HPM
2016-09-16 07:00:00,0.4,,,,5000.0,PXM
2021-07-16 07:00:00,,21.7,20.96,21.37,,CDN
2020-04-14 07:00:00,1.4,,1.4,,,DST
2023-11-17 07:00:00,11.7,11.73,,11.42,7864400.0,HDB
2020-05-07 07:00:00,5.54,5.82,,,,DHM
2019-07-18 07:00:00,,,,9.91,,CTG
2019-11-27 07:00:00,,8.91,,8.69,228360.0,FCN
2025-11-26 07:00:00,51.76,,50.78,,351600.0,KDC
2025-02-05 07:00:00,,11.9,11.3,,9600.0,VCA
2020-10-12 07:00:00,26.06,26.35,,26.06,,CTR
2025-08-08 07:00:00,20.8,21.1,,,27900.0,VNR
2016-12-30 07:00:00,,,,,125700.0,SGS
2017-08-10 07:00:00,4.55,4.55,4.43,,8910.0,VDS
2026-03-30 07:00:00,,25.3,,25.2,14532900.0,HDB
2021-11-25 07:00:00,8.97,9.06,8.97,8.97,550.0,SGD
2022-12-02 07:00:00,12.7,12.7,12.5,12.6,18300.0,AFX
2017-06-14 07:00:00,,9.13,9.13,,300.0,APP
2022-04-26 07:00:00,,,10.86,11.03,,XMC
2019-01-24 07:00:00,8.41,8.41,,8.41,23810.0,SBA
2024-07-05 07:00:00,,27.1,27.0,27.1,3112.0,VET
2025-07-31 07:00:00,,24.08,23.24,23.74,37100.0,IDV
2024-10-24 07:00:00,17.2,17.3,17.1,17.1,135900.0,VLC
2024-06-20 07:00:00,11.5,11.6,11.3,,298800.0,TCI
2025-07-16 07:00:00,11.9,11.9,,11.9,12200.0,RYG
2024-09-23 07:00:00,,12.7,,11.8,627220.0,HIO
2021-06-03 07:00:00,,,14.94,,,SFI
2020-09-29 07:00:00,,7.43,7.43,7.43,500.0,NDX
2024-06-17 07:00:00,,,17.0,,115401.0,BCA
2019-01-08 07:00:00,12.58,,,,,MPC
2019-11-15 07:00:00,,,5.7,,100.0,BHP
2023-07-12 07:00:00,6.3,6.3,,6.3,5800.0,VIE
2025-11-19 07:00:00,28.0,28.0,27.72,27.81,,PPH
2018-07-12 07:00:00,3.29,3.31,3.22,3.29,177740.0,EVG
2017-09-18 07:00:00,13.62,13.91,13.57,13.77,,FTM
2017-05-22 07:00:00,4.85,4.85,4.71,,,GSP
2018-06-06 07:00:00,8.59,10.36,8.59,10.36,200.0,DIH
2016-10-20 07:00:00,13.94,13.94,,13.94,,SMT
2022-01-25 07:00:00,41.9,42.6,37.8,40.2,22256.0,LDP
2017-03-10 07:00:00,3.99,4.27,3.99,,6200.0,TJC
2023-08-08 07:00:00,,14.46,12.62,12.69,,BVL
2019-11-29 07:00:00,144.6,145.1,144.6,,,VJC
2016-10-24 07:00:00,7.89,7.89,7.89,7.89,100.0,APP
2020-09-14 07:00:00,3.64,,,3.73,,IDI
2018-02-09 07:00:00,,,9.9,,42400.0,DPR
2022-11-30 07:00:00,,10.59,,10.52,1600.0,GMH
2024-11-05 07:00:00,,,,13.84,100.0,NJC
2024-01-29 07:00:00,14.03,14.31,,,,MBB
2017-12-08 07:00:00,3.65,,3.56,,12600.0,AFX
2024-12-30 07:00:00,,16.7,,16.48,7964100.0,VCG
2022-01-13 07:00:00,,12.09,12.09,12.09,,THP
2020-04-17 07:00:00,18.1,,,18.1,,DTL
2021-04-22 07:00:00,16.7,16.7,15.02,15.02,,CLX
2017-12-29 07:00:00,4.79,,4.59,4.59,1050.0,HU3
2016-06-21 07:00:00,8.86,9.3,,9.3,1500.0,L61
2017-02-07 07:00:00,9.24,9.24,9.17,,34590.0,DAG
2021-11-02 07:00:00,15.5,17.7,15.5,17.7,,EIN
2015-11-09 07:00:00,5.26,5.8,,,690.0,TNC
2024-05-29 07:00:00,6.4,,,,14800.0,ONE
2019-10-25 07:00:00,2.74,,2.74,2.84,5000.0,TXM
2016-10-21 07:00:00,,8.13,7.79,7.9,,DPR
2025-09-18 07:00:00,,,,31.5,,SWC
2017-11-09 07:00:00,,,8.56,,,SBA
2020-09-04 07:00:00,4.2,4.5,,4.4,,CTP
2021-04-29 07:00:00,,,6.67,6.87,,PVO
2017-03-22 07:00:00,,5.42,5.42,,90.0,CCI
2024-05-21 07:00:00,,13.34,13.13,13.24,4448700.0,TPB
2021-09-08 07:00:00,19.18,19.35,19.0,19.35,,CLX
2023-09-12 07:00:00,6.81,6.81,6.81,6.81,100.0,TBR
2025-10-02 07:00:00,20.0,20.2,20.0,20.1,99700.0,PCH
2017-08-07 07:00:00,17.66,,16.79,,3520.0,SC5
2017-05-26 07:00:00,4.15,4.15,3.97,,6160.0,DXV
2016-08-15 07:00:00,1.58,,,1.58,,VOS
2021-08-05 07:00:00,,,,,200.0,VC6
2016-06-29 07:00:00,1.9,,,1.9,141400.0,PV2
2018-04-17 07:00:00,,3.0,,2.89,23040.0,MCG
2026-01-26 07:00:00,9.5,9.5,,9.5,,HAC
2022-11-28 07:00:00,13.81,14.46,,14.46,11700.0,VMD
2017-05-15 07:00:00,,4.5,,4.5,,CTX
2017-06-07 07:00:00,12.89,12.89,12.13,,,L14
2016-04-07 07:00:00,5.89,5.89,5.89,5.89,,SD3
2017-03-08 07:00:00,17.85,,17.85,17.85,100.0,NDC
2024-07-10 07:00:00,,3.3,3.3,3.3,1128.0,SD4
2025-11-10 07:00:00,16.5,16.5,16.5,16.5,100.0,VET
2025-06-18 07:00:00,4.8,,4.4,4.5,,UDC
2017-08-01 07:00:00,8.5,,,8.39,231620.0,SWC
2021-05-18 07:00:00,8.74,8.74,,8.56,,CSV
2016-05-19 07:00:00,2.2,2.2,2.2,,72600.0,PVL
2021-10-01 07:00:00,16.89,16.96,16.5,,490600.0,MIG
2015-10-02 07:00:00,6.9,,,6.9,100.0,PRO
2018-02-23 07:00:00,5.82,,5.82,,110.0,VNL
2020-10-06 07:00:00,,5.6,5.48,,3207080.0,TTF
2018-11-29 07:00:00,7.46,7.61,,7.48,17330.0,CSV
2022-08-15 07:00:00,8.32,8.32,,,29600.0,GSP
2021-11-30 07:00:00,7.4,7.4,7.1,7.2,,HKT
2018-03-26 07:00:00,6.36,,6.31,6.31,4800.0,TDS
2016-12-21 07:00:00,5.37,,5.32,,5800.0,POS
2025-07-09 07:00:00,22.46,22.83,22.46,22.83,,DHD
2019-04-12 07:00:00,12.58,,,,109890.0,DPR
2023-08-03 07:00:00,17.82,,17.82,,1000.0,HPD
2019-12-30 07:00:00,3.69,,3.5,3.5,,DXV
2026-01-30 07:00:00,28.4,28.4,28.4,28.4,5800.0,VES
2022-03-23 07:00:00,21.9,21.9,21.63,,246010.0,DVN
2021-03-11 07:00:00,,6.07,6.07,6.07,,X20
2023-09-12 07:00:00,7.86,,,7.86,,TDS
2020-12-15 07:00:00,29.39,30.7,29.29,30.39,642090.0,D2D
2025-08-21 07:00:00,4.5,4.5,,4.5,27100.0,VE9
2021-01-20 07:00:00,,11.64,10.95,11.43,1419200.0,VCI
2023-05-16 07:00:00,,,15.52,16.4,,BAF
2021-01-05 07:00:00,9.34,9.92,9.34,9.92,2800.0,SGS
2024-07-26 07:00:00,,9.53,9.53,,1.0,EBS
2018-03-28 07:00:00,5.39,,5.39,,1940.0,GSP
2016-07-19 07:00:00,9.63,9.68,9.5,9.54,112130.0,NLG
2019-12-26 07:00:00,2.7,2.73,2.69,2.7,240960.0,TTF
2020-06-10 07:00:00,9.65,,9.17,9.17,1300.0,BT1
2021-07-26 07:00:00,,,6.84,7.0,,PTS
2019-07-31 07:00:00,,14.19,14.19,14.19,300.0,GND
2016-03-30 07:00:00,6.37,,6.37,,9930.0,THG
2022-07-15 07:00:00,5.1,,5.0,5.2,21000.0,PGT
2021-03-25 07:00:00,,5.37,,5.37,1200.0,SD2
2020-10-09 07:00:00,8.37,8.49,8.29,8.33,4068630.0,POW
2021-03-30 07:00:00,23.89,,22.95,23.08,714700.0,DGC
2019-11-01 07:00:00,5.0,5.24,,,337340.0,PXS
2020-07-14 07:00:00,,9.42,9.42,9.42,100.0,VNR
2018-10-03 07:00:00,,49.64,49.64,49.64,100.0,VET
2016-09-13 07:00:00,,18.3,18.1,,400.0,HPM
2025-09-03 07:00:00,,40.38,39.42,40.38,,AGP
2018-01-17 07:00:00,6.73,6.73,6.4,,,CSC
2025-09-22 07:00:00,,5.69,5.37,5.53,84100.0,PLP
2020-08-17 07:00:00,,,7.28,7.45,6222301.0,ACB
2017-06-20 07:00:00,2.91,2.91,2.54,2.54,1067900.0,VOS
2021-07-06 07:00:00,,5.68,5.44,5.68,,ANT
2021-07-06 07:00:00,5.6,,,5.5,,TNS
2026-02-25 07:00:00,5.5,,5.4,,,VIG
2020-12-11 07:00:00,,11.51,10.91,,864090.0,BVS
2018-04-13 07:00:00,13.68,,13.19,13.36,14610.0,MPC
2017-01-05 07:00:00,22.1,23.68,,,2550.0,ABT
2018-06-13 07:00:00,9.16,,,9.15,,LHC
2025-05-19 07:00:00,,,7.7,7.7,100.0,HAS
2017-08-17 07:00:00,,4.24,,4.24,,VDS
2016-10-03 07:00:00,49.7,50.36,49.03,49.1,,VEF
2022-03-29 07:00:00,37.0,38.6,,38.6,1100.0,VXB
2026-01-30 07:00:00,0.5,0.7,,0.6,,G20
2022-04-28 07:00:00,,,14.47,14.84,39200.0,PBC
2025-07-18 07:00:00,16.66,,,18.8,,PTO
2023-02-21 07:00:00,,3.18,,,147900.0,KMR
2024-09-26 07:00:00,,22.02,,21.89,,LAI
2020-04-01 07:00:00,11.27,,11.27,11.27,3100.0,BAB
2021-08-12 07:00:00,,,,12.73,2100.0,BLI
2021-07-21 07:00:00,,,9.85,10.19,,NDT
2020-09-17 07:00:00,5.0,5.15,,,1500.0,RIC
2020-01-31 07:00:00,,16.4,,,,KDC
2022-12-22 07:00:00,,8.3,8.3,8.3,3800.0,ILC
2022-11-28 07:00:00,8.3,8.3,7.7,,6610.0,SHN
2021-06-04 07:00:00,2.8,,,2.97,1953500.0,FTM
2017-03-15 07:00:00,9.06,,9.01,9.01,14000.0,VCP
2018-03-29 07:00:00,12.99,,,12.77,452152.0,VCG
2023-11-10 07:00:00,,7.48,7.01,7.01,,TFC
2015-12-22 07:00:00,,6.29,5.98,,,VCC
2022-04-05 07:00:00,19.19,19.36,18.79,19.27,,MPC
2022-06-02 07:00:00,,4.0,,3.8,,FTM
2017-04-14 07:00:00,8.92,,,,1799920.0,SHN
2019-10-29 07:00:00,,,,,300.0,SHN
2018-10-05 07:00:00,17.86,,,17.83,7190.0,UIC
2019-08-29 07:00:00,14.57,,,,3200.0,HTC
2020-10-23 07:00:00,9.99,,,,795500.0,CSV
2021-09-10 07:00:00,5.82,,,5.65,22800.0,PCT
2017-05-10 07:00:00,19.08,20.09,19.08,20.09,2200.0,NAS
2020-02-12 07:00:00,6.07,6.09,6.03,,219050.0,CRE
2018-10-15 07:00:00,21.46,21.58,,21.18,78150.0,KDC
2026-04-09 07:00:00,61.0,61.0,58.0,60.3,3700.0,NNT
2021-07-30 07:00:00,5.36,,5.36,5.36,17800.0,BTS
2023-04-14 07:00:00,,4.8,4.6,,201.0,APP
2020-11-04 07:00:00,2.92,3.29,,3.29,12200.0,SCL
2022-12-15 07:00:00,,,12.94,13.3,,VCG
2020-04-23 07:00:00,4.57,4.74,4.49,4.74,10116.0,ICG
2022-05-19 07:00:00,,,67.0,67.0,620740.0,SCG
2021-11-12 07:00:00,,128.9,127.5,,,VJC
2024-09-20 07:00:00,66.81,,65.06,66.81,15394.0,TMB
2024-08-16 07:00:00,1.3,1.4,1.3,,30204.0,HTT
2025-02-28 07:00:00,13.93,14.03,13.83,14.03,54100.0,MPC
2019-06-27 07:00:00,,,1.5,,,HHG
2018-07-26 07:00:00,5.91,6.89,,6.72,6326835.0,ACB
2015-12-31 07:00:00,3.67,,3.61,3.67,4900.0,ICG
2020-11-11 07:00:00,,,0.8,,22030.0,CDO
2021-02-08 07:00:00,42.52,,,42.93,,UIC
2023-05-15 07:00:00,4.0,4.0,4.0,4.0,400.0,SD3
2018-11-08 07:00:00,,4.39,4.39,,600.0,DC1
2023-10-12 07:00:00,,,30.79,30.79,,HMS
2017-04-24 07:00:00,,,21.3,21.68,,CTI
2025-02-05 07:00:00,45.21,,43.58,44.57,104600.0,IMP
2017-09-26 07:00:00,13.6,13.67,13.55,,,NLG
2019-08-21 07:00:00,,2.76,2.59,,,JVC
2019-04-04 07:00:00,,9.62,9.54,9.54,,BVS
2018-07-30 07:00:00,8.96,,8.96,,100.0,VTX
2024-10-16 07:00:00,,,20.1,20.1,,HPD
2024-11-01 07:00:00,,,6.8,,2495.0,VTD
2016-09-30 07:00:00,18.84,18.84,18.22,,,VHC
2026-01-28 07:00:00,10.5,10.5,,10.5,,VHL
2019-05-27 07:00:00,8.78,8.94,8.78,8.86,,PVT
2019-11-07 07:00:00,,1.29,1.19,1.28,14080.0,HTT
2018-04-04 07:00:00,,,3.18,3.22,448610.0,EVG
2024-08-07 07:00:00,,5.6,5.6,,,S72
2021-12-14 07:00:00,,28.52,27.88,,,DBC
2021-11-15 07:00:00,6.27,6.27,6.12,6.27,,FTM
2016-10-24 07:00:00,22.26,22.26,22.21,22.21,14030.0,PGD
2021-11-19 07:00:00,15.06,15.24,,15.24,4100.0,HEV
2025-12-05 07:00:00,,,13.1,13.2,153300.0,CSM
2016-02-22 07:00:00,17.21,17.45,17.21,,171010.0,NAF
2023-04-12 07:00:00,,5.76,,5.68,182800.0,HCD
2022-07-19 07:00:00,12.41,14.23,12.41,,300.0,BT1
2021-09-01 07:00:00,,10.81,,10.81,,MSB
2021-08-04 07:00:00,,7.98,7.82,,503153.0,DRI
2025-05-28 07:00:00,14.21,14.21,13.84,14.21,565400.0,NAG
2024-05-14 07:00:00,,8.6,8.45,8.5,,TDC
2024-10-31 07:00:00,,,,,5971.0,PGB
2019-03-22 07:00:00,23.36,24.79,23.22,24.71,5200.0,UIC
2019-01-18 07:00:00,1.0,1.1,1.0,,,CYC
2019-06-27 07:00:00,3.0,3.0,,,,EIN
2023-01-16 07:00:00,,1.7,,1.7,,VE9
2022-09-23 07:00:00,7.36,7.45,7.33,7.45,305900.0,ELC
2018-02-13 07:00:00,18.11,18.11,,17.99,,UIC
2016-12-30 07:00:00,,,6.94,,804420.0,VCG
2023-07-18 07:00:00,,7.99,,7.92,108975.0,NAB
2025-06-19 07:00:00,,,69.9,70.0,5700.0,TMB
2022-12-26 07:00:00,,,6.7,6.7,,HAS
2020-12-29 07:00:00,,,,3.6,,APP
2022-04-01 07:00:00,12.45,,12.14,12.38,,THT
2019-10-18 07:00:00,6.0,,6.0,6.5,35905.0,VSF
2016-11-21 07:00:00,3.81,4.37,3.81,4.37,,TTF
2016-11-15 07:00:00,16.08,16.08,16.08,16.08,1000.0,SFN
2020-11-23 07:00:00,7.05,7.24,6.96,7.24,246400.0,TVN
2023-08-10 07:00:00,,39.0,,33.2,27085.0,VSF
2018-04-09 07:00:00,35.34,35.34,34.46,34.46,,DSC
2017-08-02 07:00:00,,7.99,7.76,7.83,,CSV
2022-10-10 07:00:00,21.48,23.41,20.92,22.67,,DSC
2022-03-22 07:00:00,14.62,14.62,14.62,,100.0,VSI
2021-06-29 07:00:00,8.36,8.43,8.01,8.16,,DRH
2023-06-23 07:00:00,2.8,2.9,2.7,2.8,164700.0,PV2
2023-06-08 07:00:00,14.73,15.25,14.65,14.69,8991700.0,DBC
2022-11-21 07:00:00,10.22,10.51,10.04,10.29,5533300.0,VCG
2024-06-10 07:00:00,20.08,20.08,20.08,,,HTC
2016-03-31 07:00:00,4.42,4.42,,4.42,2800.0,PIC
2016-09-07 07:00:00,1.13,1.13,1.11,,88500.0,SHS
2016-09-20 07:00:00,2.08,2.08,,2.0,76710.0,PTL
2024-09-09 07:00:00,6.2,6.3,,6.2,,EVS
2024-02-23 07:00:00,,,20.98,,34.0,SGH
2023-01-16 07:00:00,,,6.82,6.82,2300.0,VBB
2026-01-13 07:00:00,22.2,22.2,21.7,,,DVN
2018-11-05 07:00:00,11.94,11.94,11.94,11.94,200.0,DPC
2022-03-02 07:00:00,,,,6.98,1400.0,TFC
2019-06-05 07:00:00,6.56,,,6.21,,VPG
2016-04-19 07:00:00,7.73,8.15,,,42053.0,VCC
2025-08-28 07:00:00,6.9,,,6.9,145000.0,TDT
2019-08-09 07:00:00,,,8.1,8.18,,PGV
2025-02-20 07:00:00,,21.68,21.21,,,SCL
2025-08-06 07:00:00,20.3,20.75,19.65,20.2,100700.0,PGV
2018-11-08 07:00:00,17.42,17.58,,17.42,156960.0,NLG
2023-11-13 07:00:00,9.33,9.33,9.33,9.33,600.0,CQT
2019-03-05 07:00:00,,,14.63,,25580.0,IMP
2019-05-13 07:00:00,7.7,,,,,TTZ
2025-10-06 07:00:00,,7.6,7.5,7.6,200.0,SD3
2025-12-09 07:00:00,,16.1,,16.1,,VIF
2022-10-21 07:00:00,,6.75,,6.46,2500.0,PVO
2021-01-21 07:00:00,8.51,,,,,AG1
2022-02-09 07:00:00,,,21.78,21.9,,CRE
2022-06-13 07:00:00,,,6.7,,359400.0,EVG
2019-09-03 07:00:00,6.59,,6.44,6.44,272060.0,TPB
2020-01-16 07:00:00,,1.73,1.69,,,HCD
2019-09-03 07:00:00,0.9,,,0.9,115500.0,DST
2025-02-24 07:00:00,30.18,,,,93000.0,MCM
2023-05-24 07:00:00,,5.63,5.63,5.63,58900.0,NDX
2018-12-17 07:00:00,,,6.07,6.35,28700.0,MIG
2024-05-30 07:00:00,,11.0,10.4,,121981.0,LSG
2023-06-09 07:00:00,,23.67,,22.13,8050.0,PTI
2020-04-22 07:00:00,,,12.76,,,VSH
2020-11-30 07:00:00,2.4,2.4,2.4,2.4,200.0,SJM
2024-05-16 07:00:00,8.7,8.9,8.7,,,DHB
2024-01-19 07:00:00,2.0,,,2.0,509111.0,KSQ
2019-12-04 07:00:00,,3.11,,3.11,2400.0,TFC
2025-11-26 07:00:00,,7.1,7.0,7.1,,MCO
2016-12-01 07:00:00,16.35,16.35,,,,TMT
2021-11-01 07:00:00,,66.84,65.06,,,CTR
2022-09-12 07:00:00,11.39,11.39,11.39,11.39,,GSM
2017-11-08 07:00:00,6.86,6.86,6.86,6.86,1000.0,IME
2024-01-22 07:00:00,,,8.28,,,POV
2024-02-29 07:00:00,,,,,18900.0,PGV
2021-12-17 07:00:00,80.3,81.3,80.3,80.8,,MML
2025-07-28 07:00:00,,,10.74,11.67,1300.0,EBS
2020-06-11 07:00:00,,8.63,8.63,,8300.0,NDX
2024-05-10 07:00:00,,23.72,,,31300.0,PPH
2025-07-01 07:00:00,24.65,24.65,,24.36,22500.0,TV1
2017-02-23 07:00:00,4.71,4.71,4.71,4.71,358580.0,VPH
2017-12-05 07:00:00,39.7,,,38.67,290189.0,CIA
2020-04-06 07:00:00,5.95,,5.95,,494070.0,HDG
2017-04-28 07:00:00,73.86,,,72.89,225640.0,VJC
2017-10-25 07:00:00,,4.45,4.21,4.21,43710.0,JVC
2021-11-16 07:00:00,,41.4,,40.9,,DCL
2018-01-12 07:00:00,3.82,3.89,,3.89,55212.0,S99
2019-11-07 07:00:00,18.27,18.27,18.22,18.27,3500.0,MH3
2024-11-06 07:00:00,17.9,,,18.31,,VDS
2017-10-25 07:00:00,7.62,,7.57,7.6,96820.0,ELC
2022-05-04 07:00:00,,,6.37,6.44,55300.0,NDX
2021-06-22 07:00:00,,30.95,30.95,30.95,100.0,HOT
2022-04-12 07:00:00,11.26,,10.53,10.53,2800.0,TPP
2024-11-20 07:00:00,16.58,,,,149.0,QNW
2016-05-24 07:00:00,,14.84,13.86,14.84,110.0,SC5
2017-06-14 07:00:00,,10.26,10.03,,72750.0,DPR
2025-09-24 07:00:00,11.6,11.6,11.5,11.6,15700.0,LDP
2023-02-27 07:00:00,12.0,,12.0,12.36,1400.0,ADC
2025-02-25 07:00:00,,8.09,7.92,8.09,6800.0,VNG
2021-06-21 07:00:00,,,9.87,9.87,200.0,PCC
2026-03-17 07:00:00,22.0,22.0,22.0,,,PRE
2025-04-09 07:00:00,10.13,,10.13,10.13,,CSM
2016-07-04 07:00:00,,4.73,4.51,,14200.0,LBM
2021-09-17 07:00:00,,12.64,,,694500.0,PLP
2018-01-03 07:00:00,4.0,4.0,3.9,4.0,98750.0,PTL
2016-01-12 07:00:00,,,0.94,0.94,600.0,VKP
2025-04-02 07:00:00,7.1,,7.1,7.1,200.0,LG9
2023-12-26 07:00:00,49.65,50.12,49.17,49.17,28500.0,LHC
2016-10-13 07:00:00,3.34,3.34,3.34,3.34,100.0,SGS
2025-08-22 07:00:00,,2.6,2.4,,26900.0,SD6
2024-12-10 07:00:00,5.4,5.4,,5.4,175.0,ONE
2023-07-26 07:00:00,25.05,26.08,24.85,,2600.0,SVC
2018-07-19 07:00:00,2.9,,2.9,3.0,10100.0,PV2
2017-01-04 07:00:00,5.44,5.68,5.42,,5368690.0,HAG
2018-03-02 07:00:00,1.9,,1.9,1.9,,CYC
2021-07-15 07:00:00,8.14,8.14,8.14,8.14,,VNL
2024-05-24 07:00:00,6.13,6.22,6.13,6.22,200.0,TLP
2024-12-13 07:00:00,3.6,,3.6,3.7,35600.0,HU3
2020-06-15 07:00:00,21.7,,21.7,,214020.0,DCL
2022-04-01 07:00:00,16.6,16.65,,,184500.0,VNG
2023-07-05 07:00:00,17.07,17.21,,17.0,3620700.0,BAF
2025-11-27 07:00:00,,6.9,6.8,,22200.0,VTD
2026-04-24 07:00:00,,102.59,97.9,,397900.0,GEE
2017-08-28 07:00:00,4.31,,4.14,,55100.0,VNP
2016-12-20 07:00:00,17.16,17.45,17.04,17.32,277240.0,VHC
2016-06-08 07:00:00,,5.61,5.61,5.61,,AGP
2024-07-10 07:00:00,31.23,31.42,31.23,31.28,6000.0,SBA
2021-07-22 07:00:00,9.69,9.92,9.69,9.77,29700.0,VTD
2022-01-20 07:00:00,,6.38,6.29,6.38,,AG1
2018-02-07 07:00:00,2.98,3.16,,3.16,,EVG
2019-07-25 07:00:00,16.1,16.34,15.97,16.22,155010.0,NAF
2016-05-09 07:00:00,10.66,,,10.57,168280.0,NLG
2022-03-28 07:00:00,,14.92,14.48,14.7,,POS
2017-09-14 07:00:00,,10.05,10.05,10.05,100.0,CLX
2022-04-27 07:00:00,,,13.93,15.69,24500.0,VCC
2017-10-19 07:00:00,,,6.46,,,HDG
2021-01-19 07:00:00,9.45,9.74,9.23,9.23,91200.0,BTP
2023-05-29 07:00:00,,,13.59,13.59,372711.0,NAG
2022-06-17 07:00:00,1.5,,1.4,1.5,182100.0,TOP
2023-06-15 07:00:00,3.9,3.9,3.9,3.9,2814.0,HAV
2021-09-14 07:00:00,3.28,3.48,3.28,3.48,383800.0,PXI
2019-11-25 07:00:00,7.25,,,,,DGC
2025-05-23 07:00:00,5.7,,5.7,5.7,8800.0,KGM
2021-03-26 07:00:00,23.48,23.85,22.27,23.28,552900.0,DGW
2024-10-28 07:00:00,11.94,,11.85,,,BTP
2020-06-16 07:00:00,10.53,10.65,,10.65,4034460.0,CTG
2024-03-06 07:00:00,,23.92,,23.56,9600.0,SWC
2025-04-25 07:00:00,7.6,7.6,6.3,6.3,,TST
2022-09-21 07:00:00,25.12,,24.72,,11200.0,THG
2024-09-19 07:00:00,20.65,21.43,20.65,,,TV1
2025-12-08 07:00:00,,,7.52,,900.0,SBV
2018-10-03 07:00:00,0.8,1.0,0.8,,130400.0,ACM
2026-03-05 07:00:00,49.6,,48.3,,,VLB
2022-08-17 07:00:00,25.9,26.4,25.7,26.0,70600.0,DCL
2020-02-19 07:00:00,3.5,,,3.51,,HAG
2020-03-06 07:00:00,19.55,,19.55,,100.0,PBC
2021-01-20 07:00:00,5.6,5.6,,5.6,11.0,APP
2024-08-09 07:00:00,,,,9.4,,CDP
2020-05-08 07:00:00,,,6.15,6.15,97730.0,TDC
2018-03-09 07:00:00,,8.28,,8.28,,TNC
2024-11-20 07:00:00,11.0,,11.0,11.5,310.0,VCM
2022-05-24 07:00:00,15.84,15.84,15.39,15.84,,CSM
2025-09-30 07:00:00,,19.1,19.1,,100.0,SDU
2016-08-17 07:00:00,5.08,5.08,4.31,,5200.0,L62
2022-09-14 07:00:00,4.7,4.7,4.7,4.5,,SD3
2023-09-08 07:00:00,5.66,5.7,5.58,5.61,,TTF
2017-12-12 07:00:00,,12.55,,12.45,,STB
2019-01-23 07:00:00,9.97,,9.97,9.97,2000.0,SVC
2020-11-17 07:00:00,12.48,13.25,12.41,,6000.0,TMB
2017-09-21 07:00:00,,,21.68,,6700.0,DBD
2024-05-23 07:00:00,,15.04,,15.04,,DIH
2016-08-23 07:00:00,,3.72,3.68,3.72,,VCA
2022-08-25 07:00:00,,10.45,,10.45,659500.0,DHM
2026-03-23 07:00:00,,28.85,,28.2,22600.0,SBA
2024-05-23 07:00:00,19.07,19.1,18.84,19.01,11200.0,LBM
2019-01-18 07:00:00,31.21,31.61,31.21,31.47,,VHC
2019-03-12 07:00:00,13.24,13.32,12.92,13.16,81150.0,DVN
2019-12-13 07:00:00,9.09,9.31,,8.98,,ANV
2025-06-11 07:00:00,41.81,43.26,41.61,,168800.0,DHA
2023-06-30 07:00:00,13.06,13.09,12.98,,,TPB
2016-07-22 07:00:00,3.8,3.9,3.7,,709930.0,JVC
2021-03-10 07:00:00,6.5,6.6,6.2,6.6,,PTL
2024-05-24 07:00:00,,8.8,8.33,8.34,8200.0,VNG
2018-06-26 07:00:00,3.74,3.74,3.27,3.27,,SAV
2015-09-30 07:00:00,2.39,,2.39,2.48,,PVV
2017-02-17 07:00:00,,13.86,,13.86,100.0,STC
2024-03-15 07:00:00,30.99,,30.53,,,MH3
2022-12-14 07:00:00,5.6,5.9,5.2,,22100.0,PCT
2019-07-02 07:00:00,,18.89,18.44,18.89,1050.0,PGD
2021-09-27 07:00:00,3.8,3.8,3.4,,,CDO
2017-05-11 07:00:00,5.83,5.9,5.83,5.87,408460.0,PVT
2020-11-23 07:00:00,,,30.07,,1420.0,TRC
2020-06-16 07:00:00,15.83,16.7,,,106100.0,VTD
2023-03-22 07:00:00,,5.07,5.07,5.07,,VC6
2025-11-06 07:00:00,2.86,2.87,,2.85,,TTF
2017-08-09 07:00:00,4.48,4.48,4.43,4.43,14800.0,VCA
2025-06-26 07:00:00,,11.1,,11.05,420200.0,TDC
2016-09-13 07:00:00,2.49,2.54,2.44,2.44,47500.0,ALV
2023-10-10 07:00:00,26.3,,25.3,25.3,10400.0,MML
2018-05-28 07:00:00,,,,,,MPT
2021-10-13 07:00:00,37.8,38.5,,,,CVT
2021-09-22 07:00:00,11.88,,11.88,,100.0,KST
2020-11-19 07:00:00,,67.57,,,1205410.0,MSN
2024-11-18 07:00:00,37.89,37.89,37.52,,,DHA
2019-09-17 07:00:00,,6.52,,6.28,24000.0,BLI
2019-06-19 07:00:00,3.05,3.08,3.04,,162210.0,JVC
2017-10-17 07:00:00,1.8,,,,,VIG
2024-07-12 07:00:00,12.5,12.62,,,8413800.0,POW
2022-03-21 07:00:00,12.3,12.45,,12.3,,HAG
2019-04-18 07:00:00,2.95,2.95,2.95,,210.0,PTL
2020-09-24 07:00:00,,,,,1150.0,STC
2018-02-01 07:00:00,35.96,35.96,35.96,,800.0,VEF
2022-07-04 07:00:00,10.8,10.8,,,800.0,UPH
2021-12-09 07:00:00,,10.55,,,,HAG
2021-07-22 07:00:00,4.42,,,,16200.0,ILA
2022-05-30 07:00:00,,42.66,41.95,,,NLG
2016-09-23 07:00:00,7.25,7.25,7.25,7.25,100.0,RAT
2019-10-22 07:00:00,,10.58,10.36,10.36,178980.0,FCN
2018-05-16 07:00:00,,,5.74,,,PVO
2021-04-05 07:00:00,7.76,7.76,,7.62,483000.0,PXS
2017-05-15 07:00:00,4.86,4.86,4.86,,3500.0,SMA
2023-03-08 07:00:00,40.62,,,40.62,100.0,BHN
2023-06-05 07:00:00,17.33,17.82,16.52,,245401.0,DSC
2021-03-24 07:00:00,9.74,9.93,,9.91,1921300.0,CRE
2018-02-02 07:00:00,10.17,10.35,10.17,10.35,4500.0,LHC
2022-03-02 07:00:00,11.77,,,11.97,3800.0,DC1
2020-04-03 07:00:00,6.95,6.95,,6.95,4400.0,VCA
2021-03-12 07:00:00,,,2.95,,58300.0,MCG
2024-03-05 07:00:00,11.51,,11.16,11.46,743500.0,TCI
2022-06-02 07:00:00,9.69,,9.56,9.82,881600.0,ELC
2021-07-14 07:00:00,,8.46,8.46,8.46,,HEP
2023-01-04 07:00:00,,,3.0,3.1,,VPA
2021-07-19 07:00:00,,11.0,10.9,11.0,12100.0,CIA
2021-10-15 07:00:00,15.38,,,15.38,100.0,VFC
2025-10-24 07:00:00,50.98,50.98,50.98,,,AVC
2019-02-19 07:00:00,5.48,5.48,5.48,5.48,20.0,VNL
2016-07-28 07:00:00,,8.03,7.02,8.03,20.0,VNL
2025-01-16 07:00:00,,16.65,16.4,16.55,500.0,VMD
2018-09-14 07:00:00,8.62,,8.55,8.67,185670.0,PC1
2025-11-20 07:00:00,9.3,9.3,,,100.0,TNB
2022-09-15 07:00:00,16.24,,15.95,15.95,425500.0,CSV
2021-02-22 07:00:00,,,,10.97,14600.0,PRE
2016-07-28 07:00:00,2.3,2.5,2.3,2.4,,PVL
2026-04-01 07:00:00,7.35,7.35,7.35,7.35,,VCA
2025-07-03 07:00:00,,,,6.71,,ALV
2022-10-06 07:00:00,12.83,12.92,12.02,12.56,,CCR
2021-08-26 07:00:00,0.1,,,0.08,,VNX
2019-11-05 07:00:00,17.84,17.84,17.84,,,MH3
2018-02-12 07:00:00,,,9.98,10.14,,DRH
2024-06-25 07:00:00,26.18,28.12,26.18,27.15,,CQN
2026-01-22 07:00:00,12.9,12.9,12.6,12.7,,PGB
2025-10-08 07:00:00,3.83,4.0,3.83,,,DXV
2016-08-31 07:00:00,,2.67,,,88570.0,FCM
2022-04-07 07:00:00,23.51,23.95,23.03,23.07,2076900.0,VCI
2024-04-09 07:00:00,,21.26,20.95,,2334500.0,PC1
2022-02-16 07:00:00,,24.37,23.84,,,SGI
2017-08-09 07:00:00,9.28,9.28,,,,STT
2019-05-29 07:00:00,18.87,19.13,18.76,,42960.0,FRT
2018-11-28 07:00:00,12.46,12.54,,12.46,,FCN
2018-10-10 07:00:00,141.95,143.74,141.95,143.74,748570.0,VJC
2023-08-03 07:00:00,,17.95,,17.58,,CCI
2020-02-20 07:00:00,1.38,1.38,1.29,,,VE9
2019-10-25 07:00:00,1.68,,1.61,1.61,16300.0,MCG
2025-12-22 07:00:00,,,30.3,30.8,1700.0,SWC
2016-10-27 07:00:00,8.48,,8.48,8.48,100.0,SPD
2023-12-27 07:00:00,13.96,,13.86,14.06,,PGB
2025-11-10 07:00:00,17.7,17.7,17.3,17.4,1496000.0,PVT
2019-10-03 07:00:00,4.91,,4.91,,210.0,FCM
2019-11-06 07:00:00,9.91,9.91,9.91,,100.0,BHA
2025-02-19 07:00:00,,,,7.9,,DHM
2022-12-22 07:00:00,16.88,,,,,CTG
2025-11-27 07:00:00,14.68,14.83,14.53,,,FCN
2021-07-22 07:00:00,8.57,,,,,TSG
2019-02-26 07:00:00,24.84,24.84,,,100.0,NAS
2020-01-07 07:00:00,42.93,42.93,42.93,43.52,200.0,NDC
2016-11-01 07:00:00,10.21,10.21,,9.93,41830.0,ITD
2023-04-21 07:00:00,15.0,15.0,9.2,9.2,2000.0,PAP
2020-01-08 07:00:00,,,45.04,45.37,,MSN
2015-12-18 07:00:00,2.29,2.14,,,300.0,PTS
2024-08-23 07:00:00,,25.97,,25.66,3495500.0,HDG
2024-07-03 07:00:00,,,30.85,,956.0,TCW
2021-08-04 07:00:00,3.7,,3.3,,6339.0,VPA
2023-10-04 07:00:00,29.3,30.46,29.14,30.37,69197.0,VLB
2025-12-08 07:00:00,9.56,9.56,9.45,9.5,341900.0,CRE
2025-06-16 07:00:00,,12.39,12.03,12.23,75200.0,DSC
2020-02-28 07:00:00,10.14,10.4,9.96,,,CLX
2025-07-01 07:00:00,18.05,18.1,15.9,15.9,400.0,FDC
2024-12-19 07:00:00,,12.05,11.75,11.95,519200.0,VPG
2022-06-22 07:00:00,30.08,30.46,28.49,30.23,,ABT
2023-05-19 07:00:00,5.64,5.64,,5.34,5581800.0,DRH
2023-04-14 07:00:00,11.29,11.29,11.29,,2300.0,KST
2019-08-16 07:00:00,,5.94,,,,EVS
2017-11-06 07:00:00,8.3,8.3,8.3,8.3,,TXM
2024-11-01 07:00:00,,6.7,6.6,,600500.0,EVG
2018-10-05 07:00:00,,,2.93,3.35,,MCG
2017-12-27 07:00:00,,9.62,,8.28,,TTC
2024-04-23 07:00:00,18.81,,18.64,18.71,8540500.0,ACB
2016-09-21 07:00:00,15.35,15.35,,15.35,100.0,VMD
2022-02-08 07:00:00,,16.89,16.28,16.77,,ACB
2015-12-22 07:00:00,8.62,8.65,,8.56,34780.0,SVC
2021-03-25 07:00:00,,18.43,18.43,,2000.0,VXP
2019-01-23 07:00:00,6.7,6.76,6.66,,,DRH
2017-09-28 07:00:00,7.19,7.28,7.17,,,DGC
2021-05-05 07:00:00,,,3.0,3.2,63500.0,MCG
2020-05-29 07:00:00,6.05,,6.05,6.05,3170.0,VNL
2023-04-19 07:00:00,13.59,13.59,13.32,13.32,300.0,NJC
2024-03-08 07:00:00,18.0,18.1,18.0,,400.0,CTW
2022-08-19 07:00:00,14.8,,14.2,14.4,35000.0,VTD
2025-09-03 07:00:00,20.2,,,20.2,,NDP
2024-10-22 07:00:00,39.55,,37.59,,,BVS
2024-03-15 07:00:00,28.5,29.1,,,2600.0,CVT
2017-05-25 07:00:00,,6.56,5.68,5.68,,DHD
2026-02-05 07:00:00,12.55,,12.35,12.35,,NVL
2017-11-07 07:00:00,4.79,,,5.77,12600.0,BTS
2022-05-09 07:00:00,8.7,,,8.4,5200.0,PEG
2019-11-04 07:00:00,14.79,14.88,,14.88,4820.0,CIA
2022-09-23 07:00:00,,,8.2,8.2,100.0,DC1
2025-08-12 07:00:00,23.33,,21.64,22.81,,NHA
2023-08-14 07:00:00,6.7,6.8,6.7,,,LSG
2019-08-16 07:00:00,5.82,,,,2020.0,VNL
2021-11-30 07:00:00,15.9,16.3,15.6,,,VIG
2025-06-03 07:00:00,16.89,16.89,16.39,,39400.0,LAI
2020-11-12 07:00:00,25.52,,22.98,25.44,2030.0,TNC
2022-07-01 07:00:00,11.13,,,,,BTP
2021-12-29 07:00:00,,33.99,32.75,,,BVS
2016-06-01 07:00:00,4.57,4.8,4.57,,5020.0,HDG
2021-05-27 07:00:00,9.15,9.37,9.08,9.15,,ITD
2025-01-03 07:00:00,,11.11,10.97,,5500.0,PGB
2019-08-14 07:00:00,10.28,10.28,,10.28,400.0,HPD
2015-11-25 07:00:00,1.61,1.61,1.61,1.61,,VST
2019-03-19 07:00:00,8.47,8.64,8.14,,3500.0,TLP
2023-12-19 07:00:00,2.1,2.2,2.1,,78532.0,MCG
2025-10-01 07:00:00,,8.36,8.36,,100.0,SRF
2020-05-26 07:00:00,23.11,24.1,,,68480.0,VLC
2023-07-20 07:00:00,30.0,30.5,,30.5,300.0,SDU
2023-07-05 07:00:00,19.2,19.2,19.2,19.2,,VHL
2017-09-08 07:00:00,,,2.72,2.72,28660.0,IDI
2019-08-02 07:00:00,18.38,,18.14,20.85,,CTR
2017-03-30 07:00:00,,5.06,4.98,5.06,,SPD
2024-05-29 07:00:00,9.78,,,9.78,300.0,CDP
2023-04-12 07:00:00,10.03,10.03,,9.5,,VNP
2019-12-05 07:00:00,25.72,,,25.86,,D2D
2016-04-07 07:00:00,5.73,,5.73,,,DBC
2019-02-27 07:00:00,,,22.76,24.14,,UIC
2025-11-13 07:00:00,35.95,,,36.05,,D2D
2026-04-28 07:00:00,36.5,36.5,30.2,36.5,27600.0,HTC
2021-06-16 07:00:00,,,32.5,32.8,5055400.0,VRE
2025-01-23 07:00:00,6.6,6.6,6.41,6.59,,VPH
2025-07-29 07:00:00,29.03,,,28.74,39700.0,GSM
2016-02-29 07:00:00,3.7,3.8,3.51,,11400.0,KTT
2025-01-15 07:00:00,76.61,,74.28,76.22,,TMB
2016-07-06 07:00:00,6.23,6.23,6.23,6.23,10700.0,PIC
2016-08-24 07:00:00,22.49,,22.49,,505500.0,PGD
2024-06-20 07:00:00,30.81,,29.9,31.53,63600.0,SWC
2025-02-25 07:00:00,14.22,14.22,14.22,14.22,440.0,DIH
2023-02-02 07:00:00,6.32,6.4,6.23,,163603.0,DRI
2023-11-16 07:00:00,7.66,7.75,7.64,7.71,1336400.0,ASM
2023-04-25 07:00:00,5.23,,5.18,,57095.0,NAB
2022-06-16 07:00:00,11.22,,10.82,10.98,138170.0,NAG
2018-07-17 07:00:00,17.78,17.78,17.78,17.78,10.0,SC5
2022-11-11 07:00:00,,,,5.68,17700.0,ONE
2026-03-10 07:00:00,11.5,11.5,,,100.0,MBT
2020-09-07 07:00:00,6.26,6.37,6.12,6.18,,VPG
2026-04-20 07:00:00,9.2,9.8,9.1,9.7,2300.0,BMJ
2025-04-03 07:00:00,5.6,5.6,,,61002.0,TS3
2022-07-26 07:00:00,,5.5,4.9,5.5,3000.0,VMG
2021-11-01 07:00:00,22.33,22.33,22.09,22.17,,SAS
2017-03-23 07:00:00,4.01,4.01,3.73,4.01,,CYC
2017-11-09 07:00:00,,6.33,,6.33,,CX8
2018-06-20 07:00:00,16.52,,16.08,16.13,,STG
2018-12-05 07:00:00,16.32,16.32,16.32,16.32,,AVC
2018-03-14 07:00:00,2.56,2.94,2.56,2.94,2710.0,NAG
2020-11-06 07:00:00,7.84,,7.76,,2100.0,THP
2023-08-15 07:00:00,,,29.9,31.3,9339500.0,VRE
2024-02-26 07:00:00,6.7,6.87,,6.79,,PHC
2019-08-05 07:00:00,4.08,4.09,3.96,,37760.0,VPH
2021-06-24 07:00:00,43.75,44.24,43.75,44.24,1000.0,GMA
2019-07-30 07:00:00,0.5,0.5,0.4,0.5,96000.0,ACM
2020-12-04 07:00:00,9.0,11.5,,11.5,,SPD
2019-05-31 07:00:00,4.6,4.6,4.48,4.48,476730.0,APG
2017-09-19 07:00:00,13.75,,13.67,13.75,,NLG
2024-02-05 07:00:00,17.88,,,17.74,2982900.0,BAF
2017-02-15 07:00:00,2.39,2.64,,,1110.0,CYC
2025-05-26 07:00:00,16.43,16.53,,16.43,99500.0,TTN
2023-01-30 07:00:00,6.4,7.0,6.4,,200.0,HKT
2018-11-26 07:00:00,8.74,,8.29,,846.0,PIC
2016-11-18 07:00:00,13.29,,12.84,,460220.0,DRH
2024-03-12 07:00:00,14.0,,,,424100.0,APG
2023-04-06 07:00:00,,10.4,10.0,10.4,9109.0,GEE
2025-10-09 07:00:00,,2.28,2.13,2.18,1670900.0,DRH
2016-04-29 07:00:00,,,5.27,5.27,,VTA
2019-12-27 07:00:00,5.36,5.36,5.14,,,PLP
2016-03-17 07:00:00,,2.26,2.19,2.19,1100.0,PTS
2019-06-26 07:00:00,,5.31,5.24,5.27,1348500.0,HDB
2021-06-08 07:00:00,,61.54,57.88,,59980.0,L14
2020-01-16 07:00:00,,3.92,3.92,,2000.0,VC6
2016-05-27 07:00:00,,5.45,5.39,,,TL4
2016-11-01 07:00:00,9.73,9.73,9.38,9.56,,PXS
2020-08-28 07:00:00,8.96,8.96,8.81,8.81,2110.0,PGV
2024-02-07 07:00:00,15.02,15.02,,,200.0,C22
2026-03-09 07:00:00,8.9,,,11.0,600.0,DAS
2018-10-09 07:00:00,,9.32,9.18,9.18,410.0,TNC
2024-08-14 07:00:00,,7.99,7.99,7.99,,TT6
2023-04-17 07:00:00,5.21,5.34,5.21,5.34,,MAC
2021-12-28 07:00:00,,9.69,,9.69,,SGD
2016-09-05 07:00:00,47.64,52.15,47.11,52.15,65030.0,VEF
2017-07-20 07:00:00,,9.6,9.42,9.49,67580.0,DAG
2019-06-05 07:00:00,6.59,,,,175600.0,CRE
2021-03-25 07:00:00,13.37,13.37,,12.91,200.0,BDW
2017-11-29 07:00:00,2.43,2.43,2.43,,2000.0,TTN
2017-01-03 07:00:00,18.7,18.7,,18.7,,HPM
2025-12-23 07:00:00,7.2,,7.2,7.3,534000.0,SJM
2024-10-29 07:00:00,33.85,34.3,33.8,34.05,10111000.0,STB
2021-08-31 07:00:00,16.73,,,16.51,,BMS
2023-04-14 07:00:00,,,,21.8,,VHL
2016-12-29 07:00:00,6.72,6.72,6.68,6.68,2300.0,NNT
2024-10-03 07:00:00,49.22,49.61,48.84,49.22,,KDC
2016-11-14 07:00:00,,,21.22,22.01,,VFG
2024-06-19 07:00:00,9.36,,9.36,9.36,100.0,TTC
2025-05-13 07:00:00,91.5,,,90.5,,VJC
2025-07-07 07:00:00,,,28.75,28.75,400.0,CTW
2025-12-02 07:00:00,34.7,34.7,,,1000.0,PTI
2021-11-11 07:00:00,15.8,15.9,15.3,15.7,270327.0,AFX
2017-08-03 07:00:00,4.0,,,,12100.0,PVO
2019-08-22 07:00:00,,31.67,30.55,30.63,21120.0,TRC
2024-04-11 07:00:00,15.58,15.58,,15.58,100.0,PRE
2022-03-11 07:00:00,31.4,,,,15987700.0,STB
2022-05-09 07:00:00,12.44,12.53,11.79,11.81,15746400.0,MBB
2019-03-13 07:00:00,,,,1.8,,PVL
2022-09-09 07:00:00,12.75,,12.43,12.61,,TPB
2020-08-24 07:00:00,,,3.1,,10190.0,DXV
2020-09-03 07:00:00,,,5.98,6.03,108990.0,ACC
2025-03-25 07:00:00,42.0,42.0,,42.0,1500.0,TAN
2017-04-18 07:00:00,6.16,,,6.14,5820.0,ACC
2020-04-23 07:00:00,10.38,,10.38,10.38,,PPP
2018-09-27 07:00:00,,3.78,3.61,3.67,,THT
2023-07-12 07:00:00,60.49,61.75,,61.12,,DGC
2021-05-18 07:00:00,10.96,,10.96,10.96,300.0,TMB
2016-08-03 07:00:00,,4.77,4.62,,,GSP
2019-11-11 07:00:00,0.4,0.5,,0.5,15700.0,PVV
2018-01-29 07:00:00,13.75,13.75,,13.75,1500.0,GHC
2022-03-22 07:00:00,,,,,,PXI
2020-08-14 07:00:00,1.0,,,0.99,,TGG
2019-07-31 07:00:00,3.31,,,3.25,1000.0,MAC
2021-01-15 07:00:00,23.25,23.25,23.25,23.25,7900.0,VHL
2022-03-14 07:00:00,24.18,24.76,24.1,24.35,8100.0,CDN
2023-10-25 07:00:00,10.24,10.42,9.6,,,KGM
2016-09-09 07:00:00,4.29,4.29,4.29,4.29,,ONE
2021-01-14 07:00:00,9.75,9.75,9.75,9.75,,TLP
2024-08-06 07:00:00,15.04,15.43,14.65,15.33,131200.0,NHH
2019-06-20 07:00:00,10.34,10.51,10.34,10.48,,ANV
2025-07-22 07:00:00,,5.56,,,553100.0,TNT
2024-11-14 07:00:00,,20.08,18.26,18.26,4102.0,VC6
2020-09-10 07:00:00,4.84,4.84,4.66,4.72,,TTN
2021-04-16 07:00:00,12.91,,12.07,12.35,2634700.0,FCN
2017-03-02 07:00:00,16.5,16.54,16.07,,,CSM
2019-09-03 07:00:00,,20.82,20.44,20.44,6210.0,MH3
2015-12-25 07:00:00,,,7.83,7.9,,LHC
2022-06-01 07:00:00,20.04,20.43,19.43,19.43,16500.0,VMD
2019-11-22 07:00:00,7.62,7.7,,7.26,,MPC
2023-12-01 07:00:00,33.61,,33.61,,,PGD
2017-08-15 07:00:00,,5.93,5.58,5.9,101220.0,SMA
2017-09-06 07:00:00,23.32,23.61,23.03,23.32,,DCL
2019-10-25 07:00:00,,0.3,,0.3,4620.0,GTT
2019-04-19 07:00:00,3.99,3.99,3.99,,,BTS
2022-12-15 07:00:00,6.6,6.85,6.52,,198607.0,S99
2018-01-10 07:00:00,11.07,,10.98,11.07,21800.0,SD4
2018-07-09 07:00:00,45.3,45.3,45.3,45.3,1000.0,DTL
2018-10-18 07:00:00,1.1,,1.0,1.0,265500.0,TOP
2019-04-22 07:00:00,6.53,6.59,,6.46,136870.0,VRG
2024-01-16 07:00:00,7.34,7.34,,7.34,100.0,BHP
2021-04-19 07:00:00,8.52,9.68,8.52,9.68,803400.0,VNP
2023-03-14 07:00:00,,29.84,28.71,29.11,38200.0,DHA
2017-07-05 07:00:00,18.51,18.51,,,620.0,VFG
2025-02-13 07:00:00,4.3,4.3,4.3,,1.0,VIE
2023-09-26 07:00:00,,,,,1100.0,MCO
2023-12-13 07:00:00,18.77,,17.41,17.41,1265700.0,NHH
2023-08-24 07:00:00,,,45.44,,103.0,VET
2026-01-06 07:00:00,,,7.4,7.5,,MCF
2018-09-19 07:00:00,4.05,4.05,,4.05,100.0,BWA
2020-09-17 07:00:00,5.0,,5.0,5.1,1800.0,UNI
2017-06-12 07:00:00,,0.41,0.41,,,S12
2020-08-12 07:00:00,,9.61,9.61,,1000.0,VIN
2017-03-02 07:00:00,2.36,2.53,2.36,2.53,11800.0,HBS
2024-10-11 07:00:00,16.8,16.8,,16.8,,ADC
2017-10-30 07:00:00,13.69,,13.27,13.76,15600.0,BVS
2024-11-29 07:00:00,6.5,6.58,6.41,6.48,1353900.0,EVG
2021-03-08 07:00:00,11.25,,11.25,11.25,20100.0,STC
2024-06-27 07:00:00,24.64,24.64,23.85,24.05,225125.0,VCP
2016-02-19 07:00:00,0.77,,,,,VKP
2022-07-26 07:00:00,14.18,14.86,14.18,14.32,19485.0,AGP
2022-06-15 07:00:00,,13.86,13.86,13.86,500.0,C21
2017-02-13 07:00:00,2.23,2.23,,2.03,46370.0,SAV
2025-09-08 07:00:00,,13.5,12.9,13.2,351800.0,NAG
2017-02-23 07:00:00,23.4,23.4,,22.1,115750.0,DST
2025-07-17 07:00:00,8.0,8.0,8.0,,5000.0,VCM
2024-11-28 07:00:00,64.97,,,,109000.0,BCM
2024-09-30 07:00:00,,15.8,15.8,15.8,400.0,HPH
2022-07-20 07:00:00,,,,18.39,18.0,TMB
2026-01-12 07:00:00,26.0,26.0,26.0,26.0,200.0,HC3
2016-09-09 07:00:00,,,19.25,,,SSN
2023-04-19 07:00:00,,6.12,,,133404.0,EVS
2019-01-21 07:00:00,,,2.59,2.59,63450.0,TNT
2023-02-01 07:00:00,3.2,3.3,3.0,3.0,74800.0,TNS
2023-12-05 07:00:00,,14.34,,14.25,,CST
2022-09-21 07:00:00,,9.59,,9.59,100.0,SGS
2025-11-03 07:00:00,52.5,53.2,,,11900.0,DBD
2019-08-13 07:00:00,,3.83,,3.75,37260.0,VPH
2024-08-27 07:00:00,10.7,,10.7,11.1,1441300.0,TDC
2024-09-16 07:00:00,,21.2,20.95,21.2,19400.0,LAI
2018-03-06 07:00:00,3.53,3.6,,,15190.0,UDC
2025-12-19 07:00:00,,,35.9,,107500.0,MML
2023-10-03 07:00:00,10.89,,10.32,10.32,,PBC
2020-09-16 07:00:00,,12.38,,12.38,34370.0,GMC
2017-09-29 07:00:00,13.67,,13.29,13.48,,FTM
2018-03-23 07:00:00,4.81,4.81,4.65,4.73,288900.0,HHG
2022-02-16 07:00:00,,14.9,14.54,,,MBB
2017-10-19 07:00:00,,23.38,22.85,22.88,6756.0,L14
2025-11-12 07:00:00,,7.0,6.3,,,PBC
2023-12-01 07:00:00,2.6,2.7,2.6,2.7,,SD4
2021-02-02 07:00:00,125.3,129.8,,129.7,606400.0,VJC
2024-12-24 07:00:00,12.83,13.26,,13.09,915200.0,GSP
2024-03-22 07:00:00,,4.1,,4.0,339405.0,DST
2015-11-13 07:00:00,15.31,15.36,15.36,15.36,7.0,VHL
2019-01-11 07:00:00,1.85,1.94,1.66,1.94,,PVY
2016-08-02 07:00:00,5.48,,5.48,5.75,,ND2
2022-10-17 07:00:00,15.3,15.3,13.9,,6800.0,HEJ
2017-05-05 07:00:00,2.1,2.1,2.1,,,PVR
2025-10-27 07:00:00,,16.6,16.51,,6100.0,HPD
2018-07-05 07:00:00,10.25,10.35,9.67,9.72,5658700.0,STB
2024-05-06 07:00:00,,14.54,14.0,14.45,1039700.0,ANV
2024-06-03 07:00:00,3.5,3.5,3.4,,13437.0,DTI
2024-08-26 07:00:00,42.29,42.29,,42.09,,IMP
2024-12-24 07:00:00,,23.33,23.33,23.33,,PTI
2021-07-26 07:00:00,,28.61,28.33,28.39,2073100.0,AGG
2020-03-10 07:00:00,,,,1.3,36820.0,HHG
2021-04-27 07:00:00,12.62,12.62,11.26,11.87,317300.0,SBV
2025-07-10 07:00:00,2.92,2.92,,2.9,352600.0,HID
2020-04-15 07:00:00,10.97,11.46,,11.46,1200.0,IDV
2023-11-23 07:00:00,,11.9,11.9,11.9,,HEJ
2021-04-19 07:00:00,5.2,5.2,,,2800.0,BTN
2018-02-21 07:00:00,,,4.51,4.59,1744302.0,SHS
2019-12-17 07:00:00,8.78,8.91,8.73,8.73,439910.0,FCN
2024-03-05 07:00:00,18.49,18.74,18.49,18.57,,CST
2022-05-06 07:00:00,35.34,35.34,,35.34,10200.0,SFI
2026-01-15 07:00:00,8.9,8.9,,,42700.0,ONE
2020-12-04 07:00:00,8.18,8.26,8.18,8.26,,VCA
2019-11-12 07:00:00,,4.0,,3.9,4100.0,SD4
2017-03-28 07:00:00,9.4,9.8,,,11310.0,VNR
2025-12-18 07:00:00,,,15.0,15.0,100.0,BTU
2024-09-16 07:00:00,4.25,4.26,4.18,4.19,,TNT
2023-08-22 07:00:00,,2.6,2.3,2.5,,KSQ
2016-05-25 07:00:00,,2.78,2.78,2.78,726.0,VMA
2015-11-03 07:00:00,2.85,,2.47,2.47,352700.0,TOP
2018-08-17 07:00:00,6.28,6.29,6.14,,,MBB
2024-05-16 07:00:00,9.91,10.08,,10.0,,NAG
2016-12-28 07:00:00,,6.81,6.81,,,ACC
2017-01-18 07:00:00,,,10.85,10.98,,ELC
2021-07-21 07:00:00,56.4,56.4,55.94,56.21,2047900.0,KDC
2016-07-14 07:00:00,,,18.22,,22700.0,VMD
2024-11-04 07:00:00,9.83,9.83,9.74,9.74,464601.0,NAG
2022-09-13 07:00:00,,16.46,16.03,,113300.0,ACC
2018-11-14 07:00:00,,,54.64,55.23,,VHM
2020-10-09 07:00:00,15.63,16.91,15.63,16.2,,VRG
2018-01-18 07:00:00,,12.0,11.55,,,HT1
2024-12-10 07:00:00,,,11.4,,,HEJ
2018-01-23 07:00:00,,4.57,,,7093.0,NHT
2021-10-06 07:00:00,9.4,9.65,,,,TNT
2019-10-11 07:00:00,,8.22,8.17,,,CSC
2021-09-15 07:00:00,12.73,,,,775100.0,ANV
2016-06-17 07:00:00,12.45,12.66,12.32,12.4,113910.0,DHA
2017-04-14 07:00:00,,13.46,,13.22,3120.0,SRF
2023-07-05 07:00:00,,30.83,,30.83,,TBC
2023-09-19 07:00:00,,16.94,,16.67,24100.0,NJC
2019-04-16 07:00:00,6.05,6.05,5.91,5.98,,DAG
2017-11-21 07:00:00,,11.24,,11.08,1400.0,MPC
2024-11-22 07:00:00,4.46,4.46,4.46,4.46,100.0,SMT
2022-06-14 07:00:00,,12.6,,12.3,10200.0,CIA
2019-06-04 07:00:00,,,,22.88,,D2D
2021-10-25 07:00:00,,11.36,11.36,11.36,200.0,C22
2024-01-17 07:00:00,,7.74,7.61,7.64,,GMH
2023-03-31 07:00:00,,8.9,8.9,8.9,2000.0,ILC
2022-09-29 07:00:00,12.0,12.0,,,103.0,VTX
2025-06-03 07:00:00,,25.51,24.53,,900.0,PNC
2024-08-20 07:00:00,,5.5,5.3,,10000.0,XPH
2017-02-15 07:00:00,5.56,,5.29,5.42,,CCI
2022-06-01 07:00:00,,7.78,,,226800.0,HAP
2024-06-24 07:00:00,18.21,21.51,18.21,21.51,9243.0,PIC
2022-03-22 07:00:00,,,17.91,18.07,,SMT
2020-04-09 07:00:00,7.96,,7.64,7.84,18750.0,ACL
2023-07-18 07:00:00,7.52,7.59,7.52,7.54,,DHM
2022-04-19 07:00:00,78.27,78.42,75.24,75.46,,VHC
2015-11-02 07:00:00,,,3.3,3.4,,VIG
2017-12-06 07:00:00,5.41,5.41,,5.39,,MBB
2018-01-03 07:00:00,11.34,11.34,11.14,11.28,75160.0,PC1
2015-10-23 07:00:00,,3.1,,2.73,4100.0,STL
2025-01-23 07:00:00,17.72,,,,630700.0,ANV
2018-10-31 07:00:00,125.89,,,132.54,1064990.0,VJC
2025-02-26 07:00:00,7.78,7.78,,,622400.0,IDI
2024-11-08 07:00:00,1.3,1.3,1.2,1.3,456664.0,DVG
2016-09-21 07:00:00,2.78,2.79,,,,MBB
2025-02-25 07:00:00,26.07,26.07,26.07,,,NDP
2019-09-25 07:00:00,11.4,,11.4,11.4,3800.0,BAB
2021-12-28 07:00:00,,12.38,12.14,,7700.0,BTP
2023-03-31 07:00:00,,31.0,29.55,,,VRE
2025-01-03 07:00:00,,45.86,45.4,45.86,6800.0,VSH
2025-05-14 07:00:00,160.65,161.92,155.63,156.37,,VEF
2022-02-11 07:00:00,8.43,9.33,8.43,9.33,504.0,ANT
2021-01-07 07:00:00,25.07,26.22,24.62,26.22,4200.0,TNC
2025-04-04 07:00:00,,,,15.91,2700.0,HEP
2019-04-26 07:00:00,,10.52,10.52,10.52,100.0,NNT
2026-01-09 07:00:00,15.0,15.0,15.0,,4800.0,XPH
2016-06-16 07:00:00,,5.28,5.17,5.17,3100.0,DIH
2026-02-10 07:00:00,,15.65,15.6,,1200.0,VMD
2024-11-04 07:00:00,64.8,64.9,64.7,64.8,38500.0,SCG
2021-12-22 07:00:00,,,7.1,7.6,2300.0,VIE
2026-03-10 07:00:00,2.45,,,2.55,2969200.0,DLG
2022-10-06 07:00:00,,11.76,,,,GEE
2017-06-21 07:00:00,,11.48,,,100.0,GHC
2017-09-18 07:00:00,6.32,6.32,6.32,6.32,100.0,CKD
2023-06-20 07:00:00,11.39,11.85,11.39,,253100.0,NAF
2024-02-21 07:00:00,,,,9.88,524418.0,OIL
2019-04-26 07:00:00,,63.37,,,920.0,BHN
2022-06-06 07:00:00,,,,19.75,,SGI
2018-01-18 07:00:00,7.6,,6.38,7.6,2900.0,CTX
2021-09-27 07:00:00,,9.1,,8.39,8838000.0,ASM
2024-08-08 07:00:00,30.09,,29.73,29.73,1100.0,PGD
2017-03-09 07:00:00,,1.5,1.4,1.4,219600.0,VIG
2024-01-24 07:00:00,24.5,25.0,24.5,,48900.0,DCL
2016-12-05 07:00:00,,4.3,,4.3,55500.0,MAC
2025-04-25 07:00:00,5.09,,5.05,5.1,,PHC
2023-08-08 07:00:00,,22.6,20.72,,71301.0,VGV
2026-03-25 07:00:00,3.6,3.84,3.6,3.79,,VPH
2018-04-20 07:00:00,18.21,,15.61,15.61,200.0,SMT
2025-12-17 07:00:00,29.3,,29.3,29.3,100.0,QST
2019-11-25 07:00:00,7.2,7.2,7.11,7.11,11010.0,BTP
2018-01-09 07:00:00,26.02,26.1,26.02,,1800.0,LDP
2017-06-28 07:00:00,3.77,,3.77,3.85,17400.0,PVO
2018-09-19 07:00:00,8.41,,,,20700.0,EVS
2025-08-01 07:00:00,,35.0,,34.7,,MML
2020-10-13 07:00:00,8.21,8.21,,,3308250.0,POW
2020-04-15 07:00:00,7.2,,7.11,7.44,3733810.0,DBC
2016-05-30 07:00:00,6.48,6.56,,,175900.0,G20
2023-03-01 07:00:00,7.81,8.19,7.49,8.19,3460500.0,IJC
2015-12-29 07:00:00,3.98,4.24,3.98,4.03,10600.0,SCL
2016-03-16 07:00:00,,3.29,,3.25,,VPH
2020-12-11 07:00:00,,6.0,6.0,6.0,2300.0,XPH
2021-07-26 07:00:00,29.02,29.02,29.02,29.02,,VCP
2018-02-12 07:00:00,3.65,3.66,,3.43,9330.0,UDC
2018-06-29 07:00:00,3.28,3.28,3.28,,200.0,AFX
2020-12-08 07:00:00,,,10.07,,,POS
2025-08-12 07:00:00,22.5,22.7,22.2,22.4,505900.0,DCL
2021-02-05 07:00:00,5.41,5.41,5.41,5.41,8100.0,THT
2017-03-24 07:00:00,4.29,,4.29,,7600.0,CTX
2019-07-09 07:00:00,,15.46,15.3,,14630.0,KDC
2020-09-14 07:00:00,,6.28,5.64,6.28,12700.0,SD2
2026-01-13 07:00:00,6.0,6.2,,,,EVS
2023-03-09 07:00:00,7.11,,6.98,7.11,2507000.0,ASM
2023-07-04 07:00:00,4.1,,,4.9,1000.0,L61
2023-08-18 07:00:00,4.5,4.5,3.9,3.9,665600.0,PXI
2018-03-07 07:00:00,,11.48,,11.43,900.0,QTC
2025-08-19 07:00:00,9.1,9.6,,,1500.0,PTS
2020-09-21 07:00:00,3.32,3.62,,3.62,27900.0,TXM
2021-09-17 07:00:00,20.46,,20.22,,1194700.0,TDC
2021-02-02 07:00:00,9.86,9.86,9.86,9.86,,TDS
2020-05-20 07:00:00,21.65,21.65,,21.65,19750.0,BCM
2025-09-10 07:00:00,12.6,,,12.6,,CCR
2021-08-13 07:00:00,,,,9.39,,HAP
2023-06-21 07:00:00,,,33.44,33.44,100.0,AVC
2021-09-28 07:00:00,7.32,,6.99,7.22,,TJC
2025-09-26 07:00:00,17.1,20.4,17.1,,500.0,QTC
2023-09-08 07:00:00,,6.0,,,100.0,SVG
2023-08-11 07:00:00,4.6,,,4.45,,JVC
2022-08-25 07:00:00,11.3,,11.3,11.3,300.0,SPD
2026-03-10 07:00:00,,17.61,17.61,17.61,200.0,PPP
2024-10-30 07:00:00,,18.1,17.7,18.0,1008.0,VET
2021-03-24 07:00:00,7.1,7.1,6.9,6.9,34910.0,HKT
2023-06-29 07:00:00,,8.0,,7.8,,VIG
2021-08-24 07:00:00,6.63,6.7,,6.7,6500.0,EBS
2021-11-19 07:00:00,8.5,8.5,,8.5,,VPA
2017-08-28 07:00:00,5.73,5.73,5.73,5.73,,VQC
2025-07-03 07:00:00,,,11.3,11.4,10700.0,XPH
2023-07-17 07:00:00,17.49,19.54,,18.42,187264.0,DVN
2024-10-04 07:00:00,6.4,,6.3,6.3,600.0,MEL
2022-06-29 07:00:00,,20.82,20.24,,6096.0,IDV
2019-10-09 07:00:00,7.8,,,7.83,,VPG
2017-08-18 07:00:00,,4.92,4.7,4.8,756060.0,IJC
2024-09-04 07:00:00,13.15,,12.8,13.5,882300.0,VPG
2016-08-17 07:00:00,2.0,2.0,,2.0,163000.0,PV2
2016-05-16 07:00:00,,,,9.73,32900.0,IMP
2022-07-28 07:00:00,8.8,8.8,8.2,,,TL4
2017-07-14 07:00:00,3.1,,2.94,3.16,29760.0,PXI
2019-05-13 07:00:00,12.72,12.85,,12.85,23050.0,CSM
2019-06-07 07:00:00,19.0,19.0,,,,DCL
2024-09-23 07:00:00,16.15,16.37,,16.37,1900.0,VMD
2021-10-26 07:00:00,36.0,36.2,,,94600.0,DCL
2016-10-31 07:00:00,,,,2.12,,NAG
2022-04-04 07:00:00,15.76,15.81,15.67,15.72,4794400.0,ACB
2023-03-17 07:00:00,17.0,,16.3,,15800.0,TMT
2018-11-23 07:00:00,,,,1.44,22950.0,VOS
2018-11-15 07:00:00,13.8,,13.8,,4840.0,TBC
2021-09-01 07:00:00,,4.19,4.03,,15100.0,DXV
2025-07-14 07:00:00,10.13,,,,4800.0,TPP
2025-10-17 07:00:00,12.7,12.8,12.4,12.4,297400.0,NAG
2017-06-07 07:00:00,6.35,,6.35,6.35,,TNW
2024-07-30 07:00:00,3.2,3.2,3.1,3.2,43019.0,EIN
2024-09-26 07:00:00,23.56,24.03,23.3,,46800.0,LBM
2025-06-04 07:00:00,,,,21.85,4868300.0,CTI
2020-10-21 07:00:00,,,6.89,6.92,590.0,GSP
2021-06-01 07:00:00,,,,13.0,,EIN
2025-04-22 07:00:00,,,26.17,28.32,,BVS
2021-06-02 07:00:00,8.89,,8.89,8.89,,DWS
2016-08-16 07:00:00,8.28,8.28,7.49,,9104.0,APP
2024-08-05 07:00:00,8.85,8.85,8.85,,1.0,TTC
2022-02-16 07:00:00,6.31,6.49,,6.49,,BLN
2016-01-11 07:00:00,8.74,8.97,8.74,,510.0,SFI
2018-03-07 07:00:00,,,5.99,6.04,1380130.0,SAM
2024-07-29 07:00:00,28.3,28.6,27.9,28.4,,DCL
2016-11-10 07:00:00,,,4.24,,11500.0,CTX
2023-10-16 07:00:00,21.76,22.03,,21.85,,SSB
2023-07-04 07:00:00,7.09,7.09,,7.09,,VBB
2022-01-10 07:00:00,12.35,12.81,12.11,12.35,,IDI
2020-01-02 07:00:00,,,,3.35,26320.0,VPH
2019-08-09 07:00:00,22.77,23.57,22.49,22.81,,CTR
2017-07-28 07:00:00,6.01,6.03,,5.85,9100.0,D2D
2021-01-19 07:00:00,7.13,7.2,,6.7,,TTF
2021-04-29 07:00:00,12.43,14.52,12.43,12.43,,HEV
2026-01-07 07:00:00,9.5,10.3,,10.0,202000.0,DST
2020-05-22 07:00:00,,0.8,0.8,0.8,,SJM
2022-05-26 07:00:00,43.99,,43.99,43.99,,HEV
2023-12-07 07:00:00,,,,,,PNP
2020-06-18 07:00:00,11.11,,11.11,12.78,300.0,PCC
2019-09-23 07:00:00,,,6.59,6.59,123320.0,CRE
2023-05-16 07:00:00,,,,,,VDS
2018-04-27 07:00:00,20.13,,,,,AGX
2022-01-06 07:00:00,11.35,11.35,11.35,,,HPH
2024-02-21 07:00:00,12.1,,11.8,,14305.0,SID
2026-02-23 07:00:00,10.8,11.0,10.7,10.8,,DST
2022-08-01 07:00:00,,,4.49,4.61,,KMR
2023-07-25 07:00:00,,10.31,10.31,10.31,400.0,BBH
2021-10-13 07:00:00,,,12.34,,789500.0,PLP
2025-11-21 07:00:00,8.01,8.3,7.98,8.1,,EVG
2015-12-21 07:00:00,10.35,,,,33600.0,SSN
2017-12-26 07:00:00,2.99,3.25,2.99,,,VOS
2023-11-08 07:00:00,3.87,4.0,3.85,4.0,,TTF
2016-06-02 07:00:00,,,2.86,3.05,,CYC
2020-05-13 07:00:00,,,,3.0,9030.0,UDC
2026-01-22 07:00:00,,15.3,14.2,,29700.0,BCA
2016-03-25 07:00:00,,7.15,6.82,7.15,4000.0,G20
2024-04-08 07:00:00,59.55,60.71,59.36,,,KDC
2022-04-29 07:00:00,7.5,7.5,7.3,,3200.0,TH1
2022-03-25 07:00:00,,,11.18,11.32,404000.0,DHM
2017-03-07 07:00:00,,,,13.24,,FTM
2022-04-20 07:00:00,6.65,6.65,,6.15,11000.0,PCT
2022-11-01 07:00:00,6.9,,,,12300.0,PCT
2019-07-10 07:00:00,13.67,13.67,,13.67,,CDN
2018-11-21 07:00:00,1.44,1.49,1.44,1.47,29330.0,VOS
2026-01-28 07:00:00,16.0,16.0,,15.76,75200.0,ITD
2022-05-16 07:00:00,7.29,,7.15,7.29,,VBB
2026-02-10 07:00:00,7.1,,,7.1,6300.0,SD3
2017-11-20 07:00:00,,5.61,5.41,,,GSP
2025-06-26 07:00:00,16.85,,16.65,16.73,,HDB
2021-03-15 07:00:00,,,,6.72,4179.0,EBS
2019-03-11 07:00:00,,4.59,,,,UDC
2025-11-11 07:00:00,7.65,7.65,7.65,7.65,900.0,TTC
2024-07-02 07:00:00,,10.4,,10.4,25201.0,DHB
2018-07-09 07:00:00,9.89,10.57,,10.57,2110.0,VMD
2026-03-05 07:00:00,10.3,10.3,10.05,,215600.0,APG
2022-06-20 07:00:00,,5.4,5.0,,32900.0,DXV
2020-04-27 07:00:00,,5.09,,5.56,90.0,BLI
2016-03-28 07:00:00,4.19,,4.19,4.19,200.0,SCL
2016-07-08 07:00:00,,3.23,3.12,,787220.0,IJC
2023-04-10 07:00:00,28.7,28.87,27.14,,10900.0,TBC
2020-11-09 07:00:00,,,,5.41,8500.0,THT
2025-01-02 07:00:00,16.2,16.2,15.92,,298505.0,CLX
2023-06-06 07:00:00,,49.44,49.35,,,TNC
2020-12-10 07:00:00,1.3,1.31,,,,FTM
2018-10-18 07:00:00,,,19.86,,460720.0,CVT
2016-07-22 07:00:00,11.74,,10.6,,716500.0,MPT
2018-07-03 07:00:00,3.39,,3.39,3.39,200.0,THT
2025-12-30 07:00:00,,4.5,4.5,,3100.0,TXM
2023-11-20 07:00:00,,8.81,7.81,,,THW
2019-10-18 07:00:00,,9.1,,9.1,100.0,VNI
2018-08-06 07:00:00,,2.74,,2.74,,PXI
2022-12-07 07:00:00,2.0,,1.8,1.8,355500.0,VKC
2017-08-17 07:00:00,,4.24,4.19,4.24,5490.0,HU3
2017-08-25 07:00:00,,3.94,,3.94,69.0,QNC
2022-01-05 07:00:00,,14.9,14.53,14.75,29800.0,SAV
2016-01-28 07:00:00,11.7,11.74,11.7,11.74,600.0,TFC
2025-08-11 07:00:00,,9.3,9.1,9.3,7000.0,VNI
2016-09-30 07:00:00,,,5.78,5.86,65660.0,BTP
2015-11-19 07:00:00,4.26,,3.57,3.57,,VE9
2022-07-13 07:00:00,4.92,,4.83,4.92,11710.0,VTA
2022-10-04 07:00:00,13.6,,13.55,14.06,2400.0,CSM
2020-03-30 07:00:00,13.68,13.68,13.43,13.45,142090.0,AGG
2019-11-08 07:00:00,12.96,13.46,12.96,,,CDN
2025-12-05 07:00:00,43.0,43.0,43.0,43.0,4200.0,TAN
2017-09-27 07:00:00,,5.5,5.5,5.5,300.0,XPH
2022-03-29 07:00:00,,36.89,,36.6,511900.0,AGG
2023-12-22 07:00:00,21.52,,21.29,21.56,1862600.0,PC1
2017-07-10 07:00:00,3.9,3.9,3.66,3.66,10500.0,VNP
2023-06-09 07:00:00,,4.2,4.2,,700.0,VMG
2021-11-15 07:00:00,,12.01,11.5,,,HDB
2021-04-08 07:00:00,6.57,,6.57,,,TFC
2016-07-22 07:00:00,,,11.87,11.87,47300.0,CDN
2023-01-04 07:00:00,4.01,4.15,4.01,4.1,,DXV
2023-05-05 07:00:00,,,21.76,21.76,900.0,SGH
2022-12-01 07:00:00,13.69,13.97,,,70700.0,PBC
2026-02-06 07:00:00,2.3,2.3,,,100.0,VTA
2024-08-07 07:00:00,11.27,,10.73,11.41,,FCN
2024-12-09 07:00:00,73.4,,73.1,73.2,2810900.0,MSN
2017-10-04 07:00:00,13.2,13.2,13.0,,,SRF
2019-08-21 07:00:00,11.77,,11.77,12.66,3090.0,VSI
2025-12-31 07:00:00,,43.5,42.72,43.5,7200.0,VSH
2019-10-03 07:00:00,6.59,,,,100.0,VTA
2023-04-20 07:00:00,4.53,,,,,PVO
2021-03-15 07:00:00,9.39,,,,16400.0,BTP
2026-04-08 07:00:00,12.7,12.7,,,23000.0,ACC
2018-03-01 07:00:00,,18.97,17.74,18.36,3520.0,UIC
2016-09-19 07:00:00,7.47,,,7.08,,HHG
2020-08-14 07:00:00,18.53,,18.11,18.32,1548760.0,NLG
2018-09-10 07:00:00,3.56,3.61,,3.56,20210.0,THT
2021-10-22 07:00:00,1.2,,1.2,,179001.0,GTT
2020-08-18 07:00:00,,3.86,3.86,3.86,100.0,TFC
2017-12-25 07:00:00,,,,,700.0,PXA
2020-01-16 07:00:00,,,3.6,,,SD4
2021-03-25 07:00:00,,2.05,1.99,2.02,,DLG
2024-08-13 07:00:00,,11.4,,10.7,,HIO
2024-01-09 07:00:00,27.32,,,28.56,1800.0,VGV
2021-03-03 07:00:00,,,135.5,137.2,704400.0,VJC
2022-03-24 07:00:00,8.05,8.05,7.7,7.91,8700.0,MCF
2017-05-26 07:00:00,6.57,6.76,,6.76,1510.0,VNL
2018-10-29 07:00:00,9.53,9.82,,,4500.0,BVS
2023-10-30 07:00:00,6.08,6.08,,5.89,,PHC
2019-03-27 07:00:00,14.63,15.01,14.54,,,IMP
2024-06-26 07:00:00,,13.23,,12.88,405000.0,HT1
2023-05-19 07:00:00,3.1,3.7,,3.7,301.0,VIE
2016-03-25 07:00:00,13.33,,,,25620.0,HT1
2024-10-07 07:00:00,12.3,12.3,12.3,,200.0,DTL
2025-06-18 07:00:00,67.9,67.9,,,5472800.0,MSN
2023-08-25 07:00:00,,,9.14,9.14,22200.0,ITD
2021-08-17 07:00:00,,4.0,3.8,,16146.0,SD3
2024-05-29 07:00:00,,12.58,12.41,12.54,11000.0,VNL
2019-10-10 07:00:00,,,16.57,16.57,50.0,DHA
2022-05-10 07:00:00,15.0,16.9,14.5,,,VXB
2018-12-28 07:00:00,28.95,28.95,28.95,,100.0,TET
2019-02-01 07:00:00,5.0,5.02,4.89,5.0,1740010.0,HAG
2021-12-30 07:00:00,,7.2,,,,VPA
2019-11-12 07:00:00,,11.93,,11.81,560.0,SRF
2016-11-21 07:00:00,,2.63,2.48,2.55,,HAC
2024-12-25 07:00:00,45.59,45.89,,45.89,,TFC
2023-06-07 07:00:00,4.3,4.7,4.2,4.7,72958.0,UDC
2023-12-07 07:00:00,9.81,9.81,,9.81,,EBS
2019-11-22 07:00:00,4.71,4.71,4.15,4.17,23360.0,DXV
2022-03-16 07:00:00,22.93,22.93,,,100.0,VHL
2024-03-07 07:00:00,32.39,32.39,,,2800.0,ABT
2023-11-27 07:00:00,,4.7,4.7,,1900.0,SD3
2025-02-27 07:00:00,,,,8.52,286929.0,S99
2024-12-26 07:00:00,23.2,27.0,23.2,,1600.0,PAP
2022-09-09 07:00:00,11.79,12.5,11.79,,10200.0,GEE
2023-02-17 07:00:00,2.1,2.1,2.0,2.0,,PXI
2025-07-18 07:00:00,98.68,99.45,,,2094600.0,DGC
2023-05-23 07:00:00,64.92,,,65.47,,CTR
2026-04-03 07:00:00,12.7,12.8,,,387500.0,DRI
2023-05-08 07:00:00,10.88,,,,,POW
2021-04-01 07:00:00,,,,,1647600.0,AGG
2017-10-25 07:00:00,12.17,12.17,,,3500.0,GHC
2022-02-17 07:00:00,,14.09,14.04,,6100.0,HAM
2023-07-28 07:00:00,5.5,,5.5,,,ONE
2020-07-23 07:00:00,45.2,48.6,45.2,48.6,,HOT
2016-08-08 07:00:00,,7.81,7.66,7.74,67900.0,SD2
2026-03-26 07:00:00,10.4,10.4,10.15,10.15,1226100.0,IJC
2025-04-25 07:00:00,13.92,13.92,13.92,13.92,900.0,SVC
2020-12-10 07:00:00,,,10.83,11.0,958732.0,BVS
2018-01-09 07:00:00,3.77,,3.73,3.74,,FCM
2017-06-14 07:00:00,2.82,,2.82,2.91,,PTL
2016-06-20 07:00:00,5.46,5.46,,5.46,800.0,CTB
2025-07-22 07:00:00,116.0,116.2,116.0,,2400.0,NDC
2019-04-09 07:00:00,20.3,21.35,20.2,,1188020.0,FTM
2017-09-29 07:00:00,4.24,4.24,,4.24,600.0,TFC
2023-08-02 07:00:00,,5.8,5.6,5.8,,HKT
2023-04-06 07:00:00,8.83,9.33,,9.25,,NAF
2023-09-08 07:00:00,3.0,,2.6,3.0,39434.0,PVY
2019-08-30 07:00:00,12.94,,12.72,,5470.0,CSM
2017-04-28 07:00:00,14.04,14.04,14.04,14.04,100.0,C21
2024-05-08 07:00:00,11.3,11.3,11.3,11.3,100.0,HEJ
2016-05-16 07:00:00,4.4,,4.36,4.76,,MCF
2021-05-10 07:00:00,,16.57,16.57,16.57,800.0,VMD
2019-01-04 07:00:00,,4.96,4.74,4.88,6057970.0,MBB
2025-05-20 07:00:00,16.33,16.33,,16.33,100.0,DWS
2020-04-09 07:00:00,,,16.03,16.03,,C21
2022-08-02 07:00:00,,7.9,7.74,,,TDT
2026-02-24 07:00:00,,8.68,,8.6,132500.0,BTP
2017-10-26 07:00:00,10.22,10.22,10.06,,20610.0,DPR
2020-06-09 07:00:00,14.4,14.64,,,,TBC
2020-12-17 07:00:00,2.6,2.6,2.5,2.6,568230.0,DST
2016-12-29 07:00:00,,,13.41,,,TMT
2025-03-06 07:00:00,25.75,25.75,25.75,25.75,,CVT
2021-06-10 07:00:00,13.58,13.58,,13.25,77710.0,VBB
2023-12-21 07:00:00,,,8.18,8.3,2359400.0,ASM
2016-02-18 07:00:00,11.27,12.09,11.27,12.09,10220.0,VTX
2024-07-15 07:00:00,3.53,,,3.52,186600.0,JVC
2020-07-22 07:00:00,,4.31,,4.31,,HAC
2019-05-10 07:00:00,,9.39,9.24,9.39,38000.0,BVS
2017-09-21 07:00:00,19.65,19.74,19.3,,210960.0,STG
2019-08-16 07:00:00,8.9,,8.8,9.0,40800.0,SHN
2024-02-01 07:00:00,4.65,4.65,,4.54,149200.0,PLP
2021-12-30 07:00:00,6.92,,,7.0,12700.0,AG1
2025-07-21 07:00:00,,,,10.78,4330900.0,IJC
2025-03-14 07:00:00,23.55,23.55,23.55,23.55,600.0,QST
2023-07-10 07:00:00,,61.66,60.85,61.21,,DGC
2026-03-05 07:00:00,8.2,8.5,7.3,8.3,25900.0,TLP
2025-08-21 07:00:00,11.1,11.1,10.4,,,CRE
2024-06-24 07:00:00,,,2.6,,,MCG
2025-07-18 07:00:00,3.4,,3.2,3.3,362100.0,PXS
2020-06-02 07:00:00,,,,6.56,,TDC
2019-08-16 07:00:00,2.51,,2.51,2.52,,HCD
2023-03-31 07:00:00,5.13,,5.08,5.13,,NAB
2023-08-04 07:00:00,9.0,,7.1,,270.0,VNI
2019-09-17 07:00:00,,,8.22,,,CSC
2024-08-12 07:00:00,16.46,,16.2,16.43,,HDB
2022-03-09 07:00:00,72.99,,72.99,,,VET
2022-11-29 07:00:00,12.84,12.84,12.47,,5700.0,PRE
2024-09-16 07:00:00,16.82,,15.68,17.52,3900.0,VSI
2021-06-10 07:00:00,7.93,7.93,7.21,,,BHP
2022-01-14 07:00:00,21.45,21.45,21.45,,100.0,GMC
2018-08-21 07:00:00,6.12,,6.04,6.07,1506880.0,IDI
2019-04-26 07:00:00,,,66.3,68.18,,NSC
2024-04-10 07:00:00,17.21,17.31,,17.31,,DVN
2021-06-17 07:00:00,,6.85,6.7,,51000.0,THT
2020-04-17 07:00:00,4.17,4.33,,,754000.0,CRE
2022-11-18 07:00:00,,5.38,,4.98,25000.0,HMR
2024-08-09 07:00:00,46.3,46.3,45.85,46.3,,VSH
2019-05-23 07:00:00,12.82,12.82,,,,CDN
2020-08-27 07:00:00,,1.2,1.2,,,VE9
2018-08-06 07:00:00,,7.5,,7.01,20.0,RIC
2021-03-01 07:00:00,4.5,4.5,,4.2,6704.0,APP
2023-02-08 07:00:00,19.96,19.96,19.71,19.96,10500.0,SBA
2016-08-31 07:00:00,,2.52,,,76000.0,HAP
2016-08-01 07:00:00,2.43,2.45,2.4,,1210.0,SAV
2022-07-19 07:00:00,,,11.32,11.52,46400.0,SBV
2022-03-11 07:00:00,15.89,16.16,,,1590000.0,IJC
2018-03-19 07:00:00,,6.04,5.94,,10200.0,VTA
2020-06-30 07:00:00,76.98,79.52,76.98,,15100.0,VEF
2020-08-06 07:00:00,1.2,,,1.1,,HHG
2016-12-02 07:00:00,4.28,4.45,4.28,,1500.0,HPD
2025-01-14 07:00:00,9.54,9.54,9.54,9.54,,BBS
2022-07-21 07:00:00,9.78,9.78,9.63,9.7,2907.0,POS
2015-11-12 07:00:00,1.62,1.69,1.48,1.69,14400.0,VNP
2023-05-08 07:00:00,25.93,,25.93,26.52,,BLT
2022-05-11 07:00:00,9.3,9.6,9.0,9.4,167400.0,DVG
2026-01-29 07:00:00,12.5,,12.4,12.5,5200.0,PGB
2023-10-06 07:00:00,,,,5.46,,PVO
2026-04-08 07:00:00,21.0,21.0,21.0,,100.0,YTC
2016-07-19 07:00:00,5.75,,,,,SAM
2022-10-24 07:00:00,,11.75,,11.75,4900.0,VCA
2025-10-20 07:00:00,18.66,18.85,18.66,18.66,27000.0,PRE
2017-04-13 07:00:00,,31.33,,31.14,,KDC
2023-09-13 07:00:00,,23.73,23.38,,3028.0,TCW
2020-04-15 07:00:00,4.39,5.28,4.39,5.28,,POS
2021-07-22 07:00:00,7.76,,,7.96,30500.0,PPP
2017-02-13 07:00:00,,,12.11,12.27,143120.0,ITD
2016-03-08 07:00:00,,6.53,6.35,,,SSN
2023-10-03 07:00:00,16.6,,15.85,,4162700.0,DBC
2020-12-24 07:00:00,9.8,,9.8,9.8,200.0,BCP
2016-10-31 07:00:00,,2.57,2.5,2.52,,HAP
2021-11-15 07:00:00,34.86,,34.41,34.59,1136582.0,TAR
2021-05-21 07:00:00,1.47,1.94,,1.71,17700.0,ALV
2019-08-06 07:00:00,10.01,10.04,10.01,,,SVC
2017-05-22 07:00:00,3.88,,3.83,,,TNB
2022-09-28 07:00:00,,5.48,5.48,5.48,600.0,VC6
2026-04-29 07:00:00,,,,,293300.0,CTR
2022-01-07 07:00:00,8.8,,,9.6,1226986.0,SD6
2024-08-06 07:00:00,12.6,14.6,11.1,12.2,879901.0,HIO
2022-04-14 07:00:00,9.3,,9.3,9.3,100.0,PEG
2022-11-03 07:00:00,5.97,5.97,5.2,5.2,,BAL
2022-03-03 07:00:00,,13.03,11.88,,173926.0,PPP
2016-09-21 07:00:00,,,,7.22,,CTG
2023-03-23 07:00:00,,,,13.8,1700.0,PCM
2018-01-25 07:00:00,,5.37,,5.37,785790.0,ANV
2022-06-06 07:00:00,14.14,14.61,,,6700.0,C21
2026-03-06 07:00:00,24.9,,24.9,24.9,100.0,CTW
2023-02-13 07:00:00,1.7,1.8,1.6,1.8,10900.0,VE9
2025-12-16 07:00:00,,20.6,,20.2,138400.0,VNP
2020-08-21 07:00:00,,12.93,12.08,12.93,174685.0,VRG
2026-04-23 07:00:00,,5.5,4.9,4.9,8000.0,QNC
2020-03-23 07:00:00,,0.6,,0.5,519256.0,ACM
2021-10-22 07:00:00,12.05,12.29,10.24,11.97,423625.0,VTD
2020-07-16 07:00:00,3.65,3.65,3.45,,21240.0,VPH
2016-08-26 07:00:00,,6.62,,,,SWC
2022-01-11 07:00:00,,20.0,18.3,18.9,3180810.0,PVL
2021-08-09 07:00:00,29.79,,29.64,30.5,1789300.0,VHC
2017-12-01 07:00:00,4.39,4.39,4.14,4.31,,VNP
2017-05-05 07:00:00,,,5.27,5.52,,PHC
2025-07-30 07:00:00,143.0,154.0,143.0,154.0,700.0,AGX
2020-03-04 07:00:00,,11.88,11.55,11.78,16310.0,GMC
2025-02-27 07:00:00,,,,13.0,,CCT
2018-12-05 07:00:00,3.55,,,3.55,,MAC
2025-02-18 07:00:00,7.8,7.8,7.6,7.7,3605.0,ICG
2018-04-24 07:00:00,22.37,,22.17,22.53,804610.0,VHC
2026-01-12 07:00:00,,,12.3,12.3,900.0,X20
2021-09-24 07:00:00,5.0,5.0,4.7,4.7,700.0,HAV
2019-11-14 07:00:00,13.1,13.1,13.1,13.1,611.0,CDN
2018-03-28 07:00:00,,13.97,13.83,13.97,,BVS
2018-10-22 07:00:00,4.34,,4.31,4.31,,VDS
2025-03-05 07:00:00,,37.51,,37.41,2992.0,BLT
2020-01-10 07:00:00,20.82,20.82,20.76,,,VLB
2025-10-01 07:00:00,5.4,5.6,,5.59,52600.0,PLP
2022-08-30 07:00:00,36.34,36.74,36.01,36.09,45737.0,MCM
2026-01-12 07:00:00,36.9,37.1,36.5,,,AGP
2021-10-28 07:00:00,,10.62,,10.46,43800.0,PTS
2016-05-16 07:00:00,6.31,6.31,6.31,6.31,100.0,QNC
2025-02-26 07:00:00,3.6,3.7,3.6,,6700.0,HAV
2019-02-12 07:00:00,9.37,9.42,9.23,,128480.0,LMH
2017-08-18 07:00:00,9.05,9.51,9.05,9.51,300.0,APP
2025-01-17 07:00:00,,18.0,,18.0,1242.0,VNI
2022-08-01 07:00:00,8.1,8.1,7.8,,,SSN
2020-02-26 07:00:00,13.32,,,,100.0,HLS
2021-03-04 07:00:00,10.29,10.36,10.14,,4209.0,TDS
2023-10-17 07:00:00,14.06,14.22,14.01,14.01,15558.0,PGB
2018-12-18 07:00:00,,,17.02,17.02,291770.0,CVT
2017-02-09 07:00:00,,,2.25,2.28,750520.0,MCG
2020-08-17 07:00:00,10.65,,,10.65,646.0,PTI
2022-06-17 07:00:00,,4.68,,4.38,283200.0,KMR
2021-11-05 07:00:00,,,,27.69,,DBD
2016-05-20 07:00:00,15.27,,15.05,,7460.0,HT1
2021-01-04 07:00:00,19.0,19.0,,19.0,,NHT
2022-09-27 07:00:00,73.84,74.43,69.78,70.03,3693800.0,DGC
2018-08-20 07:00:00,,8.81,,8.67,,CTR
2017-10-18 07:00:00,,4.35,,4.35,500.0,DHD
2022-02-09 07:00:00,,,6.51,7.07,5600.0,MCF
2017-10-19 07:00:00,,9.93,9.75,9.75,,PC1
2020-09-11 07:00:00,,1.4,1.3,,,HHG
2024-11-21 07:00:00,6.25,6.35,,,39100.0,TDT
2020-06-19 07:00:00,,,3.71,3.79,,VPH
2022-07-21 07:00:00,12.63,13.38,12.44,13.38,2400.0,C21
2019-11-29 07:00:00,1.82,,,1.84,222130.0,EVG
2023-06-23 07:00:00,23.48,23.92,23.44,23.92,997100.0,SSB
2025-03-07 07:00:00,56.45,,55.67,55.67,,KDC
2025-06-20 07:00:00,,12.9,,,,RYG
2019-10-07 07:00:00,3.64,3.74,3.55,,,DHM
2024-06-03 07:00:00,11.22,11.58,11.22,,20800.0,ANT
2024-04-04 07:00:00,,28.9,,28.77,,D2D
2019-01-14 07:00:00,6.35,,6.12,6.45,100636.0,MIG
2021-05-17 07:00:00,,5.63,5.45,5.54,,BTS
2021-10-21 07:00:00,,16.82,16.34,,900.0,VFC
2020-07-29 07:00:00,21.22,21.41,18.06,20.64,663748.0,CTR
2025-01-08 07:00:00,57.42,,56.94,57.13,431300.0,KDC
2016-03-23 07:00:00,,3.34,,3.34,13100.0,VE9
2020-07-16 07:00:00,6.6,,6.43,6.56,,SBV
2024-02-02 07:00:00,25.76,,25.76,,,SFI
2020-09-24 07:00:00,,9.35,9.2,,800.0,PGV
2021-04-23 07:00:00,12.52,12.6,,,171548.0,VTD
2020-06-19 07:00:00,,,10.11,,1400.0,TNB
2022-04-18 07:00:00,18.97,18.97,17.92,17.92,8403800.0,CTG
2021-04-14 07:00:00,7.22,,6.88,8.07,5800.0,NDT
2018-08-20 07:00:00,6.8,,6.8,6.8,1000.0,TNW
2016-04-26 07:00:00,5.38,,5.38,,,CTX
2016-10-18 07:00:00,8.24,,8.24,8.44,,VNR
2023-09-27 07:00:00,8.26,8.26,7.82,8.25,3179500.0,ASM
2025-11-27 07:00:00,207.0,,193.3,202.0,,VJC
2023-07-24 07:00:00,3.28,3.37,,3.35,,TGG
2025-04-16 07:00:00,,25.32,,24.93,40920.0,VCP
2021-06-01 07:00:00,,11.94,,11.67,200.0,STC
2019-05-23 07:00:00,20.68,20.68,,20.68,74300.0,BCM
2017-05-25 07:00:00,12.53,12.53,12.53,12.53,,SMT
2020-05-07 07:00:00,9.94,9.94,9.94,9.94,300.0,MCC
2024-03-01 07:00:00,,,29.78,30.04,81718.0,VLB
2022-05-11 07:00:00,,12.2,12.2,12.2,,PAP
2019-05-09 07:00:00,6.92,,,6.92,263490.0,PHC
2020-07-20 07:00:00,,38.52,37.75,37.99,24762.0,L14
2022-08-10 07:00:00,18.98,19.25,18.75,,1758700.0,MIG
2015-10-21 07:00:00,15.65,15.65,,15.65,1050.0,GMC
2024-08-02 07:00:00,,13.03,9.88,12.13,31600.0,TT6
2022-01-21 07:00:00,20.0,,19.4,20.0,14000.0,DVG
2021-12-31 07:00:00,,17.4,,17.31,13200.0,CSM
2016-10-10 07:00:00,15.7,,15.64,15.86,,HT1
2024-12-20 07:00:00,,17.1,,17.1,,FDC
2025-08-22 07:00:00,,,26.2,26.48,11100.0,PPH
2022-02-24 07:00:00,8.6,8.6,8.3,,4800.0,TS3
2021-08-11 07:00:00,,,,5.3,53500.0,PGT
2023-06-15 07:00:00,4.2,4.6,3.7,,28600.0,VMG
2018-11-22 07:00:00,,9.53,,7.18,200.0,CDP
2026-04-02 07:00:00,24.2,,24.1,24.3,6200.0,VCP
2016-02-05 07:00:00,7.0,7.0,7.0,7.0,4100.0,PRO
2021-04-05 07:00:00,,,5.6,,,NAB
2020-11-05 07:00:00,7.78,7.78,,7.71,3329460.0,POW
2021-03-15 07:00:00,,48.02,,47.6,376500.0,NHH
2021-01-26 07:00:00,3.81,3.81,3.66,3.69,902300.0,HID
2023-01-04 07:00:00,34.48,34.48,,,,HEV
2022-02-08 07:00:00,125.78,131.8,125.17,127.18,7260.0,VEF
2020-12-22 07:00:00,,18.81,17.48,,180930.0,DPR
2016-04-22 07:00:00,,11.38,,11.3,1011770.0,PXS
2022-01-14 07:00:00,23.34,23.46,22.77,23.04,2041400.0,BAF
2018-11-30 07:00:00,,,,6.42,500.0,CKD
2024-09-25 07:00:00,6.7,6.8,6.7,6.8,15400.0,SJM
2021-02-03 07:00:00,15.56,15.56,14.69,,3200.0,VMD
2024-09-10 07:00:00,,21.6,21.3,21.6,30000.0,PGV
2024-07-17 07:00:00,,38.62,35.41,,,CSV
2025-09-18 07:00:00,8.1,8.1,7.4,,,DC1
2018-09-28 07:00:00,10.45,,,10.32,,HT1
2016-09-26 07:00:00,,13.5,13.09,,28990.0,IMP
2018-01-10 07:00:00,1.71,1.8,1.71,,,MCO
2016-12-23 07:00:00,2.92,2.99,2.83,2.83,,ACL
2025-05-27 07:00:00,1.9,,1.9,2.0,5300.0,VE9
2025-05-14 07:00:00,,,23.48,23.58,44200.0,TV1
2025-02-17 07:00:00,9.19,,8.76,9.05,2700.0,SBV
2024-11-26 07:00:00,,4.6,4.5,,23703.0,TXM
2021-05-24 07:00:00,6.67,6.87,,6.39,,PVO
2023-12-06 07:00:00,12.33,12.69,12.3,12.59,14002600.0,TPB
2020-05-06 07:00:00,,,2.97,2.99,,IDI
2024-03-26 07:00:00,,23.44,22.84,,1922200.0,HDG
2021-05-12 07:00:00,,4.2,,4.1,853400.0,DST
2023-10-10 07:00:00,12.99,13.07,12.54,12.84,,SAV
2019-03-06 07:00:00,6.08,6.08,6.08,6.08,10.0,RIC
2020-06-26 07:00:00,,,1.02,,185100.0,VE9
2018-04-12 07:00:00,5.11,,4.94,,85200.0,DBC
2022-08-10 07:00:00,,12.0,,11.95,,VNG
2018-12-11 07:00:00,,6.32,6.28,6.28,30470.0,DBC
2019-10-04 07:00:00,2.33,,,2.33,,HAP
2015-12-09 07:00:00,,2.97,2.97,2.97,400.0,VNP
2022-02-15 07:00:00,31.05,31.23,,31.23,600.0,SFI
2020-07-07 07:00:00,,,4.6,4.6,,VXB
2015-11-12 07:00:00,,6.4,,6.4,810.0,SRF
2019-06-20 07:00:00,19.0,19.0,18.75,19.0,,CTI
2016-07-21 07:00:00,11.04,11.25,10.82,11.04,,IMP
2020-02-21 07:00:00,1.85,1.85,1.85,1.85,1000.0,PVY
2024-03-27 07:00:00,7.39,,7.39,7.48,,MCF
2017-12-05 07:00:00,,13.34,,,37120.0,SRF
2018-01-11 07:00:00,10.11,10.11,,10.06,34823.0,VNR
2023-05-29 07:00:00,15.0,,15.0,16.0,2500.0,FDC
2015-12-08 07:00:00,,2.7,2.51,2.7,24580.0,VOS
2018-10-26 07:00:00,1.1,,1.1,1.1,,CDO
2023-03-24 07:00:00,5.29,5.3,,,114700.0,HCD
2023-12-27 07:00:00,,,7.65,7.91,,GMC
2023-07-14 07:00:00,4.0,4.3,4.0,4.3,6400.0,VTA
2025-01-10 07:00:00,,8.3,,8.25,,SRF
2019-08-16 07:00:00,1.6,1.6,1.3,,400.0,PVR
2024-02-29 07:00:00,6.0,,,6.0,,ONE
2019-12-05 07:00:00,7.69,,7.69,7.75,400.0,STC
2017-07-27 07:00:00,4.69,4.69,4.31,4.56,172280.0,KMR
2021-06-11 07:00:00,6.9,6.9,6.8,6.8,3449.0,PSB
2021-08-19 07:00:00,118.0,120.0,,120.0,1395400.0,VJC
2020-12-09 07:00:00,34.1,35.0,,34.73,999720.0,KDC
2024-12-17 07:00:00,,,,15.72,,CLX
2023-06-06 07:00:00,14.22,,,14.84,,PGB
2024-12-02 07:00:00,,4.54,4.3,4.54,1100.0,SMT
2017-07-26 07:00:00,10.84,11.12,10.79,11.02,,TMT
2024-03-21 07:00:00,4.3,4.4,4.3,4.4,,PXS
2020-12-21 07:00:00,,11.2,,11.2,,PCC
2025-09-16 07:00:00,,10.2,9.3,,158100.0,RIC
2018-01-24 07:00:00,8.91,8.91,,8.84,16600.0,CTR
2026-04-14 07:00:00,35.2,35.75,34.9,35.75,,BAF
2018-12-21 07:00:00,8.95,9.08,8.83,,,SBV
2024-02-20 07:00:00,,8.88,8.68,8.68,,MAC
2024-08-28 07:00:00,5.0,5.1,,,1400.0,VMG
2023-03-09 07:00:00,7.35,,,7.35,,MIC
2018-03-20 07:00:00,2.19,,2.19,2.19,30900.0,HBS
2025-09-26 07:00:00,11.0,11.0,,11.0,100.0,VHL
2015-12-18 07:00:00,,5.59,,5.59,,GSM
2020-03-26 07:00:00,6.81,6.96,6.81,,16400.0,ACL
2021-06-29 07:00:00,11.45,,11.39,11.45,15280600.0,MSB
2018-09-18 07:00:00,3.53,3.53,3.53,3.53,,TTN
2024-07-16 07:00:00,7.5,7.5,7.4,7.5,77473.0,EVS
2024-10-24 07:00:00,21.03,21.19,20.44,20.44,832900.0,NHA
2019-02-14 07:00:00,4.0,4.0,4.0,4.0,,SD6
2018-11-09 07:00:00,,0.4,,,51260.0,GTT
2016-01-07 07:00:00,7.44,8.39,7.37,8.39,4100.0,SD4
2018-05-31 07:00:00,,,,4.06,381140.0,TTF
2017-05-17 07:00:00,11.25,11.25,,,33610.0,TMT
2025-09-16 07:00:00,9.19,9.19,8.61,,,IDI
2023-08-03 07:00:00,12.92,,12.24,,,C21
2024-02-28 07:00:00,,,,,51500.0,PBC
2018-01-29 07:00:00,5.28,,5.26,,9140.0,BTP
2022-08-23 07:00:00,,9.19,8.89,9.15,94200.0,UDC
2018-07-12 07:00:00,,6.67,6.39,6.39,10980.0,PLP
2026-04-08 07:00:00,15.5,,,15.4,4000.0,VET
2020-01-03 07:00:00,,13.12,13.12,13.12,100.0,QHD
2025-01-21 07:00:00,,7.14,7.0,7.06,,APG
2018-09-27 07:00:00,,7.35,,7.25,499670.0,HCD
2019-09-23 07:00:00,6.38,6.4,6.38,6.4,610.0,GSP
2016-03-28 07:00:00,6.63,,6.57,6.57,1100.0,HEV
2023-11-22 07:00:00,,,11.85,11.85,800.0,C21
2016-07-28 07:00:00,2.37,2.5,2.37,,3100.0,PHC
2025-04-21 07:00:00,25.99,26.08,25.66,,17000.0,MCM
2022-12-05 07:00:00,,78.52,,78.32,,BCM
2017-11-16 07:00:00,8.53,8.96,8.53,8.96,53800.0,VCI
2020-07-22 07:00:00,,12.0,12.0,,10.0,BCP
2023-07-10 07:00:00,13.08,13.17,13.03,13.12,,CSM
2021-12-16 07:00:00,20.94,,,,16711.0,TNB
2018-04-10 07:00:00,7.1,7.2,7.07,7.12,163770.0,PXS
2021-03-09 07:00:00,,3.8,3.6,,,PV2
2025-03-10 07:00:00,,10.5,10.3,10.3,20610.0,TDS
2023-11-17 07:00:00,64.2,,,63.9,62300.0,SCG
2025-04-25 07:00:00,2.4,2.8,2.4,,9200.0,BTN
2018-01-09 07:00:00,39.44,39.44,38.5,38.9,20800.0,VEF
2019-03-20 07:00:00,,9.2,,,6790.0,SFI
2025-05-06 07:00:00,,9.58,9.58,,100.0,CDP
2023-04-04 07:00:00,,,7.05,7.05,5.0,LG9
2022-12-26 07:00:00,37.22,37.22,36.64,,21337.0,APF
2024-06-10 07:00:00,3.7,3.8,,3.8,52236.0,EIN
2016-01-14 07:00:00,,4.42,,4.42,35000.0,SBA
2021-10-20 07:00:00,15.47,,15.47,,300.0,VFC
2016-11-24 07:00:00,,19.3,19.3,,,ARM
2016-10-19 07:00:00,12.38,12.38,12.24,12.31,7200.0,MCC
2021-03-08 07:00:00,73.51,,,,3046500.0,VHM
2016-08-31 07:00:00,,,3.83,4.12,800.0,ONE
2019-10-04 07:00:00,28.46,,,27.95,159180.0,VHC
2020-01-30 07:00:00,6.37,6.43,6.17,6.18,8995010.0,MBB
2024-03-25 07:00:00,,10.12,9.8,,4500.0,MTP
2022-01-12 07:00:00,15.34,15.74,15.27,15.53,,ACB
2025-10-16 07:00:00,,21.0,20.0,20.0,300.0,CMM
2021-12-08 07:00:00,16.48,16.48,,15.96,57700.0,SCL
2018-10-04 07:00:00,22.68,,22.44,22.72,55850.0,KDC
2021-07-12 07:00:00,6.9,6.9,6.8,,,APP
2019-06-27 07:00:00,7.61,7.61,,7.56,7210.0,CSV
2022-04-08 07:00:00,10.19,,10.19,10.19,200.0,EMG
2023-02-02 07:00:00,3.53,3.65,3.48,,976400.0,EVG
2025-06-24 07:00:00,,10.39,10.06,10.25,5200.0,ACL
2021-12-14 07:00:00,16.7,,16.7,17.2,34400.0,EIN
2025-08-08 07:00:00,,18.34,16.92,17.85,7575400.0,FCN
2022-08-16 07:00:00,124.2,124.3,123.3,,676900.0,VJC
2018-04-03 07:00:00,4.85,5.05,4.77,,3144019.0,SHS
2017-11-28 07:00:00,10.4,,10.4,11.0,1700.0,VE8
2020-06-12 07:00:00,2.74,2.74,2.64,,,TXM
2017-10-17 07:00:00,13.75,,13.75,,836180.0,NLG
2020-08-21 07:00:00,,16.63,16.63,16.63,100.0,GND
2017-02-09 07:00:00,4.93,4.99,4.72,,9250.0,HDG
2025-07-25 07:00:00,6.7,6.7,6.7,6.7,,ILC
2016-08-16 07:00:00,,2.38,2.23,2.23,1900.0,ALV
2021-03-31 07:00:00,27.29,27.56,27.29,27.5,,VCG
2021-11-24 07:00:00,,,,,,EVS
2021-09-07 07:00:00,16.4,17.0,,17.0,,VTX
2026-02-05 07:00:00,14.1,14.2,14.1,14.2,,HSP
2022-07-22 07:00:00,15.06,15.06,,15.06,,VIF
2020-03-24 07:00:00,17.7,18.0,,17.7,6890560.0,VRE
2018-08-29 07:00:00,7.36,7.36,6.4,,,RIC
2018-01-04 07:00:00,12.94,12.96,,12.94,4950.0,TBC
2021-05-21 07:00:00,1.4,1.4,1.4,,116244.0,STL
2016-02-17 07:00:00,3.3,3.3,,3.3,,S12
2021-10-19 07:00:00,7.6,8.49,7.6,8.18,,PTL
2024-10-09 07:00:00,16.2,16.2,16.2,16.2,300.0,ATS
2024-12-18 07:00:00,,19.94,19.73,19.86,692300.0,PC1
2018-03-07 07:00:00,,,1.71,1.71,5200.0,MCO
2021-09-10 07:00:00,15.25,,15.13,15.15,4101100.0,ACB
2022-09-26 07:00:00,14.17,,,,4030100.0,PVT
2020-05-12 07:00:00,34.6,34.77,,34.77,700.0,SGH
2025-10-10 07:00:00,,8.0,,8.0,3700.0,SRF
2021-11-30 07:00:00,,28.8,27.48,27.91,2461700.0,DBC
2023-08-09 07:00:00,73.26,73.55,,72.69,,BCM
2022-11-23 07:00:00,6.06,6.13,5.85,6.1,9600.0,GSP
2022-12-05 07:00:00,,21.9,18.8,21.9,,SDU
2021-04-15 07:00:00,6.9,,,,17027.0,PGT
2024-08-15 07:00:00,6.51,,6.06,6.54,282900.0,SAM
2025-04-08 07:00:00,11.1,11.1,9.0,9.3,,VTD
2019-05-30 07:00:00,15.58,15.71,15.54,15.54,,KDC
2022-01-06 07:00:00,7.83,8.59,,8.31,1268194.0,NAB
2018-02-05 07:00:00,,8.01,7.49,,,HAG
2020-09-18 07:00:00,6.29,6.29,6.03,6.29,8230.0,GSP
2023-08-23 07:00:00,9.67,,8.69,8.71,,HAS
2018-11-09 07:00:00,3.93,,,,805720.0,MPT
2018-06-06 07:00:00,7.09,7.13,6.96,7.13,5489.0,TCW
2023-01-11 07:00:00,53.22,,51.74,52.23,297179.0,L14
2020-03-13 07:00:00,9.37,10.58,,,1000.0,PNC
2016-10-04 07:00:00,21.76,21.76,,21.46,9280.0,PGD
2021-10-14 07:00:00,7.66,8.1,,,12438800.0,TTF
2025-01-02 07:00:00,30.08,30.56,,30.56,,CTW
2018-09-19 07:00:00,17.57,17.96,,17.96,,VNG
2019-04-16 07:00:00,5.85,5.85,5.85,5.85,85.0,VTA
2024-08-02 07:00:00,2.48,2.53,2.4,2.5,,DRH
2022-10-03 07:00:00,,12.84,,12.84,,PRE
2023-05-24 07:00:00,23.03,,22.85,22.9,60500.0,PGV
2018-11-23 07:00:00,3.9,,,3.9,400.0,ILA
2017-08-31 07:00:00,9.0,9.64,9.0,9.48,5220.0,SFI
2024-08-09 07:00:00,38.85,,,38.85,900.0,UIC
2021-04-14 07:00:00,10.19,10.3,10.04,10.26,,TPB
2024-02-16 07:00:00,,6.16,,6.16,,QNW
2024-05-02 07:00:00,6.8,,6.8,,3000.0,QNC
2018-12-19 07:00:00,3.91,3.91,3.91,,,TJC
2024-09-24 07:00:00,,14.35,14.18,14.18,,PPP
2017-09-25 07:00:00,2.3,2.3,2.1,2.3,3442310.0,ACM
2023-07-06 07:00:00,,,13.66,13.66,,PRE
2022-12-06 07:00:00,,6.69,5.98,5.98,65100.0,UDC
2020-10-26 07:00:00,5.09,5.09,4.94,4.94,,PTS
2022-09-09 07:00:00,,,6.28,6.36,129300.0,PCH
2018-11-12 07:00:00,6.36,6.36,5.92,5.92,,VTH
2017-11-30 07:00:00,4.5,,4.26,,652690.0,TDC
2021-11-30 07:00:00,,13.5,12.2,,27600.0,BCP
2024-09-30 07:00:00,,12.66,12.43,,12300.0,BTP
2021-01-18 07:00:00,9.0,9.59,,8.77,,SAC
2022-02-15 07:00:00,,33.68,,,359000.0,HDG
2018-04-26 07:00:00,,,,2.84,,VRG
2022-07-06 07:00:00,55.72,58.6,55.67,,7400.0,LHC
2022-01-26 07:00:00,11.03,,,11.36,1100.0,HAS
2018-12-05 07:00:00,,,3.76,,,VRG
2018-06-18 07:00:00,,,,3.0,,HAV
2018-10-30 07:00:00,13.0,,,13.09,265700.0,OIL
2025-11-06 07:00:00,,5.8,,,600.0,KGM
2021-02-03 07:00:00,6.93,7.25,,7.17,,VTD
2017-08-31 07:00:00,4.52,,,4.52,,VCA
2024-08-05 07:00:00,,27.23,26.75,26.84,,SFI
2021-07-07 07:00:00,11.89,,11.89,,,HAS
2021-11-17 07:00:00,17.11,17.11,16.92,17.02,8600.0,SID
2018-07-30 07:00:00,6.67,6.71,6.21,,827990.0,DAG
2023-07-25 07:00:00,5.1,,,4.9,6600.0,VNY
2025-08-25 07:00:00,33.97,,,33.97,1000.0,HMS
2022-05-13 07:00:00,,17.43,15.85,,363701.0,BVS
2019-06-19 07:00:00,4.09,,4.09,4.09,,SAV
2019-08-12 07:00:00,,1.0,0.9,,,DST
2020-01-20 07:00:00,,17.86,16.8,17.86,,CTI
2018-12-05 07:00:00,8.1,10.3,8.1,,,VNI
2021-05-13 07:00:00,4.1,4.5,,4.2,2412.0,BTN
2023-12-20 07:00:00,11.53,11.53,11.53,11.53,300.0,VNL
2024-02-05 07:00:00,,10.7,10.37,10.7,2500.0,NHT
2023-11-30 07:00:00,3.23,3.24,,3.15,317600.0,DAG
2023-03-21 07:00:00,22.28,22.76,22.24,,,AGG
2017-07-05 07:00:00,,9.1,9.1,9.1,400.0,VNI
2021-10-18 07:00:00,6.1,6.7,6.1,6.1,,PRO
2025-10-03 07:00:00,,,,16.6,,DSC
2021-01-22 07:00:00,,1.87,,,409800.0,TGG
2025-12-29 07:00:00,77.5,78.0,75.7,,,TRC
2023-04-10 07:00:00,4.55,,,,547200.0,TGG
2018-10-26 07:00:00,2.72,2.99,2.72,2.74,970.0,MCG
2020-03-11 07:00:00,6.95,,6.74,,17900.0,VRG
2019-01-15 07:00:00,,3.05,,3.02,431410.0,TTF
2022-07-18 07:00:00,28.27,29.27,28.23,28.68,43200.0,DHA
2023-08-22 07:00:00,2.6,,2.4,2.6,688572.0,HHG
2022-10-04 07:00:00,25.93,25.93,23.85,24.96,,DHA
2025-12-16 07:00:00,32.7,32.8,,32.8,2600.0,CDN
2025-05-15 07:00:00,,5.8,5.8,5.8,100.0,SHN
2022-06-17 07:00:00,,7.35,6.56,6.56,8100.0,DSC
2023-01-12 07:00:00,,3.9,3.5,3.9,22500.0,BTN
2024-11-11 07:00:00,19.85,,,20.07,183261.0,GDA
2025-03-24 07:00:00,,,25.76,26.25,1800.0,SFI
2021-12-27 07:00:00,7.3,7.4,,7.4,300.0,S72
2018-11-07 07:00:00,,9.35,,9.32,,SFI
2022-04-18 07:00:00,34.23,36.55,,34.58,102400.0,SZG
2024-06-27 07:00:00,18.68,18.68,17.62,18.33,3590900.0,SSB
2017-01-24 07:00:00,5.22,5.5,,,,XPH
2015-11-27 07:00:00,,14.08,13.33,,990.0,CTI
2019-03-22 07:00:00,17.3,17.3,,17.3,100.0,IME
2024-03-04 07:00:00,3.6,3.7,3.6,,5705.0,SD6
2025-08-14 07:00:00,,28.87,28.54,28.54,30200.0,MCM
2023-10-20 07:00:00,,30.84,30.21,,3600.0,MH3
2019-04-03 07:00:00,6.98,,6.39,6.98,400.0,HPH
2016-12-08 07:00:00,14.81,15.43,,15.06,,CVT
2024-03-12 07:00:00,30.26,,,30.26,63200.0,SFI
2022-07-27 07:00:00,16.21,16.58,,,,CTG
2020-11-20 07:00:00,0.11,0.12,0.11,,500.0,VNX
2019-09-19 07:00:00,65.52,66.36,65.52,66.36,,BHN
2025-02-06 07:00:00,7.3,,7.3,7.3,100.0,CT3
2026-03-06 07:00:00,,19.05,18.15,19.0,1131300.0,ELC
2017-04-26 07:00:00,,10.0,9.6,10.0,39200.0,VNR
2024-10-24 07:00:00,104.5,104.5,,,771400.0,VJC
2018-06-20 07:00:00,,,,,184000.0,HHG
2021-11-22 07:00:00,8.83,,8.18,8.24,31019.0,SAC
2023-05-24 07:00:00,,4.6,4.2,,3900.0,SD3
2018-08-15 07:00:00,,9.61,8.36,8.43,,CTR
2019-09-06 07:00:00,,65.62,64.89,65.48,243750.0,VHM
2018-09-11 07:00:00,,10.46,10.44,,600.0,NHT
2022-02-25 07:00:00,13.64,13.76,,,79100.0,SBV
2022-12-02 07:00:00,2.6,2.7,,,165774.0,PV2
2021-01-04 07:00:00,,,11.6,11.9,355600.0,AFX
2018-01-15 07:00:00,6.7,6.9,,6.9,700.0,XPH
2026-01-12 07:00:00,15.82,18.1,13.61,,,NTF
2023-03-22 07:00:00,,,,14.41,,VGV
2019-12-24 07:00:00,,8.51,8.03,8.03,80.0,CCI
2018-12-20 07:00:00,,16.14,15.68,15.68,5300.0,DHA
2020-08-10 07:00:00,1.7,1.8,1.6,1.7,,MPT
2025-07-15 07:00:00,,34.0,,,2371500.0,BAF
2018-10-11 07:00:00,,35.6,,35.1,,ATS
2023-09-27 07:00:00,5.3,5.3,5.0,5.1,,RIC
2024-12-12 07:00:00,,11.2,11.2,11.2,100.0,NHT
2025-09-23 07:00:00,25.31,26.82,25.31,26.82,1936500.0,ANV
2016-08-17 07:00:00,,9.09,8.88,9.07,,DGC
2023-11-14 07:00:00,3.5,3.5,3.2,3.2,16801.0,PGT
2016-01-18 07:00:00,3.62,3.62,,3.39,3300.0,CKD
2024-06-19 07:00:00,21.54,21.54,21.54,21.54,102.0,CKD
2025-09-17 07:00:00,6.7,,,6.7,,ILA
2018-02-06 07:00:00,33.49,,,,,VEF
2015-12-11 07:00:00,0.51,,,0.51,,PXM
2025-02-21 07:00:00,6.8,6.8,6.8,6.8,100.0,MEL
2017-05-29 07:00:00,14.99,16.3,14.99,,540.0,VMD
2017-09-15 07:00:00,9.54,9.54,9.54,,10.0,STT
2024-07-01 07:00:00,,,3.6,,1200.0,HAV
2017-06-12 07:00:00,,7.48,7.25,,,SWC
2023-08-10 07:00:00,16.06,16.16,,15.72,4524300.0,PVT
2024-03-11 07:00:00,2.9,3.0,2.9,2.9,4200.0,SD4
2016-03-18 07:00:00,6.73,6.73,,6.56,134560.0,ITD
2023-11-21 07:00:00,,28.75,28.1,28.19,268900.0,DPR
2026-02-05 07:00:00,2.7,2.7,2.6,2.6,,PV2
2018-09-11 07:00:00,4.15,4.72,4.15,4.72,,LBM
2023-01-06 07:00:00,19.72,19.72,19.57,,9200.0,PGD
2021-03-15 07:00:00,,,,11.28,,BDW
2022-09-28 07:00:00,6.24,6.32,5.93,5.93,57400.0,HCD
2022-02-08 07:00:00,13.06,13.06,13.06,13.06,,TMB
2021-04-09 07:00:00,11.15,,10.92,10.96,570600.0,SAM
2022-07-29 07:00:00,27.34,27.65,27.26,27.65,,VLB
2022-09-12 07:00:00,14.06,,13.97,14.9,126900.0,PBC
2025-09-16 07:00:00,,3.06,3.02,3.05,24800.0,KMR
2017-10-27 07:00:00,40.75,,40.75,,,ACV
2020-07-23 07:00:00,8.79,8.81,8.67,8.73,,BTP
2018-01-22 07:00:00,,3.3,3.11,3.18,23800.0,ONE
2025-04-22 07:00:00,3.1,3.1,,,27000.0,VE8
2021-12-07 07:00:00,9.88,9.88,9.88,9.88,,NFC
2017-07-28 07:00:00,23.07,23.32,,23.07,,CTP
2022-07-19 07:00:00,3.0,3.1,2.9,3.0,15500.0,VE9
2023-05-23 07:00:00,3.4,3.4,3.3,3.3,21200.0,CTP
2024-07-03 07:00:00,,9.44,9.34,9.44,3526000.0,MSB
2024-03-06 07:00:00,15.34,,15.34,15.43,,VMD
2025-11-14 07:00:00,5.7,,5.7,5.7,700.0,KGM
2021-01-19 07:00:00,54.39,54.96,,49.86,1257245.0,CTR
2016-12-16 07:00:00,9.85,9.85,9.55,9.68,59890.0,DAG
2017-01-25 07:00:00,28.9,29.48,28.55,28.84,109600.0,ACV
2024-03-07 07:00:00,,14.45,14.27,14.3,,HDB
2022-10-27 07:00:00,43.74,44.95,43.74,,,ACV
2026-03-05 07:00:00,,63.0,,63.0,,NNT
2024-08-22 07:00:00,27.7,,,,,SFI
2025-09-19 07:00:00,4.4,4.4,,,8300.0,GMC
2023-07-05 07:00:00,,,,,626.0,GEE
2024-09-27 07:00:00,48.55,,48.55,50.19,,KDC
2022-03-23 07:00:00,,12.54,12.09,12.35,,VNL
2022-08-22 07:00:00,18.01,18.01,,17.5,24600.0,NDT
2024-11-25 07:00:00,,,2.95,3.08,607600.0,JVC
2026-01-06 07:00:00,31.3,31.5,,31.5,,CQN
2026-04-13 07:00:00,,,9.1,,500.0,SMT
2015-10-16 07:00:00,11.25,11.25,10.25,,74800.0,SSN
2023-04-24 07:00:00,,24.85,,,800.0,SVC
2022-10-20 07:00:00,,4.64,4.39,4.64,21702.0,HBS
2018-04-16 07:00:00,,7.84,,7.84,10420.0,CTP
2024-05-10 07:00:00,10.53,10.72,10.44,10.53,321962.0,S99
2017-07-17 07:00:00,,4.42,4.24,4.34,,UDC
2020-05-21 07:00:00,12.37,12.37,,,1000.0,VIF
2019-02-21 07:00:00,9.69,10.23,,10.1,,LMH
2018-12-13 07:00:00,,,6.12,,100.0,NDT
2023-04-26 07:00:00,8.9,8.9,8.85,8.9,,GMC
2023-09-21 07:00:00,9.46,9.46,9.46,,200.0,DWC
2023-06-26 07:00:00,8.46,,8.46,8.46,300.0,THP
2020-07-16 07:00:00,9.9,,9.9,9.9,,DTL
2024-06-26 07:00:00,8.9,,8.6,,2174657.0,TVN
2018-05-10 07:00:00,7.24,7.34,7.24,7.34,11800.0,VCA
2017-08-02 07:00:00,9.93,,9.88,9.91,,DPR
2025-05-22 07:00:00,12.43,12.56,12.23,12.39,,DSC
2020-03-11 07:00:00,,5.72,,5.62,6200.0,TVN
2016-10-07 07:00:00,,,16.46,16.46,8100.0,SFN
2022-06-16 07:00:00,23.95,23.95,21.7,23.6,,FDC
2022-10-27 07:00:00,,16.87,16.87,16.87,100.0,HPD
2026-01-29 07:00:00,,17.61,17.61,,,PPP
2020-11-19 07:00:00,2.97,3.13,,3.02,,SCL
2024-12-27 07:00:00,10.05,10.05,,10.05,100.0,DTL
2023-07-28 07:00:00,5.0,5.0,,5.0,,SVG
2017-07-28 07:00:00,8.98,,8.98,,50820.0,IDV
2023-08-22 07:00:00,5.9,5.9,5.6,5.7,,PXS
2022-01-21 07:00:00,46.75,47.01,44.84,45.97,3923900.0,NLG
2026-03-19 07:00:00,8.9,,8.66,,,TNT
2023-08-18 07:00:00,,,21.29,21.75,18700.0,SWC
2023-12-28 07:00:00,,,21.15,21.23,,PPH
2022-02-15 07:00:00,78.0,79.6,77.5,79.0,2724200.0,NVL
2024-11-06 07:00:00,22.81,24.26,,24.26,33200.0,CSC
2019-05-09 07:00:00,9.57,,,9.57,500.0,NHH
2016-03-22 07:00:00,2.3,2.4,,2.4,116600.0,PV2
2021-10-11 07:00:00,35.3,37.0,35.0,35.8,130900.0,DCL
2025-07-16 07:00:00,6.7,,6.7,6.7,1000.0,ILC
2019-05-03 07:00:00,8.21,8.21,,8.21,100.0,AGP
2020-05-26 07:00:00,9.48,9.48,9.48,9.48,,STC
2017-04-25 07:00:00,9.82,9.82,9.51,,330440.0,SWC
2020-10-09 07:00:00,16.37,16.37,16.06,16.29,29260.0,DPR
2022-03-25 07:00:00,43.93,,,,,MCM
2020-07-13 07:00:00,8.25,8.25,,8.25,1000.0,SGD
2017-11-01 07:00:00,16.29,16.29,,16.29,100.0,YTC
2019-08-08 07:00:00,7.53,,7.53,,100.0,SAC
2017-02-27 07:00:00,,5.07,4.9,,674420.0,DHM
2023-06-20 07:00:00,6.92,6.92,6.65,6.92,,XMC
2022-08-30 07:00:00,17.56,17.56,,,102.0,PJC
2018-03-23 07:00:00,6.65,,6.28,6.46,,VE9
2021-09-23 07:00:00,,11.2,11.13,11.13,,BTP
2020-06-26 07:00:00,3.91,3.91,3.77,,,NHA
2023-07-07 07:00:00,,,,2.7,170600.0,PV2
2018-06-20 07:00:00,,67.63,,67.04,613980.0,VHM
2020-12-18 07:00:00,14.89,,14.63,,,DVN
2022-04-05 07:00:00,,,12.74,12.78,32900.0,VNL
2022-10-26 07:00:00,,8.11,8.11,8.11,13.0,TTC
2021-06-08 07:00:00,14.93,15.83,14.93,15.83,16100.0,PBC
2022-06-22 07:00:00,36.4,39.0,,39.0,,CVT
2018-03-29 07:00:00,,13.43,13.31,,51330.0,VCI
2018-03-21 07:00:00,,5.33,5.04,,139008.0,DBC
2021-05-24 07:00:00,,8.5,8.2,8.4,147800.0,VKC
2026-03-17 07:00:00,,,10.0,,8100.0,HMR
2021-03-29 07:00:00,18.4,,,,35303.0,EIN
2021-07-29 07:00:00,4.0,,,4.0,121000.0,SD6
2024-07-11 07:00:00,,,34.1,35.48,,L14
2022-09-12 07:00:00,18.56,18.56,17.96,18.42,,VNR
2025-01-15 07:00:00,3.5,3.5,2.9,3.5,7500.0,VTA
2021-03-26 07:00:00,5.0,5.0,,5.0,1600.0,PRO
2018-05-30 07:00:00,8.0,8.0,,8.0,100.0,VNI
2023-04-18 07:00:00,5.9,5.9,5.9,5.9,,HAC
2023-07-27 07:00:00,,27.13,,27.13,100.0,ABT
2023-08-14 07:00:00,21.34,21.46,21.22,21.22,18930.0,IDV
2023-11-28 07:00:00,17.99,,17.71,17.99,,CTG
2023-07-26 07:00:00,26.98,27.42,,27.06,,DPR
2021-12-23 07:00:00,,,,20.11,108700.0,VNR
2026-04-08 07:00:00,10.0,,10.0,10.0,,MBT
2017-05-10 07:00:00,8.8,,8.69,8.69,,HAG
2026-01-28 07:00:00,,,20.0,20.0,4500.0,PNP
2017-11-29 07:00:00,6.76,6.76,6.52,6.52,12700.0,SAC
2017-02-10 07:00:00,18.75,19.31,,19.28,,TRC
2023-10-13 07:00:00,10.85,,10.6,,10615.0,BAB
2020-12-04 07:00:00,7.56,,7.41,7.46,,NHA
2020-10-28 07:00:00,15.05,15.05,14.9,15.0,174750.0,VNG
2021-03-08 07:00:00,20.98,21.32,20.7,21.32,2337000.0,AGG
2021-01-20 07:00:00,24.54,,,,739400.0,NLG
2022-10-04 07:00:00,39.1,39.1,38.4,38.4,,APF
2015-12-16 07:00:00,,17.13,17.0,17.06,1016350.0,CDO
2024-08-09 07:00:00,19.78,19.78,19.78,19.78,100.0,HC3
2020-10-20 07:00:00,,1.1,,1.1,,VNH
2023-10-27 07:00:00,,,14.76,,,PCC
2021-04-09 07:00:00,14.47,14.47,,12.39,400.0,PBC
2019-11-27 07:00:00,7.34,7.34,7.3,,3600.0,APF
2019-08-30 07:00:00,,3.86,,3.81,29630.0,VDS
2021-03-15 07:00:00,,5.35,,5.24,11483000.0,HAG
2019-01-02 07:00:00,5.85,,5.66,,,ITD
2025-06-13 07:00:00,14.05,14.3,,,30353700.0,NVL
2023-10-05 07:00:00,,8.89,8.54,,,NAG
2016-11-16 07:00:00,13.81,13.96,,13.96,7900.0,C21
2025-06-06 07:00:00,,1.3,,1.3,,PVV
2024-10-10 07:00:00,4.0,,,4.0,157909.0,GPC
2016-12-15 07:00:00,,,13.55,13.61,18910.0,HT1
2020-02-20 07:00:00,8.29,8.64,8.29,8.6,4728350.0,POW
2019-02-28 07:00:00,,3.3,3.2,3.2,980.0,PSB
2016-11-22 07:00:00,5.72,,5.72,,58610.0,CSV
2021-06-29 07:00:00,17.69,17.69,,17.69,,VRG
2016-03-15 07:00:00,,12.28,12.05,,101980.0,FCN
2022-11-18 07:00:00,,1.3,,1.3,,PXA
2017-09-19 07:00:00,4.59,,4.59,4.59,100.0,DHD
2025-07-03 07:00:00,2.59,2.74,2.58,,2058800.0,TTF
2026-01-28 07:00:00,,7.6,,7.4,6000.0,HIO
2019-09-27 07:00:00,,1.3,1.3,,700.0,PVR
2019-09-18 07:00:00,,28.01,26.96,,16556.0,SAS
2025-08-01 07:00:00,27.13,27.13,27.13,,100.0,BDW
2023-10-27 07:00:00,,,3.3,3.3,,VPA
2019-12-13 07:00:00,2.27,2.47,2.24,,,SHS
2025-02-03 07:00:00,68.4,68.5,,,46603.0,SSH
2019-10-16 07:00:00,12.9,12.94,12.81,12.9,,CSM
2026-04-29 07:00:00,18.0,18.0,,16.2,,TJC
2023-10-25 07:00:00,,6.75,6.41,6.67,42500.0,HBS
2024-10-01 07:00:00,9.58,9.58,9.49,9.49,400.0,CDP
2022-01-19 07:00:00,13.8,14.1,13.55,13.9,,TTF
2025-11-04 07:00:00,5.8,5.8,,,600.0,TS3
2024-04-05 07:00:00,2.26,,,2.12,4898900.0,DLG
2018-12-10 07:00:00,,,11.7,11.87,1700.0,LHC
2025-12-24 07:00:00,18.5,,18.5,18.9,4089100.0,PVT
2022-10-05 07:00:00,4.7,,,4.7,268700.0,DVG
2020-04-22 07:00:00,,,4.28,4.57,,DAG
2015-11-23 07:00:00,2.76,,2.74,,1210690.0,MBB
2022-12-27 07:00:00,8.91,8.91,,8.91,,DAT
2022-05-20 07:00:00,5.46,5.7,,,,FCM
2018-12-13 07:00:00,,9.24,9.15,,,TVN
2016-03-29 07:00:00,9.52,9.64,9.52,9.58,59350.0,VSH
2019-09-03 07:00:00,,2.64,2.59,2.59,,NAG
2018-05-11 07:00:00,,,9.47,9.47,,PC1
2022-11-08 07:00:00,1.8,1.8,1.7,,5808.0,VE9
2022-10-31 07:00:00,9.57,,9.19,,12195900.0,MBB
2022-05-19 07:00:00,12.44,12.81,11.88,12.72,1917554.0,OIL
2016-07-15 07:00:00,0.4,,0.4,0.5,1100.0,VKP
2020-07-29 07:00:00,17.98,17.98,,17.29,1200.0,ABR
2024-06-21 07:00:00,2.0,,1.9,2.1,498790.0,HHG
2022-04-08 07:00:00,22.83,,22.65,24.23,116227.0,VHL
2022-10-24 07:00:00,20.86,21.85,,20.48,10000.0,PGD
2018-11-26 07:00:00,5.94,,5.94,5.94,600.0,SAC
2020-09-28 07:00:00,2.0,2.0,1.8,,5400.0,MCO
2025-10-17 07:00:00,7.08,7.22,7.08,,662000.0,ASM
2019-09-05 07:00:00,,4.9,4.32,,,UDC
2024-05-09 07:00:00,,15.08,14.95,15.08,113300.0,MIG
2022-10-12 07:00:00,,10.43,10.43,,100.0,DAS
2018-01-12 07:00:00,,6.89,,6.7,300.0,MCF
2018-07-27 07:00:00,33.46,,33.07,,576480.0,NVL
2017-06-16 07:00:00,,5.03,5.03,,,BCP
2023-03-02 07:00:00,9.8,9.8,,9.8,300.0,VCA
2022-10-13 07:00:00,4.0,,,4.3,400.0,TXM
2024-08-23 07:00:00,,68.52,,,218155.0,ACV
2025-05-22 07:00:00,6.7,6.8,,,3100.0,SD3
2019-11-11 07:00:00,34.8,,34.6,34.7,2275720.0,VRE
2019-11-01 07:00:00,,18.24,18.08,18.24,,NAF
2026-03-03 07:00:00,8.0,,7.8,8.1,47500.0,NAG
2018-08-22 07:00:00,2.54,,2.5,2.52,70070.0,HID
2018-10-29 07:00:00,3.6,3.6,,,2000.0,EIN
2021-06-03 07:00:00,6.25,6.72,6.25,,1200.0,CTX
2020-10-20 07:00:00,,17.41,17.41,,,SFN
2021-03-11 07:00:00,4.1,4.5,4.1,4.4,,SD6
2020-09-01 07:00:00,,,,9.38,200.0,DTI
2023-08-04 07:00:00,,5.6,,5.6,5.0,VIE
2025-10-30 07:00:00,9.4,,,9.4,200.0,CX8
2017-12-21 07:00:00,,,8.9,9.16,587440.0,PXS
2019-12-02 07:00:00,6.41,,,6.52,,MIG
2019-03-05 07:00:00,,7.47,,,8900.0,CSC
2023-08-31 07:00:00,6.96,6.96,6.96,6.96,1.0,TLP
2023-12-11 07:00:00,15.76,15.8,15.62,15.73,2274400.0,ACB
2020-05-22 07:00:00,11.7,11.7,11.7,,100.0,QHD
2022-08-03 07:00:00,,20.44,20.2,,26100.0,TCW
2025-11-26 07:00:00,28.0,28.1,27.9,27.9,24000.0,PPH
2024-11-11 07:00:00,3.99,,3.87,4.06,37100.0,DXV
2020-04-28 07:00:00,7.91,7.91,7.91,7.91,18253.0,CTX
2021-12-13 07:00:00,7.6,7.8,,,9475.0,HKT
2021-05-28 07:00:00,8.44,8.44,,8.27,200.0,BWA
2017-07-03 07:00:00,,26.19,26.19,26.19,110.0,HOT
2018-04-12 07:00:00,23.1,23.2,,23.1,100200.0,BCM
2024-12-16 07:00:00,,4.32,4.25,,104100.0,TNT
2022-07-19 07:00:00,,,48.52,48.72,,FRT
2023-11-16 07:00:00,,6.31,,,416300.0,SAM
2022-04-27 07:00:00,11.1,11.1,,,100.0,PCM
2023-04-10 07:00:00,,12.44,12.24,12.24,,PBC
2021-12-28 07:00:00,18.0,18.0,,,1000.0,PAP
2022-12-30 07:00:00,12.89,13.01,12.77,,1339500.0,ACB
2022-09-23 07:00:00,,,,,,SRF
2022-12-19 07:00:00,9.34,9.68,,9.68,24500.0,SAV
2019-10-18 07:00:00,1.1,1.1,1.0,1.1,260600.0,VIG
2021-08-10 07:00:00,23.97,25.09,23.74,,,TCW
2020-06-03 07:00:00,,11.07,10.83,11.03,,MPC
2023-03-02 07:00:00,26.16,26.16,25.34,,,VLB
2026-01-30 07:00:00,11.02,11.02,11.02,,200.0,EBS
2021-03-05 07:00:00,6.2,,6.15,6.63,194110.0,SCL
2025-10-28 07:00:00,31.85,31.85,,31.35,,BAF
2020-08-27 07:00:00,5.98,6.12,5.93,5.93,,SAV
2023-12-18 07:00:00,7.0,7.0,,7.0,100.0,CCT
2020-10-12 07:00:00,6.89,,6.59,,29440.0,GSP
2018-03-26 07:00:00,,,16.77,16.77,100.0,GND
2019-09-05 07:00:00,9.23,,,9.14,1321560.0,CTG
2017-11-09 07:00:00,,,2.61,2.66,96410.0,CDO
2020-03-23 07:00:00,,56.69,,56.69,,NSC
2022-07-12 07:00:00,24.25,24.25,,24.25,3100.0,HMS
2019-01-18 07:00:00,5.5,5.5,5.5,,,DHD
2025-09-30 07:00:00,,,,5.49,17700.0,PLP
2020-03-25 07:00:00,1.09,1.09,1.01,1.01,40130.0,HTT
2021-12-21 07:00:00,57.6,,,58.08,,UIC
2024-11-06 07:00:00,,9.41,9.41,9.41,600.0,VNP
2026-04-28 07:00:00,2.72,2.93,2.6,,,PTL
2017-02-15 07:00:00,,4.9,,,100.0,TFC
2019-07-23 07:00:00,2.1,2.2,,2.1,710.0,KSQ
2019-08-06 07:00:00,5.3,5.3,5.3,5.3,,POS
2024-07-01 07:00:00,25.31,27.74,25.31,27.74,400.0,SGH
2022-03-08 07:00:00,,11.0,10.6,10.6,,BCA
2023-01-13 07:00:00,3.88,,3.78,,,VPH
2019-02-27 07:00:00,7.15,,,,129660.0,DRH
2019-01-25 07:00:00,,4.7,4.7,4.7,,VNP
2020-07-28 07:00:00,7.2,7.5,7.2,,700.0,SHN
2024-09-18 07:00:00,,,,64.58,154607.0,ACV
2019-09-23 07:00:00,,,10.36,10.44,69090.0,DVN
2019-03-13 07:00:00,,,7.75,7.84,470.0,SBV
2016-10-07 07:00:00,,5.55,5.55,,500.0,TNC
2017-12-12 07:00:00,8.45,,8.3,,9930.0,TMT
2023-11-16 07:00:00,,,41.88,42.77,279271.0,L14
2025-08-14 07:00:00,15.6,,15.55,16.3,4640400.0,NAB
2022-05-13 07:00:00,17.3,,17.3,22.66,200.0,TDF
2023-01-06 07:00:00,3.0,3.0,,2.8,,TNS
2025-11-07 07:00:00,89.4,92.2,89.0,89.3,,CTR
2017-04-13 07:00:00,17.06,,17.06,17.12,300.0,ARM
2016-04-04 07:00:00,,3.35,3.2,,,ACL
2018-07-12 07:00:00,,12.57,12.22,,,BVS
2016-12-16 07:00:00,2.72,,,2.79,,PVO
2020-04-15 07:00:00,17.99,,,,200.0,NTH
2016-12-22 07:00:00,,,2.45,2.45,200.0,HBS
2022-03-04 07:00:00,12.04,,11.84,11.84,,DC1
2021-10-01 07:00:00,25.72,,25.4,,414700.0,VCG
2024-05-06 07:00:00,,,,34.0,9484.0,VSF
2025-09-22 07:00:00,,,6.9,7.0,,VIG
2017-07-25 07:00:00,3.33,,,3.41,,PTL
2017-09-26 07:00:00,4.32,,,4.34,,TNT
2023-12-07 07:00:00,2.7,2.8,2.6,,71800.0,PV2
2021-05-27 07:00:00,,,15.24,15.3,145200.0,NHA
2015-09-29 07:00:00,3.84,,,3.92,14390.0,CSV
2023-09-25 07:00:00,5.3,5.3,5.3,,100.0,HKT
2017-11-13 07:00:00,,2.86,2.68,2.77,,TTZ
2025-12-22 07:00:00,34.5,35.25,,35.15,11776100.0,CTG
2021-01-29 07:00:00,0.5,,0.5,0.6,161900.0,PXM
2024-12-23 07:00:00,20.76,,20.76,20.76,1550.0,CKD
2022-02-11 07:00:00,19.42,,19.23,,575200.0,SAM
2020-03-10 07:00:00,7.05,7.58,7.05,,,FCN
2025-03-21 07:00:00,32.5,33.5,,32.6,230851.0,L14
2025-09-11 07:00:00,,8.4,8.2,8.4,1400.0,PGT
2025-12-12 07:00:00,10.1,10.3,,10.3,300.0,THP
2020-05-26 07:00:00,6.96,,6.96,7.2,208573.0,BVS
2026-02-24 07:00:00,10.7,10.9,10.4,,341300.0,RYG
2018-03-22 07:00:00,19.38,,,,16700.0,SBV
2022-04-26 07:00:00,7.1,8.1,,7.1,2900.0,VNY
2025-04-18 07:00:00,3.5,,3.5,4.0,174802.0,PSB
2018-11-13 07:00:00,42.71,,,43.18,,VEF
2024-10-29 07:00:00,18.49,18.49,18.13,18.22,,VDS
2023-04-25 07:00:00,5.3,5.3,5.3,,,TFC
2018-02-09 07:00:00,23.23,,23.23,25.82,300.0,CMN
2025-07-24 07:00:00,33.97,,,33.97,9300.0,HMS
2025-02-07 07:00:00,17.1,17.4,,17.4,284942.0,VLC
2019-09-17 07:00:00,9.42,9.42,9.42,,810.0,SVC
2022-08-01 07:00:00,28.24,28.64,28.24,28.64,11600.0,ND2
2017-06-16 07:00:00,10.59,10.59,10.59,,11000.0,GND
2021-12-24 07:00:00,24.96,,,,,SAM
2018-07-05 07:00:00,5.4,5.4,5.4,5.4,100.0,KTT
2021-09-21 07:00:00,4.03,4.31,3.76,4.31,3073100.0,FTM
2020-07-24 07:00:00,22.52,,19.65,21.42,,VLC
2018-03-16 07:00:00,2.57,2.57,2.57,,,EIN
2025-10-02 07:00:00,20.38,,,21.69,4400.0,CCI
2022-07-20 07:00:00,6.85,,,,,EVG
2022-06-29 07:00:00,,,,,620410.0,CDO
2016-03-01 07:00:00,1.17,,1.17,,11900.0,BHC
2018-06-27 07:00:00,,,9.0,9.0,,PIC
2019-05-28 07:00:00,,0.6,,0.6,114400.0,ACM
2022-06-07 07:00:00,,11.57,11.14,11.43,68100.0,GMH
2019-03-14 07:00:00,,,6.67,6.79,,VPG
2023-11-14 07:00:00,18.31,18.31,,18.31,100.0,VVS
2024-09-04 07:00:00,13.74,13.87,,13.8,,CTB
2017-10-13 07:00:00,,,,,,VE9
2017-06-30 07:00:00,10.32,10.32,,,33300.0,TCW
2024-09-04 07:00:00,13.03,13.19,12.87,,2337300.0,NAB
2021-01-15 07:00:00,0.9,0.9,0.8,,157664.0,HTT
2016-08-29 07:00:00,,8.49,8.13,8.25,,L14
2024-10-17 07:00:00,,5.7,5.7,5.7,10.0,NDX
2023-11-02 07:00:00,,,10.54,10.54,100.0,MCC
2026-04-03 07:00:00,20.6,20.8,,20.7,16600.0,VNR
2019-02-01 07:00:00,,16.77,,16.57,12500.0,L14
2023-03-20 07:00:00,23.05,25.61,,23.73,11800.0,SAS
2020-09-01 07:00:00,11.6,11.6,11.31,,,VSI
2020-11-04 07:00:00,5.83,5.83,,5.44,1319679.0,DRI
2021-07-21 07:00:00,,,,10.13,7300.0,DC1
2026-04-01 07:00:00,4.26,4.55,,4.24,875400.0,JVC
2023-04-26 07:00:00,11.44,,11.18,11.59,3021600.0,DBC
2020-05-29 07:00:00,,113.3,,113.0,449840.0,VJC
2017-04-26 07:00:00,1.15,1.15,1.06,1.15,7204.0,PVV
2026-04-21 07:00:00,13.0,13.4,,,,ACL
2018-07-06 07:00:00,8.67,8.74,8.67,8.74,2100.0,CTR
2022-10-28 07:00:00,,9.76,9.37,,353100.0,HT1
2024-05-02 07:00:00,,2.9,2.7,2.7,,L61
2024-12-16 07:00:00,8.07,8.1,,,,SRF
2024-07-24 07:00:00,,11.7,11.23,11.62,1725200.0,IJC
2025-12-01 07:00:00,52.8,53.4,,,426000.0,ACV
2023-09-19 07:00:00,11.8,12.0,11.4,11.6,112305.0,AFX
2018-02-07 07:00:00,11.02,11.08,,11.08,,VIF
2025-07-23 07:00:00,12.9,,12.8,,424300.0,NAG
2016-07-11 07:00:00,13.83,13.91,12.63,,,CVT
2022-03-07 07:00:00,15.81,15.81,15.81,,500.0,BLT
2022-05-16 07:00:00,15.35,15.56,15.04,15.07,5223400.0,CTG
2021-12-30 07:00:00,14.64,,14.23,14.31,803715.0,DRI
2025-09-03 07:00:00,18.99,18.99,18.99,,2200.0,SCL
2019-10-28 07:00:00,29.43,29.5,29.08,,,D2D
2022-08-31 07:00:00,8.4,8.4,8.0,8.3,5400.0,HAC
2017-09-06 07:00:00,,2.48,,,8270.0,PXI
2016-08-01 07:00:00,,,4.12,4.24,3100.0,ONE
2026-02-11 07:00:00,43.5,43.75,42.2,42.7,1007700.0,NAF
2021-03-26 07:00:00,6.1,6.1,5.6,,10800.0,PTL
2021-02-25 07:00:00,3.56,,,3.62,5400.0,MAC
2019-04-05 07:00:00,,4.8,,4.8,8500.0,THT
2020-09-22 07:00:00,7.93,7.97,7.9,7.9,5109720.0,POW
2022-10-21 07:00:00,,15.78,,15.78,100.0,BMJ
2022-10-12 07:00:00,5.39,5.39,,5.2,7500.0,HU3
2024-09-12 07:00:00,105.5,105.7,104.8,105.3,,VJC
2022-03-16 07:00:00,,17.8,,,13655.0,CIA
2019-10-04 07:00:00,4.15,,4.15,4.15,1229060.0,FTM
2022-07-13 07:00:00,47.37,,47.28,48.28,600.0,BHN
2019-05-13 07:00:00,9.1,9.2,,9.2,,SHN
2025-04-23 07:00:00,,5.22,5.12,5.22,,PVO
2023-05-18 07:00:00,7.11,7.11,,7.11,100.0,NUE
2018-03-05 07:00:00,2.5,2.5,2.4,,27900.0,HKT
2022-04-22 07:00:00,15.25,,,,,TDC
2018-10-16 07:00:00,,29.67,28.52,29.6,100660.0,VHC
2024-07-12 07:00:00,54.23,54.23,53.58,,1102.0,AVC
2016-10-12 07:00:00,5.22,5.6,5.22,,1020.0,CCI
2023-01-03 07:00:00,,,11.17,,100.0,TNP
2019-07-10 07:00:00,,5.84,5.84,5.84,100.0,ICG
2023-06-15 07:00:00,11.38,11.38,,11.21,5863000.0,POW
2022-12-21 07:00:00,,16.46,,16.46,3100.0,VMD
2021-06-25 07:00:00,,,31.6,31.6,3583400.0,VRE
2017-04-11 07:00:00,37.67,,37.27,37.35,245780.0,MSN
2023-12-12 07:00:00,3.9,,3.8,,9736.0,EIN
2026-02-03 07:00:00,37.6,37.8,37.25,37.45,2472500.0,BAF
2023-11-16 07:00:00,,15.81,15.44,15.72,37930.0,MPC
2020-04-24 07:00:00,,2.0,1.8,2.0,,PXA
2022-01-19 07:00:00,15.56,15.56,14.84,14.93,28800.0,PBC
2017-01-13 07:00:00,,16.54,16.23,,,CSM
2022-09-06 07:00:00,,13.79,13.2,13.29,,NHH
2025-06-20 07:00:00,27.72,27.87,27.72,27.87,400.0,TNC
2021-12-07 07:00:00,,16.6,16.0,16.5,123947.0,TL4
2023-10-31 07:00:00,17.52,,17.52,,1100.0,HTC
2023-11-14 07:00:00,10.25,,10.25,,7100.0,POS
2024-06-07 07:00:00,68.5,69.0,68.5,69.0,54600.0,SSH
2023-12-28 07:00:00,7.7,7.7,,,25000.0,VTD
2020-05-28 07:00:00,,2.75,2.67,,2178840.0,TTF
2022-03-03 07:00:00,24.45,24.54,,,30700.0,SGI
2023-07-12 07:00:00,,,8.74,,601.0,PTS
2019-04-01 07:00:00,1.96,1.99,,,,EVG
2024-11-05 07:00:00,23.99,23.99,23.72,23.72,1500.0,HC3
2017-07-13 07:00:00,3.32,3.42,3.18,,361220.0,NAG
2021-05-24 07:00:00,7.2,,,7.0,20600.0,QNC
2022-10-24 07:00:00,3.2,3.2,2.9,,5900.0,SD6
2022-08-03 07:00:00,,,7.9,,137800.0,DVG
2024-01-12 07:00:00,,19.78,19.78,19.78,,AGP
2022-10-17 07:00:00,2.3,2.3,2.2,2.2,70100.0,KSQ
2025-07-10 07:00:00,16.32,16.32,16.13,16.32,,HPD
2025-03-31 07:00:00,8.09,,8.0,,14702.0,MCF
2025-01-24 07:00:00,20.14,20.45,20.08,,,LAI
2026-02-05 07:00:00,5.4,5.4,4.6,4.6,22000.0,PSB
2022-01-14 07:00:00,12.3,12.3,11.56,12.01,,CST
2020-10-02 07:00:00,1.99,2.04,,,525300.0,HCD
2018-11-19 07:00:00,5.65,5.88,5.65,5.88,800.0,MIG
2019-12-10 07:00:00,0.8,0.8,0.7,0.7,5700.0,TOP
2020-04-14 07:00:00,8.13,8.13,,8.13,,VCM
2025-04-29 07:00:00,88.5,88.9,88.5,88.7,,SSH
2017-09-13 07:00:00,16.71,16.84,16.52,,74750.0,NAF
2021-05-20 07:00:00,37.0,,37.0,37.0,2000.0,MH3
2023-11-16 07:00:00,,,5.0,5.1,64300.0,BCA
2024-12-11 07:00:00,33.07,,32.88,33.36,,MA1
2016-06-28 07:00:00,17.3,17.3,17.3,,,HPM
2023-01-19 07:00:00,10.42,,9.9,10.06,169200.0,NHA
2021-02-01 07:00:00,15.89,16.09,15.7,,600.0,CKD
2024-07-08 07:00:00,8.3,,8.2,,43005.0,VTD
2020-09-17 07:00:00,,22.9,22.57,22.57,,SVC
2020-07-30 07:00:00,6.06,6.15,,6.12,44190.0,CSV
2019-08-22 07:00:00,2.44,2.44,2.35,,922820.0,SHS
2021-12-07 07:00:00,11.3,,11.3,11.5,35500.0,PGT
2025-06-19 07:00:00,27.18,,,,,PGD
2026-04-24 07:00:00,5.1,5.1,5.1,5.1,,LG9
2021-07-23 07:00:00,9.89,10.57,9.66,,26814.0,CDP
2019-10-10 07:00:00,,9.8,,9.69,,CTG
2021-03-08 07:00:00,11.02,11.02,,11.02,11100.0,QTC
2016-09-07 07:00:00,4.43,,4.43,4.52,12520.0,DXV
2023-02-17 07:00:00,,8.14,,,6674800.0,HAG
2024-05-13 07:00:00,,9.65,,9.65,100.0,TPP
2018-07-10 07:00:00,,7.14,6.91,6.95,598240.0,HDB
2019-04-03 07:00:00,,,7.51,7.7,9700.0,CSC
2025-01-24 07:00:00,,20.15,19.35,19.4,,PGV
2015-12-04 07:00:00,3.08,,3.05,,,ACB
2018-05-04 07:00:00,8.31,,,8.31,584750.0,ANV
2025-03-27 07:00:00,13.37,,13.37,13.37,1001.0,MTP
2025-01-02 07:00:00,16.59,,,15.92,5100.0,VIF
2019-09-18 07:00:00,14.51,14.51,14.27,14.51,2840.0,IMP
2020-08-20 07:00:00,5.8,,,,,ITD
2021-07-22 07:00:00,6.57,6.57,,6.57,200.0,ICG
2017-05-26 07:00:00,4.91,,4.87,4.91,1600.0,NDX
2022-03-18 07:00:00,,28.11,27.48,27.73,,VCG
2019-10-03 07:00:00,,,7.19,7.32,,VRG
2019-02-27 07:00:00,19.53,,19.19,19.19,7000.0,SC5
2021-03-12 07:00:00,9.3,9.39,9.3,,3000.0,VGV
2016-10-24 07:00:00,,7.14,7.1,7.1,54300.0,SWC
2018-03-02 07:00:00,2.12,,2.12,,5102.0,PVY
2018-11-16 07:00:00,11.77,11.77,,11.77,100.0,HEJ
2026-04-06 07:00:00,,,10.1,10.1,,TPP
2023-10-23 07:00:00,18.27,18.35,18.27,18.35,1100.0,VRG
2024-10-14 07:00:00,,33.33,,33.33,23200.0,MCM
2023-05-22 07:00:00,18.66,18.89,18.53,18.77,3611200.0,VCI
2022-01-17 07:00:00,6.47,6.92,,,,AG1
2017-09-01 07:00:00,,2.33,,,100.0,TTN
2022-12-12 07:00:00,,6.3,6.29,6.3,330100.0,PHC
2024-12-05 07:00:00,11.91,12.1,11.71,11.81,1341071.0,OIL
2016-09-26 07:00:00,4.54,4.62,4.24,,,MPT
2016-12-13 07:00:00,23.64,,23.46,,,ACV
2017-02-21 07:00:00,13.29,,13.16,13.18,21130.0,IMP
2022-09-14 07:00:00,,5.8,5.4,5.7,321502.0,PVL
2021-12-31 07:00:00,,,17.41,17.69,993900.0,VOS
2025-11-11 07:00:00,4.98,5.18,,,54700.0,PHC
2019-12-02 07:00:00,4.2,,,4.0,15500.0,SSN
2016-10-21 07:00:00,7.65,7.85,7.37,7.77,,IDV
2016-12-15 07:00:00,,35.1,32.9,35.0,1570020.0,DST
2016-04-06 07:00:00,,8.32,8.06,,600.0,TVN
2023-07-05 07:00:00,,,4.65,4.69,192600.0,HAP
2021-01-08 07:00:00,6.42,6.42,,6.17,4030600.0,IDI
2022-08-15 07:00:00,,124.66,,,,L14
2022-02-23 07:00:00,13.36,13.61,13.31,,9718900.0,MSB
2024-06-07 07:00:00,67.98,68.07,,67.8,1300.0,NSC
2018-02-13 07:00:00,,16.1,15.85,,10209140.0,STB
2018-12-12 07:00:00,,5.66,5.66,5.66,1000.0,POS
2019-02-22 07:00:00,,,,,11000.0,HPD
2021-12-06 07:00:00,17.25,17.25,16.36,16.36,1400.0,CCI
2022-03-30 07:00:00,,14.32,14.15,14.15,800.0,ABR
2024-03-27 07:00:00,11.08,,10.6,11.08,,VCC
2020-10-19 07:00:00,,,,,,VMG
2022-02-24 07:00:00,9.2,9.3,9.0,,1400.0,VE8
2022-01-10 07:00:00,9.62,9.99,,9.62,27700.0,SMA
2016-03-29 07:00:00,14.5,,,14.6,,ATS
2021-07-07 07:00:00,4.0,,,,605900.0,DST
2025-01-13 07:00:00,16.7,,,,119508.0,VLC
2016-06-27 07:00:00,4.61,4.61,4.51,4.61,27640.0,SBA
2019-10-04 07:00:00,14.95,14.95,14.95,14.95,100.0,CDN
2023-07-06 07:00:00,30.05,,29.07,,2781100.0,NLG
2020-01-21 07:00:00,,6.83,6.83,6.83,2000.0,VCC
2020-03-09 07:00:00,20.03,,20.03,,184240.0,D2D
2021-08-30 07:00:00,38.47,38.47,,37.6,3500.0,LHC
2024-01-30 07:00:00,,14.38,14.16,14.26,1320700.0,ANV
2017-07-12 07:00:00,5.45,5.45,,5.45,,SD2
2020-02-14 07:00:00,5.23,5.29,5.23,5.29,4000.0,NUE
2018-06-08 07:00:00,1.8,1.9,,,113500.0,HKT
2022-10-27 07:00:00,,,7.51,,11700.0,NUE
2023-04-25 07:00:00,16.75,17.06,,17.06,103271.0,PGB
2016-09-07 07:00:00,,2.9,,,,SGS
2024-04-16 07:00:00,,8.0,8.0,8.0,100.0,POV
2024-07-30 07:00:00,30.13,30.13,,,3500.0,PGD
2020-11-23 07:00:00,,45.26,44.83,,295967.0,ACV
2021-01-11 07:00:00,4.8,4.8,4.8,,10.0,VE8
2016-05-17 07:00:00,3.01,3.05,,,,ACB
2023-01-19 07:00:00,13.19,,13.19,13.66,,VGV
2023-12-14 07:00:00,7.9,7.9,7.9,7.9,,VIE
2018-08-30 07:00:00,2.5,2.5,2.3,,,TNS
2025-10-03 07:00:00,7.5,,6.8,7.0,,ALV
2023-06-12 07:00:00,12.69,,,12.96,1621.0,VNP
2018-08-08 07:00:00,3.92,,,4.06,1210.0,ACL
2021-09-15 07:00:00,9.36,,,,6169800.0,POW
2022-09-12 07:00:00,5.9,6.1,5.9,,19342.0,CTP
2016-03-23 07:00:00,6.82,6.82,6.65,6.82,53700.0,G20
2023-12-11 07:00:00,13.65,15.5,13.55,15.5,3200.0,FDC
2023-07-26 07:00:00,8.2,8.3,,8.3,81872.0,NDT
2023-03-16 07:00:00,7.51,7.51,,7.51,300.0,DAS
2020-01-16 07:00:00,8.55,8.55,8.48,8.55,,FCN
2024-03-29 07:00:00,,4.6,4.6,4.6,200.0,PRO
2018-09-24 07:00:00,,15.24,15.24,15.24,100.0,AVC
2021-06-30 07:00:00,9.8,9.9,9.0,,5800.0,XPH
2016-08-12 07:00:00,6.77,6.77,6.77,6.77,1700.0,XPH
2024-01-02 07:00:00,6.9,6.9,,6.9,100.0,SJM
2022-05-25 07:00:00,13.61,13.95,13.46,13.9,322000.0,TDC
2019-08-19 07:00:00,2.7,,,2.7,,TNS
2026-01-29 07:00:00,38.7,38.7,38.7,38.7,100.0,SZG
2026-01-28 07:00:00,54.7,55.5,54.7,,800.0,TMB
2025-02-10 07:00:00,2.9,3.2,2.9,3.1,,BTN
2024-01-26 07:00:00,4.5,4.5,,4.3,,HU3
2025-12-18 07:00:00,6.67,6.71,,,195500.0,ASM
2023-04-18 07:00:00,22.45,,,,,DCL
2022-07-27 07:00:00,7.6,,7.5,8.3,710800.0,DST
2025-12-12 07:00:00,,,,,14300.0,TLP
2018-08-21 07:00:00,15.78,16.46,15.75,16.46,350.0,SBV
2025-11-14 07:00:00,28.75,,28.75,28.75,100.0,HAM
2021-09-16 07:00:00,9.0,9.0,9.0,,,PCM
2021-11-15 07:00:00,24.8,26.11,,,,SGI
2017-05-15 07:00:00,,5.03,4.91,,232500.0,HCD
2025-11-11 07:00:00,,3.8,3.8,,300.0,PEG
2025-06-02 07:00:00,,11.79,11.79,11.79,1900.0,BBS
2025-08-07 07:00:00,7.7,7.7,,7.7,6000.0,POV
2026-02-03 07:00:00,19.11,,,19.11,3000.0,ADC
2019-08-29 07:00:00,8.67,8.67,8.6,8.6,4566.0,XMC
2023-05-30 07:00:00,3.2,,3.1,,12700.0,BTN
2020-02-17 07:00:00,1.48,,,1.48,72670.0,VOS
2024-09-09 07:00:00,3.61,3.75,3.61,3.73,400.0,DXV
2026-02-25 07:00:00,21.2,21.2,20.8,20.8,,SCL
2021-05-13 07:00:00,,18.4,15.3,18.4,119600.0,DVG
2020-03-24 07:00:00,,10.25,9.04,,400.0,PPP
2025-10-29 07:00:00,15.36,15.66,,,,FCN
2025-06-19 07:00:00,7.1,7.1,7.1,7.1,,HIO
2021-07-21 07:00:00,5.5,5.6,,,,SSN
2022-03-10 07:00:00,14.0,14.5,13.9,,,DVG
2026-04-03 07:00:00,,4.6,,,1300.0,E12
2019-06-12 07:00:00,13.29,14.03,13.25,14.03,288480.0,NAF
2024-05-27 07:00:00,15.5,15.5,14.9,14.9,,STC
2024-01-29 07:00:00,25.5,,24.3,25.2,33600.0,HIO
2017-02-24 07:00:00,11.6,12.22,,12.22,99900.0,BVS
2021-12-23 07:00:00,19.35,19.6,,,1793300.0,APG
2021-03-30 07:00:00,,20.0,20.0,20.0,3500.0,NTH
2018-06-25 07:00:00,,,,3.69,131080.0,IJC
2017-04-05 07:00:00,3.43,,,,14400.0,UDC
2025-08-14 07:00:00,33.97,,33.59,,,HMS
2021-02-23 07:00:00,4.9,,4.8,4.9,,TXM
2020-12-22 07:00:00,13.88,15.25,13.88,15.25,300.0,DPC
2021-11-09 07:00:00,28.59,,28.36,28.65,193800.0,DBD
2016-08-19 07:00:00,12.66,12.66,,12.23,90590.0,IMP
2023-10-12 07:00:00,,12.2,11.7,11.82,3349900.0,IDI
2016-10-25 07:00:00,,3.01,,,13050.0,SGS
2022-09-19 07:00:00,,8.0,7.6,7.6,4028.0,HAC
2025-12-24 07:00:00,,9.9,9.9,9.9,4500.0,VCC
2026-03-31 07:00:00,,38.2,,37.5,1900.0,AGP
2024-11-05 07:00:00,9.86,9.86,9.86,,100.0,SBV
2019-06-11 07:00:00,8.11,8.18,8.11,8.11,4800.0,NDX
2019-08-05 07:00:00,,1.46,,,285740.0,VOS
2025-12-17 07:00:00,,,7.4,,3400.0,DHB
2025-09-08 07:00:00,,11.93,11.64,11.88,37500.0,ACL
2026-02-02 07:00:00,77.6,,76.5,77.0,,TRC
2025-09-17 07:00:00,,19.7,19.5,19.5,104400.0,PCH
2024-11-28 07:00:00,16.36,16.63,16.36,,,VDS
2022-07-07 07:00:00,,8.3,,8.1,,DVG
2021-04-14 07:00:00,,9.0,,,3600.0,SPD
2017-05-17 07:00:00,4.98,4.98,4.92,4.98,360.0,SMA
2015-12-29 07:00:00,5.5,5.6,5.5,5.6,20160.0,PXI
2018-10-03 07:00:00,,,6.96,6.96,,BHP
2018-08-13 07:00:00,4.17,,3.96,,,S99
2022-09-29 07:00:00,26.8,,26.8,27.0,,STG
2025-07-24 07:00:00,5.29,5.29,5.2,5.24,,PHC
2023-05-31 07:00:00,,,11.0,11.0,54.0,ATS
2023-01-10 07:00:00,,,4.95,4.95,92268.0,TVN
2023-09-05 07:00:00,23.27,,22.91,23.11,15946400.0,VCG
2022-07-18 07:00:00,5.23,,5.23,,100.0,AG1
2016-10-10 07:00:00,,,,13.17,,GMC
2024-12-27 07:00:00,27.86,,27.5,27.68,44700.0,PPH
2022-06-28 07:00:00,5.8,5.9,5.8,5.8,9900.0,CTP
2025-01-22 07:00:00,,3.28,3.22,,4200.0,KMR
2020-07-28 07:00:00,19.8,19.8,18.1,,,DCL
2017-07-06 07:00:00,,6.5,6.4,,9200.0,KTT
2020-01-10 07:00:00,10.15,10.5,,,10754160.0,STB
2021-11-16 07:00:00,33.9,,33.9,34.85,88200.0,STG
2017-10-23 07:00:00,6.34,,6.34,,4600.0,POS
2024-03-21 07:00:00,,8.9,,,14900.0,DHM
2017-07-06 07:00:00,4.84,5.12,,5.12,,VTA
2021-01-22 07:00:00,8.3,8.96,8.3,8.39,2700.0,TV1
2024-06-28 07:00:00,3.89,,3.81,3.81,930900.0,TTF
2022-03-22 07:00:00,16.48,17.57,16.48,17.32,,VIF
2024-08-07 07:00:00,7.16,7.51,,,600.0,GMH
2023-11-02 07:00:00,19.43,,19.3,20.42,,VCI
2026-02-05 07:00:00,6.9,8.0,6.9,7.1,800.0,SVG
2018-12-27 07:00:00,9.35,,9.3,10.14,490.0,VNR
2020-10-27 07:00:00,,,,,384818.0,OIL
2024-08-30 07:00:00,20.17,,,20.17,,GDA
2015-12-18 07:00:00,,10.21,,8.98,21500.0,VTX
2025-10-16 07:00:00,123.8,123.8,,,9475900.0,VHM
2024-08-13 07:00:00,48.4,48.4,36.0,,415.0,CID
2021-05-19 07:00:00,,9.85,9.44,,16967900.0,POW
2023-01-04 07:00:00,6.75,6.75,,6.23,1348400.0,APG
2016-02-19 07:00:00,4.98,5.02,4.94,,57370.0,BTP
2017-02-03 07:00:00,,1.4,1.3,,50400.0,VIG
2020-06-23 07:00:00,,,,,3682810.0,MBB
2021-06-18 07:00:00,78.66,,78.28,78.66,2463900.0,NVL
2016-12-27 07:00:00,8.32,,8.32,,500.0,SD4
2021-03-23 07:00:00,,24.02,23.63,24.02,9228.0,SAS
2023-10-09 07:00:00,5.3,5.4,5.2,,,BTS
2026-02-05 07:00:00,3.7,,3.5,,,UDC
2017-01-25 07:00:00,5.83,5.88,5.83,5.86,202220.0,HCD
2020-05-15 07:00:00,7.44,7.53,7.44,,5000.0,TLP
2016-06-23 07:00:00,10.99,10.99,10.7,10.95,3700.0,L14
2021-08-25 07:00:00,16.73,18.11,,,508300.0,BMS
2016-08-10 07:00:00,4.57,4.77,4.57,,2000.0,BLI
2019-04-05 07:00:00,5.3,5.52,,5.52,440.0,S99
2022-09-09 07:00:00,65.75,,,66.49,419200.0,CTR
2021-12-16 07:00:00,7.06,,,7.06,12941.0,PCT
2024-08-12 07:00:00,,9.0,,9.0,200.0,VCA
2021-10-05 07:00:00,7.32,7.32,,,,HU3
2018-02-12 07:00:00,4.05,4.05,,4.05,,KMR
2023-04-27 07:00:00,8.8,,8.8,8.8,700.0,UNI
2024-05-29 07:00:00,48.94,48.94,48.57,48.64,18500.0,APF
2024-03-08 07:00:00,7.3,,,,,UNI
2023-09-13 07:00:00,9.8,,9.67,9.76,31400.0,ITD
2022-03-07 07:00:00,,7.2,,7.1,13400.0,DSG
2021-10-11 07:00:00,7.48,7.48,7.35,7.35,23700.0,MIC
2022-06-14 07:00:00,,21.25,20.92,20.92,1200.0,TCW
2017-09-15 07:00:00,7.0,7.25,,7.2,,HTT
2016-12-02 07:00:00,5.24,5.37,5.13,,360730.0,HCD
2020-02-13 07:00:00,36.39,36.39,,,73133.0,ACV
2025-11-20 07:00:00,,32.4,30.8,,,MA1
2022-01-04 07:00:00,,9.73,9.69,9.73,,KST
2017-07-21 07:00:00,12.23,12.53,12.23,12.3,38000.0,VLC
2023-03-22 07:00:00,,6.01,5.1,5.1,2933.0,SD2
2023-12-08 07:00:00,10.98,11.81,10.86,11.81,244900.0,SAV
2021-10-11 07:00:00,17.19,17.19,,,,PBC
2020-12-30 07:00:00,10.62,10.62,,,270270.0,PC1
2015-12-08 07:00:00,1.89,1.77,1.73,,500.0,PTS
2021-08-17 07:00:00,74.55,74.55,,72.92,37052.0,L14
2024-09-24 07:00:00,,9.76,9.68,9.76,1100.0,VNP
2021-07-02 07:00:00,,1.4,1.2,,,STL
2023-08-01 07:00:00,25.4,25.47,25.12,25.19,2600.0,SVC
2024-08-16 07:00:00,,12.81,12.81,,,VQC
2021-03-22 07:00:00,,4.61,4.57,,208800.0,VPH
2024-07-01 07:00:00,7.5,7.5,6.3,6.3,27800.0,SD3
2025-03-24 07:00:00,77.36,77.36,,75.98,398600.0,BCM
2026-01-27 07:00:00,38.2,38.65,,,12601700.0,CTG
2019-07-08 07:00:00,5.5,,,,13442.0,UNI
2020-02-10 07:00:00,22.31,,22.31,,,VLB
2019-12-27 07:00:00,,,,18.94,100.0,CCR
2020-02-07 07:00:00,,,,,,DCL
2026-01-09 07:00:00,14.4,14.4,14.0,,19600.0,TRV
2025-10-02 07:00:00,,,,63.4,100.0,NNT
2021-11-16 07:00:00,,26.4,25.15,25.3,2800.0,GND
2024-12-23 07:00:00,4.57,4.58,4.38,4.5,,PLP
2019-08-05 07:00:00,,4.27,4.2,,3100.0,THT
2025-08-01 07:00:00,11.0,11.0,11.0,,1000.0,BCP
2023-06-12 07:00:00,,4.93,4.55,,331152.0,ILA
2021-08-26 07:00:00,7.8,8.04,7.64,7.8,,PTS
2016-11-10 07:00:00,4.48,4.48,,4.35,,ICG
2020-11-05 07:00:00,,9.64,9.34,,8550742.0,ACB
2024-12-24 07:00:00,4.5,4.7,,4.7,,TXM
2019-10-07 07:00:00,5.28,5.28,5.28,5.28,1000.0,SAC
2016-04-05 07:00:00,9.89,,,,14720.0,VSH
2017-07-20 07:00:00,6.6,,6.6,,1000.0,DIH
2021-06-28 07:00:00,16.11,16.64,,16.34,746363.0,S99
2025-07-03 07:00:00,35.65,35.65,,,20900.0,TBC
2022-05-04 07:00:00,,24.93,24.44,24.44,6501.0,VCP
2020-03-30 07:00:00,,6.09,5.67,,,PHC
2020-11-20 07:00:00,,7.54,7.54,,180.0,PNC
2021-03-08 07:00:00,8.82,9.38,8.82,9.38,25400.0,TTC
2024-05-09 07:00:00,15.09,,15.09,15.46,,VIF
2016-12-06 07:00:00,1.62,,1.62,1.62,100.0,MCO
2026-02-02 07:00:00,51.65,51.65,51.65,51.65,,DNC
2021-07-16 07:00:00,,1.2,1.2,1.2,400.0,LM3
2022-11-15 07:00:00,4.2,4.4,3.8,3.8,,BTN
2024-11-04 07:00:00,5.9,,5.9,5.9,,VNY
2022-01-12 07:00:00,21.62,21.62,19.87,20.75,,DVN
2024-05-28 07:00:00,5.21,,5.16,,327200.0,TNT
2023-07-21 07:00:00,9.1,9.59,,9.48,4304900.0,CRE
2022-07-08 07:00:00,16.93,,16.41,16.67,73938.0,VLC
2022-04-08 07:00:00,,46.19,44.58,44.58,,TRC
2022-03-02 07:00:00,48.71,,,48.47,,VPG
2021-03-23 07:00:00,,,,,378100.0,VNG
2022-10-12 07:00:00,3.4,,,,1200.0,PGT
2021-05-06 07:00:00,,19.3,18.3,,,DVG
2018-09-24 07:00:00,7.61,7.61,,,3600.0,NDX
2018-01-24 07:00:00,9.86,9.86,9.86,,109.0,ILA
2024-08-16 07:00:00,34.68,,34.58,37.55,1910189.0,BVS
2021-08-20 07:00:00,6.27,6.44,,6.18,,CQT
2021-01-06 07:00:00,14.09,14.34,14.09,,,CKD
2025-09-29 07:00:00,,,5.62,5.71,109600.0,PHC
2024-09-11 07:00:00,10.72,,10.59,,3784500.0,POW
2020-02-26 07:00:00,,2.95,2.69,,17000.0,ILA
2021-11-17 07:00:00,14.36,,,14.08,102500.0,VNL
2016-08-03 07:00:00,2.1,2.2,,,,PTL
2019-08-09 07:00:00,,0.5,0.4,0.5,,VST
2025-09-04 07:00:00,6.9,6.9,,6.9,,TDT
2021-03-24 07:00:00,8.46,,8.46,8.46,,BTU
2025-05-29 07:00:00,,14.28,,14.28,6100.0,SVC
2022-07-14 07:00:00,14.75,,,,69600.0,ACC
2019-02-26 07:00:00,11.81,12.47,11.15,,137248.0,SWC
2025-07-15 07:00:00,6.6,6.6,6.6,,,SD3
2025-02-11 07:00:00,12.39,12.39,12.39,,1.0,BTU
2017-06-05 07:00:00,9.24,,9.24,,166550.0,PC1
2021-01-29 07:00:00,8.97,9.79,8.97,,6600.0,XMC
2017-10-27 07:00:00,3.55,,3.38,,23738.0,HAC
2026-03-12 07:00:00,2.68,2.78,2.6,2.71,575800.0,DRH
2020-05-12 07:00:00,,5.06,,5.06,58710.0,TDT
2022-09-08 07:00:00,16.6,,,,4360200.0,VCG
2017-12-12 07:00:00,30.64,,29.59,30.09,,KDC
2026-04-24 07:00:00,16.9,17.2,16.8,16.9,,SHS
2021-07-26 07:00:00,24.88,26.97,,,361300.0,HPX
2022-01-17 07:00:00,10.62,10.62,,10.62,100.0,GSM
2019-07-31 07:00:00,,15.15,14.24,,16070.0,IMP
2019-10-09 07:00:00,44.98,44.98,44.56,44.98,51700.0,ACV
2020-10-05 07:00:00,8.74,,,9.06,,PC1
2026-04-22 07:00:00,7.5,7.6,7.5,7.5,4000.0,HIO
2017-02-14 07:00:00,2.3,2.5,2.2,2.4,,PVL
2024-12-03 07:00:00,,6.46,6.36,6.46,,PBC
2024-05-03 07:00:00,19.03,19.31,,,,ACB
2023-03-28 07:00:00,56.99,,56.8,,1575000.0,KDC
2021-12-30 07:00:00,17.06,,17.06,17.15,,VIF
2025-02-12 07:00:00,,,11.29,11.42,138000.0,GSP
2022-11-07 07:00:00,14.35,,,,,VLC
2023-11-06 07:00:00,5.2,,,,29100.0,BCA
2025-09-03 07:00:00,,8.32,8.12,,192100.0,HCD
2021-09-22 07:00:00,16.68,16.68,16.68,16.68,,TNB
2022-01-19 07:00:00,18.92,20.0,18.89,19.32,880000.0,PC1
2023-11-10 07:00:00,14.13,,14.13,14.81,,PRE
2024-10-11 07:00:00,3.9,,3.9,3.9,30800.0,UDC
2018-07-18 07:00:00,16.81,,16.77,17.06,,L14
2025-02-19 07:00:00,5.59,,5.5,5.58,,PHC
2022-07-13 07:00:00,,19.35,18.4,18.5,,TMT
2025-09-19 07:00:00,10.7,10.7,9.85,10.7,,SMA
2022-01-19 07:00:00,,7.0,6.9,,19900.0,HAV
2024-01-11 07:00:00,36.55,36.55,,36.36,,BHN
2022-10-11 07:00:00,,,18.84,,,PGV
2025-11-21 07:00:00,24.0,25.5,,,500.0,VC6
2021-12-23 07:00:00,,8.0,7.5,,,DSG
2026-04-02 07:00:00,,,13.0,13.0,100.0,BT1
2026-01-05 07:00:00,4.9,,,5.1,6400.0,APP
2026-02-05 07:00:00,10.65,,10.5,,,RYG
2023-05-08 07:00:00,74.41,74.6,,,,BCM
2026-02-25 07:00:00,30.8,30.8,,30.7,,PTI
2025-06-05 07:00:00,,,71.5,72.6,,LHC
2019-11-13 07:00:00,6.83,6.87,6.76,6.8,291410.0,IJC
2017-03-03 07:00:00,,12.32,,,128090.0,HT1
2022-05-18 07:00:00,,,6.48,6.48,,PCT
2023-11-09 07:00:00,56.83,58.46,56.36,,355500.0,BCM
2023-12-15 07:00:00,,12.8,12.62,12.71,,CLX
2025-06-17 07:00:00,,,46.96,,200.0,NTH
2025-02-18 07:00:00,12.5,12.85,,,6826700.0,HAG
2021-03-17 07:00:00,12.5,14.0,,14.0,2200.0,VTX
2020-03-31 07:00:00,9.3,9.3,9.3,9.3,,TPP
2023-03-02 07:00:00,21.4,,21.4,21.4,2600.0,HOT
2026-03-10 07:00:00,10.0,,10.0,,,NVL
2022-11-28 07:00:00,3.83,3.83,,,5.0,SAL
2023-07-11 07:00:00,5.5,,5.43,5.47,193100.0,PLP
2019-04-01 07:00:00,23.29,,23.29,,,VCP
2016-06-15 07:00:00,7.6,,7.5,7.9,2900.0,UNI
2021-03-26 07:00:00,19.5,,17.4,17.4,2100.0,DVG
2023-04-18 07:00:00,3.6,3.6,,3.5,272900.0,KTT
2022-10-06 07:00:00,7.4,,,7.3,8901.0,HAC
2026-03-25 07:00:00,,12.5,12.5,12.5,100.0,TNW
2025-06-06 07:00:00,0.6,,,0.6,174800.0,FTM
2021-11-10 07:00:00,,12.98,12.87,,,MBB
2019-11-18 07:00:00,,6.24,6.24,6.24,490.0,GSP
2019-06-20 07:00:00,22.92,,22.3,,38300.0,BCM
2023-07-27 07:00:00,21.0,,20.4,,3867308.0,TAR
2019-10-30 07:00:00,11.11,12.33,11.11,12.33,,DPC
2017-05-30 07:00:00,4.56,4.56,4.1,4.56,14300.0,HKT
2025-07-02 07:00:00,18.46,18.46,18.46,18.46,,ADC
2017-03-07 07:00:00,9.42,,9.39,9.85,,SFI
2021-07-14 07:00:00,,21.43,,21.1,4190300.0,HDG
2022-06-17 07:00:00,16.15,17.23,,,6300.0,HPD
2022-04-19 07:00:00,,,6.31,6.5,2219.0,VTA
2023-03-15 07:00:00,83.7,,,84.7,1108600.0,MSN
2018-10-09 07:00:00,12.21,12.21,12.21,12.21,460.0,PNC
2021-04-12 07:00:00,18.08,,17.45,,,SC5
2020-11-16 07:00:00,11.26,,11.09,11.09,70042.0,MPC
2019-07-01 07:00:00,,6.85,6.85,6.85,,MIG
2019-08-30 07:00:00,3.7,3.7,3.7,,3300.0,VKC
2024-08-21 07:00:00,16.79,17.27,,17.27,,VIF
2016-05-16 07:00:00,5.45,5.45,,5.4,16700.0,DIH
2024-06-20 07:00:00,23.2,23.3,,,1100.0,VET
2026-02-25 07:00:00,5.0,,4.9,,,TT6
2018-02-28 07:00:00,,1.0,,0.9,,VNH
2020-07-02 07:00:00,16.51,16.51,15.85,15.92,,THG
2022-01-04 07:00:00,,,30.0,,,STG
2017-08-24 07:00:00,,26.46,26.23,26.23,,CVT
2021-02-08 07:00:00,,,12.0,,,SRF
2024-03-08 07:00:00,12.64,12.64,12.45,12.55,9200.0,ACL
2017-12-27 07:00:00,4.8,4.88,4.8,,17000.0,TL4
2018-05-02 07:00:00,5.16,5.23,5.16,,1500.0,ACC
2016-04-14 07:00:00,16.42,16.71,16.42,,,SAS
2016-06-27 07:00:00,7.09,7.13,,7.04,,ASM
2024-02-15 07:00:00,4.5,5.0,,,,HKT
2025-07-10 07:00:00,,14.5,14.5,,300.0,HSP
2024-09-20 07:00:00,1.7,1.9,,1.8,1007184.0,HHG
2026-03-18 07:00:00,,6.55,6.45,6.55,185500.0,DHM
2023-08-09 07:00:00,7.5,,7.4,7.7,,NDT
2023-07-07 07:00:00,9.8,9.99,9.7,9.99,,OIL
2022-06-16 07:00:00,7.35,7.42,7.2,7.27,46218.0,BMS
2023-12-14 07:00:00,6.36,6.36,6.36,,,VBB
2023-02-27 07:00:00,,,1.3,1.4,,HHG
2024-01-16 07:00:00,13.28,,,13.28,22.0,SID
2020-07-31 07:00:00,2.3,2.4,2.3,2.3,,DXV
2023-08-01 07:00:00,,6.45,6.45,6.45,1000.0,MIC
2025-05-07 07:00:00,,28.98,28.89,28.89,,TCW
2020-10-13 07:00:00,,6.95,6.95,6.95,,GSP
2024-11-26 07:00:00,17.0,17.15,16.7,16.75,,CTI
2024-07-12 07:00:00,10.26,10.44,,,185300.0,S99
2022-07-29 07:00:00,8.1,8.1,7.2,,600.0,E12
2018-01-12 07:00:00,4.02,4.11,,4.11,219600.0,TTZ
2015-12-29 07:00:00,2.9,2.95,2.85,2.95,212210.0,HAP
2021-03-16 07:00:00,,11.8,11.8,11.8,500.0,BCP
2016-09-23 07:00:00,20.89,21.26,,21.14,174160.0,NAF
2017-10-09 07:00:00,3.2,,3.1,,175000.0,PVL
2021-09-20 07:00:00,6.6,7.0,6.6,,,HID
2018-08-29 07:00:00,7.74,7.74,7.74,7.74,,ADC
2022-01-19 07:00:00,74.82,76.08,74.82,75.4,3344400.0,VHM
2022-09-28 07:00:00,,,,5.54,,NDX
2024-01-02 07:00:00,,4.6,4.2,4.5,103700.0,CTP
2023-10-30 07:00:00,17.73,17.92,17.08,17.08,704900.0,NHH
2017-02-21 07:00:00,10.39,,10.39,,3900.0,GHC
2022-10-10 07:00:00,,8.85,8.85,,1.0,HSP
2023-01-31 07:00:00,28.36,,28.36,,40300.0,DBD
2024-05-22 07:00:00,35.0,35.0,,,33561.0,HMR
2016-06-20 07:00:00,,8.09,7.96,8.03,259050.0,DAG
2025-08-18 07:00:00,,167.9,167.9,167.9,100.0,AGX
2025-07-30 07:00:00,,45.77,44.7,44.84,15200.0,VSH
2018-10-12 07:00:00,6.8,,,,100.0,QHD
2024-03-13 07:00:00,3.3,3.4,3.3,3.4,304.0,VTA
2017-07-26 07:00:00,26.07,,24.66,26.02,3440.0,PGD
2020-02-28 07:00:00,2.26,2.26,2.16,2.22,22820.0,HAP
2023-09-11 07:00:00,20.45,20.74,,,5528900.0,PC1
2025-12-24 07:00:00,,,,4.55,49000.0,VPH
2021-02-01 07:00:00,7.9,7.9,,7.9,100.0,L61
2024-12-16 07:00:00,20.58,20.58,20.58,20.58,1900.0,CKD
2017-06-14 07:00:00,8.72,8.95,,8.83,829820.0,DHM
2016-05-06 07:00:00,3.76,,3.71,3.71,700.0,SCL
2022-11-28 07:00:00,,,1.6,1.7,94800.0,KSQ
2022-12-14 07:00:00,8.9,8.9,8.9,,200.0,ILC
2026-01-14 07:00:00,12.6,14.0,,,,OIL
2025-07-11 07:00:00,0.6,0.7,0.6,,11100.0,PVH
2019-05-21 07:00:00,,10.41,9.99,,10500.0,SVC
2020-08-26 07:00:00,5.54,5.63,5.52,,661770.0,HDB
2017-10-16 07:00:00,19.8,19.9,19.8,19.9,200.0,HPM
2018-05-11 07:00:00,6.56,,,6.56,21290.0,HU3
2018-07-19 07:00:00,8.33,8.33,7.63,,15511.0,IDV
2023-05-26 07:00:00,7.9,7.9,7.0,7.3,1327.0,SHN
2023-03-03 07:00:00,2.41,,2.24,2.24,22500.0,ALV
2023-08-25 07:00:00,10.7,,,,219236.0,LDP
2021-03-08 07:00:00,18.26,18.26,14.18,14.18,200.0,ABR
2019-06-17 07:00:00,1.8,1.8,1.7,1.7,11000.0,KSQ
2022-11-29 07:00:00,12.41,,,12.41,,BHA
2016-11-11 07:00:00,6.11,6.14,6.09,6.12,,D2D
2023-02-06 07:00:00,30.46,30.53,29.9,30.35,435700.0,DGW
2020-03-27 07:00:00,,2.54,2.54,2.54,130.0,DSC
2020-12-04 07:00:00,7.24,,,7.24,157048.0,TVN
2021-11-24 07:00:00,,6.61,6.17,,,MAC
2025-03-10 07:00:00,3.6,3.7,,3.4,457500.0,PV2
2025-01-06 07:00:00,11.6,11.6,11.6,,4.0,VNI
2025-01-14 07:00:00,,11.3,11.06,,,ACL
2016-03-15 07:00:00,4.1,,4.1,,34000.0,LTC
2016-04-04 07:00:00,9.9,9.9,9.9,9.9,100.0,STC
2024-04-22 07:00:00,5.5,5.5,,5.5,2000.0,DSG
2023-05-10 07:00:00,5.1,5.7,5.1,5.7,2600.0,E12
2017-11-10 07:00:00,15.8,15.8,,15.77,4200.0,IMP
2016-07-18 07:00:00,,,,4.03,18570.0,SMA
2023-12-28 07:00:00,9.36,,,9.28,90386.0,BMS
2019-01-11 07:00:00,4.02,4.55,4.02,4.22,100580.0,DRI
2019-06-04 07:00:00,15.76,,15.22,15.22,11930.0,VSI
2022-11-02 07:00:00,8.64,8.64,8.64,8.64,400.0,THP
2021-02-02 07:00:00,,8.52,,,100.0,SGS
2026-03-11 07:00:00,34.0,35.8,33.8,35.8,36800.0,LSG
2022-04-15 07:00:00,,12.45,12.28,12.28,12800.0,BTP
2026-04-13 07:00:00,,8.4,8.0,8.0,,DC1
2025-02-21 07:00:00,,79.0,79.0,79.0,100.0,AGX
2017-08-17 07:00:00,2.2,2.3,2.1,2.2,633000.0,ACM
2021-11-04 07:00:00,,10.05,9.67,,132028.0,TTN
2025-05-15 07:00:00,12.2,12.25,,12.05,19000.0,TMT
2020-08-27 07:00:00,6.25,6.41,6.23,,,CRE
2021-06-10 07:00:00,10.77,11.64,10.6,11.64,,ACL
2024-10-08 07:00:00,3.6,,3.6,3.6,400.0,HAV
2023-04-20 07:00:00,37.8,37.8,37.8,,,AGX
2016-10-25 07:00:00,9.98,,9.98,9.98,,VSH
2022-04-19 07:00:00,,76.82,75.02,,6800.0,NSC
2020-09-03 07:00:00,4.93,4.93,,,4430.0,FCM
2022-12-20 07:00:00,14.5,15.4,,15.4,,HEJ
2021-06-25 07:00:00,14.74,14.83,,14.74,253800.0,TAR
2022-10-27 07:00:00,23.37,23.37,22.28,,4400.0,IMP
2026-02-13 07:00:00,67.9,68.8,67.3,68.4,1516100.0,DGC
2016-09-14 07:00:00,3.97,,3.97,3.97,100.0,SPD
2017-07-13 07:00:00,,7.59,7.1,7.1,168500.0,VTH
2018-07-24 07:00:00,15.13,15.52,15.13,15.37,,VNG
2024-01-16 07:00:00,,,7.3,,,HCD
2023-05-17 07:00:00,4.1,4.33,4.1,,13485700.0,HPX
2017-10-09 07:00:00,8.95,9.5,,,7707.0,PIC
2023-06-06 07:00:00,,37.27,37.27,37.27,100.0,TDW
2022-02-14 07:00:00,,11.09,10.94,10.94,,GSM
2018-08-10 07:00:00,22.22,22.66,,22.66,810.0,ABT
2018-11-09 07:00:00,3.05,3.23,3.05,3.23,17560.0,VE9
2020-03-16 07:00:00,16.9,17.0,16.9,16.9,782.0,VTX
2020-12-23 07:00:00,12.8,12.8,12.8,12.8,100.0,TST
2023-07-18 07:00:00,4.7,,,,24400.0,APP
2023-02-02 07:00:00,3.15,3.22,3.05,,420700.0,HID
2016-01-28 07:00:00,1.6,1.6,,1.6,32370.0,PTL
2016-08-29 07:00:00,3.43,3.47,3.39,3.45,87500.0,CSC
2023-07-12 07:00:00,10.15,10.15,,,,TTC
2026-03-16 07:00:00,65.2,,64.8,65.0,21400.0,SCG
2026-04-23 07:00:00,10.4,,10.0,10.35,,TNT
2022-03-02 07:00:00,12.16,12.26,11.78,11.9,399300.0,ELC
2018-04-19 07:00:00,3.64,3.74,3.64,3.74,,VC6
2026-04-07 07:00:00,6.9,,6.75,,700.0,VNG
2019-08-30 07:00:00,1.35,1.53,1.29,1.47,,ALV
2025-11-27 07:00:00,15.55,,,14.85,16187400.0,NVL
2025-06-09 07:00:00,,22.3,,,,CTI
2017-07-28 07:00:00,15.76,15.76,15.76,15.76,3000.0,UEM
2021-05-18 07:00:00,,14.29,13.24,14.1,843853.0,TVN
2020-08-11 07:00:00,4.18,,4.18,,,VTA
2017-03-02 07:00:00,20.74,,19.8,19.88,,NAS
2023-05-15 07:00:00,23.37,23.37,23.37,23.37,203.0,CDN
2022-08-03 07:00:00,9.18,9.23,,,248400.0,DHM
2022-05-31 07:00:00,7.62,7.62,7.62,7.62,100.0,CID
2017-08-25 07:00:00,2.1,2.2,2.0,2.1,732692.0,ACM
2021-08-19 07:00:00,14.0,14.0,14.0,,,VTX
2018-01-26 07:00:00,3.21,,3.21,3.21,,HAC
2021-03-03 07:00:00,18.82,18.9,18.56,18.65,813643.0,BVS
2018-03-26 07:00:00,1.38,,1.38,,51550.0,CDO
2024-09-16 07:00:00,,32.81,30.94,32.81,210.0,ND2
2022-08-16 07:00:00,7.86,8.54,7.86,8.54,,DC1
2020-06-26 07:00:00,29.49,,29.49,30.46,,NHH
2025-02-21 07:00:00,20.08,20.4,19.92,20.16,,NHA
2016-07-01 07:00:00,5.34,,,5.34,,DIH
2018-08-23 07:00:00,,35.18,35.18,35.18,100.0,VET
2024-07-16 07:00:00,29.0,29.27,,,4796600.0,HDG
2017-08-31 07:00:00,,1.7,1.5,1.5,58900.0,PXA
2021-08-11 07:00:00,22.79,22.79,,22.79,,IHK
2024-02-05 07:00:00,4.1,4.1,4.1,,,RIC
2019-09-26 07:00:00,8.18,,8.13,,1500.0,PPH
2020-04-24 07:00:00,,,5.24,,4800.0,CDP
2022-02-08 07:00:00,31.69,,31.61,32.01,,THG
2018-08-28 07:00:00,,11.69,11.69,11.69,600.0,LHC
2022-05-26 07:00:00,,,,,100.0,NDP
2019-06-25 07:00:00,0.8,,,0.7,36500.0,TOP
2020-12-01 07:00:00,,,,,82.0,L61
2021-03-22 07:00:00,,8.46,8.34,8.34,,MTP
2021-05-24 07:00:00,9.71,9.95,9.71,,18932.0,XMC
2020-11-30 07:00:00,10.33,11.16,,11.16,,SFI
2023-07-07 07:00:00,,,25.07,,674700.0,SSB
2026-04-23 07:00:00,30.7,,29.8,30.0,13100.0,CDN
2023-05-29 07:00:00,,16.44,,,3000.0,HEP
2020-07-17 07:00:00,13.72,13.72,13.72,13.72,,CTB
2021-07-09 07:00:00,16.8,16.95,16.8,16.95,,STG
2022-07-08 07:00:00,129.3,129.3,127.0,127.8,450200.0,VJC
2021-09-10 07:00:00,,54.49,42.18,,300.0,CMN
2023-01-13 07:00:00,,,15.78,15.85,1217400.0,PC1
2023-06-20 07:00:00,5.3,,,,13413.0,ONE
2016-08-09 07:00:00,,2.7,2.61,2.7,,THT
2018-10-09 07:00:00,9.86,9.86,,9.86,1300.0,AGP
2021-01-22 07:00:00,,17.3,,17.3,,PTI
2021-04-15 07:00:00,6.09,,5.69,,,TFC
2023-05-23 07:00:00,,,5.0,5.0,,ONE
2019-03-11 07:00:00,6.68,,6.68,,50.0,STT
2021-12-30 07:00:00,15.44,15.63,15.25,15.53,,TVN
2023-06-23 07:00:00,,,,6.68,,TLP
2020-03-02 07:00:00,,,,29.84,524050.0,NVL
2025-03-14 07:00:00,,,6.44,6.5,,VPH
2017-03-29 07:00:00,8.32,8.32,8.17,8.22,,VCG
2019-06-07 07:00:00,4.76,4.76,4.76,4.76,700.0,DC1
2016-12-05 07:00:00,13.55,,13.55,13.55,800.0,TET
2025-08-13 07:00:00,7.3,,,,,EVS
2024-05-23 07:00:00,10.77,10.77,10.77,,100.0,VQC
2024-04-19 07:00:00,5.03,5.12,4.36,5.03,,ILA
2025-12-19 07:00:00,31.2,31.2,31.0,,8900.0,CQN
2023-08-29 07:00:00,5.9,5.9,4.9,,600.0,VNY
2017-05-24 07:00:00,7.78,,,7.96,,SD6
2022-12-20 07:00:00,11.46,11.63,11.14,11.46,382848.0,NAG
2024-11-12 07:00:00,,41.35,40.3,40.3,16217500.0,VHM
2026-03-30 07:00:00,4.95,,4.95,5.35,992000.0,HID
2021-06-18 07:00:00,3.4,,,3.4,,ACM
2023-12-18 07:00:00,12.75,,12.75,,500.0,PIC
2023-08-24 07:00:00,5.81,,,5.81,15623.0,BTS
2020-03-13 07:00:00,1.68,1.68,1.57,,647460.0,FTM
2020-08-21 07:00:00,23.68,,23.51,23.8,287823.0,CTR
2020-05-11 07:00:00,5.11,5.27,5.11,,2100.0,S99
2024-04-11 07:00:00,,,13.06,13.24,6870000.0,TPB
2017-10-16 07:00:00,,,89.18,91.03,28030.0,BHN
2024-12-30 07:00:00,,40.53,39.99,,,DGW
2017-09-20 07:00:00,5.46,5.46,5.46,5.46,,SMA
2023-07-25 07:00:00,12.35,13.03,12.35,,,SHS
2023-10-02 07:00:00,3.32,,3.13,3.22,,ILA
2019-10-14 07:00:00,,2.0,,2.0,,CTP
2023-05-29 07:00:00,,6.8,6.62,6.8,143900.0,TDT
2024-06-19 07:00:00,10.2,,,,16500.0,CIA
2024-12-12 07:00:00,34.19,34.75,34.19,,10500.0,SAS
2016-01-13 07:00:00,,3.43,3.43,3.43,,VE9
2022-08-02 07:00:00,,13.66,13.5,13.66,7626.0,BAB
2023-06-02 07:00:00,26.98,27.72,,,2536400.0,DGW
2017-07-11 07:00:00,8.37,8.37,8.07,8.07,3000.0,BHP
2018-07-06 07:00:00,,3.69,,3.69,5000.0,TJC
2016-10-03 07:00:00,,1.41,1.24,1.33,61500.0,PVV
2021-05-11 07:00:00,24.62,24.62,24.62,,60000.0,TNC
2023-09-14 07:00:00,7.6,7.6,,7.51,8900.0,SMA
2018-05-23 07:00:00,7.1,,7.1,,,L63
2021-07-12 07:00:00,18.77,,18.47,18.47,4000.0,VMD
2020-09-08 07:00:00,,13.0,12.65,,,NHT
2015-12-16 07:00:00,,,,1.87,18000.0,PTS
2019-08-05 07:00:00,5.78,,,4.99,4700.0,GSM
2020-06-09 07:00:00,5.73,5.82,5.5,,12715070.0,HAG
2022-03-08 07:00:00,32.59,,32.59,32.59,11500.0,AGX
2018-01-05 07:00:00,20.6,20.6,,,,HPM
2021-06-03 07:00:00,7.3,,6.9,7.4,,APP
2020-03-31 07:00:00,,,1.31,,177280.0,TNT
2022-06-30 07:00:00,11.88,,,11.51,,OIL
2020-02-06 07:00:00,,14.57,14.2,14.57,5900.0,GHC
2017-08-08 07:00:00,,2.21,2.03,,,PVV
2025-10-07 07:00:00,12.8,12.8,12.5,12.7,,VNP
2022-11-16 07:00:00,10.94,10.94,,,7000.0,NHT
2024-11-15 07:00:00,10.1,11.1,9.5,11.1,5100.0,HAC
2017-10-02 07:00:00,3.48,3.52,,3.48,162310.0,CDO
2016-10-03 07:00:00,1.7,1.7,,1.6,114800.0,VIG
2019-03-26 07:00:00,,,22.83,24.07,11680.0,UIC
2022-03-11 07:00:00,,9.76,,,152623.0,NAG
2025-12-19 07:00:00,16.59,16.59,16.59,16.59,200.0,HPD
2018-10-05 07:00:00,,,,,,STG
2019-05-24 07:00:00,2.7,,2.7,2.7,,AFX
2019-04-25 07:00:00,,,4.2,,2900.0,PVO
2021-03-29 07:00:00,9.79,9.83,9.66,9.83,138500.0,ANV
2018-10-02 07:00:00,5.66,6.78,,6.78,,POS
2018-04-13 07:00:00,21.01,,21.01,,5200.0,HMS
2024-10-30 07:00:00,25.08,25.26,,,55540.0,CSC
2015-12-22 07:00:00,1.97,,1.86,1.86,400.0,PTS
2020-01-30 07:00:00,13.02,13.02,11.81,,11735.0,CIA
2021-12-01 07:00:00,18.06,18.27,,17.85,4844300.0,APG
2018-02-01 07:00:00,,4.04,3.9,4.04,20690.0,KMR
2023-10-31 07:00:00,20.65,20.94,20.17,,27400.0,PGV
2022-08-30 07:00:00,7.23,,6.65,7.23,,PCT
2019-12-16 07:00:00,,,26.1,,98620.0,D2D
2018-09-21 07:00:00,,8.94,8.81,8.94,1846.0,PIC
2024-04-09 07:00:00,13.17,,,13.27,49340.0,CLX
2021-05-27 07:00:00,13.0,13.1,12.9,13.0,,AFX
2017-10-19 07:00:00,9.24,,,9.24,1300.0,NHH
2024-07-23 07:00:00,17.39,,17.39,17.39,100.0,VC6
2021-03-12 07:00:00,,45.43,44.86,44.86,13800.0,CVT
2019-12-09 07:00:00,,33.33,,,,TRC
2021-07-29 07:00:00,,10.38,10.15,,706400.0,FCN
2023-06-21 07:00:00,4.6,4.6,4.6,4.6,500.0,L61
2020-08-07 07:00:00,15.98,,15.98,,6210.0,THG
2024-03-06 07:00:00,,5.5,5.5,5.5,200.0,SJM
2019-12-27 07:00:00,0.4,,0.4,0.4,508189.0,ACM
2023-03-17 07:00:00,23.54,,23.54,23.54,,TRC
2021-05-06 07:00:00,10.87,10.87,10.87,10.87,,QTC
2016-02-24 07:00:00,3.8,3.59,3.51,3.55,66200.0,NDX
2020-06-01 07:00:00,,13.19,12.98,13.05,,TCW
2025-07-25 07:00:00,9.7,9.7,9.2,9.5,3200.0,BLI
2018-09-05 07:00:00,,9.5,,9.5,,VMD
2024-10-24 07:00:00,3.6,3.6,3.1,3.2,278100.0,SD6
2018-05-25 07:00:00,,15.54,15.41,15.41,810.0,IMP
2022-11-02 07:00:00,8.02,8.02,,7.79,9805.0,POS
2020-08-05 07:00:00,,8.42,8.42,8.42,,PGV
2019-04-18 07:00:00,10.13,10.21,10.01,,371380.0,ANV
2025-04-21 07:00:00,,5.08,4.95,4.95,,HAP
2018-11-05 07:00:00,,11.13,,,,BAB
2026-04-22 07:00:00,,14.9,14.1,,4600.0,XPH
2025-06-04 07:00:00,17.92,18.02,,18.02,13200.0,HPD
2022-10-24 07:00:00,5.39,,5.39,,,MCF
2022-09-16 07:00:00,,10.17,9.64,9.64,,POV
2024-12-12 07:00:00,11.58,11.58,,,,SGI
2021-11-18 07:00:00,18.34,,,,,CRE
2023-06-30 07:00:00,,1.4,1.3,1.3,6000.0,STL
2025-05-28 07:00:00,,,10.97,11.17,,POW
2020-01-21 07:00:00,17.69,17.9,17.29,,,CTI
2016-12-01 07:00:00,2.79,,2.79,2.96,,NHA
2023-03-14 07:00:00,7.5,7.5,7.5,7.5,,PND
2021-01-07 07:00:00,,27.66,25.71,27.62,,HPX
2024-06-26 07:00:00,,,,5.88,,HBH
2018-05-14 07:00:00,9.22,,8.84,8.87,123080.0,HT1
2022-11-09 07:00:00,24.0,,23.35,23.8,55700.0,DCL
2020-04-13 07:00:00,,4.2,,4.2,200.0,PRO
2022-10-24 07:00:00,,4.59,,,311400.0,DAG
2022-11-09 07:00:00,,,9.89,,1600.0,VNL
2023-10-27 07:00:00,2.9,3.0,,3.0,,PVL
2026-04-29 07:00:00,36.1,36.6,,36.5,6500.0,SAS
2019-04-23 07:00:00,,,,,2000.0,NHA
2016-05-11 07:00:00,37.16,37.16,36.39,37.16,353890.0,MSN
2019-08-15 07:00:00,9.0,,,9.0,,SHN
2021-11-29 07:00:00,14.97,15.05,14.75,15.05,124900.0,SBA
2021-04-05 07:00:00,8.33,,8.33,8.33,25100.0,MCF
2024-03-27 07:00:00,29.94,,,29.7,18532.0,VRG
2022-06-16 07:00:00,,,,8.47,803600.0,MSB
2024-07-12 07:00:00,19.73,20.01,19.13,19.45,,VOS
2024-09-09 07:00:00,4.4,,4.4,4.4,,PRO
2023-01-03 07:00:00,5.81,6.76,5.81,6.67,,BTS
2024-03-18 07:00:00,9.57,9.57,9.57,,,VCA
2025-06-13 07:00:00,,,,,100.0,ATS
2025-10-17 07:00:00,31.11,31.61,,30.42,,VCI
2016-09-08 07:00:00,3.26,3.44,3.26,3.44,,SMA
2023-05-08 07:00:00,4.89,5.32,4.89,5.23,189918.0,HBS
2022-08-24 07:00:00,21.9,21.9,,21.9,300.0,HMS
2023-12-25 07:00:00,,6.2,6.2,,,DC1
2022-01-26 07:00:00,,9.8,8.65,,,HID
2020-07-23 07:00:00,17.85,17.85,17.85,,100.0,PBC
2018-08-08 07:00:00,2.5,,2.5,2.5,5700.0,TNS
2018-01-17 07:00:00,2.7,,,,,PV2
2019-02-18 07:00:00,18.24,19.05,18.24,19.05,9020.0,DBD
2018-01-29 07:00:00,,7.2,,,5500.0,VNI
2021-10-25 07:00:00,9.63,10.59,,10.59,1677666.0,TDT
2022-02-24 07:00:00,6.9,6.9,,6.9,600.0,L63
2021-12-03 07:00:00,36.98,,36.64,37.11,,SVC
2023-11-23 07:00:00,11.45,11.45,,,1500.0,VNP
2018-11-01 07:00:00,9.37,9.37,9.09,,,LMH
2021-07-05 07:00:00,12.0,12.7,,,117200.0,DVG
2016-08-19 07:00:00,,4.9,4.7,,6170.0,PXI
2022-08-18 07:00:00,8.8,8.9,8.7,8.9,60900.0,DST
2022-10-03 07:00:00,20.3,,19.39,,11500.0,SWC
2015-10-05 07:00:00,,5.5,,5.0,8500.0,LTC
2018-07-13 07:00:00,2.48,2.59,2.48,2.59,1010.0,PXI
2025-11-27 07:00:00,,,13.05,13.3,2600.0,ACC
2021-08-16 07:00:00,13.7,,13.7,,90908.0,AFX
2019-05-20 07:00:00,4.03,4.03,3.53,,10100.0,TFC
2020-09-25 07:00:00,14.42,,14.29,14.42,50044.0,TCW
2018-11-01 07:00:00,2.79,2.79,2.79,,100.0,PCM
2024-04-05 07:00:00,,,50.42,51.58,,ACV
2023-07-26 07:00:00,9.06,,,9.06,,DHD
2018-05-28 07:00:00,6.59,6.59,,6.59,1000.0,PPH
2016-09-16 07:00:00,11.42,11.42,11.21,,372980.0,PXS
2026-03-06 07:00:00,15.4,,,,600.0,XPH
2018-02-27 07:00:00,,,6.05,6.05,,DBC
2025-11-10 07:00:00,,,5.4,5.4,2500.0,APP
2024-03-26 07:00:00,,10.1,9.77,,203622.0,BMS
2019-03-12 07:00:00,12.75,13.5,12.7,13.5,,FDC
2025-09-30 07:00:00,,4.9,4.9,,1100.0,NDT
2022-06-16 07:00:00,7.9,7.9,7.9,,,SJM
2022-02-09 07:00:00,42.8,,41.95,41.95,,TRC
2016-05-26 07:00:00,2.21,2.21,2.13,2.17,59200.0,NAG
2018-12-26 07:00:00,8.09,8.09,,8.09,,AGP
2022-06-29 07:00:00,29.51,29.51,,,300.0,ABT
2017-07-28 07:00:00,5.49,5.49,,5.49,2900.0,ALV
2018-07-13 07:00:00,23.07,23.54,,23.38,156940.0,CTI
2020-10-27 07:00:00,7.92,,,9.09,,STC
2021-10-04 07:00:00,7.2,,,,,L63
2019-11-12 07:00:00,32.96,,32.96,,100.0,TQN
2019-10-02 07:00:00,5.51,5.51,,5.45,167240.0,DRH
2022-01-27 07:00:00,11.9,12.0,11.2,,108200.0,SSN
2026-01-14 07:00:00,,12.8,12.6,12.8,36800.0,CST
2021-09-10 07:00:00,1.4,1.6,1.4,1.6,,MPT
2018-07-16 07:00:00,3.43,3.45,,3.44,,VDS
2021-10-08 07:00:00,62.84,64.21,62.84,,1300.0,NSC
2018-02-28 07:00:00,25.65,25.65,25.65,25.65,,NAS
2017-11-09 07:00:00,8.19,8.79,,,10100.0,VIF
2024-01-29 07:00:00,9.5,,9.35,9.4,294400.0,TDC
2021-11-23 07:00:00,,46.46,,46.39,110400.0,MCM
2019-06-06 07:00:00,2.34,,2.34,,,HAP
2021-12-24 07:00:00,6.8,,6.5,6.7,,VPA
2017-05-03 07:00:00,,,,,3000.0,HAC
2020-04-10 07:00:00,2.48,2.48,,2.48,9700.0,ONE
2023-09-07 07:00:00,,,4.7,4.7,,DAG
2021-05-17 07:00:00,6.3,,6.05,6.29,,UDC
2020-02-03 07:00:00,6.7,6.7,,,2700.0,TDS
2022-08-12 07:00:00,,11.36,,11.36,,SBV
2016-06-07 07:00:00,5.01,5.01,5.01,5.01,200.0,SGD
2020-11-09 07:00:00,,4.41,,4.41,10540.0,TMT
2026-01-26 07:00:00,8.1,8.1,8.1,8.1,100.0,HAS
2023-12-08 07:00:00,,2.9,2.8,2.9,,KTT
2018-11-29 07:00:00,5.84,5.84,5.84,,100.0,CT3
2021-11-23 07:00:00,34.64,,34.64,35.46,,DHA
2025-07-16 07:00:00,1.6,,,,,HHG
2021-08-18 07:00:00,9.89,9.89,9.44,9.44,,DSC
2020-03-12 07:00:00,5.82,5.82,5.82,5.82,100.0,MCF
2017-07-07 07:00:00,7.16,,7.16,,114260.0,VCI
2018-09-07 07:00:00,,9.06,9.06,9.06,10.0,SMA
2019-09-13 07:00:00,24.25,24.52,23.7,24.52,134170.0,D2D
2018-10-19 07:00:00,10.14,,10.14,10.14,100.0,IME
2023-12-28 07:00:00,38.77,,38.77,38.86,,TMB
2025-07-31 07:00:00,18.47,18.47,18.47,,6900.0,PRE
2024-07-15 07:00:00,,19.57,19.01,,1313.0,GSM
2021-04-12 07:00:00,12.5,12.6,12.5,12.5,,FDC
2021-05-24 07:00:00,6.82,,6.82,,32500.0,ICG
2020-11-16 07:00:00,5.59,5.59,5.41,5.5,51900.0,VNP
2022-06-01 07:00:00,,,52.61,,26140.0,ACV
2019-06-28 07:00:00,20.41,20.8,,20.7,95080.0,DBD
2021-05-10 07:00:00,29.84,30.23,29.46,29.92,,NLG
2024-05-10 07:00:00,,17.31,17.12,17.31,,DVN
2020-08-17 07:00:00,1.53,1.64,1.53,,490.0,MCG
2022-12-30 07:00:00,,2.8,,2.76,8100.0,KMR
2016-08-31 07:00:00,,3.46,3.46,3.46,,EBS
2017-10-27 07:00:00,,,3.7,,1000.0,UDC
2020-05-15 07:00:00,6.16,6.95,6.16,6.95,,TL4
2017-03-02 07:00:00,8.0,8.0,,8.0,,TH1
2022-01-18 07:00:00,,,,11.64,100.0,BHA
2023-03-03 07:00:00,9.37,9.41,9.32,9.41,11800.0,SBV
2017-07-20 07:00:00,18.46,18.59,18.43,18.43,29590.0,TRC
2019-08-22 07:00:00,6.8,6.8,6.65,6.8,,TTN
2019-08-12 07:00:00,2.53,2.56,,2.5,223620.0,SHS
2023-06-27 07:00:00,,,,15.81,1288500.0,HT1
2016-01-04 07:00:00,15.05,15.05,14.65,,,VMD
2020-08-20 07:00:00,22.76,,22.43,22.64,,DHA
2022-11-04 07:00:00,,,,,100.0,HKT
2020-08-05 07:00:00,3.1,3.1,3.1,3.1,,ILC
2026-02-13 07:00:00,,,9.1,,1100.0,XMC
2018-03-05 07:00:00,,1.8,,1.8,8100.0,MCO
2025-05-09 07:00:00,10.68,10.72,10.47,,,POW
2019-01-30 07:00:00,3.3,3.48,3.3,,,MPT
2023-07-21 07:00:00,18.5,18.5,18.33,,28600.0,VMD
2023-05-08 07:00:00,,9.3,9.0,9.3,300.0,UNI
2023-03-02 07:00:00,3.0,3.0,2.96,,82600.0,HID
2024-04-17 07:00:00,6.55,6.55,6.22,6.22,119200.0,VPH
2024-03-19 07:00:00,,,36.63,36.63,,TRC
2023-09-08 07:00:00,,,3.7,3.8,36600.0,SD6
2017-02-21 07:00:00,6.4,6.66,,6.57,18310.0,SWC
2016-03-04 07:00:00,,,15.5,18.8,,TH1
2020-06-02 07:00:00,2.64,,2.58,2.61,3210787.0,SHS
2025-03-26 07:00:00,7.8,7.83,,,,HCD
2024-01-12 07:00:00,4.5,4.5,4.5,,,TS3
2022-03-25 07:00:00,33.37,33.55,33.02,,124908.0,BVS
2023-07-18 07:00:00,76.41,76.7,,76.22,352700.0,BCM
2017-07-26 07:00:00,18.67,,,17.62,10310.0,SC5
2023-02-20 07:00:00,7.87,,,8.1,6881.0,POS
2019-01-04 07:00:00,38.4,38.5,38.2,38.5,,ATS
2023-07-28 07:00:00,4.3,,4.3,,,L61
2019-08-06 07:00:00,5.8,5.83,5.75,,3904110.0,MBB
2023-09-12 07:00:00,12.6,,12.6,12.6,6.0,PCM
2019-03-12 07:00:00,,23.69,21.54,23.69,5000.0,VHL
2021-02-02 07:00:00,1.4,1.5,1.3,,,PVV
2025-10-23 07:00:00,7.8,,7.8,8.1,,THT
2022-03-18 07:00:00,,31.8,31.21,31.42,206600.0,DPR
2024-06-21 07:00:00,14.65,14.65,14.65,14.65,200.0,STC
2016-04-27 07:00:00,14.25,,14.14,14.51,69000.0,HT1
2024-07-12 07:00:00,,,24.15,24.45,32600.0,PGV
2025-08-12 07:00:00,48.5,48.75,47.4,,36400.0,UIC
2017-12-14 07:00:00,,10.17,,9.7,24300.0,NHH
2025-01-02 07:00:00,,10.6,,10.6,,TNB
2025-03-04 07:00:00,15.12,,14.73,15.02,,FCN
2018-10-01 07:00:00,7.32,,7.32,7.53,700.0,QHD
2015-12-31 07:00:00,4.88,4.88,,,4300.0,ND2
2024-08-14 07:00:00,19.57,19.57,18.7,18.86,561900.0,NHA
2022-05-26 07:00:00,19.09,,18.38,19.26,296500.0,CLX
2025-05-13 07:00:00,,,20.9,21.5,,CTP
2018-07-12 07:00:00,,,,,21100.0,TPP
2021-06-01 07:00:00,90.18,90.18,85.84,87.72,2426200.0,MSN
2020-12-02 07:00:00,,17.34,16.72,17.28,,AGG
2021-09-09 07:00:00,11.3,,,,50085.0,PGT
2018-09-25 07:00:00,,,6.59,,1701.0,TDS
2022-08-09 07:00:00,,,7.0,7.24,,DAG
2021-07-27 07:00:00,5.06,,5.06,5.06,3000.0,POV
2023-04-28 07:00:00,,,,,,CCI
2023-04-24 07:00:00,4.05,4.09,4.01,,2694400.0,HPX
2023-10-06 07:00:00,9.06,,9.02,9.27,5141700.0,POW
2021-02-08 07:00:00,28.79,28.79,28.48,28.79,,VCG
2022-06-27 07:00:00,,,9.25,9.57,25600.0,PGB
2016-10-28 07:00:00,2.47,2.61,2.47,,15200.0,THT
2024-11-01 07:00:00,3.08,3.11,3.05,3.08,,FCM
2017-12-26 07:00:00,,7.1,,,42000.0,VKC
2021-07-15 07:00:00,7.8,8.42,,8.31,8300.0,DSC
2025-01-08 07:00:00,31.05,,,31.05,100.0,SGH
2022-07-22 07:00:00,4.58,4.6,4.4,,169900.0,PTL
2018-12-19 07:00:00,,2.7,,2.7,,PTL
2018-09-17 07:00:00,5.47,5.54,5.38,5.4,45400.0,CSC
2022-03-01 07:00:00,27.45,27.8,26.91,27.8,1595300.0,DBC
2016-09-07 07:00:00,16.87,17.74,16.71,,,CVT
2020-08-27 07:00:00,,8.08,7.8,7.91,45615.0,DC1
2015-11-18 07:00:00,7.73,,7.59,7.59,10800.0,DCL
2017-01-19 07:00:00,3.01,3.01,2.92,,95820.0,DGW
2017-12-21 07:00:00,41.71,41.71,41.44,,,VEF
2026-02-09 07:00:00,,33.51,31.68,,,LBM
2019-04-05 07:00:00,,6.04,5.97,,2881150.0,MBB
2024-09-30 07:00:00,26.8,26.8,,26.45,,DCL
2025-10-13 07:00:00,14.7,,14.7,15.05,1216300.0,NAB
2016-07-21 07:00:00,3.56,3.69,3.52,3.54,64000.0,CSC
2016-11-30 07:00:00,2.33,2.37,,,13210.0,HAP
2021-10-07 07:00:00,,,,,18900.0,VXB
2018-10-12 07:00:00,3.33,3.46,,3.46,9950.0,SAV
2019-08-09 07:00:00,1.4,1.4,,,23127.0,PVR
2023-05-31 07:00:00,,,11.4,,49800.0,CIA
2017-04-24 07:00:00,3.48,3.61,3.48,3.48,,S99
2024-05-28 07:00:00,7.8,,7.43,7.8,2323.0,AG1
2018-04-19 07:00:00,,,2.97,,,VRG
2024-07-12 07:00:00,,,1.0,1.1,,PVR
2020-01-06 07:00:00,,6.71,,6.71,,NDT
2016-12-29 07:00:00,,19.91,,19.13,,PGD
2022-10-20 07:00:00,22.15,22.15,21.8,22.15,,CDN
2020-12-16 07:00:00,27.6,27.6,27.6,27.6,,NAS
2015-11-25 07:00:00,41.84,42.63,41.44,42.63,,TMT
2025-08-18 07:00:00,,15.81,15.51,,,MPC
2020-12-14 07:00:00,,5.2,5.0,,74332.0,SSN
2022-02-18 07:00:00,45.2,45.2,,45.2,,DTL
2018-07-17 07:00:00,18.18,,17.85,18.21,375210.0,NLG
2021-05-13 07:00:00,,35.24,,,13504.0,VFG
2019-01-31 07:00:00,2.31,2.35,,2.26,121850.0,TNT
2019-09-30 07:00:00,1.76,1.84,1.75,1.77,178230.0,VOS
2024-11-27 07:00:00,,30.46,,,110.0,CTW
2020-08-03 07:00:00,2.48,,,2.43,,NAG
2016-05-20 07:00:00,,,7.0,,9500.0,VCC
2022-06-30 07:00:00,26.05,26.05,25.98,25.98,800.0,ND2
2024-05-21 07:00:00,34.24,37.58,33.56,34.76,14074.0,AGP
2021-03-19 07:00:00,4.26,4.31,4.26,4.3,201200.0,HID
2023-08-22 07:00:00,11.09,11.09,11.09,11.09,300.0,CTB
2023-12-05 07:00:00,11.95,12.15,11.95,,115800.0,ACC
2017-09-19 07:00:00,13.72,13.81,13.57,13.72,447440.0,FTM
2022-02-09 07:00:00,16.75,16.75,16.75,16.75,600.0,DAT
2025-10-22 07:00:00,4.8,,4.8,,100.0,SJM
2016-02-23 07:00:00,11.88,12.01,11.74,,8200.0,TFC
2021-07-28 07:00:00,8.08,,8.03,8.03,,PNC
2024-05-29 07:00:00,,9.3,8.9,9.2,10104.0,DHB
2021-01-07 07:00:00,,,10.05,,,CCI
2019-05-10 07:00:00,11.52,,11.44,11.56,128830.0,FCN
2022-06-03 07:00:00,,,8.98,9.13,1194200.0,APG
2016-07-21 07:00:00,40.76,,40.76,40.76,26670.0,DRH
2018-06-01 07:00:00,,8.95,,,15040.0,SBA
2023-04-06 07:00:00,12.62,12.62,,11.31,1300.0,HEP
2021-05-05 07:00:00,13.31,,,,,CRE
2021-08-20 07:00:00,5.19,5.45,,5.45,600.0,CID
2021-12-07 07:00:00,,32.86,,32.07,16100.0,HMS
2017-08-31 07:00:00,4.0,4.0,4.0,4.0,5200.0,VDS
2021-01-08 07:00:00,3.08,3.08,2.96,,467800.0,HID
2023-11-27 07:00:00,43.66,43.82,,42.51,20400.0,DBD
2023-10-30 07:00:00,7.87,7.87,7.87,7.87,1000.0,PTS
2016-03-15 07:00:00,3.08,3.08,2.97,,,SMA
2021-05-11 07:00:00,6.72,,6.61,6.61,4800.0,SAC
2023-04-07 07:00:00,,27.43,25.77,27.43,511.0,ND2
2023-01-12 07:00:00,,,,4.82,,UDC
2020-03-03 07:00:00,5.86,,,5.86,,GSP
2023-01-05 07:00:00,5.5,5.59,5.5,5.59,,ONE
2023-09-25 07:00:00,,8.52,,,,PTS
2022-12-28 07:00:00,9.36,,9.22,9.44,4608400.0,MBB
2020-07-02 07:00:00,,,,1.0,11000.0,VNH
2020-12-03 07:00:00,7.2,7.41,7.11,7.28,,SMA
2025-04-04 07:00:00,6.4,6.4,6.4,6.4,226.0,VES
2019-09-04 07:00:00,0.5,,0.4,,497730.0,ACM
2020-08-06 07:00:00,5.05,5.2,4.97,,,HDB
2021-11-11 07:00:00,48.21,,48.21,50.85,7545400.0,NLG
2019-05-23 07:00:00,,,,6.06,1800.0,MCF
2019-10-28 07:00:00,,,,,3835100.0,ASM
2021-07-23 07:00:00,6.4,6.4,6.4,6.4,1101.0,PSB
2024-05-06 07:00:00,,10.03,9.86,10.03,73700.0,CDP
2022-12-30 07:00:00,52.03,,51.72,,565900.0,VHC
2025-08-13 07:00:00,7.97,,7.97,,,BLN
2024-01-19 07:00:00,9.13,,9.13,,1100.0,ABR
2023-08-23 07:00:00,,24.43,23.79,,226381.0,BVS
2017-09-06 07:00:00,1.68,1.77,1.59,,195600.0,PVV
2024-10-21 07:00:00,58.14,58.14,58.14,58.14,,YTC
2021-07-05 07:00:00,,,12.5,12.81,,PC1
2021-09-09 07:00:00,10.0,,10.0,10.79,,DC1
2016-06-29 07:00:00,9.39,9.71,,9.55,90020.0,ELC
2016-07-05 07:00:00,14.83,14.83,14.43,,35980.0,UIC
2022-09-15 07:00:00,8.7,,,,172934.0,BMS
2022-01-06 07:00:00,,,,9.7,15000.0,TS3
2017-11-24 07:00:00,11.29,11.49,11.29,,40980.0,VSH
2020-08-21 07:00:00,4.3,4.6,4.2,4.6,,TTZ
2017-08-09 07:00:00,7.67,,,7.67,200.0,L61
2019-12-16 07:00:00,1.5,,1.5,,2700.0,PVL
2025-10-27 07:00:00,38.05,38.54,37.17,37.95,4000.0,APF
2023-06-23 07:00:00,33.06,33.06,33.06,33.06,100.0,DNH
2025-11-19 07:00:00,27.7,,,26.0,,SVC
2026-04-16 07:00:00,10.0,10.0,10.0,10.0,500.0,PCT
2022-04-06 07:00:00,,7.3,7.0,7.2,172500.0,VNH
2018-12-07 07:00:00,,16.29,15.5,16.29,,IMP
2024-10-14 07:00:00,,,,73.84,200.0,NSC
2026-03-10 07:00:00,,,4.4,4.55,,PHC
2019-10-10 07:00:00,6.95,6.95,6.95,6.95,,DAS
2024-03-08 07:00:00,,7.5,,7.5,,VCM
